"ID","Name","InChI","InChIKey","SMILES","Solubility","SD","Ocurrences","Group","MolWt","MolLogP","MolMR","HeavyAtomCount","NumHAcceptors","NumHDonors","NumHeteroatoms","NumRotatableBonds","NumValenceElectrons","NumAromaticRings","NumSaturatedRings","NumAliphaticRings","RingCount","TPSA","LabuteASA","BalabanJ","BertzCT"
"C-1869","6-methyl-3h-pteridin-4-one;  4-hydroxy-6-methylpteridine","InChI=1S/C7H6N4O/c1-4-2-8-6-5(11-4)7(12)10-3-9-6/h2-3H,1H3,(H,8,9,10,12)","JQDJTEVUGHCYPQ-UHFFFAOYSA-N","CC1=NC2=C(N=CNC2=O)N=C1","-1.65","0.0","1","G1","162.152","0.021519999999999928","42.69070000000001","12.0","4.0","1.0","5.0","0.0","60.0","2.0","0.0","0.0","2.0","71.53","67.51812378945858","2.975180596473416","476.0352248431261"
"C-1870","2,4-diaminopteridine","InChI=1S/C6H6N6/c7-4-3-5(10-2-1-9-3)12-6(8)11-4/h1-2H,(H4,7,8,10,11,12)","CITCTUNIFJOTHI-UHFFFAOYSA-N","NC1=NC2=C(N=CC=N2)C(=N1)N","-2.69","0.0","1","G1","162.15599999999998","-0.41580000000000034","43.952799999999996","12.0","6.0","2.0","6.0","0.0","60.0","2.0","0.0","0.0","2.0","103.6","67.67144096904363","2.892065045173516","425.3078661934481"
"C-1871","testosterone butyrate","InChI=1S/C23H34O3/c1-4-5-21(25)26-20-9-8-18-17-7-6-15-14-16(24)10-12-22(15,2)19(17)11-13-23(18,20)3/h14,17-20H,4-13H2,1-3H3","OMPTUWYLCDEFSJ-UHFFFAOYSA-N","CCCC(=O)OC1CCC2C3CCC4=CC(=O)CCC4(C)C3CCC12C","-5.93","0.0","1","G1","358.52200000000016","5.230200000000005","101.49800000000008","26.0","3.0","0.0","3.0","3.0","144.0","0.0","3.0","4.0","4.0","43.370000000000005","157.4916393278482","1.5540240972407793","635.3641886679063"
"C-1872","3-butanoyloxymethyl-5-fluorouracil","InChI=1S/C9H11FN2O4/c1-2-3-7(13)16-5-12-8(14)6(10)4-11-9(12)15/h4H,2-3,5H2,1H3,(H,11,15)","RKGNIPKNVYBZPC-UHFFFAOYSA-N","CCCC(=O)OCN1C(=O)NC=C(F)C1=O","-1.13","0.0","1","G1","230.195","-0.02350000000000002","52.2807","16.0","5.0","1.0","7.0","4.0","88.0","1.0","0.0","0.0","1.0","81.16","89.66902807253277","2.8218460616361525","491.01773203093444"
"C-1873","2-[(4-acetylphenyl)hydrazono]malononitrile","InChI=1S/C11H8N4O/c1-8(16)9-2-4-10(5-3-9)14-15-11(6-12)7-13/h2-5,14H,1H3","CALHPSDTGPNZIJ-UHFFFAOYSA-N","CC(=O)C1=CC=C(NN=C(C#N)C#N)C=C1","-2.71","0.0","1","G1","212.212","1.7042599999999999","58.73020000000002","16.0","5.0","1.0","5.0","3.0","78.0","1.0","0.0","0.0","1.0","89.03999999999999","92.61811584416435","2.7839434957498614","486.2714796265021"
"C-1874","4-amino-2(1h)-pteridinone;  4-amino-2-hydroxypteridine","InChI=1S/C6H5N5O/c7-4-3-5(9-2-1-8-3)11-6(12)10-4/h1-2H,(H3,7,9,10,11,12)","ZYLMCRLXTUAWGM-UHFFFAOYSA-N","NC1=NC(=O)NC2=C1N=CC=N2","-3.36","0.0","1","G1","163.14000000000001","-0.7047000000000003","42.366099999999996","12.0","5.0","2.0","6.0","0.0","60.0","2.0","0.0","0.0","2.0","97.55","66.49307237207469","2.987612040194711","476.5672938187655"
"C-1876","2-amino-4(1h)-pteridinone;  2-amino-4-hydroxypteridine","InChI=1S/C6H5N5O/c7-6-10-4-3(5(12)11-6)8-1-2-9-4/h1-2H,(H3,7,9,10,11,12)","HNXQXTQTPAJEJL-UHFFFAOYSA-N","NC1=NC(=O)C2=C(N1)N=CC=N2","-3.97","0.0","1","G1","163.14000000000001","-0.7047000000000003","42.366099999999996","12.0","5.0","2.0","6.0","0.0","60.0","2.0","0.0","0.0","2.0","97.55","66.49307237207469","2.992175260155925","476.5672938187655"
"C-1878","6,7-pteridinedione","InChI=1S/C6H4N4O2/c11-5-6(12)10-4-3(9-5)1-7-2-8-4/h1-2H,(H,9,11)(H,7,8,10,12)","HNSVDKLARSSFGE-UHFFFAOYSA-N","O=C1NC2=C(NC1=O)N=CN=C2","-2.69","0.0","1","G1","164.12400000000002","-0.9936000000000005","40.779399999999995","12.0","4.0","2.0","6.0","0.0","60.0","2.0","0.0","0.0","2.0","91.5","65.31470377510574","3.0325116218754506","478.0493904512041"
"C-1879","4-acetoxybenzaldehydesemicarbazone","InChI=1S/C10H11N3O3/c1-7(14)16-9-4-2-8(3-5-9)6-12-13-10(11)15/h2-6H,1H3,(H3,11,13,15)/b12-6+","YIRVJBITGXXLMK-WUXMJOGZSA-N","CC(=O)OC1=CC=C(C=C1)\C=N\NC(N)=O","-2.84","0.0","1","G1","221.216","0.6141000000000001","58.06410000000002","16.0","4.0","2.0","6.0","3.0","84.0","1.0","0.0","0.0","1.0","93.78","92.08297239339366","2.6043534448757444","411.82236046621153"
"C-1880","4,7-pteridinedione;  4,7(3h,8h)-pteridinedione","InChI=1S/C6H4N4O2/c11-3-1-7-4-5(10-3)8-2-9-6(4)12/h1-2H,(H2,8,9,10,11,12)","GZSFNZAVQZGNTG-UHFFFAOYSA-N","O=C1NC2=C(N=C1)C(=O)NC=N2","-2.82","0.0","1","G1","164.124","-0.9936000000000003","40.779399999999995","12.0","4.0","2.0","6.0","0.0","60.0","2.0","0.0","0.0","2.0","91.5","65.31470377510574","3.0570764393518415","526.5493904512041"
"C-1881","7-dimethylaminopteridine","InChI=1S/C8H9N5/c1-13(2)7-4-10-6-3-9-5-11-8(6)12-7/h3-5H,1-2H3","MPTKEBUBIGZGJH-UHFFFAOYSA-N","CN(C)C1=NC2=C(C=NC=N2)N=C1","-0.09","0.034999999999999996","2","G3","175.19500000000002","0.4857999999999997","49.45500000000002","13.0","5.0","0.0","5.0","1.0","66.0","2.0","0.0","0.0","2.0","54.800000000000004","75.48137747401479","2.6198738697283104","425.55882955700895"
"C-1883","4,6-pteridinedione","InChI=1S/C6H4N4O2/c11-3-1-7-5-4(10-3)6(12)9-2-8-5/h1-2H,(H,10,11)(H,7,8,9,12)","BJZIBODCUPQTSW-UHFFFAOYSA-N","O=C1NC2=C(N=CNC2=O)N=C1","-2.96","0.0","1","G1","164.124","-0.9936000000000003","40.779399999999995","12.0","4.0","2.0","6.0","0.0","60.0","2.0","0.0","0.0","2.0","91.5","65.31470377510574","3.0750286594864376","526.5493904512041"
"C-1886","n-isonicotinoyl-n'-octanoylhydrazine","InChI=1S/C14H21N3O2/c1-2-3-4-5-6-7-13(18)16-17-14(19)12-8-10-15-11-9-12/h8-11H,2-7H2,1H3,(H,16,18)(H,17,19)","SYRLNYMGLYCYJS-UHFFFAOYSA-N","CCCCCCCC(=O)NNC(=O)C1=CC=NC=C1","-2.91","0.0","1","G1","263.341","2.2031","73.22190000000003","19.0","3.0","2.0","5.0","7.0","104.0","1.0","0.0","0.0","1.0","71.09","113.32843471755156","2.1454943955050303","392.93736710495426"
"C-1887","testosterone valerate","InChI=1S/C24H36O3/c1-4-5-6-22(26)27-21-10-9-19-18-8-7-16-15-17(25)11-13-23(16,2)20(18)12-14-24(19,21)3/h15,18-21H,4-14H2,1-3H3","UCNQPYVHDCHENM-UHFFFAOYSA-N","CCCCC(=O)OC1CCC2C3CCC4=CC(=O)CCC4(C)C3CCC12C","-6.19","0.0","1","G1","372.5490000000002","5.6203000000000065","106.11500000000008","27.0","3.0","0.0","3.0","4.0","150.0","0.0","3.0","4.0","4.0","43.370000000000005","163.8565814422448","1.5134981848755866","650.011726309394"
"C-1890","wl 9385;  6-azido-n-butyl-n-ethyl-[1,3,5]triazine-2,4-diamine","InChI=1S/C9H16N8/c1-3-5-6-17(4-2)9-13-7(10)12-8(14-9)15-16-11/h3-6H2,1-2H3,(H2,10,12,13,14)","OGYRXMQCIDHOMI-UHFFFAOYSA-N","CCCCN(CC)C1=NC(=NC(=N1)N=[N+]=[N-])N","-3.52","0.0","1","G1","236.28300000000002","2.022","65.84040000000003","17.0","6.0","1.0","8.0","6.0","92.0","1.0","0.0","0.0","1.0","116.69","99.51344613470702","2.970017788910421","411.45692258079697"
"C-1892","1-(1-aziridinyl)-2,4-dinitrobenzene","InChI=1S/C8H7N3O4/c12-10(13)6-1-2-7(9-3-4-9)8(5-6)11(14)15/h1-2,5H,3-4H2","TVSWGBWBKSQDMI-UHFFFAOYSA-N","[O-][N+](=O)C1=CC=C(N2CC2)C(=C1)[N+]([O-])=O","-3.0","0.0","1","G1","209.16099999999997","1.323","51.963800000000006","15.0","5.0","0.0","7.0","3.0","78.0","1.0","1.0","1.0","2.0","89.28999999999999","84.2212413099639","2.4805060290081173","441.5129642009635"
"C-1894","4-(propoxycarbonyloxy)acetanilide","InChI=1S/C12H15NO4/c1-3-8-16-12(15)17-11-6-4-10(5-7-11)13-9(2)14/h4-7H,3,8H2,1-2H3,(H,13,14)","AHYLFQRWOBJBTE-UHFFFAOYSA-N","CCCOC(=O)OC1=CC=C(NC(C)=O)C=C1","-2.57","0.0","1","G1","237.255","2.570400000000001","63.01270000000003","17.0","4.0","1.0","5.0","4.0","92.0","1.0","0.0","0.0","1.0","64.63","99.72105264858597","2.4992852015277567","385.9970315509345"
"C-1895","3-pentanoyloxymethyl-5-fluorouracil;  3-valeroyloxymethyl-5-fluorouracil","InChI=1S/C10H13FN2O4/c1-2-3-4-8(14)17-6-13-9(15)7(11)5-12-10(13)16/h5H,2-4,6H2,1H3,(H,12,16)","KCQOJKOFEKZEPI-UHFFFAOYSA-N","CCCCC(=O)OCN1C(=O)NC=C(F)C1=O","-1.66","0.0","1","G1","244.22199999999998","0.36659999999999987","56.89770000000001","17.0","5.0","1.0","7.0","5.0","94.0","1.0","0.0","0.0","1.0","81.16","96.03397018692937","2.7004719500067464","505.7627411928015"
"C-1896","aziprotryne","InChI=1S/C7H11N7S/c1-4(2)9-5-10-6(13-14-8)12-7(11-5)15-3/h4H,1-3H3,(H,9,10,11,12)","AFIIBUOYKYSPKB-UHFFFAOYSA-N","CSC1=NC(=NC(=N1)N=[N]#N)NC(C)C","-3.48","0.06620000000000004","2","G3","225.28100000000003","2.3556","59.17270000000002","15.0","6.0","1.0","8.0","4.0","80.0","1.0","0.0","0.0","1.0","99.46","91.356809747671","3.0461652404209065","384.92513219178056"
"C-1898","7-methylmercaptopteridine; pteridine-7-methyl-thiol","InChI=1S/C7H6N4S/c1-12-6-3-9-5-2-8-4-10-7(5)11-6/h2-4H,1H3","VNPCIBFTAYHHLJ-UHFFFAOYSA-N","CSC1=NC2=C(C=NC=N2)N=C1","-1.55","0.0","1","G1","178.22000000000003","1.1417","46.90900000000001","12.0","5.0","0.0","5.0","1.0","60.0","2.0","0.0","0.0","2.0","51.56","73.47971171478007","2.673996462761564","403.2834383297276"
"C-1900","3,4,5-trichlorophenoxyacetic acid","InChI=1S/C8H5Cl3O3/c9-5-1-4(14-3-7(12)13)2-6(10)8(5)11/h1-2H,3H2,(H,12,13)","DAIMSMGGQIIQPI-UHFFFAOYSA-N","OC(=O)COC1=CC(=C(Cl)C(=C1)Cl)Cl","-2.94","0.0","1","G1","255.484","3.1102000000000007","54.602800000000016","14.0","2.0","1.0","6.0","3.0","76.0","1.0","0.0","0.0","1.0","46.53","95.14038711068184","2.841930502472325","341.8442913293867"
"C-1901","acetaminophen hexanoate","InChI=1S/C14H19NO3/c1-3-4-5-6-14(17)18-13-9-7-12(8-10-13)15-11(2)16/h7-10H,3-6H2,1-2H3,(H,15,16)","GTOMOLIKAAXJAC-UHFFFAOYSA-N","CCCCCC(=O)OC1=CC=C(NC(C)=O)C=C1","-4.14","0.0","1","G1","249.31","3.130700000000001","70.52270000000003","18.0","3.0","1.0","4.0","6.0","98.0","1.0","0.0","0.0","1.0","55.4","107.3373916478723","2.426147487249208","398.00506040967724"
"C-1902","n-isonicotinoyl-n'-nonanoylhydrazine","InChI=1S/C15H23N3O2/c1-2-3-4-5-6-7-8-14(19)17-18-15(20)13-9-11-16-12-10-13/h9-12H,2-8H2,1H3,(H,17,19)(H,18,20)","XTEHYHADVNQGSI-UHFFFAOYSA-N","CCCCCCCCC(=O)NNC(=O)C1=CC=NC=C1","-3.52","0.0","1","G1","277.36800000000005","2.5932000000000004","77.83890000000004","20.0","3.0","2.0","5.0","8.0","110.0","1.0","0.0","0.0","1.0","71.09","119.69337683194816","2.094589359162598","406.8394697583049"
"C-1903","2-(diethylacetoxy)benzoic  acid","InChI=1S/C13H16O4/c1-3-9(4-2)13(16)17-11-8-6-5-7-10(11)12(14)15/h5-9H,3-4H2,1-2H3,(H,14,15)","JOOGNBMRVNYBET-UHFFFAOYSA-N","CCC(CC)C(=O)OC1=C(C=CC=C1)C(O)=O","-1.84","0.0","1","G1","236.267","2.726400000000001","63.10830000000003","17.0","3.0","1.0","4.0","5.0","92.0","1.0","0.0","0.0","1.0","63.6","100.21682110206366","2.878622705893016","407.63541876010703"
"C-1904","2,3,5-trichlorophenoxyacetic  acid","InChI=1S/C8H5Cl3O3/c9-4-1-5(10)8(11)6(2-4)14-3-7(12)13/h1-2H,3H2,(H,12,13)","GFMRARCDRIKDAV-UHFFFAOYSA-N","OC(=O)COC1=C(Cl)C(=CC(=C1)Cl)Cl","-3.0","0.0","1","G1","255.484","3.1102000000000007","54.602800000000016","14.0","2.0","1.0","6.0","3.0","76.0","1.0","0.0","0.0","1.0","46.53","95.14038711068184","2.9033904846830163","365.0942913293867"
"C-1908","mepivacaine","InChI=1S/C15H22N2O/c1-11-7-6-8-12(2)14(11)16-15(18)13-9-4-5-10-17(13)3/h6-8,13H,4-5,9-10H2,1-3H3,(H,16,18)","INWLQCZOYSRPNW-UHFFFAOYSA-N","CN1CCCCC1C(=O)NC2=C(C)C=CC=C2C","-1.99","0.22175","2","G3","246.35399999999998","2.7262400000000007","74.81470000000004","18.0","2.0","1.0","3.0","2.0","98.0","1.0","1.0","1.0","2.0","32.34","109.18126894939239","2.1094798492313362","421.869783860833"
"C-1909","2-benzoyloxy-(n-cyclohexyl)acetamide;  n-cyclohexyl-2-benzoyloxyacetamide","InChI=1S/C15H19NO3/c17-14(16-13-9-5-2-6-10-13)11-19-15(18)12-7-3-1-4-8-12/h1,3-4,7-8,13H,2,5-6,9-11H2,(H,16,17)","DQMPCJPRPFRUIT-UHFFFAOYSA-N","O=C(COC(=O)C1=CC=CC=C1)NC2CCCCC2","-3.9","0.0","1","G1","261.32099999999997","2.2923","71.74020000000004","19.0","3.0","1.0","4.0","4.0","102.0","1.0","1.0","1.0","2.0","55.400000000000006","112.69650260873966","1.7237555042738855","424.2766440924629"
"C-1910","2-[(2-nitrophenyl)hydrazono]malononitrile","InChI=1S/C9H5N5O2/c10-5-7(6-11)12-13-8-3-1-2-4-9(8)14(15)16/h1-4,13H","NKWOBFAONPVDDE-UHFFFAOYSA-N","[O-][N+](=O)C1=C(NN=C(C#N)C#N)C=CC=C1","-3.93","0.0","1","G1","215.17200000000003","1.40986","55.38010000000001","16.0","6.0","1.0","7.0","3.0","78.0","1.0","0.0","0.0","1.0","115.10999999999999","90.37968523782718","2.998680836519677","507.4362619440947"
"C-1916","dihydroequilin","InChI=1S/C18H22O2/c1-18-9-8-14-13-5-3-12(19)10-11(13)2-4-15(14)16(18)6-7-17(18)20/h3-5,10,14,16-17,19-20H,2,6-9H2,1H3","NLLMJANWPUQQTA-UHFFFAOYSA-N","CC12CCC3C(=CCC4=C3C=CC(=C4)O)C1CCC2O","-4.4","0.0","1","G1","270.37199999999996","3.5293000000000023","78.70660000000004","20.0","2.0","2.0","2.0","0.0","106.0","1.0","2.0","3.0","4.0","40.46","119.69207950387637","1.7560945796748222","589.0810606278096"
"C-1917","2-benzoylpyridine","InChI=1S/C12H9NO/c14-12(10-6-2-1-3-7-10)11-8-4-5-9-13-11/h1-9H","GCSHUYKULREZSJ-UHFFFAOYSA-N","O=C(C1=CC=CC=C1)C2=NC=CC=C2","-2.02","0.0","1","G1","183.20999999999998","2.3125999999999998","54.11150000000003","14.0","2.0","0.0","2.0","2.0","68.0","2.0","0.0","0.0","2.0","29.96","82.23460952094788","2.348637604509715","381.0894217424773"
"C-1918","5-fluorouracil-3-methyl  hexanoate;  3-hexanoyloxymethyl-5-fluorouracil","InChI=1S/C11H15FN2O4/c1-2-3-4-5-9(15)18-7-14-10(16)8(12)6-13-11(14)17/h6H,2-5,7H2,1H3,(H,13,17)","OGJBAUXBDQIJFS-UHFFFAOYSA-N","CCCCCC(=O)OCN1C(=O)NC=C(F)C1=O","-2.11","0.0","1","G1","258.24899999999997","0.7566999999999999","61.51470000000001","18.0","5.0","1.0","7.0","6.0","100.0","1.0","0.0","0.0","1.0","81.16","102.39891230132596","2.589625377558489","520.5098771392907"
"C-1921","cycloxydim","InChI=1S/C17H27NO3S/c1-3-6-14(18-21-4-2)17-15(19)9-13(10-16(17)20)12-7-5-8-22-11-12/h12-13,19H,3-11H2,1-2H3/b18-14+","GGWHBJGBERXSLL-NBVRZTHBSA-N","CCCC(=N\OCC)/C1=C(O)CC(CC1=O)C2CCCSC2","-3.58","0.0","1","G1","325.4740000000001","4.113400000000003","91.40380000000006","22.0","5.0","1.0","5.0","6.0","124.0","0.0","1.0","2.0","2.0","58.89","136.91883161138256","2.1490142739780786","452.8204033200171"
"C-1922","4-(butoxycarboxy)acetanilide","InChI=1S/C13H17NO4/c1-3-4-9-17-13(16)18-12-7-5-11(6-8-12)14-10(2)15/h5-8H,3-4,9H2,1-2H3,(H,14,15)","HMDOTBHCMSTMJG-UHFFFAOYSA-N","CCCCOC(=O)OC1=CC=C(NC(C)=O)C=C1","-3.37","0.0","1","G1","251.282","2.9605000000000015","67.62970000000003","18.0","4.0","1.0","5.0","5.0","98.0","1.0","0.0","0.0","1.0","64.63","106.08599476298258","2.426147487249208","399.957200484813"
"C-1923","2-naphthyl  acetate","InChI=1S/C12H10O2/c1-9(13)14-12-7-6-10-4-2-3-5-11(10)8-12/h2-8H,1H3","RJNPPEUAJCEUPV-UHFFFAOYSA-N","CC(=O)OC1=CC2=C(C=CC=C2)C=C1","-3.44","0.0","1","G1","186.21","2.7651000000000012","55.257000000000026","14.0","2.0","0.0","2.0","1.0","70.0","2.0","0.0","0.0","2.0","26.3","82.11801920957605","2.457495609726867","474.46035319335505"
"C-1924","nandrolone nonanoate","InChI=1S/C27H42O3/c1-3-4-5-6-7-8-9-26(29)30-25-15-14-24-23-12-10-19-18-20(28)11-13-21(19)22(23)16-17-27(24,25)2/h18,21-25H,3-17H2,1-2H3","UVVFTQBZOQSECA-UHFFFAOYSA-N","CCCCCCCCC(=O)OC1CCC2C3CCC4=CC(=O)CCC4C3CCC12C","-5.72","0.0","1","G1","414.6300000000003","6.7906000000000075","119.96600000000008","30.0","3.0","0.0","3.0","8.0","168.0","0.0","3.0","4.0","4.0","43.370000000000005","182.95140778543464","1.310461729959863","665.0193294224592"
"C-1925","2-benzoyloxy-n,n-(diethyl)propionamide;  2-benzoyloxy-n,n-(diethyl)propanoic acid amide","InChI=1S/C14H19NO3/c1-4-15(5-2)13(16)11(3)18-14(17)12-9-7-6-8-10-12/h6-11H,4-5H2,1-3H3","BZZFPIRKNVWTKJ-UHFFFAOYSA-N","CCN(CC)C(=O)C(C)OC(=O)C1=CC=CC=C1","-2.28","0.08999999999999986","2","G3","249.30999999999997","2.1003","69.24750000000004","18.0","3.0","0.0","4.0","5.0","98.0","1.0","0.0","0.0","1.0","46.61","107.54736313446763","2.6224657007216408","398.75994791184075"
"C-1926","1-(hydroxymethyl)glutethimide","InChI=1S/C14H17NO3/c1-2-14(11-6-4-3-5-7-11)9-8-12(17)15(10-16)13(14)18/h3-7,16H,2,8-10H2,1H3","RSSILZKLNLKCFH-UHFFFAOYSA-N","CCC1(CCC(=O)N(CO)C1=O)C2=CC=CC=C2","-1.66","0.0","1","G1","247.294","1.4332","66.58380000000004","18.0","3.0","1.0","4.0","3.0","96.0","1.0","1.0","1.0","2.0","57.61000000000001","106.22222050362754","2.4452453810918366","457.3667252520632"
"C-1929","n-isonicotinoyl-n'-decanoylhydrazine;  n-decanoyl-n'-isonicotinoylhydrazine","InChI=1S/C16H25N3O2/c1-2-3-4-5-6-7-8-9-15(20)18-19-16(21)14-10-12-17-13-11-14/h10-13H,2-9H2,1H3,(H,18,20)(H,19,21)","MFLFKRHHEIABRC-UHFFFAOYSA-N","CCCCCCCCCC(=O)NNC(=O)C1=CC=NC=C1","-4.17","0.0","1","G1","291.39500000000004","2.9833000000000007","82.45590000000004","21.0","3.0","2.0","5.0","9.0","116.0","1.0","0.0","0.0","1.0","71.09","126.05831894634478","2.0490486632420644","420.79008229776605"
"C-1930","di(4-tolyl)  ether","InChI=1S/C14H14O/c1-11-3-7-13(8-4-11)15-14-9-5-12(2)6-10-14/h3-10H,1-2H3","YWYHGNUFMPSTTR-UHFFFAOYSA-N","CC1=CC=C(OC2=CC=C(C)C=C2)C=C1","-4.85","0.0","1","G1","198.26500000000001","4.095740000000003","62.43200000000004","15.0","1.0","0.0","1.0","2.0","76.0","2.0","0.0","0.0","2.0","9.23","90.3319267838611","2.1467113756182017","382.40080908048924"
"C-1931","4-[(2-methoxy)ethoxycarbonyloxy]acetanilide","InChI=1S/C12H15NO5/c1-9(14)13-10-3-5-11(6-4-10)18-12(15)17-8-7-16-2/h3-6H,7-8H2,1-2H3,(H,13,14)","KYTDPGSAMIDEED-UHFFFAOYSA-N","COCCOC(=O)OC1=CC=C(NC(C)=O)C=C1","-1.69","0.0","1","G1","253.25400000000002","1.8068000000000002","64.59770000000003","18.0","5.0","1.0","6.0","5.0","98.0","1.0","0.0","0.0","1.0","73.86000000000001","104.83459787809285","2.426147487249208","401.43372633755644"
"C-1933","n-hydroxymethyl-5-chlorobenzoxazol-2-one; n-(hydroxymethyl)chlorzoxazone","InChI=1S/C8H6ClNO3/c9-5-1-2-7-6(3-5)10(4-11)8(12)13-7/h1-3,11H,4H2","FSCPTWHCVYVMGT-UHFFFAOYSA-N","OCN1C(=O)OC2=CC=C(Cl)C=C12","-2.7","0.0","1","G1","199.59299999999996","1.1977","47.70280000000002","13.0","4.0","1.0","5.0","1.0","68.0","2.0","0.0","0.0","2.0","55.370000000000005","77.9609805763689","2.8850784336688773","499.5487152128229"
"C-1934","1-acetylallopurinol","InChI=1S/C7H6N4O2/c1-4(12)11-6-5(2-10-11)7(13)9-3-8-6/h2-3H,1H3,(H,8,9,13)","HBVOLZAKVSHTFL-UHFFFAOYSA-N","CC(=O)[N]1N=CC2=C1N=CNC2=O","-2.38","0.0","1","G1","178.151","-0.22029999999999988","44.449200000000005","13.0","5.0","1.0","6.0","0.0","66.0","2.0","0.0","0.0","2.0","80.64","72.21252549896681","2.9058460937611628","524.5172184283391"
"C-1935","tridiphane;  2-(3,5-dichlorophenyl)-2-(2,2,2-trichloroethyl)oxirane","InChI=1S/C10H7Cl5O/c11-7-1-6(2-8(12)3-7)9(5-16-9)4-10(13,14)15/h1-3H,4-5H2","IBZHOAONZVJLOB-UHFFFAOYSA-N","ClC1=CC(=CC(=C1)C2(CO2)CC(Cl)(Cl)Cl)Cl","-5.25","0.0","1","G1","320.42999999999995","4.9792000000000005","68.99900000000002","16.0","1.0","0.0","6.0","2.0","88.0","1.0","1.0","1.0","2.0","12.53","118.51521678746938","2.296565409984951","387.9106828648847"
"C-1937","6,7-dimethyl-3h-pteridin-4-one;  4-hydroxy-6,7-dimethylpteridine","InChI=1S/C8H8N4O/c1-4-5(2)12-7-6(11-4)8(13)10-3-9-7/h3H,1-2H3,(H,9,10,12,13)","YZZHLQUXFAOLAA-UHFFFAOYSA-N","CC1=NC2=C(N=C1C)C(=O)NC=N2","-2.29","0.0","1","G1","176.179","0.32993999999999996","47.42770000000001","13.0","4.0","1.0","5.0","0.0","66.0","2.0","0.0","0.0","2.0","71.53","73.88306590385518","2.9693745960815043","517.02322051618"
"C-1938","canrenoic  acid","InChI=1S/C22H30O4/c1-20-9-5-15(23)13-14(20)3-4-16-17(20)6-10-21(2)18(16)7-11-22(21,26)12-8-19(24)25/h3-4,13,16-18,26H,5-12H2,1-2H3,(H,24,25)","PBKZPPIHUVSDNM-UHFFFAOYSA-N","CC12CCC(=O)C=C1C=CC3C2CCC4(C)C3CCC4(O)CCC(O)=O","-5.17","0.0","1","G1","358.4780000000001","3.8902000000000028","98.43560000000006","26.0","3.0","2.0","4.0","3.0","142.0","0.0","2.0","4.0","4.0","74.6","154.91201645615243","1.6552159478313235","706.9308085346702"
"C-1939","2-oxo-5-indolinyl acetate;  acetic acid 2-oxo-2,3-dihydro-1h-indol-5-yl ester;  5-acetoxy-2-oxo-2,3-dihydroindole","InChI=1S/C10H9NO3/c1-6(12)14-8-2-3-9-7(4-8)5-10(13)11-9/h2-4H,5H2,1H3,(H,11,13)","HFLJOXHDBCRLQR-UHFFFAOYSA-N","CC(=O)OC1=CC2=C(NC(=O)C2)C=C1","-1.54","0.0","1","G1","191.18599999999998","1.1065","50.08470000000002","14.0","3.0","1.0","4.0","1.0","72.0","1.0","0.0","1.0","2.0","55.4","80.87179203675663","2.279974977308965","411.8281797502914"
"C-1942","6,7-diethylpteridine","InChI=1S/C10H12N4/c1-3-7-8(4-2)14-10-9(13-7)5-11-6-12-10/h5-6H,3-4H2,1-2H3","ULZKCUXGSDTDQB-UHFFFAOYSA-N","CCC1=NC2=C(N=CN=C2)N=C1CC","-0.18","0.03","2","G3","188.23399999999998","1.5445999999999998","53.88400000000002","14.0","4.0","0.0","4.0","2.0","72.0","2.0","0.0","0.0","2.0","51.56","82.45142803260464","2.687641593424723","410.31631658149047"
"C-1944","amiloride","InChI=1S/C6H8ClN7O/c7-2-4(9)13-3(8)1(12-2)5(15)14-6(10)11/h(H4,8,9,13)(H4,10,11,14,15)","XSDQTOBWRPYKKA-UHFFFAOYSA-N","NC(=N)NC(=O)C1=NC(=C(N)N=C1N)Cl","-2.87","0.0","1","G1","229.631","-1.0823300000000007","55.24709999999998","15.0","6.0","5.0","9.0","1.0","80.0","1.0","0.0","0.0","1.0","156.79","89.32025691101963","3.0922445639981544","431.73374089048275"
"C-1948","2'-diethylaminoethyl  4-acetamidobenzoate","InChI=1S/C15H22N2O3/c1-4-17(5-2)10-11-20-15(19)13-6-8-14(9-7-13)16-12(3)18/h6-9H,4-5,10-11H2,1-3H3,(H,16,18)","YMABTXMPJQRLCQ-UHFFFAOYSA-N","CCN(CC)CCOC(=O)C1=CC=C(NC(C)=O)C=C1","-1.65","0.0","1","G1","278.352","2.1436","78.81620000000004","20.0","4.0","1.0","5.0","7.0","110.0","1.0","0.0","0.0","1.0","58.64","119.4621674324723","2.4506861321735043","438.93677733377945"
"C-1949","2-{[4-(2-chloroacetyl)phenyl]hydrazono}malononitrile","InChI=1S/C11H7ClN4O/c12-5-11(17)8-1-3-9(4-2-8)15-16-10(6-13)7-14/h1-4,15H,5H2","ARUUDRZOVHJRDG-UHFFFAOYSA-N","ClCC(=O)C1=CC=C(NN=C(C#N)C#N)C=C1","-3.19","0.0","1","G1","246.65699999999998","1.92316","63.77620000000001","17.0","5.0","1.0","6.0","4.0","84.0","1.0","0.0","0.0","1.0","89.03999999999999","102.92138207104604","2.7713439900718044","505.8877920812641"
"C-1950","l-dopa pentyl ester","InChI=1S/C14H21NO4/c1-2-3-4-7-19-14(18)11(15)8-10-5-6-12(16)13(17)9-10/h5-6,9,11,16-17H,2-4,7-8,15H2,1H3","WGYXRPGKLMQCLW-UHFFFAOYSA-N","CCCCCOC(=O)C(N)CC1=CC(=C(O)C=C1)O","-0.99","0.0","1","G1","267.325","1.7009999999999998","71.93500000000003","19.0","5.0","3.0","5.0","7.0","106.0","1.0","0.0","0.0","1.0","92.78","112.55436556562523","2.4223761342832155","419.9070331391436"
"C-1951","benzyl  2,2-diethylmalonurate","InChI=1S/C15H20N2O4/c1-3-15(4-2,12(18)17-14(16)20)13(19)21-10-11-8-6-5-7-9-11/h5-9H,3-4,10H2,1-2H3,(H3,16,17,18,20)","WVPRQIREPMNEIX-UHFFFAOYSA-N","CCC(CC)(C(=O)NC(N)=O)C(=O)OCC1=CC=CC=C1","-3.66","0.0","1","G1","292.3349999999999","1.7310999999999994","76.97910000000003","21.0","4.0","2.0","6.0","6.0","114.0","1.0","0.0","0.0","1.0","98.49","123.20374655932541","2.8146675357108357","509.6647193733828"
"C-1952","acetaminophen  octanoate;  4-(octanoyloxy)acetanilide","InChI=1S/C16H23NO3/c1-3-4-5-6-7-8-16(19)20-15-11-9-14(10-12-15)17-13(2)18/h9-12H,3-8H2,1-2H3,(H,17,18)","FMSIHPQFJSZQTA-UHFFFAOYSA-N","CCCCCCCC(=O)OC1=CC=C(NC(C)=O)C=C1","-4.44","0.0","1","G1","277.364","3.9109000000000025","79.75670000000004","20.0","3.0","1.0","4.0","8.0","110.0","1.0","0.0","0.0","1.0","55.4","120.06727587666553","2.2898528792415944","425.8530546667464"
"C-1953","n-cyclohexyl-n-methyl-2-(benzoyloxy)acetamide","InChI=1S/C16H21NO3/c1-17(14-10-6-3-7-11-14)15(18)12-20-16(19)13-8-4-2-5-9-13/h2,4-5,8-9,14H,3,6-7,10-12H2,1H3","PDIJPBODFJXKMS-UHFFFAOYSA-N","CN(C1CCCCC1)C(=O)COC(=O)C2=CC=CC=C2","-3.29","0.0","1","G1","275.348","2.634500000000001","76.36750000000005","20.0","3.0","0.0","4.0","4.0","108.0","1.0","1.0","1.0","2.0","46.61","119.27141620973164","1.8070226293977052","452.0496060326552"
"C-1954","2-amino-4,6(1h,5h)-pteridinedione;  2-amino-4,6-pteridinediole;  xanthopterine","InChI=1S/C6H5N5O2/c7-6-10-4-3(5(13)11-6)9-2(12)1-8-4/h1H,(H,9,12)(H3,7,8,10,11,13)","VURKRJGMSKJIQX-UHFFFAOYSA-N","NC1=NC(=O)C2=C(N1)N=CC(=O)N2","-3.86","0.0","1","G1","179.139","-1.4114000000000007","45.191799999999986","13.0","5.0","3.0","7.0","0.0","66.0","2.0","0.0","0.0","2.0","117.51999999999998","70.65459447211848","3.0349988488458273","568.9816990130837"
"C-1955","2,4,7(1h,3h,8h)-pteridinetrione;  2,4,7-pteridinetrione","InChI=1S/C6H4N4O3/c11-2-1-7-3-4(8-2)9-6(13)10-5(3)12/h1H,(H3,8,9,10,11,12,13)","BCVUYVOMXUKYFC-UHFFFAOYSA-N","O=C1NC(=O)C2=C(N1)NC(=O)C=N2","-3.34","0.0","1","G1","180.123","-1.7003000000000001","43.60509999999999","13.0","4.0","3.0","7.0","0.0","66.0","2.0","0.0","0.0","2.0","111.46999999999998","69.47622587514951","3.1215241986373403","614.5424608906915"
"C-1956","n-[2-(benzoyloxy)acetyl]-2-ethylpiperidine","InChI=1S/C16H21NO3/c1-2-14-10-6-7-11-17(14)15(18)12-20-16(19)13-8-4-3-5-9-13/h3-5,8-9,14H,2,6-7,10-12H2,1H3","WXHDYGRKHGIEOF-UHFFFAOYSA-N","CCC1CCCCN1C(=O)COC(=O)C2=CC=CC=C2","-2.72","0.0","1","G1","275.348","2.634500000000001","76.36750000000005","20.0","3.0","0.0","4.0","4.0","108.0","1.0","1.0","1.0","2.0","46.61","119.27141620973164","1.8668675755050952","458.0496060326552"
"C-1957","3-octanoyloxymethyl-5-fluorouracil","InChI=1S/C13H19FN2O4/c1-2-3-4-5-6-7-11(17)20-9-16-12(18)10(14)8-15-13(16)19/h8H,2-7,9H2,1H3,(H,15,19)","PEGCWSPKBALNEQ-UHFFFAOYSA-N","CCCCCCCC(=O)OCN1C(=O)NC=C(F)C1=O","-3.29","0.0","1","G1","286.30300000000005","1.5369000000000002","70.74870000000001","20.0","5.0","1.0","7.0","8.0","112.0","1.0","0.0","0.0","1.0","81.16","115.12879653011919","2.4020437653479205","550.0375171469315"
"C-1958","4,6,7-pteridinetrione;  4,6,7(3h,5h,8h)-pteridinetrione","InChI=1S/C6H4N4O3/c11-4-2-3(7-1-8-4)10-6(13)5(12)9-2/h1H,(H,9,12)(H2,7,8,10,11,13)","HMMIQMIGJAIOAZ-UHFFFAOYSA-N","O=C1NC=NC2=C1NC(=O)C(=O)N2","-3.69","0.0","1","G1","180.123","-1.7003000000000004","43.605099999999986","13.0","4.0","3.0","7.0","0.0","66.0","2.0","0.0","0.0","2.0","111.47","69.47622587514951","3.149151199894993","619.7924608906916"
"C-1959","equilin","InChI=1S/C18H20O2/c1-18-9-8-14-13-5-3-12(19)10-11(13)2-4-15(14)16(18)6-7-17(18)20/h3-5,10,14,16,19H,2,6-9H2,1H3","WKRLQDKEXYKHJB-UHFFFAOYSA-N","CC12CCC3C(=CCC4=C3C=CC(=C4)O)C1CCC2=O","-4.99","0.14500000000000002","2","G3","268.356","3.7375000000000025","77.70680000000003","20.0","2.0","1.0","2.0","0.0","104.0","1.0","2.0","3.0","4.0","37.3","119.05936785172413","1.7742382229521887","628.3054350603156"
"C-1960","methyl  2-ethyl-2-phenylmalonurate","InChI=1S/C13H16N2O4/c1-3-13(11(17)19-2,10(16)15-12(14)18)9-7-5-4-6-8-9/h4-8H,3H2,1-2H3,(H3,14,15,16,18)","MYLAIRXFVDTCCC-UHFFFAOYSA-N","CCC(C(=O)NC(N)=O)(C(=O)OC)C1=CC=CC=C1","-2.75","0.0","1","G1","264.281","0.7023000000000003","68.15310000000002","19.0","4.0","2.0","6.0","4.0","102.0","1.0","0.0","0.0","1.0","98.49","110.47386233053217","3.349553503462868","486.6764009743266"
"C-1962","4-[(1-methyl-2-methoxy)ethoxy]carboxyacetanilide; 4-[(2-methoxy-1-methylethyloxy)carbonyloxy]acetanilide","InChI=1S/C13H17NO5/c1-9(8-17-3)18-13(16)19-12-6-4-11(5-7-12)14-10(2)15/h4-7,9H,8H2,1-3H3,(H,14,15)","DRVLSPUGFXRFLW-UHFFFAOYSA-N","COCC(C)OC(=O)OC1=CC=C(NC(C)=O)C=C1","-2.48","0.0","1","G1","267.281","2.1952999999999996","69.19270000000003","19.0","5.0","1.0","6.0","5.0","104.0","1.0","0.0","0.0","1.0","73.86000000000001","111.19953999248945","2.4824412426104723","429.16464621631974"
"C-1963","4-hexyloxycarbonyloxyacetanilide","InChI=1S/C15H21NO4/c1-3-4-5-6-11-19-15(18)20-14-9-7-13(8-10-14)16-12(2)17/h7-10H,3-6,11H2,1-2H3,(H,16,17)","QWBBNHZKIXNKGJ-UHFFFAOYSA-N","CCCCCCOC(=O)OC1=CC=C(NC(C)=O)C=C1","-4.32","0.0","1","G1","279.336","3.740700000000002","76.86370000000004","20.0","4.0","1.0","5.0","7.0","110.0","1.0","0.0","0.0","1.0","64.63","118.8158789917758","2.2898528792415944","428.0045832347821"
"C-1965","1,5-bis(hydroxymethyl)allopurinol","InChI=1S/C7H8N4O3/c12-3-10-2-8-6-5(7(10)14)1-9-11(6)4-13/h1-2,12-13H,3-4H2","XLLZCADRJDALIP-UHFFFAOYSA-N","OCN1C=NC2=C(C=N[N]2CO)C1=O","-1.72","0.0","1","G1","196.16599999999997","-1.5074","46.225600000000014","14.0","7.0","2.0","7.0","2.0","74.0","2.0","0.0","0.0","2.0","93.16999999999999","77.8494423899104","2.7911588534428318","515.119531342925"
"C-1966","1-propanoylallopurinol","InChI=1S/C8H8N4O2/c1-2-6(13)12-7-5(3-11-12)8(14)10-4-9-7/h3-4H,2H2,1H3,(H,9,10,14)","ZUXVZGNVGRXENQ-UHFFFAOYSA-N","CCC(=O)[N]1N=CC2=C1N=CNC2=O","-2.81","0.0","1","G1","192.178","0.1697999999999999","49.06620000000001","14.0","5.0","1.0","6.0","1.0","72.0","2.0","0.0","0.0","2.0","80.64","78.57746761336341","2.75920859640185","539.5100097098965"
"C-1967","n,n-diisobutyl-2-benzoyloxyacetamide","InChI=1S/C17H25NO3/c1-13(2)10-18(11-14(3)4)16(19)12-21-17(20)15-8-6-5-7-9-15/h5-9,13-14H,10-12H2,1-4H3","KXYFWLVSYHRZJL-UHFFFAOYSA-N","CC(C)CN(CC(C)C)C(=O)COC(=O)C1=CC=CC=C1","-3.56","0.0","1","G1","291.39099999999996","2.9840000000000018","82.98050000000005","21.0","3.0","0.0","4.0","7.0","116.0","1.0","0.0","0.0","1.0","46.61","126.64218947765747","2.5461416217716883","444.36284171200623"
"C-1969","norethindrone  enanthate, norethindrone heptanoate; norethisterone enanthate","InChI=1S/C27H38O3/c1-4-6-7-8-9-25(29)30-27(5-2)17-15-24-23-12-10-19-18-20(28)11-13-21(19)22(23)14-16-26(24,27)3/h2,18,21-24H,4,6-17H2,1,3H3","APTGJECXMIKIET-UHFFFAOYSA-N","CCCCCCC(=O)OC1(CCC2C3CCC4=CC(=O)CCC4C3CCC12C)C#C","-6.89","0.0","1","G1","410.59800000000024","6.013800000000007","118.50800000000008","30.0","3.0","0.0","3.0","6.0","164.0","0.0","3.0","4.0","4.0","43.370000000000005","181.9506331772939","1.4862576500351725","758.5600928033517"
"C-1971","picein","InChI=1S/C14H18O7/c1-7(16)8-2-4-9(5-3-8)20-14-13(19)12(18)11(17)10(6-15)21-14/h2-5,10-15,17-19H,6H2,1H3","GOZCEKPKECLKNO-UHFFFAOYSA-N","CC(=O)C1=CC=C(OC2OC(CO)C(O)C(O)C2O)C=C1","-1.17","0.0","1","G1","298.291","-0.9321000000000006","70.84170000000003","21.0","7.0","4.0","7.0","4.0","116.0","1.0","1.0","1.0","2.0","116.45000000000002","120.91065644898218","2.084631452937899","484.60081956771336"
"C-1972","6-(2-hydroxyethyl)amino-7-methyl-3,7-dihydro-2h-purin-2-one","InChI=1S/C8H11N5O2/c1-13-4-10-7-5(13)6(9-2-3-14)11-8(15)12-7/h4,14H,2-3H2,1H3,(H2,9,11,12,15)","NRFNHVNHUCNPFW-UHFFFAOYSA-N","C[N]1C=NC2=C1C(=NC(=O)N2)NCCO","0.08","0.0","1","G1","209.209","-0.9392000000000005","54.70520000000001","15.0","6.0","3.0","7.0","3.0","80.0","2.0","0.0","0.0","2.0","95.83","84.79158788071898","2.58369277272513","529.3018175044356"
"C-1973","1-[5-(2-chloro-1,1-dimethylethyl)-[1,3,4]thiadiazol-2-yl]-1,3-dimethylurea","InChI=1S/C9H15ClN4OS/c1-9(2,5-10)6-12-13-8(16-6)14(4)7(15)11-3/h5H2,1-4H3,(H,11,15)","IYKPHPWPBFMVHA-UHFFFAOYSA-N","CNC(=O)N(C)C1=NN=C(S1)C(C)(C)CCl","-2.47","0.0","1","G1","262.76599999999996","1.8300999999999998","66.51370000000003","16.0","4.0","1.0","7.0","3.0","90.0","1.0","0.0","0.0","1.0","58.120000000000005","103.80859490171932","2.90956373710422","379.3408195882881"
"C-1976","2-benzoyloxy-n,n-bis(2-hydroxypropyl)acetamide; n,n-bis(2-hydroxypropyl)-2-benzoyloxyacetamide","InChI=1S/C15H21NO5/c1-11(17)8-16(9-12(2)18)14(19)10-21-15(20)13-6-4-3-5-7-13/h3-7,11-12,17-18H,8-10H2,1-2H3","LDCFNNYCIXKMNJ-UHFFFAOYSA-N","CC(O)CN(CC(C)O)C(=O)COC(=O)C1=CC=CC=C1","-1.18","0.0","1","G1","295.335","0.4335999999999996","76.66610000000004","21.0","5.0","2.0","6.0","7.0","116.0","1.0","0.0","0.0","1.0","87.07","123.50077275325627","2.5461416217716883","448.3915981068609"
"C-1978","acetaminophen  decanoate","InChI=1S/C18H27NO3/c1-3-4-5-6-7-8-9-10-18(21)22-17-13-11-16(12-14-17)19-15(2)20/h11-14H,3-10H2,1-2H3,(H,19,20)","MKSNUUCDBOSWNQ-UHFFFAOYSA-N","CCCCCCCCCC(=O)OC1=CC=C(NC(C)=O)C=C1","-4.53","0.0","1","G1","305.41800000000006","4.691100000000004","88.99070000000005","22.0","3.0","1.0","4.0","10.0","122.0","1.0","0.0","0.0","1.0","55.4","132.79716010545874","2.1745356827190343","453.9050022168034"
"C-1979","thiophenobarbital;  5-ethyl-5-phenyl-2-thiobarbituric  acid","InChI=1S/C12H12N2O2S/c1-2-12(8-6-4-3-5-7-8)9(15)13-11(17)14-10(12)16/h3-7H,2H2,1H3,(H2,13,14,15,16,17)","GHHFRPRCYQNNDL-UHFFFAOYSA-N","CCC1(C(=O)NC(=S)NC1=O)C2=CC=CC=C2","-3.58","0.0","1","G1","248.30700000000002","0.8652999999999996","67.29440000000002","17.0","3.0","2.0","5.0","2.0","88.0","1.0","1.0","1.0","2.0","58.2","104.39677346685589","2.5359730532061087","464.53881284733444"
"C-1982","4-biphenyl  isothiocyanate;  4-isothiocyanatobiphenyl","InChI=1S/C13H9NS/c15-10-14-13-8-6-12(7-9-13)11-4-2-1-3-5-11/h1-9H","WPYSJFXXQNITBC-UHFFFAOYSA-N","S=C=NC1=CC=C(C=C1)C2=CC=CC=C2","-4.85","0.0","1","G1","211.28900000000002","4.087900000000002","66.56400000000002","15.0","2.0","0.0","2.0","2.0","72.0","2.0","0.0","0.0","2.0","12.36","94.10754217302262","2.3569219899086233","481.7042194917668"
"C-1983","4-amino-2-sulfobenzoic acid","InChI=1S/C7H7NO5S/c8-4-1-2-5(7(9)10)6(3-4)14(11,12)13/h1-3H,8H2,(H,9,10)(H,11,12,13)","YPNUYFJLBFZDTE-UHFFFAOYSA-N","NC1=CC(=C(C=C1)C(O)=O)[S](O)(=O)=O","-1.86","0.0","1","G1","217.20199999999997","0.2136999999999999","47.6283","14.0","4.0","3.0","7.0","2.0","76.0","1.0","0.0","0.0","1.0","117.69","79.72062779318667","3.539708805100715","478.8535635303721"
"C-1984","l-dopa cyclohexyl ester","InChI=1S/C15H21NO4/c16-12(8-10-6-7-13(17)14(18)9-10)15(19)20-11-4-2-1-3-5-11/h6-7,9,11-12,17-18H,1-5,8,16H2","YBJCMVKVPJXBGR-UHFFFAOYSA-N","NC(CC1=CC(=C(O)C=C1)O)C(=O)OC2CCCCC2","-1.27","0.0","1","G1","279.336","1.8435","74.41600000000004","20.0","5.0","3.0","5.0","4.0","110.0","1.0","1.0","1.0","2.0","92.78000000000002","117.91347652649262","1.8757021502168245","468.9413595963639"
"C-1985","1,2,3,6,7,8-hexahydropyrene","InChI=1S/C16H16/c1-3-11-7-9-13-5-2-6-14-10-8-12(4-1)15(11)16(13)14/h7-10H,1-6H2","MBAIEZXRGAOPKH-UHFFFAOYSA-N","C1CC2=CC=C3CCCC4=CC=C(C1)C2=C34","-5.96","0.0","1","G1","208.30399999999997","3.8172000000000033","67.99800000000003","16.0","0.0","0.0","0.0","0.0","80.0","2.0","0.0","2.0","4.0","0.0","96.29105803055336","2.2123252109202167","478.8482712022648"
"C-1986","2,3,4,6-tetrachlorophenoxyacetic  acid","InChI=1S/C8H4Cl4O3/c9-3-1-4(10)8(7(12)6(3)11)15-2-5(13)14/h1H,2H2,(H,13,14)","FCZCIRUCCZUXMC-UHFFFAOYSA-N","OC(=O)COC1=C(Cl)C(=C(Cl)C=C1Cl)Cl","-3.41","0.0","1","G1","289.929","3.7636000000000003","59.612800000000014","15.0","2.0","1.0","7.0","3.0","82.0","1.0","0.0","0.0","1.0","46.53","105.44365333756352","3.06621498706796","405.36352218380654"
"C-1987","1-butanoylallopurinol","InChI=1S/C9H10N4O2/c1-2-3-7(14)13-8-6(4-12-13)9(15)11-5-10-8/h4-5H,2-3H2,1H3,(H,10,11,15)","ABLLZVRKYUXMHV-UHFFFAOYSA-N","CCCC(=O)[N]1N=CC2=C1N=CNC2=O","-3.27","0.0","1","G1","206.205","0.5598999999999998","53.683200000000014","15.0","5.0","1.0","6.0","2.0","78.0","2.0","0.0","0.0","2.0","80.64","84.94240972776002","2.5900999745829316","554.4828406258572"
"C-1988","2-amino-6,7-diethylpteridine","InChI=1S/C10H13N5/c1-3-6-7(4-2)14-9-8(13-6)5-12-10(11)15-9/h5H,3-4H2,1-2H3,(H2,11,12,14,15)","BTBIATCZGBXLGC-UHFFFAOYSA-N","CCC1=NC2=C(N=C(N)N=C2)N=C1CC","-3.04","0.0","1","G1","203.249","1.1268","58.29640000000001","15.0","5.0","1.0","5.0","2.0","78.0","2.0","0.0","0.0","2.0","77.58","87.79131872961737","2.6938365402816773","494.3818843822203"
"C-1990","biphenyl-4-ylacetic acid;  4-biphenylacetic  acid","InChI=1S/C14H12O2/c15-14(16)10-11-6-8-13(9-7-11)12-4-2-1-3-5-12/h1-9H,10H2,(H,15,16)","QRZAKQDHEVVFRX-UHFFFAOYSA-N","OC(=O)CC1=CC=C(C=C1)C2=CC=CC=C2","-3.73","0.0","1","G1","212.24800000000002","2.9807000000000015","63.21780000000003","16.0","1.0","1.0","2.0","3.0","80.0","2.0","0.0","0.0","2.0","37.3","94.174137406594","2.228677125948167","471.84834508395556"
"C-1992","4-amino-6,7-diethylpteridine","InChI=1S/C10H13N5/c1-3-6-7(4-2)15-10-8(14-6)9(11)12-5-13-10/h5H,3-4H2,1-2H3,(H2,11,12,13,15)","HHDDWTCUQVPOBP-UHFFFAOYSA-N","CCC1=NC2=C(N=C1CC)C(=NC=N2)N","-2.93","0.0","1","G1","203.249","1.1267999999999998","58.29640000000001","15.0","5.0","1.0","5.0","2.0","78.0","2.0","0.0","0.0","2.0","77.58","87.79131872961736","2.751964000699383","494.3818843822202"
"C-1993","n1,n1-diethylsulfanilamide","InChI=1S/C10H16N2O2S/c1-3-12(4-2)15(13,14)10-7-5-9(11)6-8-10/h5-8H,3-4,11H2,1-2H3","LTFVELCIFWEGGA-UHFFFAOYSA-N","CCN(CC)[S](=O)(=O)C1=CC=C(N)C=C1","-2.63","0.0","1","G1","228.317","1.2993000000000001","60.961200000000034","15.0","3.0","1.0","5.0","4.0","84.0","1.0","0.0","0.0","1.0","63.400000000000006","90.75167183671458","3.1056171070977703","407.5534582564168"
"C-1996","4-acetoxybiphenyl;  4-biphenylyl  acetate","InChI=1S/C14H12O2/c1-11(15)16-14-9-7-13(8-10-14)12-5-3-2-4-6-12/h2-10H,1H3","MISFQCBPASYYGV-UHFFFAOYSA-N","CC(=O)OC1=CC=C(C=C1)C2=CC=CC=C2","-4.4","0.0","1","G1","212.24800000000002","3.278900000000002","63.18700000000003","16.0","2.0","0.0","2.0","2.0","80.0","2.0","0.0","0.0","2.0","26.3","94.49344888390488","2.228677125948167","471.84834508395556"
"C-1998","epristeride; skf-105657","InChI=1S/C25H37NO3/c1-23(2,3)26-21(27)20-9-8-18-17-7-6-16-14-15(22(28)29)10-12-24(16,4)19(17)11-13-25(18,20)5/h6,14,17-20H,7-13H2,1-5H3,(H,26,27)(H,28,29)","VAPSMQAHNAZRKC-UHFFFAOYSA-N","CC(C)(C)NC(=O)C1CCC2C3CC=C4C=C(CCC4(C)C3CCC12C)C(O)=O","-8.76","0.0","1","G1","399.5750000000002","5.101000000000004","114.19050000000009","29.0","2.0","2.0","4.0","2.0","160.0","0.0","2.0","4.0","4.0","66.4","174.7624712307543","1.6005826459768338","788.3804053631567"
"C-1999","amdinocillin; mecillinam","InChI=1S/C15H23N3O3S/c1-15(2)11(14(20)21)18-12(19)10(13(18)22-15)16-9-17-7-5-3-4-6-8-17/h9-11,13H,3-8H2,1-2H3,(H,20,21)","BWWVAEOLVKTZFQ-UHFFFAOYSA-N","CC1(C)SC2C(N=CN3CCCCCC3)C(=O)N2C1C(O)=O","-4.5","0.0","1","G1","325.4339999999999","1.4062000000000001","86.04880000000004","22.0","4.0","1.0","7.0","3.0","122.0","0.0","3.0","3.0","3.0","73.21000000000001","134.48632497271004","1.6796733988781196","500.26114034123646"
"C-2001","trifluridine;  alpha,alpha,alpha-trifluorothymidine;  2'-deoxy-5-(trifluoromethyl)uridine","InChI=1S/C10H11F3N2O5/c11-10(12,13)4-2-15(9(19)14-8(4)18)7-1-5(17)6(3-16)20-7/h2,5-7,16-17H,1,3H2,(H,14,18,19)","VSQQQLOSPVPRAZ-UHFFFAOYSA-N","OCC1OC(CC1O)N2C=C(C(=O)NC2=O)C(F)(F)F","-0.71","0.0","1","G1","296.20099999999996","-0.8039000000000005","57.944300000000005","20.0","6.0","3.0","10.0","2.0","112.0","1.0","1.0","1.0","2.0","104.54999999999998","108.78615524360087","2.434771465578547","608.1362311397389"
"C-2002","7-hydroxymethyltheophylline","InChI=1S/C8H10N4O3/c1-10-6-5(12(4-13)3-9-6)7(14)11(2)8(10)15/h3,13H,4H2,1-2H3","QAPJAMJGLYYNHX-UHFFFAOYSA-N","CN1C(=O)N(C)C2=C([N](CO)C=N2)C1=O","-0.41","0.0","1","G1","210.19299999999998","-1.6165000000000003","52.43380000000002","15.0","7.0","1.0","7.0","1.0","80.0","2.0","0.0","0.0","2.0","82.05000000000001","83.82319077034533","3.112238371078967","633.5998048617087"
"C-2005","1-(hydroxymethyl)phenobarbital","InChI=1S/C13H14N2O4/c1-2-13(9-6-4-3-5-7-9)10(17)14-12(19)15(8-16)11(13)18/h3-7,16H,2,8H2,1H3,(H,14,17,19)","ZHCBZZQETYNMFV-UHFFFAOYSA-N","CCC1(C(=O)NC(=O)N(CO)C1=O)C2=CC=CC=C2","-1.6","0.0","1","G1","262.265","0.3625999999999995","65.88150000000003","19.0","4.0","2.0","6.0","3.0","100.0","1.0","1.0","1.0","2.0","86.71000000000001","109.56866267288274","2.5725711526697546","528.7045713619236"
"C-2007","6-mercapto-(s-acetoxymethyl)purine","InChI=1S/C8H8N4O2S/c1-5(13)14-4-15-8-6-7(10-2-9-6)11-3-12-8/h2-3H,4H2,1H3,(H,9,10,11,12)","WOHYIPNWSCCKOE-UHFFFAOYSA-N","CC(=O)OCSC1=NC=NC2=C1N=C[NH]2","-2.15","0.0","1","G1","224.24500000000003","0.9656","54.17370000000002","15.0","6.0","1.0","7.0","3.0","78.0","2.0","0.0","0.0","2.0","80.75999999999999","89.47417571319171","2.1318868041307004","484.201334431743"
"C-2008","2,4,6,7-pteridinetetraone","InChI=1S/C6H4N4O4/c11-3-1-2(9-6(14)10-3)8-5(13)4(12)7-1/h(H,7,12)(H3,8,9,10,11,13,14)","MVKRISPIRVEPFM-UHFFFAOYSA-N","O=C1NC(=O)C2=C(N1)NC(=O)C(=O)N2","-4.06","0.0","1","G1","196.12199999999999","-2.4070000000000005","46.430799999999984","14.0","4.0","4.0","8.0","0.0","72.0","2.0","0.0","0.0","2.0","131.43999999999997","73.63774797519328","3.196086619206273","715.1596409393964"
"C-2011","ranitidine","InChI=1S/C13H22N4O3S/c1-14-13(9-17(18)19)15-6-7-21-10-12-5-4-11(20-12)8-16(2)3/h4-5,9,14-15H,6-8,10H2,1-3H3/b13-9-","VMXUWOKSQNHOCA-LCYFTJDESA-N","CNC(/NCCSCC1=CC=C(CN(C)C)O1)=C/[N+]([O-])=O","-2.5","0.0","1","G1","314.411","1.459","84.40080000000003","21.0","7.0","2.0","8.0","10.0","118.0","1.0","0.0","0.0","1.0","83.57999999999998","128.4562521662435","2.2182772434937243","473.7363586621033"
"C-2012","prednisone","InChI=1S/C21H26O5/c1-19-7-5-13(23)9-12(19)3-4-14-15-6-8-21(26,17(25)11-22)20(15,2)10-16(24)18(14)19/h5,7,9,14-15,18,22,26H,3-4,6,8,10-11H2,1-2H3","XOFYZVNMUHMLCC-UHFFFAOYSA-N","CC12CC(=O)C3C(CCC4=CC(=O)C=CC34C)C1CCC2(O)C(=O)CO","-3.48","0.0","1","G1","358.43400000000014","1.7658","94.04860000000004","26.0","5.0","2.0","5.0","2.0","140.0","0.0","3.0","4.0","4.0","91.67","152.7085964417996","1.7605370426078073","764.3631263188779"
"C-2013","vasicinone","InChI=1S/C11H10N2O2/c14-9-5-6-13-10(9)12-8-4-2-1-3-7(8)11(13)15/h1-4,9,14H,5-6H2","SDIVYZXRQHWCKF-UHFFFAOYSA-N","OC1CCN2C(=O)C3=C(C=CC=C3)N=C12","-2.1","0.0","1","G1","202.213","0.8336","55.57980000000003","15.0","4.0","1.0","4.0","0.0","76.0","2.0","0.0","1.0","3.0","55.120000000000005","85.80708614162089","2.4613620410536785","588.6478823313821"
"C-2015","7-propyltheophylline","InChI=1S/C10H14N4O2/c1-4-5-14-6-11-8-7(14)9(15)13(3)10(16)12(8)2/h6H,4-5H2,1-3H3","HGFWMGARSDHJFP-UHFFFAOYSA-N","CCC[N]1C=NC2=C1C(=O)N(C)C(=O)N2C","0.02","0.0","1","G1","222.24799999999996","-0.1563000000000001","60.50600000000002","16.0","6.0","0.0","6.0","2.0","86.0","2.0","0.0","0.0","2.0","61.82","91.75884124694255","2.9477693793520534","647.1083863008886"
"C-2017","1,3-dihydro-4-ethyl-5-[(pyridin-4-yl)carbonyl]imidazol-2-one","InChI=1S/C11H11N3O2/c1-2-8-9(14-11(16)13-8)10(15)7-3-5-12-6-4-7/h3-6H,2H2,1H3,(H2,13,14,16)","OQGWJZOWLHWFME-UHFFFAOYSA-N","CCC1=C(NC(=O)N1)C(=O)C2=CC=NC=C2","-1.99","0.0","1","G1","217.228","0.8914000000000001","58.46090000000002","16.0","3.0","2.0","5.0","3.0","82.0","2.0","0.0","0.0","2.0","78.61","91.55482425174566","2.452044839249235","554.1086939276441"
"C-2018","n,o-diacetyl-l-tyrosinamide","InChI=1S/C13H16N2O4/c1-8(16)15-12(13(14)18)7-10-3-5-11(6-4-10)19-9(2)17/h3-6,12H,7H2,1-2H3,(H2,14,18)(H,15,16)","QETYUVKBQJLLLM-UHFFFAOYSA-N","CC(=O)NC(CC1=CC=C(OC(C)=O)C=C1)C(N)=O","-1.9","0.0","1","G1","264.28099999999995","0.14439999999999997","68.25410000000002","19.0","4.0","2.0","6.0","5.0","102.0","1.0","0.0","0.0","1.0","98.49000000000001","110.47386233053217","2.7158412432906793","481.9215134721631"
"C-2020","metronidazole  phosphate","InChI=1S/C6H10N3O6P/c1-5-7-4-6(9(10)11)8(5)2-3-15-16(12,13)14/h4H,2-3H2,1H3,(H2,12,13,14)","GFFOAZOYBIIJHI-UHFFFAOYSA-N","CC1=NC=C([N]1CCO[P](O)(O)=O)[N+]([O-])=O","-1.38","0.0","1","G1","251.135","0.20901999999999976","51.614500000000014","16.0","6.0","2.0","10.0","5.0","90.0","1.0","0.0","0.0","1.0","127.72000000000003","90.06960848211672","2.698338774760555","437.47231441733777"
"C-2023","mepanipyrim;  2-anilino-4-methyl-6-(1-propynyl)pyrimidine","InChI=1S/C14H13N3/c1-3-7-13-10-11(2)15-14(17-13)16-12-8-5-4-6-9-12/h4-6,8-10H,1-2H3,(H,15,16,17)","CIFWZNRJIBNXRE-UHFFFAOYSA-N","CC#CC1=NC(=NC(=C1)C)NC2=CC=CC=C2","-4.6","0.12875000000000014","2","G3","223.27900000000002","2.9000200000000005","69.04570000000002","17.0","3.0","1.0","3.0","2.0","84.0","2.0","0.0","0.0","2.0","37.81","100.93664932050778","2.2893330489439174","565.0114606278768"
"C-2024","6-(s-propanoyloxymethyl)mercaptopurine","InChI=1S/C9H10N4O2S/c1-2-6(14)15-5-16-9-7-8(11-3-10-7)12-4-13-9/h3-4H,2,5H2,1H3,(H,10,11,12,13)","WQEDLDHMYLYHIP-UHFFFAOYSA-N","CCC(=O)OCSC1=NC=NC2=C1N=C[NH]2","-2.39","0.0","1","G1","238.27200000000002","1.3557","58.79070000000002","16.0","6.0","1.0","7.0","4.0","84.0","2.0","0.0","0.0","2.0","80.75999999999999","95.83911782758831","2.0367964372559215","498.96957177220906"
"C-2028","cyclacillin;  wy-4508;   6-(1-aminocyclohexanecarboxamido)penicillanic acid","InChI=1S/C15H23N3O4S/c1-14(2)9(12(20)21)18-10(19)8(11(18)23-14)17-13(22)15(16)6-4-3-5-7-15/h8-9,11H,3-7,16H2,1-2H3,(H,17,22)(H,20,21)","HGBLNBBNRORJKI-UHFFFAOYSA-N","CC1(C)SC2C(NC(=O)C3(N)CCCCC3)C(=O)N2C1C(O)=O","-1.04","0.0","1","G1","341.433","0.2797000000000011","85.66190000000003","23.0","5.0","3.0","8.0","3.0","128.0","0.0","3.0","3.0","3.0","112.72999999999999","138.88244379731108","1.7097436040726264","558.9252432763107"
"C-2029","n-(3-tolyl)anthranilic  acid;  2-(3-tolylamino)benzoic acid","InChI=1S/C14H13NO2/c1-10-5-4-6-11(9-10)15-13-8-3-2-7-12(13)14(16)17/h2-9,15H,1H3,(H,16,17)","JODCQKTVDXZQEP-UHFFFAOYSA-N","CC1=CC=CC(=C1)NC2=CC=CC=C2C(O)=O","-5.06","0.0","1","G1","227.263","3.436820000000001","67.86300000000003","17.0","2.0","2.0","3.0","3.0","86.0","2.0","0.0","0.0","2.0","49.33","99.72399959020206","2.329483875146284","549.4234028495392"
"C-2032","4-amino-6,7-diethyl-1h-pteridin-2-one;  4-amino-6,7-diethyl-2-hydroxypteridine","InChI=1S/C10H13N5O/c1-3-5-6(4-2)13-9-7(12-5)8(11)14-10(16)15-9/h3-4H2,1-2H3,(H3,11,13,14,15,16)","UNOWZWFKTDNJLH-UHFFFAOYSA-N","CCC1=NC2=C(N=C1CC)C(=NC(=O)N2)N","-3.55","0.0","1","G1","219.248","0.42009999999999986","61.1221","16.0","5.0","2.0","6.0","2.0","84.0","2.0","0.0","0.0","2.0","97.55","91.95284082966113","2.828126575474602","589.5144622767907"
"C-2033","2-amino-6,7-diethyl-3h-pteridin-4-one;  2-amino-6,7-diethyl-4-hydroxypteridine","InChI=1S/C10H13N5O/c1-3-5-6(4-2)13-8-7(12-5)9(16)15-10(11)14-8/h3-4H2,1-2H3,(H3,11,13,14,15,16)","GUJHFRPMSQFYJM-UHFFFAOYSA-N","CCC1=NC2=C(N=C1CC)C(=O)NC(=N2)N","-4.28","0.0","1","G1","219.248","0.42009999999999986","61.1221","16.0","5.0","2.0","6.0","2.0","84.0","2.0","0.0","0.0","2.0","97.55","91.95284082966111","2.83095561176968","589.5144622767907"
"C-2037","6,7-diethyl-1h-pteridine-2,4-dione;  ""2,4-dihydroxy-6,7-diethylpteridine""","InChI=1S/C10H12N4O2/c1-3-5-6(4-2)12-8-7(11-5)9(15)14-10(16)13-8/h3-4H2,1-2H3,(H2,12,13,14,15,16)","PNLRJGYHLCFMLM-UHFFFAOYSA-N","CCC1=NC2=C(N=C1CC)C(=O)NC(=O)N2","-2.39","0.0050000000000001155","2","G3","220.232","0.13119999999999987","59.5354","16.0","4.0","2.0","6.0","2.0","84.0","2.0","0.0","0.0","2.0","91.5","90.77447223269218","2.884451093503013","641.2895800617196"
"C-2038","purin-6-ylmercaptomethyl butyrate; s-butanoyloxymethyl-6-mercaptopurine; butanoic acid 9h-purin-6-ylthiomethyl ester","InChI=1S/C10H12N4O2S/c1-2-3-7(15)16-6-17-10-8-9(12-4-11-8)13-5-14-10/h4-5H,2-3,6H2,1H3,(H,11,12,13,14)","QEDDLDVOLQFFLS-UHFFFAOYSA-N","CCCC(=O)OCSC1=NC=NC2=C1N=C[NH]2","-2.69","0.0","1","G1","252.299","1.7457999999999998","63.40770000000003","17.0","6.0","1.0","7.0","5.0","90.0","2.0","0.0","0.0","2.0","80.75999999999999","102.20405994198492","1.9474288452546935","513.7301362380247"
"C-2039","coniferin dihydrate","InChI=1S/C16H22O8/c1-22-11-7-9(3-2-6-17)4-5-10(11)23-16-15(21)14(20)13(19)12(8-18)24-16/h2-5,7,12-21H,6,8H2,1H3/b3-2+","SFLMUHDGSQZDOW-NSCUHMNNSA-N","COC1=C(OC2OC(CO)C(O)C(O)C2O)C=CC(=C1)\C=C\CO","-1.87","0.0","1","G1","342.3440000000001","-1.1205999999999998","83.50900000000001","24.0","8.0","5.0","8.0","6.0","134.0","1.0","1.0","1.0","2.0","128.84","138.69719452725025","2.1819587808010423","559.0084341088167"
"C-2041","n-(3-aminophenyl)anthranilic  acid;  3'-aminofenamic acid","InChI=1S/C13H12N2O2/c14-9-4-3-5-10(8-9)15-12-7-2-1-6-11(12)13(16)17/h1-8,15H,14H2,(H,16,17)","UIPDOEPZZQRQKQ-UHFFFAOYSA-N","NC1=CC=CC(=C1)NC2=CC=CC=C2C(O)=O","-4.09","0.0","1","G1","228.251","2.7106000000000003","67.53840000000001","17.0","3.0","3.0","4.0","3.0","86.0","2.0","0.0","0.0","2.0","75.35","98.69894817281815","2.329483875146284","552.6206554225115"
"C-2042","pentachlorophenoxyacetic  acid","InChI=1S/C8H3Cl5O3/c9-3-4(10)6(12)8(7(13)5(3)11)16-1-2(14)15/h1H2,(H,14,15)","OBEUDXCKNSDQIL-UHFFFAOYSA-N","OC(=O)COC1=C(Cl)C(=C(Cl)C(=C1Cl)Cl)Cl","-3.75","0.0","1","G1","324.374","4.417","64.62280000000001","16.0","2.0","1.0","8.0","3.0","88.0","1.0","0.0","0.0","1.0","46.53","115.74691956444518","3.228881979004343","416.7853022859085"
"C-2043","1,3,5,8-tetrachloronaphthalene","InChI=1S/C10H4Cl4/c11-5-3-6-7(12)1-2-8(13)10(6)9(14)4-5/h1-4H","VFTLNRFRXWCJJK-UHFFFAOYSA-N","ClC1=CC2=C(C(=CC=C2Cl)Cl)C(=C1)Cl","-7.51","0.0","1","G1","265.95399999999995","5.453400000000001","63.98800000000002","14.0","0.0","0.0","4.0","0.0","72.0","2.0","0.0","0.0","2.0","0.0","101.32613255875884","2.9966182612341448","504.9384246991101"
"C-2044","9-(2-hydroxy-3-nonyl)adenine","InChI=1S/C14H23N5O/c1-3-4-5-6-7-11(10(2)20)19-9-18-12-13(15)16-8-17-14(12)19/h8-11,20H,3-7H2,1-2H3,(H2,15,16,17)","IOSAAWHGJUZBOG-UHFFFAOYSA-N","CCCCCCC(C(C)O)[N]1C=NC2=C1N=CN=C2N","-2.25","0.0","1","G1","277.37200000000007","2.3007999999999997","79.21220000000004","20.0","6.0","2.0","6.0","7.0","110.0","2.0","0.0","0.0","2.0","89.85","118.60974698045952","2.2095765324392986","551.4878808177575"
"C-2045","myclozolin; 3-(3,5-dichlorophenyl)-5-methoxymethyl-5-methyl-oxazolidine-2,4-dione","InChI=1S/C12H11Cl2NO4/c1-12(6-18-2)10(16)15(11(17)19-12)9-4-7(13)3-8(14)5-9/h3-5H,6H2,1-2H3","FTCOKXNKPOUEFH-UHFFFAOYSA-N","COCC1(C)OC(=O)N(C1=O)C2=CC(=CC(=C2)Cl)Cl","-4.66","0.0","1","G1","304.129","2.8817000000000013","70.71000000000002","19.0","4.0","0.0","7.0","3.0","102.0","1.0","1.0","1.0","2.0","55.84","119.5317254354154","2.400396983094347","528.280962684777"
"C-2046","rufinamide;  1-(2,6-difluorobenzyl)-1h-1,2,3-triazole-4-carboxamide","InChI=1S/C10H8F2N4O/c11-7-2-1-3-8(12)6(7)4-16-5-9(10(13)17)14-15-16/h1-3,5H,4H2,(H2,13,17)","POGQSBRIGCQNEG-UHFFFAOYSA-N","NC(=O)C1=C[N](CC2=C(F)C=CC=C2F)N=N1","-3.5","0.0","1","G1","238.197","0.7035000000000001","53.999900000000004","17.0","4.0","1.0","7.0","3.0","88.0","2.0","0.0","0.0","2.0","73.80000000000001","94.84620016357528","2.2822461406411994","546.9335828894834"
"C-2048","n-(3-hydroxyphenyl)anthranilic  acid;  3'-hydroxyfenamic acid","InChI=1S/C13H11NO3/c15-10-5-3-4-9(8-10)14-12-7-2-1-6-11(12)13(16)17/h1-8,14-15H,(H,16,17)","YQULREKUYCCSJA-UHFFFAOYSA-N","OC(=O)C1=CC=CC=C1NC2=CC(=CC=C2)O","-3.54","0.0","1","G1","229.23499999999999","2.834000000000001","64.79080000000002","17.0","3.0","3.0","4.0","3.0","86.0","2.0","0.0","0.0","2.0","69.56","98.15329122800145","2.329483875146283","551.8657679203479"
"C-2049","n-(2-benzoyloxyacetyl)proline methyl ester","InChI=1S/C15H17NO5/c1-20-15(19)12-8-5-9-16(12)13(17)10-21-14(18)11-6-3-2-4-7-11/h2-4,6-7,12H,5,8-10H2,1H3","UQIKOYWGLUXMNE-UHFFFAOYSA-N","COC(=O)C1CCCN1C(=O)COC(=O)C2=CC=CC=C2","-2.08","0.0","1","G1","291.303","1.0073999999999992","73.47550000000004","21.0","5.0","0.0","6.0","4.0","112.0","1.0","1.0","1.0","2.0","72.91","122.18154142488568","1.8966651248931015","528.1253314121191"
"C-2050","quinclorac; 3,7-dichloro-8-carboxyquinoline; 3,7-dichloro-8-quinolinecarboxylic acid","InChI=1S/C10H5Cl2NO2/c11-6-3-5-1-2-7(12)8(10(14)15)9(5)13-4-6/h1-4H,(H,14,15)","FFSSWMQPCJRCRV-UHFFFAOYSA-N","OC(=O)C1=C(Cl)C=CC2=C1N=CC(=C2)Cl","-3.57","0.0","1","G1","242.061","3.2398000000000007","58.72230000000001","15.0","2.0","1.0","5.0","1.0","76.0","2.0","0.0","0.0","2.0","50.19","95.2599460525784","2.8757213007056763","554.3588400172698"
"C-2052","8-phenylpurine","InChI=1S/C11H8N4/c1-2-4-8(5-3-1)10-14-9-6-12-7-13-11(9)15-10/h1-7H,(H,12,13,14,15)","ULWZFKSDBAAHEI-UHFFFAOYSA-N","[NH]1C2=C(N=CN=C2)N=C1C3=CC=CC=C3","-3.06","0.0","1","G1","196.21300000000002","2.0199","57.11970000000002","15.0","3.0","1.0","4.0","1.0","72.0","3.0","0.0","0.0","3.0","54.46","86.03826622115004","2.206101422811211","552.6049503351331"
"C-2053","n-isonicotinoyl-n'-benzoylhydrazine;  n-benzoyl-n'-isonicotinoylhydrazine","InChI=1S/C13H11N3O2/c17-12(10-4-2-1-3-5-10)15-16-13(18)11-6-8-14-9-7-11/h1-9H,(H,15,17)(H,16,18)","UHMAPOLDLKSAOI-UHFFFAOYSA-N","O=C(NNC(=O)C1=CC=NC=C1)C2=CC=CC=C2","-2.54","0.0","1","G1","241.25","1.1563999999999999","65.61140000000003","18.0","3.0","2.0","5.0","2.0","90.0","2.0","0.0","0.0","2.0","71.09","103.83093412283935","1.9296630435110773","489.17751919132087"
"C-2054","styphnic  acid; 1,3-dihydroxy-2,4,6-trinitrobenzene","InChI=1S/C6H3N3O8/c10-5-2(7(12)13)1-3(8(14)15)6(11)4(5)9(16)17/h1,10-11H","IXHMHWIBCIYOAZ-UHFFFAOYSA-N","OC1=C(C(=C(C=C1[N+]([O-])=O)[N+]([O-])=O)O)[N+]([O-])=O","-3.51","0.9241499999999999","2","G2","245.10299999999998","0.8224000000000007","49.7348","17.0","8.0","2.0","11.0","3.0","90.0","1.0","0.0","0.0","1.0","169.88","90.9787977913884","3.7562550919635718","500.30232072844115"
"C-2055","1-bromo-2-naphthyl  isothiocyanate;  1-bromo-2-isothiocyanatonaphthalene","InChI=1S/C11H6BrNS/c12-11-9-4-2-1-3-8(9)5-6-10(11)13-7-14/h1-6H","QCDAGXOLJWOIFN-UHFFFAOYSA-N","BrC1=C(C=CC2=CC=CC=C12)N=C=S","-4.32","0.0","1","G1","264.147","4.3366000000000025","66.33400000000002","14.0","2.0","0.0","3.0","1.0","68.0","2.0","0.0","0.0","2.0","12.36","95.59966010433513","2.807562379622794","529.7986115550003"
"C-2056","n1,n4-diacetylsulfanilamide;  n4-acetylsulfacetamide","InChI=1S/C10H12N2O4S/c1-7(13)11-9-3-5-10(6-4-9)17(15,16)12-8(2)14/h3-6H,1-2H3,(H,11,13)(H,12,14)","YTJJPFRVBNFIBN-UHFFFAOYSA-N","CC(=O)NC1=CC=C(C=C1)[S](=O)(=O)NC(C)=O","-2.78","0.0","1","G1","256.283","0.46979999999999983","61.748200000000026","17.0","4.0","2.0","7.0","3.0","92.0","1.0","0.0","0.0","1.0","92.34","99.07471603680209","2.944257041587932","533.9292547962567"
"C-2058","fluenetil","InChI=1S/C16H15FO2/c17-10-11-19-16(18)12-13-6-8-15(9-7-13)14-4-2-1-3-5-14/h1-9H,10-12H2","XAERLJMOUYEBAB-UHFFFAOYSA-N","FCCOC(=O)CC1=CC=C(C=C1)C2=CC=CC=C2","-5.01","0.0","1","G1","258.29200000000003","3.408800000000002","72.51600000000003","19.0","2.0","0.0","3.0","5.0","98.0","2.0","0.0","0.0","2.0","26.3","111.38886851562434","2.0081362208045994","520.2050137146814"
"C-2059","isoxsuprine","InChI=1S/C18H23NO3/c1-13(12-22-17-6-4-3-5-7-17)19-14(2)18(21)15-8-10-16(20)11-9-15/h3-11,13-14,18-21H,12H2,1-2H3","BMUKKTUHUDJSNZ-UHFFFAOYSA-N","CC(COC1=CC=CC=C1)NC(C)C(O)C2=CC=C(O)C=C2","-1.53","0.0","1","G1","301.386","2.871200000000001","87.06330000000004","22.0","4.0","3.0","4.0","7.0","118.0","2.0","0.0","0.0","2.0","61.72","130.9300249294476","1.821810760404442","556.3047686381605"
"C-2060","n,n-(dicyclohexyl)acetamido  benzoate;  analog 29","InChI=1S/C21H29NO3/c23-20(16-25-21(24)17-10-4-1-5-11-17)22(18-12-6-2-7-13-18)19-14-8-3-9-15-19/h1,4-5,10-11,18-19H,2-3,6-9,12-16H2","XDEYTBJLAPSTGO-UHFFFAOYSA-N","O=C(COC(=O)C1=CC=CC=C1)N(C2CCCCC2)C3CCCCC3","-5.06","0.0","1","G1","343.4670000000002","4.337400000000004","97.31650000000008","25.0","3.0","0.0","4.0","5.0","136.0","1.0","2.0","2.0","3.0","46.61000000000001","150.0902956281854","1.6229690309440277","541.7637108167736"
"C-2061","7-acetyltheophylline","InChI=1S/C9H10N4O3/c1-5(14)13-4-10-7-6(13)8(15)12(3)9(16)11(7)2/h4H,1-3H3","RCDRLZYAKDYXMM-UHFFFAOYSA-N","CN1C(=O)N(C)C2=C([N](C=N2)C(C)=O)C1=O","-1.4","0.0","1","G1","222.20399999999998","-0.9062000000000003","56.51550000000002","16.0","7.0","0.0","7.0","0.0","84.0","2.0","0.0","0.0","2.0","78.89","89.55542123258971","3.1295894702167626","703.8380017877919"
"C-2062","1,5-diphenylthiocarbazone;  dithizone","InChI=1S/C13H12N4S/c18-13(16-14-11-7-3-1-4-8-11)17-15-12-9-5-2-6-10-12/h1-10,14H,(H,16,18)","UOFGSWVZMUXXIY-UHFFFAOYSA-N","S=C(NNC1=CC=CC=C1)N=NC2=CC=CC=C2","-6.61","0.0","1","G1","256.334","3.6719000000000017","76.75640000000003","18.0","3.0","2.0","5.0","3.0","90.0","2.0","0.0","0.0","2.0","48.78","110.72885791910264","1.8435520044760814","525.2022121515441"
"C-2064","s-valeroyloxymethyl-6-mercaptopurine;  s-pentanoyloxymethyl-6-mercaptopurine","InChI=1S/C11H14N4O2S/c1-2-3-4-8(16)17-7-18-11-9-10(13-5-12-9)14-6-15-11/h5-6H,2-4,7H2,1H3,(H,12,13,14,15)","SFTFTJMAUOPCTA-UHFFFAOYSA-N","CCCCC(=O)OCSC1=NC=NC2=C1N=C[NH]2","-3.1","0.0","1","G1","266.32599999999996","2.1359","68.02470000000002","18.0","6.0","1.0","7.0","6.0","96.0","2.0","0.0","0.0","2.0","80.75999999999999","108.56900205638152","1.8659180454432818","528.4924991181272"
"C-2067","3-benzoylphenyl  isothiocyanate; 3-isothiocyanatobenzophenone","InChI=1S/C14H9NOS/c16-14(11-5-2-1-3-6-11)12-7-4-8-13(9-12)15-10-17/h1-9H","OKLVWLLVWTVJRP-UHFFFAOYSA-N","O=C(C1=CC=CC=C1)C2=CC=CC(=C2)N=C=S","-5.4","0.0","1","G1","239.299","3.6519000000000013","71.00250000000001","17.0","3.0","0.0","3.0","3.0","82.0","2.0","0.0","0.0","2.0","29.43","104.63400638746297","2.3773705412559867","586.1810219944564"
"C-2069","n-(3-chlorophenyl)anthranilic  acid;  3'-chlorofenamic acid","InChI=1S/C13H10ClNO2/c14-9-4-3-5-10(8-9)15-12-7-2-1-6-11(12)13(16)17/h1-8,15H,(H,16,17)","OVMWPVYEBVFZHM-UHFFFAOYSA-N","OC(=O)C1=CC=CC=C1NC2=CC(=CC=C2)Cl","-5.3","0.0","1","G1","247.68099999999998","3.7818000000000014","68.13600000000002","17.0","2.0","2.0","4.0","3.0","86.0","2.0","0.0","0.0","2.0","49.33","103.6623237026871","2.329483875146283","554.6206554225115"
"C-2070","tianafac","InChI=1S/C11H9ClO2S/c1-6-8-3-2-7(12)4-10(8)15-9(6)5-11(13)14/h2-4H,5H2,1H3,(H,13,14)","GGXDSIUMQOZKNP-UHFFFAOYSA-N","CC1=C(CC(O)=O)SC2=C1C=CC(=C2)Cl","-3.84","0.0","1","G1","240.71099999999998","3.4902200000000017","62.911800000000014","15.0","2.0","1.0","4.0","2.0","78.0","2.0","0.0","0.0","2.0","37.3","96.10727934395494","2.5824261182970467","530.6125976760256"
"C-2073","n-isonicotinoyl-n'-(phenylacetyl)hydrazine","InChI=1S/C14H13N3O2/c18-13(10-11-4-2-1-3-5-11)16-17-14(19)12-6-8-15-9-7-12/h1-9H,10H2,(H,16,18)(H,17,19)","FCRSOBDFPFGDHL-UHFFFAOYSA-N","O=C(CC1=CC=CC=C1)NNC(=O)C2=CC=NC=C2","-2.47","0.0","1","G1","255.277","1.0853000000000002","69.99190000000003","19.0","3.0","2.0","5.0","3.0","96.0","2.0","0.0","0.0","2.0","71.09","110.19587623723592","1.8264101483866388","555.4184644028866"
"C-2074","2-amino-7-naphthalenesulfonic  acid","InChI=1S/C10H9NO3S/c11-9-3-1-7-2-4-10(15(12,13)14)6-8(7)5-9/h1-6H,11H2,(H,12,13,14)","OKAUOXITMZTUOJ-UHFFFAOYSA-N","NC1=CC2=C(C=C1)C=CC(=C2)[S](O)(=O)=O","-3.05","0.0","1","G1","223.253","1.6687","58.17500000000002","15.0","3.0","2.0","5.0","1.0","78.0","2.0","0.0","0.0","2.0","80.39","87.0815943582855","2.7524853523791917","619.6001475530923"
"C-2075","2,4-dimethylthiazole-5-carboxanilide","InChI=1S/C12H12N2OS/c1-8-11(16-9(2)13-8)12(15)14-10-6-4-3-5-7-10/h3-7H,1-2H3,(H,14,15)","UDSJPFPDKCMYBD-UHFFFAOYSA-N","CC1=NC(=C(S1)C(=O)NC2=CC=CC=C2)C","-1.73","0.0","1","G1","232.30800000000002","3.012240000000001","65.98320000000002","16.0","3.0","1.0","4.0","2.0","82.0","2.0","0.0","0.0","2.0","41.99","98.15471920376065","2.1804936768384704","504.9922416008349"
"C-2076","2,4',6-trichlorodiphenyl  ether","InChI=1S/C12H7Cl3O/c13-8-4-6-9(7-5-8)16-12-10(14)2-1-3-11(12)15/h1-7H","ZMRFCSWFCKICQE-UHFFFAOYSA-N","ClC1=CC=C(OC2=C(Cl)C=CC=C2Cl)C=C1","-5.91","0.0","1","G1","273.546","5.4391000000000025","67.98800000000003","16.0","1.0","0.0","4.0","2.0","82.0","2.0","0.0","0.0","2.0","9.23","108.5118412357129","2.3012101492780848","473.8671014776177"
"C-2077","6-(hexanoyloxymethylthio)purine","InChI=1S/C12H16N4O2S/c1-2-3-4-5-9(17)18-8-19-12-10-11(14-6-13-10)15-7-16-12/h6-7H,2-5,8H2,1H3,(H,13,14,15,16)","AKLIYCJZHPSMMA-UHFFFAOYSA-N","CCCCCC(=O)OCSC1=NC=NC2=C1N=C[NH]2","-3.63","0.0","1","G1","280.35299999999995","2.5260000000000007","72.64170000000003","19.0","6.0","1.0","7.0","7.0","102.0","2.0","0.0","0.0","2.0","80.75999999999999","114.93394417077812","1.7926677747697362","543.2638342980092"
"C-2078","1-amino-6-naphthalenesulfonic  acid;  5-amino-2-naphthalenesulfonic acid","InChI=1S/C10H9NO3S/c11-10-3-1-2-7-6-8(15(12,13)14)4-5-9(7)10/h1-6H,11H2,(H,12,13,14)","UWPJYQYRSWYIGZ-UHFFFAOYSA-N","NC1=CC=CC2=C1C=CC(=C2)[S](O)(=O)=O","-2.24","0.0","1","G1","223.253","1.6687","58.17500000000001","15.0","3.0","2.0","5.0","1.0","78.0","2.0","0.0","0.0","2.0","80.39","87.0815943582855","2.7864143860658652","619.6001475530923"
"C-2080","n-(3-anisyl)anthranilic  acid;   2-(3-methoxyphenylamino)benzoic acid","InChI=1S/C14H13NO3/c1-18-11-6-4-5-10(9-11)15-13-8-3-2-7-12(13)14(16)17/h2-9,15H,1H3,(H,16,17)","SSRGDXQQJKAWKX-UHFFFAOYSA-N","COC1=CC=CC(=C1)NC2=CC=CC=C2C(O)=O","-4.8","0.0","1","G1","243.262","3.1370000000000005","69.67800000000003","18.0","3.0","2.0","4.0","4.0","92.0","2.0","0.0","0.0","2.0","58.559999999999995","104.83754481970894","2.3055632553212426","566.4704916140216"
"C-2081","2,4,6-trichlorodiphenyl  ether","InChI=1S/C12H7Cl3O/c13-8-6-10(14)12(11(15)7-8)16-9-4-2-1-3-5-9/h1-7H","WXLQUFLKMICSSY-UHFFFAOYSA-N","ClC1=CC(=C(OC2=CC=CC=C2)C(=C1)Cl)Cl","-6.11","0.0","1","G1","273.54600000000005","5.4391000000000025","67.98800000000003","16.0","1.0","0.0","4.0","2.0","82.0","2.0","0.0","0.0","2.0","9.23","108.51184123571288","2.3535811655313137","473.8671014776177"
"C-2082","thebaine","InChI=1S/C19H21NO3/c1-20-9-8-19-12-5-7-15(22-3)18(19)23-17-14(21-2)6-4-11(16(17)19)10-13(12)20/h4-7,13,18H,8-10H2,1-3H3","FQXXSQDCDRQNQE-UHFFFAOYSA-N","COC1=CC=C2C3CC4=C5C(=C(OC)C=C4)OC1C25CCN3C","-2.66","0.0","1","G1","311.3810000000001","2.4245","87.00200000000005","23.0","4.0","0.0","4.0","2.0","120.0","1.0","1.0","4.0","5.0","30.93","135.87358928689147","1.8394502227694605","766.1233848323809"
"C-2083","1-amino-3-naphthalenesulfonic  acid","InChI=1S/C10H9NO3S/c11-10-6-8(15(12,13)14)5-7-3-1-2-4-9(7)10/h1-6H,11H2,(H,12,13,14)","HXXMONHYPKNZHE-UHFFFAOYSA-N","NC1=CC(=CC2=C1C=CC=C2)[S](O)(=O)=O","-2.34","0.0","1","G1","223.253","1.6687","58.17500000000001","15.0","3.0","2.0","5.0","1.0","78.0","2.0","0.0","0.0","2.0","80.39","87.0815943582855","2.8471933444322985","619.6001475530923"
"C-2086","2,3,6-trichlorodiphenyl  ether","InChI=1S/C12H7Cl3O/c13-9-6-7-10(14)12(11(9)15)16-8-4-2-1-3-5-8/h1-7H","RQSRPDGSUDRYLH-UHFFFAOYSA-N","ClC1=CC=C(Cl)C(=C1Cl)OC2=CC=CC=C2","-5.95","0.0","1","G1","273.546","5.439100000000002","67.98800000000003","16.0","1.0","0.0","4.0","2.0","82.0","2.0","0.0","0.0","2.0","9.23","108.51184123571291","2.3843405653411573","497.11710147761767"
"C-2087","thebainone","InChI=1S/C18H21NO3/c1-19-8-7-18-10-12(20)4-5-13(18)14(19)9-11-3-6-15(22-2)17(21)16(11)18/h3-6,13-14,21H,7-10H2,1-2H3","SLJDAVMWFVYEFI-UHFFFAOYSA-N","COC1=C(O)C2=C(CC3C4C=CC(=O)CC24CCN3C)C=C1","-1.87","0.0","1","G1","299.36999999999995","2.044","83.32980000000003","22.0","4.0","1.0","4.0","1.0","116.0","1.0","1.0","3.0","4.0","49.77","129.93274675143437","1.984032745933399","681.154996148535"
"C-2088","n-isonicotinoyl-n'-(2-methylbenzoyl)hydrazine","InChI=1S/C14H13N3O2/c1-10-4-2-3-5-12(10)14(19)17-16-13(18)11-6-8-15-9-7-11/h2-9H,1H3,(H,16,18)(H,17,19)","FHPBWQWLOSHMLI-UHFFFAOYSA-N","CC1=C(C=CC=C1)C(=O)NNC(=O)C2=CC=NC=C2","-2.73","0.0","1","G1","255.27700000000002","1.46482","70.34840000000003","19.0","3.0","2.0","5.0","2.0","96.0","2.0","0.0","0.0","2.0","71.09","110.19587623723592","1.9828080159235983","596.6498889464652"
"C-2089","2-ethyl-1-methyl-1,2,3,4-tetrahydro-2,4a,9-triazaanthracen-10-one; ethyl-methylpyridoquinazolone","InChI=1S/C14H17N3O/c1-3-16-8-9-17-13(10(16)2)15-12-7-5-4-6-11(12)14(17)18/h4-7,10H,3,8-9H2,1-2H3","QBNMZYNBZAKUSP-UHFFFAOYSA-N","CCN1CCN2C(=O)C3=C(C=CC=C3)N=C2C1C","-2.5","0.0","1","G1","243.31000000000003","1.793","71.66500000000003","18.0","4.0","0.0","4.0","1.0","94.0","2.0","0.0","1.0","3.0","38.13","105.86751240281806","2.269476876044502","647.0194296299117"
"C-2090","dinoseb  acetate","InChI=1S/C12H14N2O6/c1-4-7(2)10-5-9(13(16)17)6-11(14(18)19)12(10)20-8(3)15/h5-7H,4H2,1-3H3","RDJTWDKSYLLHRW-UHFFFAOYSA-N","CCC(C)C1=C(OC(C)=O)C(=CC(=C1)[N+]([O-])=O)[N+]([O-])=O","-2.25","0.07089999999999996","2","G3","282.252","2.9418000000000015","69.76580000000001","20.0","6.0","0.0","8.0","5.0","108.0","1.0","0.0","0.0","1.0","112.58000000000001","114.20207458042687","3.6073037989964063","569.3111293243142"
"C-2091","7-propanoyltheophylline","InChI=1S/C10H12N4O3/c1-4-6(15)14-5-11-8-7(14)9(16)13(3)10(17)12(8)2/h5H,4H2,1-3H3","ZPUJWKXAFJEHDZ-UHFFFAOYSA-N","CCC(=O)[N]1C=NC2=C1C(=O)N(C)C(=O)N2C","-1.1","0.0","1","G1","236.23099999999997","-0.5161","61.132500000000014","17.0","7.0","0.0","7.0","1.0","90.0","2.0","0.0","0.0","2.0","78.89000000000001","95.9203633469863","3.0100778748302632","719.451842026172"
"C-2092","antazoline","InChI=1S/C17H19N3/c1-3-7-15(8-4-1)13-20(14-17-18-11-12-19-17)16-9-5-2-6-10-16/h1-10H,11-14H2,(H,18,19)","REYFJDPCWQRWAA-UHFFFAOYSA-N","C1CN=C(CN(CC2=CC=CC=C2)C3=CC=CC=C3)N1","-2.6","0.0","1","G1","265.36","2.6949000000000005","84.23870000000005","20.0","3.0","1.0","3.0","5.0","102.0","2.0","0.0","1.0","3.0","27.63","119.51239508368637","1.7935916677564712","563.3036923427362"
"C-2094","2-amino-5-naphthalenesulfonic  acid;  6-amino-1-naphthalenesulfonic acid","InChI=1S/C10H9NO3S/c11-8-4-5-9-7(6-8)2-1-3-10(9)15(12,13)14/h1-6H,11H2,(H,12,13,14)","YUNBHHWDQDGWHC-UHFFFAOYSA-N","NC1=CC2=C(C=C1)C(=CC=C2)[S](O)(=O)=O","-2.75","0.0","1","G1","223.253","1.6687","58.17500000000002","15.0","3.0","2.0","5.0","1.0","78.0","2.0","0.0","0.0","2.0","80.39","87.0815943582855","2.892820391356086","619.6001475530923"
"C-2097","dihydroequilenin","InChI=1S/C18H20O2/c1-18-9-8-14-13-5-3-12(19)10-11(13)2-4-15(14)16(18)6-7-17(18)20/h2-5,10,16-17,19-20H,6-9H2,1H3","RYWZPRVUQHMJFF-UHFFFAOYSA-N","CC12CCC3=C(C=CC4=C3C=CC(=C4)O)C1CCC2O","-4.64","0.0","1","G1","268.356","3.7362000000000033","80.02260000000004","20.0","2.0","2.0","2.0","0.0","104.0","2.0","1.0","2.0","4.0","40.46","118.60940976373863","1.9281457536602338","691.1228551246693"
"C-2100","zileuton","InChI=1S/C11H12N2O2S/c1-7(13(15)11(12)14)10-6-8-4-2-3-5-9(8)16-10/h2-7,15H,1H3,(H2,12,14)","MWLSOWXNZPKENC-UHFFFAOYSA-N","CC(N(O)C(N)=O)C1=CC2=C(S1)C=CC=C2","-3.37","0.0","1","G1","236.29600000000002","2.7322000000000015","63.44890000000002","16.0","3.0","2.0","5.0","2.0","84.0","2.0","0.0","0.0","2.0","66.56","96.85777598376735","2.362960926704292","490.4338490921654"
"C-2101","1-amino-5-naphthalenesulfonic  acid","InChI=1S/C10H9NO3S/c11-9-5-1-4-8-7(9)3-2-6-10(8)15(12,13)14/h1-6H,11H2,(H,12,13,14)","DQNAQOYOSRJXFZ-UHFFFAOYSA-N","NC1=CC=CC2=C1C=CC=C2[S](O)(=O)=O","-2.35","0.0","1","G1","223.253","1.6687","58.17500000000001","15.0","3.0","2.0","5.0","1.0","78.0","2.0","0.0","0.0","2.0","80.39","87.0815943582855","2.9569505920361765","619.6001475530923"
"C-2103","1-amino-4-naphthalenesulfonic  acid;  4-amino-1-naphthalenesulfonic acid","InChI=1S/C10H9NO3S/c11-9-5-6-10(15(12,13)14)8-4-2-1-3-7(8)9/h1-6H,11H2,(H,12,13,14)","NRZRRZAVMCAKEP-UHFFFAOYSA-N","NC1=CC=C(C2=C1C=CC=C2)[S](O)(=O)=O","-2.91","0.0","1","G1","223.25300000000001","1.6687","58.17500000000001","15.0","3.0","2.0","5.0","1.0","78.0","2.0","0.0","0.0","2.0","80.39","87.0815943582855","2.961958871524338","619.6001475530923"
"C-2104","9-[2-(indol-3-yl)ethyl]-1-oxa-3-oxo-4,9-diazaspiro[5,5]undecane","InChI=1S/C18H23N3O2/c22-17-12-23-18(13-20-17)6-9-21(10-7-18)8-5-14-11-19-16-4-2-1-3-15(14)16/h1-4,11,19H,5-10,12-13H2,(H,20,22)","SPALXTYNFFFDEM-UHFFFAOYSA-N","O=C1COC2(CCN(CCC3=C[NH]C4=C3C=CC=C4)CC2)CN1","-2.99","0.0","1","G1","313.4010000000001","1.6913999999999996","89.36940000000006","23.0","3.0","2.0","5.0","3.0","122.0","2.0","2.0","2.0","4.0","57.36","135.54475009251613","1.3221433592180512","689.1095394718029"
"C-2105","3-(1-aziridinyl)-4,6-dinitro-(n-ethyl)benzamide","InChI=1S/C11H12N4O5/c1-2-12-11(16)7-5-9(13-3-4-13)10(15(19)20)6-8(7)14(17)18/h5-6H,2-4H2,1H3,(H,12,16)","YQQRZTDOPIBVHX-UHFFFAOYSA-N","CCNC(=O)C1=CC(=C(C=C1[N+]([O-])=O)[N+]([O-])=O)N2CC2","-3.13","0.0","1","G1","280.24000000000007","1.0727","69.971","20.0","6.0","1.0","9.0","5.0","106.0","1.0","1.0","1.0","2.0","118.39000000000003","113.02745193680555","2.5917671224477914","596.7214348721607"
"C-2106","timobesone  acetate","InChI=1S/C24H31FO5S/c1-13-10-18-17-7-6-15-11-16(27)8-9-21(15,3)23(17,25)19(28)12-22(18,4)24(13,20(29)31-5)30-14(2)26/h8-9,11,13,17-19,28H,6-7,10,12H2,1-5H3","NWJQIUPQBDVVLW-UHFFFAOYSA-N","CSC(=O)C1(OC(C)=O)C(C)CC2C3CCC4=CC(=O)C=CC4(C)C3(F)C(O)CC12C","-6.22","0.0","1","G1","450.5720000000002","3.7947000000000033","115.92080000000004","31.0","6.0","1.0","7.0","2.0","170.0","0.0","3.0","4.0","4.0","80.67","186.4113796905918","1.861120277972726","913.6457307267312"
"C-2107","4-benzoylaminophenyl  acetate;  acetic acid 4-benzoylaminophenyl ester","InChI=1S/C15H13NO3/c1-11(17)19-14-9-7-13(8-10-14)16-15(18)12-5-3-2-4-6-12/h2-10H,1H3,(H,16,18)","MBMANTPXLYUUGC-UHFFFAOYSA-N","CC(=O)OC1=CC=C(NC(=O)C2=CC=CC=C2)C=C1","-4.14","0.0","1","G1","255.27300000000002","2.864200000000001","72.14620000000004","19.0","3.0","1.0","4.0","3.0","96.0","2.0","0.0","0.0","2.0","55.4","110.5697752819533","2.0360515655810727","576.0994989211438"
"C-2108","1,2,4-trimethyl-1,2,3,4-tetrahydro-2,4a,9-triazaanthracen-10-one; trimethylpyridoquinazolone","InChI=1S/C14H17N3O/c1-9-8-16(3)10(2)13-15-12-7-5-4-6-11(12)14(18)17(9)13/h4-7,9-10H,8H2,1-3H3","XURLBPGUZQJXEK-UHFFFAOYSA-N","CC1CN(C)C(C)C2=NC3=C(C=CC=C3)C(=O)N12","-2.09","0.0","1","G1","243.31","1.9639","71.75900000000003","18.0","4.0","0.0","4.0","0.0","94.0","2.0","0.0","1.0","3.0","38.13","105.8675124028181","2.3853455155494854","661.6269579378583"
"C-2109","1-amino-8-naphthalenesulfonic  acid","InChI=1S/C10H9NO3S/c11-8-5-1-3-7-4-2-6-9(10(7)8)15(12,13)14/h1-6H,11H2,(H,12,13,14)","CYJJLCDCWVZEDZ-UHFFFAOYSA-N","NC1=CC=CC2=C1C(=CC=C2)[S](O)(=O)=O","-3.07","0.0","1","G1","223.25300000000001","1.6687","58.17500000000001","15.0","3.0","2.0","5.0","1.0","78.0","2.0","0.0","0.0","2.0","80.39","87.0815943582855","2.9930054792423175","614.3501475530923"
"C-2111","proxicromil analog iii;  cyclohexano(6,7)chromone-2-carboxylic acid","InChI=1S/C14H12O4/c15-11-7-13(14(16)17)18-12-6-9-4-2-1-3-8(9)5-10(11)12/h5-7H,1-4H2,(H,16,17)","AGIKBILZJVNZNW-UHFFFAOYSA-N","OC(=O)C1=CC(=O)C2=C(O1)C=C3CCCCC3=C2","-1.05","0.0","1","G1","244.24599999999992","2.37","66.08530000000002","18.0","3.0","1.0","4.0","1.0","92.0","2.0","0.0","1.0","3.0","67.50999999999999","102.85404184597859","2.303712274071291","696.741588579008"
"C-2112","3-benzoyloxyphenyl  isothiocyanate;  benzoic acid 3-isothiocyanatophenyl ester","InChI=1S/C14H9NO2S/c16-14(11-5-2-1-3-6-11)17-13-8-4-7-12(9-13)15-10-18/h1-9H","YPRUUTYWPBBBGA-UHFFFAOYSA-N","O=C(OC1=CC=CC(=C1)N=C=S)C2=CC=CC=C2","-4.85","0.0","1","G1","255.29799999999997","3.640100000000002","72.52850000000002","18.0","4.0","0.0","4.0","3.0","88.0","2.0","0.0","0.0","2.0","38.66","109.74755161696987","2.1678526563628937","604.2008734833388"
"C-2114","7-methoxycarbonyltheophylline","InChI=1S/C9H10N4O4/c1-11-6-5(7(14)12(2)8(11)15)13(4-10-6)9(16)17-3/h4H,1-3H3","JDORMWPGTNFOBC-UHFFFAOYSA-N","COC(=O)[N]1C=NC2=C1C(=O)N(C)C(=O)N2C","-1.24","0.0","1","G1","238.20299999999997","-0.9518000000000006","58.01800000000001","17.0","8.0","0.0","8.0","0.0","90.0","2.0","0.0","0.0","2.0","88.12","94.66896646209659","3.0100778748302632","720.8966854642282"
"C-2115","ibuprofen ester iic; n-methyl-n-[2-(2'-(4''-isobutylphenyl)propanoyloxy)acetyl]glycineamide","InChI=1S/C18H26N2O4/c1-12(2)9-14-5-7-15(8-6-14)13(3)18(23)24-11-17(22)20(4)10-16(19)21/h5-8,12-13H,9-11H2,1-4H3,(H2,19,21)","KHKOSGDSOXGMOO-UHFFFAOYSA-N","CC(C)CC1=CC=C(C=C1)C(C)C(=O)OCC(=O)N(C)CC(N)=O","-3.41","0.0","1","G1","334.41600000000005","1.4754999999999998","91.18940000000005","24.0","4.0","1.0","6.0","8.0","132.0","1.0","0.0","0.0","1.0","89.70000000000002","142.50854438911054","2.5496900990841","581.1864862495336"
"C-2117","7-theophyllinylmethyl  acetate;  7-(acetoxymethyl)theophylline","InChI=1S/C10H12N4O4/c1-6(15)18-5-14-4-11-8-7(14)9(16)13(3)10(17)12(8)2/h4H,5H2,1-3H3","BKXGMMLAXFAIGQ-UHFFFAOYSA-N","CN1C(=O)N(C)C2=C([N](COC(C)=O)C=N2)C1=O","-1.83","0.0","1","G1","252.22999999999996","-1.0457","61.98100000000002","18.0","8.0","0.0","8.0","2.0","96.0","2.0","0.0","0.0","2.0","88.12","101.0339085764932","2.696240359936178","736.6412408920515"
"C-2118","tropicamide","InChI=1S/C17H20N2O2/c1-2-19(12-14-8-10-18-11-9-14)17(21)16(13-20)15-6-4-3-5-7-15/h3-11,16,20H,2,12-13H2,1H3","BGDKAVGWHJFAGW-UHFFFAOYSA-N","CCN(CC1=CC=NC=C1)C(=O)C(CO)C2=CC=CC=C2","-1.7","0.0","1","G1","284.359","2.2062","81.59680000000004","21.0","3.0","1.0","4.0","6.0","110.0","2.0","0.0","0.0","2.0","53.43000000000001","124.61338751533033","2.1467826667170877","557.5174956355265"
"C-2119","3-isothiocyanatophenyl  nicotinate","InChI=1S/C13H8N2O2S/c16-13(10-3-2-6-14-8-10)17-12-5-1-4-11(7-12)15-9-18/h1-8H","OUAPWRYEWXOCRN-UHFFFAOYSA-N","O=C(OC1=CC=CC(=C1)N=C=S)C2=CC=CN=C2","-4.3","0.0","1","G1","256.28599999999994","3.0351000000000017","70.32350000000002","18.0","5.0","0.0","5.0","3.0","88.0","2.0","0.0","0.0","2.0","51.55","108.96719959791635","2.1678526563628937","607.3981260563111"
"C-2123","6-(s-octanoyloxymethyl)mercaptopurine;  6-(octanoyloxymethylthio)purine","InChI=1S/C14H20N4O2S/c1-2-3-4-5-6-7-11(19)20-10-21-14-12-13(16-8-15-12)17-9-18-14/h8-9H,2-7,10H2,1H3,(H,15,16,17,18)","RLAQXWWETVAEAC-UHFFFAOYSA-N","CCCCCCCC(=O)OCSC1=NC=NC2=C1N=C[NH]2","-4.62","0.0","1","G1","308.407","3.3062000000000014","81.87570000000004","21.0","6.0","1.0","7.0","9.0","114.0","2.0","0.0","0.0","2.0","80.75999999999999","127.66382839957134","1.6691953827785975","572.8542786785846"
"C-2124","1-methyl-2-propyl-1,2,3,4-tetrahydro-2,4a,9-triazaanthracen-10-one","InChI=1S/C15H19N3O/c1-3-8-17-9-10-18-14(11(17)2)16-13-7-5-4-6-12(13)15(18)19/h4-7,11H,3,8-10H2,1-2H3","NOQKFJQTGOUYSP-UHFFFAOYSA-N","CCCN1CCN2C(=O)C3=C(C=CC=C3)N=C2C1C","-2.31","0.0","1","G1","257.337","2.1831000000000005","76.28200000000004","19.0","4.0","0.0","4.0","2.0","100.0","2.0","0.0","1.0","3.0","38.13","112.23245451721468","2.16751519686602","661.9785406420035"
"C-2125","(-)-(r)-1,2-bis(2,6-dioxopiperazin-4-yl)propane;  nsc-129943;  icrf 159;  razoxane (+/-)","InChI=1S/C11H16N4O4/c1-7(15-5-10(18)13-11(19)6-15)2-14-3-8(16)12-9(17)4-14/h7H,2-6H2,1H3,(H,12,16,17)(H,13,18,19)","BMKDZUISNHGIBY-UHFFFAOYSA-N","CC(CN1CC(=O)NC(=O)C1)N2CC(=O)NC(=O)C2","-1.27","0.0","1","G1","268.27299999999997","-2.708299999999996","63.77440000000002","19.0","6.0","2.0","8.0","3.0","104.0","0.0","2.0","2.0","2.0","98.82","109.6424899725351","1.907792685909168","404.4111225414069"
"C-2127","7-butyryltheophylline;  7-butanoyltheophylline","InChI=1S/C11H14N4O3/c1-4-5-7(16)15-6-12-9-8(15)10(17)14(3)11(18)13(9)2/h6H,4-5H2,1-3H3","MZWAEHYAKJOENW-UHFFFAOYSA-N","CCCC(=O)[N]1C=NC2=C1C(=O)N(C)C(=O)N2C","-1.53","0.0","1","G1","250.25799999999998","-0.1260000000000001","65.74950000000001","18.0","7.0","0.0","7.0","2.0","96.0","2.0","0.0","0.0","2.0","78.89000000000001","102.28530546138292","2.8595995031135386","735.0518865337515"
"C-2129","prednisone-21-acetate","InChI=1S/C23H28O6/c1-13(24)29-12-19(27)23(28)9-7-17-16-5-4-14-10-15(25)6-8-21(14,2)20(16)18(26)11-22(17,23)3/h6,8,10,16-17,20,28H,4-5,7,9,11-12H2,1-3H3","MOVRKLZUVNCBIP-UHFFFAOYSA-N","CC(=O)OCC(=O)C1(O)CCC2C3CCC4=CC(=O)C=CC4(C)C3C(=O)CC12C","-4.24","0.0","1","G1","400.4710000000002","2.3366","103.59580000000004","29.0","6.0","1.0","6.0","3.0","156.0","0.0","3.0","4.0","4.0","97.74000000000001","169.91931424794745","1.674033832759118","868.5938398347263"
"C-2131","3-(1-aziridinyl)-4,6-dinitro-(n-propyl)benzamide","InChI=1S/C12H14N4O5/c1-2-3-13-12(17)8-6-10(14-4-5-14)11(16(20)21)7-9(8)15(18)19/h6-7H,2-5H2,1H3,(H,13,17)","QTBORRHTRCJQKU-UHFFFAOYSA-N","CCCNC(=O)C1=CC(=C(C=C1[N+]([O-])=O)[N+]([O-])=O)N2CC2","-3.89","0.0","1","G1","294.26700000000005","1.4627999999999999","74.58800000000001","21.0","6.0","1.0","9.0","6.0","112.0","1.0","1.0","1.0","2.0","118.39000000000003","119.39239405120216","2.510444479736961","611.9105035713826"
"C-2134","equilenin","InChI=1S/C18H18O2/c1-18-9-8-14-13-5-3-12(19)10-11(13)2-4-15(14)16(18)6-7-17(18)20/h2-5,10,16,19H,6-9H2,1H3","PDRGHUMCVRDZLQ-UHFFFAOYSA-N","CC12CCC3=C(C=CC4=C3C=CC(=C4)O)C1CCC2=O","-4.96","0.14179999999999993","2","G3","266.34","3.9444000000000026","79.02280000000003","20.0","2.0","1.0","2.0","0.0","102.0","2.0","1.0","2.0","4.0","37.3","117.97669811158639","1.9498407153031676","731.5207964175199"
"C-2137","cephradine","InChI=1S/C16H19N3O4S/c1-8-7-24-15-11(14(21)19(15)12(8)16(22)23)18-13(20)10(17)9-5-3-2-4-6-9/h2-3,6,10-11,15H,4-5,7,17H2,1H3,(H,18,20)(H,22,23)","RDLPVSKMFDYCOR-UHFFFAOYSA-N","CC1=C(N2C(SC1)C(NC(=O)C(N)C3=CCC=CC3)C2=O)C(O)=O","-1.22","0.0","1","G1","349.41200000000015","0.3486000000000002","89.79090000000004","24.0","5.0","3.0","8.0","4.0","128.0","0.0","1.0","3.0","3.0","112.73000000000002","143.1785768151549","1.6784524742148712","697.4360923398415"
"C-2138","7-(ethoxycarboxymethyl)theophylline;  7-(ethoxycarbonyloxymethyl)theophylline","InChI=1S/C11H14N4O5/c1-4-19-11(18)20-6-15-5-12-8-7(15)9(16)14(3)10(17)13(8)2/h5H,4,6H2,1-3H3","CRROIRSDBVLXGH-UHFFFAOYSA-N","CCOC(=O)OC[N]1C=NC2=C1C(=O)N(C)C(=O)N2C","-1.86","0.0","1","G1","282.25600000000003","-0.4357","68.32200000000002","20.0","9.0","0.0","9.0","3.0","108.0","2.0","0.0","0.0","2.0","97.35","112.51239592039668","2.4462441577416625","769.4370691885798"
"C-2139","3-(1-aziridinyl)-4,6-dinitro-(n-isopropyl)benzamide","InChI=1S/C12H14N4O5/c1-7(2)13-12(17)8-5-10(14-3-4-14)11(16(20)21)6-9(8)15(18)19/h5-7H,3-4H2,1-2H3,(H,13,17)","UNDIGYDOFLWDTF-UHFFFAOYSA-N","CC(C)NC(=O)C1=CC(=C(C=C1[N+]([O-])=O)[N+]([O-])=O)N2CC2","-3.5","0.0","1","G1","294.26700000000005","1.4611999999999996","74.56600000000002","21.0","6.0","1.0","9.0","5.0","112.0","1.0","1.0","1.0","2.0","118.39000000000003","119.39239405120216","2.563360584347872","624.3189552668442"
"C-2140","2,2',3,5-tetrachlorobiphenyl","InChI=1S/C12H6Cl4/c13-7-5-9(12(16)11(15)6-7)8-3-1-2-4-10(8)14/h1-6H","NRBNBYFPJCCKTO-UHFFFAOYSA-N","ClC1=CC(=C(Cl)C(=C1)Cl)C2=CC=CC=C2Cl","-6.23","0.0","1","G1","291.9920000000001","5.967200000000002","71.91800000000002","16.0","0.0","0.0","4.0","1.0","82.0","2.0","0.0","0.0","2.0","0.0","113.70156223308769","2.693526780615942","534.5371240740591"
"C-2141","7-(ethoxycarbonyl)theophylline","InChI=1S/C10H12N4O4/c1-4-18-10(17)14-5-11-7-6(14)8(15)13(3)9(16)12(7)2/h5H,4H2,1-3H3","QSIIYGLZPGMUMS-UHFFFAOYSA-N","CCOC(=O)[N]1C=NC2=C1C(=O)N(C)C(=O)N2C","-1.65","0.0","1","G1","252.23","-0.5617000000000001","62.63500000000001","18.0","8.0","0.0","8.0","1.0","96.0","2.0","0.0","0.0","2.0","88.12","101.0339085764932","2.8595995031135386","736.6412408920517"
"C-2142","2-ethyl-1,4-dimethyl-1,2,3,4-tetrahydro-2,4a,9-triazaanthracen-10-one","InChI=1S/C15H19N3O/c1-4-17-9-10(2)18-14(11(17)3)16-13-8-6-5-7-12(13)15(18)19/h5-8,10-11H,4,9H2,1-3H3","LCXJKYZWJXSRIT-UHFFFAOYSA-N","CCN1CC(C)N2C(=O)C3=C(C=CC=C3)N=C2C1C","-2.46","0.0","1","G1","257.337","2.354","76.37600000000003","19.0","4.0","0.0","4.0","1.0","100.0","2.0","0.0","1.0","3.0","38.13","112.23245451721468","2.3148233215496545","676.6352890782325"
"C-2143","4-(3-phenylureido)phenyl  acetate;  acetic acid 4-(3-phenylureido)phenyl ester","InChI=1S/C15H14N2O3/c1-11(18)20-14-9-7-13(8-10-14)17-15(19)16-12-5-3-2-4-6-12/h2-10H,1H3,(H2,16,17,19)","HYDYEUKNONPEFM-UHFFFAOYSA-N","CC(=O)OC1=CC=C(NC(=O)NC2=CC=CC=C2)C=C1","-4.44","0.0","1","G1","270.288","3.2559000000000013","76.83440000000003","20.0","3.0","2.0","5.0","3.0","102.0","2.0","0.0","0.0","2.0","67.42999999999999","116.11963746556135","1.925810402896756","594.2755078276398"
"C-2145","7-(propionyloxymethyl)theophylline;  7-(propanoyloxymethyl)theophylline","InChI=1S/C11H14N4O4/c1-4-7(16)19-6-15-5-12-9-8(15)10(17)14(3)11(18)13(9)2/h5H,4,6H2,1-3H3","IMLOLBJKVGTVRZ-UHFFFAOYSA-N","CCC(=O)OC[N]1C=NC2=C1C(=O)N(C)C(=O)N2C","-2.3","0.0","1","G1","266.257","-0.6555999999999995","66.59800000000001","19.0","8.0","0.0","8.0","3.0","102.0","2.0","0.0","0.0","2.0","88.12","107.39885069088982","2.57158370313781","752.3665624590808"
"C-2148","nifurtoinol;  3-(hydroxymethyl)nitrofurantoin","InChI=1S/C9H8N4O6/c14-5-11-7(15)4-12(9(11)16)10-3-6-1-2-8(19-6)13(17)18/h1-3,14H,4-5H2/b10-3+","UIDWQGRXEVDFCA-XCVCLJGOSA-N","OCN1C(=O)CN(/N=C/C2=CC=C(O2)[N+]([O-])=O)C1=O","-2.91","0.0","1","G1","268.185","-0.2643000000000002","58.99020000000001","19.0","7.0","1.0","10.0","4.0","100.0","1.0","1.0","1.0","2.0","129.49","105.19999132331279","2.084165305512655","564.810994030821"
"C-2149","2-(3-acetylphenylamino)benzoic acid","InChI=1S/C15H13NO3/c1-10(17)11-5-4-6-12(9-11)16-14-8-3-2-7-13(14)15(18)19/h2-9,16H,1H3,(H,18,19)","URNBQFPUGNNQRC-UHFFFAOYSA-N","CC(=O)C1=CC=CC(=C1)NC2=CC=CC=C2C(O)=O","-4.86","0.0","1","G1","255.27299999999997","3.3310000000000004","73.13050000000003","19.0","3.0","2.0","4.0","4.0","96.0","2.0","0.0","0.0","2.0","66.4","110.25046380464244","2.3362268469820053","634.7927427712117"
"C-2150","2,2',3,6'-tetrachlorobiphenyl","InChI=1S/C12H6Cl4/c13-8-4-2-5-9(14)11(8)7-3-1-6-10(15)12(7)16/h1-6H","CUGLICQCTXWQNF-UHFFFAOYSA-N","ClC1=CC=CC(=C1Cl)C2=C(Cl)C=CC=C2Cl","-6.3","0.0","1","G1","291.99199999999996","5.967200000000002","71.91800000000002","16.0","0.0","0.0","4.0","1.0","82.0","2.0","0.0","0.0","2.0","0.0","113.70156223308769","2.7263238728810455","514.287124074059"
"C-2152","cgp 65015;  (+)-3-hydroxy-1-(2-hydroxyethyl)-2-(alpha-hydroxybenzyl)-1h-pyridin-4-one","InChI=1S/C14H15NO4/c16-9-8-15-7-6-11(17)14(19)12(15)13(18)10-4-2-1-3-5-10/h1-7,13,16,18-19H,8-9H2","ZMDGUPJAPMSCIZ-UHFFFAOYSA-N","OCCN1C=CC(=O)C(=C1C(O)C2=CC=CC=C2)O","-2.82","0.0","1","G1","261.277","0.6278999999999999","69.95640000000003","19.0","5.0","3.0","5.0","4.0","100.0","2.0","0.0","0.0","2.0","82.69000000000001","109.55716649292448","2.537477099990474","606.5881837063149"
"C-2153","3,3',4,4'-tetrachlorodiphenyl  ether","InChI=1S/C12H6Cl4O/c13-9-3-1-7(5-11(9)15)17-8-2-4-10(14)12(16)6-8/h1-6H","DHLVZXZRIZBPKG-UHFFFAOYSA-N","ClC1=C(Cl)C=C(OC2=CC=C(Cl)C(=C2)Cl)C=C1","-6.98","0.0","1","G1","307.991","6.092500000000002","72.99800000000002","17.0","1.0","0.0","5.0","2.0","88.0","2.0","0.0","0.0","2.0","9.23","118.81510746259455","2.2491822930475696","504.6970467453647"
"C-2154","etodolac","InChI=1S/C17H21NO3/c1-3-11-6-5-7-12-13-8-9-21-17(4-2,10-14(19)20)16(13)18-15(11)12/h5-7,18H,3-4,8-10H2,1-2H3,(H,19,20)","NNYBQONXHNTVIJ-UHFFFAOYSA-N","CCC1=CC=CC2=C1[NH]C3=C2CCOC3(CC)CC(O)=O","-3.31","0.0","1","G1","287.3589999999999","3.383000000000002","81.55450000000005","21.0","2.0","2.0","4.0","4.0","112.0","2.0","0.0","1.0","3.0","62.32","123.6701770300334","2.2365005465300696","688.6452033715748"
"C-2155","2-aminosulfonyl-5-methylsulfonamido-1,3,4-thiadiazole","InChI=1S/C3H6N4O4S3/c1-13(8,9)7-2-5-6-3(12-2)14(4,10)11/h1H3,(H,5,7)(H2,4,10,11)","OXRPANDQRBDMRL-UHFFFAOYSA-N","C[S](=O)(=O)NC1=NN=C(S1)[S](N)(=O)=O","-1.68","0.0","1","G1","258.30600000000004","-1.4429999999999996","49.74870000000001","14.0","7.0","2.0","11.0","3.0","80.0","1.0","0.0","0.0","1.0","132.10999999999999","84.25576270005374","3.0175970496005515","527.9326651971803"
"C-2156","sertraline;  (1s,4s)-4-(3,4-dichlorophenyl)-1,2,3,4-tetrahydro-n-methyl-1-naphthalenamine","InChI=1S/C17H17Cl2N/c1-20-17-9-7-12(13-4-2-3-5-14(13)17)11-6-8-15(18)16(19)10-11/h2-6,8,10,12,17,20H,7,9H2,1H3","VGKDLMBJGBXTGI-UHFFFAOYSA-N","CNC1CCC(C2=CC(=C(Cl)C=C2)Cl)C3=C1C=CC=C3","-5.23","0.0","1","G1","306.236","5.179600000000004","85.78170000000003","20.0","1.0","1.0","3.0","2.0","104.0","2.0","0.0","1.0","3.0","12.03","129.4637713813862","2.0462380294045226","624.1371109583483"
"C-2157","2-[(4-phenylazophenyl)hydrazono]malononitrile","InChI=1S/C15H10N6/c16-10-15(11-17)21-20-14-8-6-13(7-9-14)19-18-12-4-2-1-3-5-12/h1-9,20H","LDBWPTYGGBUCTJ-UHFFFAOYSA-N","N#CC(=NNC1=CC=C(C=C1)N=NC2=CC=CC=C2)C#N","-4.92","0.0","1","G1","274.28700000000003","3.917060000000002","79.34370000000001","21.0","6.0","1.0","6.0","4.0","100.0","2.0","0.0","0.0","2.0","96.69","121.2305815658805","2.031787898404213","716.4735770542255"
"C-2158","3,4,4',5-tetrachlorodiphenyl  ether","InChI=1S/C12H6Cl4O/c13-7-1-3-8(4-2-7)17-9-5-10(14)12(16)11(15)6-9/h1-6H","CAUBBRCOHHHCNG-UHFFFAOYSA-N","ClC1=CC=C(OC2=CC(=C(Cl)C(=C2)Cl)Cl)C=C1","-7.35","0.0","1","G1","307.991","6.092500000000002","72.99800000000002","17.0","1.0","0.0","5.0","2.0","88.0","2.0","0.0","0.0","2.0","9.23","118.81510746259455","2.2715238298570197","513.6970467453648"
"C-2159","3,3',4,5'-tetrachlorodiphenyl  ether","InChI=1S/C12H6Cl4O/c13-7-3-8(14)5-10(4-7)17-9-1-2-11(15)12(16)6-9/h1-6H","BUPRSRBWDJVKGG-UHFFFAOYSA-N","ClC1=CC(=CC(=C1)OC2=CC=C(Cl)C(=C2)Cl)Cl","-7.32","0.0","1","G1","307.991","6.092500000000002","72.99800000000002","17.0","1.0","0.0","5.0","2.0","88.0","2.0","0.0","0.0","2.0","9.23","118.81510746259454","2.276872085495677","533.9470467453648"
"C-2160","7-pentanoyltheophylline","InChI=1S/C12H16N4O3/c1-4-5-6-8(17)16-7-13-10-9(16)11(18)15(3)12(19)14(10)2/h7H,4-6H2,1-3H3","SJVQUFBQNJUYFR-UHFFFAOYSA-N","CCCCC(=O)[N]1C=NC2=C1C(=O)N(C)C(=O)N2C","-2.12","0.0","1","G1","264.28499999999997","0.2640999999999998","70.36650000000002","19.0","7.0","0.0","7.0","3.0","102.0","2.0","0.0","0.0","2.0","78.89000000000001","108.65024757577953","2.701133867156717","750.6458727532737"
"C-2162","l-dopa benzyl ester","InChI=1S/C16H17NO4/c17-13(8-12-6-7-14(18)15(19)9-12)16(20)21-10-11-4-2-1-3-5-11/h1-7,9,13,18-19H,8,10,17H2","KZQJKVJONMBQQU-UHFFFAOYSA-N","NC(CC1=CC(=C(O)C=C1)O)C(=O)OCC2=CC=CC=C2","-1.81","0.0","1","G1","287.31499999999994","1.7109999999999999","77.68900000000002","21.0","5.0","3.0","5.0","5.0","110.0","2.0","0.0","0.0","2.0","92.78000000000002","122.15169131410285","1.884969840328267","612.9289707423741"
"C-2163","2,3',4,4'-tetrachlorodiphenyl  ether","InChI=1S/C12H6Cl4O/c13-7-1-4-12(11(16)5-7)17-8-2-3-9(14)10(15)6-8/h1-6H","CAWSVYYOUZEMHA-UHFFFAOYSA-N","ClC1=CC=C(OC2=CC(=C(Cl)C=C2)Cl)C(=C1)Cl","-7.0","0.0","1","G1","307.991","6.092500000000002","72.99800000000002","17.0","1.0","0.0","5.0","2.0","88.0","2.0","0.0","0.0","2.0","9.23","118.81510746259455","2.280258854573339","554.1970467453648"
"C-2165","2,4,4',5-tetrachlorodiphenyl  ether","InChI=1S/C12H6Cl4O/c13-7-1-3-8(4-2-7)17-12-6-10(15)9(14)5-11(12)16/h1-6H","KXOJXWNARBQHNX-UHFFFAOYSA-N","ClC1=CC=C(OC2=CC(=C(Cl)C=C2Cl)Cl)C=C1","-7.04","0.0","1","G1","307.991","6.092500000000002","72.99800000000002","17.0","1.0","0.0","5.0","2.0","88.0","2.0","0.0","0.0","2.0","9.23","118.81510746259455","2.2962610484217487","536.9470467453648"
"C-2167","1-chloro-2,4-dinitronaphthalene","InChI=1S/C10H5ClN2O4/c11-10-7-4-2-1-3-6(7)8(12(14)15)5-9(10)13(16)17/h1-5H","SKKUAUZTZZRYPW-UHFFFAOYSA-N","[O-][N+](=O)C1=C(Cl)C2=C(C=CC=C2)C(=C1)[N+]([O-])=O","-5.4","0.0","1","G1","252.61300000000003","3.3096000000000014","62.26680000000001","17.0","4.0","0.0","7.0","2.0","86.0","2.0","0.0","0.0","2.0","86.28","99.72228532311345","2.9444953887522094","641.4836569202204"
"C-2169","3-(aziridin-1-yl)-4,6-dinitro-n-(isobutyl)benzamide","InChI=1S/C13H16N4O5/c1-8(2)7-14-13(18)9-5-11(15-3-4-15)12(17(21)22)6-10(9)16(19)20/h5-6,8H,3-4,7H2,1-2H3,(H,14,18)","RRIIHXZPZQGCGU-UHFFFAOYSA-N","CC(C)CNC(=O)C1=CC(=C(C=C1[N+]([O-])=O)[N+]([O-])=O)N2CC2","-3.85","0.0","1","G1","308.29400000000004","1.7087999999999999","79.13500000000002","22.0","6.0","1.0","9.0","6.0","118.0","1.0","1.0","1.0","2.0","118.39000000000003","125.75733616559877","2.4630220295967464","639.5627744861159"
"C-2171","2,3',4,5'-tetrachlorodiphenyl  ether","InChI=1S/C12H6Cl4O/c13-7-1-2-12(11(16)6-7)17-10-4-8(14)3-9(15)5-10/h1-6H","XORVNHCKWFPDLN-UHFFFAOYSA-N","ClC1=CC=C(OC2=CC(=CC(=C2)Cl)Cl)C(=C1)Cl","-7.14","0.0","1","G1","307.991","6.092500000000002","72.99800000000002","17.0","1.0","0.0","5.0","2.0","88.0","2.0","0.0","0.0","2.0","9.23","118.81510746259454","2.3087182377385007","533.9470467453647"
"C-2172","2,3',4',5-tetrachlorodiphenyl  ether","InChI=1S/C12H6Cl4O/c13-7-1-3-10(15)12(5-7)17-8-2-4-9(14)11(16)6-8/h1-6H","MFTPXFIGIJCNJM-UHFFFAOYSA-N","ClC1=CC=C(Cl)C(=C1)OC2=CC=C(Cl)C(=C2)Cl","-7.07","0.0","1","G1","307.991","6.092500000000002","72.99800000000002","17.0","1.0","0.0","5.0","2.0","88.0","2.0","0.0","0.0","2.0","9.23","118.81510746259455","2.308146949631521","554.1970467453648"
"C-2173","2,3,4,4'-tetrachlorodiphenyl  ether","InChI=1S/C12H6Cl4O/c13-7-1-3-8(4-2-7)17-10-6-5-9(14)11(15)12(10)16/h1-6H","ZPOBHUZRVVTGKB-UHFFFAOYSA-N","ClC1=CC=C(OC2=CC=C(Cl)C(=C2Cl)Cl)C=C1","-7.01","0.0","1","G1","307.991","6.092500000000002","72.99800000000002","17.0","1.0","0.0","5.0","2.0","88.0","2.0","0.0","0.0","2.0","9.23","118.81510746259454","2.3031527501785183","536.9470467453648"
"C-2174","5'-propanoylidoxuridine; 5'-propanoyl-5-iodo-2'-deoxyuridine; 5'-propanoyl-idu","InChI=1S/C12H15IN2O6/c1-2-10(17)20-5-8-7(16)3-9(21-8)15-4-6(13)11(18)14-12(15)19/h4,7-9,16H,2-3,5H2,1H3,(H,14,18,19)","DJVMRHACLIROPJ-UHFFFAOYSA-N","CCC(=O)OCC1OC(CC1O)N2C=C(I)C(=O)NC2=O","-2.46","0.0","1","G1","410.1640000000001","-0.2571999999999998","79.82350000000001","21.0","7.0","2.0","9.0","4.0","116.0","1.0","1.0","1.0","2.0","110.62","132.7621049620136","2.1034083151732172","639.3702015474128"
"C-2175","2,3,4',5-tetrachlorodiphenyl  ether","InChI=1S/C12H6Cl4O/c13-7-1-3-9(4-2-7)17-11-6-8(14)5-10(15)12(11)16/h1-6H","YHQRYZGDQCSHFO-UHFFFAOYSA-N","ClC1=CC=C(OC2=CC(=CC(=C2Cl)Cl)Cl)C=C1","-7.14","0.0","1","G1","307.991","6.092500000000002","72.99800000000002","17.0","1.0","0.0","5.0","2.0","88.0","2.0","0.0","0.0","2.0","9.23","118.81510746259454","2.3249978266222713","536.9470467453647"
"C-2176","2,3,3',4'-tetrachlorodiphenyl  ether","InChI=1S/C12H6Cl4O/c13-8-5-4-7(6-10(8)15)17-11-3-1-2-9(14)12(11)16/h1-6H","JVFGXWCLGNACOG-UHFFFAOYSA-N","ClC1=C(Cl)C=C(OC2=CC=CC(=C2Cl)Cl)C=C1","-6.9","0.0","1","G1","307.991","6.092500000000002","72.99800000000002","17.0","1.0","0.0","5.0","2.0","88.0","2.0","0.0","0.0","2.0","9.23","118.81510746259455","2.314179277834969","554.1970467453648"
"C-2177","7-(pivaloyloxymethyl)theophylline (viii)","InChI=1S/C13H18N4O4/c1-13(2,3)11(19)21-7-17-6-14-9-8(17)10(18)16(5)12(20)15(9)4/h6H,7H2,1-5H3","BFABOEKGZASJFN-UHFFFAOYSA-N","CN1C(=O)N(C)C2=C([N](COC(=O)C(C)(C)C)C=N2)C1=O","-2.17","0.0","1","G1","294.311","-0.01950000000000096","75.76200000000003","21.0","8.0","0.0","8.0","2.0","114.0","2.0","0.0","0.0","2.0","88.12","120.12873491968301","2.464700963283148","819.5246687254521"
"C-2178","2,3',4,5-tetrachlorodiphenyl  ether","InChI=1S/C12H6Cl4O/c13-7-2-1-3-8(4-7)17-12-6-10(15)9(14)5-11(12)16/h1-6H","QDQGECFQVPRMEO-UHFFFAOYSA-N","ClC1=CC=CC(=C1)OC2=CC(=C(Cl)C=C2Cl)Cl","-7.27","0.0","1","G1","307.991","6.092500000000001","72.99800000000002","17.0","1.0","0.0","5.0","2.0","88.0","2.0","0.0","0.0","2.0","9.23","118.81510746259454","2.3304961380775593","554.1970467453648"
"C-2179","2,4,4',6-tetrachlorodiphenyl  ether","InChI=1S/C12H6Cl4O/c13-7-1-3-9(4-2-7)17-12-10(15)5-8(14)6-11(12)16/h1-6H","YCWRSOTXXJYCKF-UHFFFAOYSA-N","ClC1=CC=C(OC2=C(Cl)C=C(Cl)C=C2Cl)C=C1","-6.83","0.0","1","G1","307.991","6.092500000000002","72.99800000000002","17.0","1.0","0.0","5.0","2.0","88.0","2.0","0.0","0.0","2.0","9.23","118.81510746259455","2.328198437197118","513.6970467453648"
"C-2180","n-(3'-nitrophenyl)anthranilic  acid;  3'-nitrofenamic acid","InChI=1S/C13H10N2O4/c16-13(17)11-6-1-2-7-12(11)14-9-4-3-5-10(8-9)15(18)19/h1-8,14H,(H,16,17)","NBJRFLIUYUFOIR-UHFFFAOYSA-N","OC(=O)C1=CC=CC=C1NC2=CC(=CC=C2)[N+]([O-])=O","-6.43","0.0","1","G1","258.233","3.036600000000001","69.78040000000001","19.0","4.0","2.0","6.0","4.0","96.0","2.0","0.0","0.0","2.0","92.47","108.01203319830523","2.3362268469820053","640.0452728716688"
"C-2181","2,3,3',4-tetrachlorodiphenyl  ether","InChI=1S/C12H6Cl4O/c13-7-2-1-3-8(6-7)17-10-5-4-9(14)11(15)12(10)16/h1-6H","IZISEKJPNSBPRX-UHFFFAOYSA-N","ClC1=CC=CC(=C1)OC2=CC=C(Cl)C(=C2Cl)Cl","-7.09","0.0","1","G1","307.991","6.092500000000001","72.99800000000002","17.0","1.0","0.0","5.0","2.0","88.0","2.0","0.0","0.0","2.0","9.23","118.81510746259453","2.337588756762317","554.1970467453648"
"C-2182","2,2',4,5'-tetrachlorodiphenyl  ether","InChI=1S/C12H6Cl4O/c13-7-2-4-11(10(16)5-7)17-12-6-8(14)1-3-9(12)15/h1-6H","XIXPEFLLHQAIOY-UHFFFAOYSA-N","ClC1=CC=C(OC2=C(Cl)C=CC(=C2)Cl)C(=C1)Cl","-6.77","0.0","1","G1","307.991","6.092500000000002","72.99800000000002","17.0","1.0","0.0","5.0","2.0","88.0","2.0","0.0","0.0","2.0","9.23","118.81510746259455","2.340908611895312","554.1970467453648"
"C-2184","7-(propoxycarbonyl)theophylline","InChI=1S/C11H14N4O4/c1-4-5-19-11(18)15-6-12-8-7(15)9(16)14(3)10(17)13(8)2/h6H,4-5H2,1-3H3","QIBCKFKIAKARGI-UHFFFAOYSA-N","CCCOC(=O)[N]1C=NC2=C1C(=O)N(C)C(=O)N2C","-1.45","0.0","1","G1","266.25699999999995","-0.17159999999999997","67.25200000000001","19.0","8.0","0.0","8.0","2.0","102.0","2.0","0.0","0.0","2.0","88.12","107.39885069088982","2.701133867156717","752.3665624590808"
"C-2185","2,3',4',6-tetrachlorodiphenyl  ether","InChI=1S/C12H6Cl4O/c13-8-5-4-7(6-11(8)16)17-12-9(14)2-1-3-10(12)15/h1-6H","IZZULMOBRTYHMH-UHFFFAOYSA-N","ClC1=C(Cl)C=C(OC2=C(Cl)C=CC=C2Cl)C=C1","-6.56","0.0","1","G1","307.991","6.092500000000002","72.99800000000002","17.0","1.0","0.0","5.0","2.0","88.0","2.0","0.0","0.0","2.0","9.23","118.81510746259457","2.3458990918509643","533.9470467453647"
"C-2186","2,2',3,4'-tetrachlorodiphenyl  ether","InChI=1S/C12H6Cl4O/c13-7-4-5-10(9(15)6-7)17-11-3-1-2-8(14)12(11)16/h1-6H","UYVBJPIPRAJEKW-UHFFFAOYSA-N","ClC1=CC(=C(OC2=CC=CC(=C2Cl)Cl)C=C1)Cl","-6.65","0.0","1","G1","307.991","6.092500000000002","72.99800000000002","17.0","1.0","0.0","5.0","2.0","88.0","2.0","0.0","0.0","2.0","9.23","118.81510746259455","2.347105015757582","554.1970467453648"
"C-2187","1,4-dimethyl-2-propyl-1,2,3,4-tetrahydro-2,4a,9-triazaanthracen-10-one","InChI=1S/C16H21N3O/c1-4-9-18-10-11(2)19-15(12(18)3)17-14-8-6-5-7-13(14)16(19)20/h5-8,11-12H,4,9-10H2,1-3H3","CRLNRRULCQXUML-UHFFFAOYSA-N","CCCN1CC(C)N2C(=O)C3=C(C=CC=C3)N=C2C1C","-2.24","0.0","1","G1","271.36400000000003","2.7441000000000013","80.99300000000004","20.0","4.0","0.0","4.0","2.0","106.0","2.0","0.0","1.0","3.0","38.13","118.59739663161129","2.223650455717504","691.6717301463041"
"C-2188","2,3,4',6-tetrachlorodiphenyl  ether","InChI=1S/C12H6Cl4O/c13-7-1-3-8(4-2-7)17-12-10(15)6-5-9(14)11(12)16/h1-6H","HJCNTJIMUWQMSA-UHFFFAOYSA-N","ClC1=CC=C(OC2=C(Cl)C=CC(=C2Cl)Cl)C=C1","-6.64","0.0","1","G1","307.991","6.092500000000002","72.99800000000002","17.0","1.0","0.0","5.0","2.0","88.0","2.0","0.0","0.0","2.0","9.23","118.81510746259455","2.3570431850388154","536.9470467453648"
"C-2190","3-(aziridin-1-yl)-4,6-dinitro-n-(tert-butyl)benzamide","InChI=1S/C13H16N4O5/c1-13(2,3)14-12(18)8-6-10(15-4-5-15)11(17(21)22)7-9(8)16(19)20/h6-7H,4-5H2,1-3H3,(H,14,18)","NJDKQHDDTBKDER-UHFFFAOYSA-N","CC(C)(C)NC(=O)C1=CC(=C(C=C1[N+]([O-])=O)[N+]([O-])=O)N2CC2","-3.17","0.0","1","G1","308.2940000000001","1.8513","79.18300000000002","22.0","6.0","1.0","9.0","4.0","118.0","1.0","1.0","1.0","2.0","118.39000000000003","125.75733616559877","2.559034357638673","661.1296749242293"
"C-2191","7-(butyryloxymethyl)theophylline;  7-(butanoyloxymethyl)theophylline","InChI=1S/C12H16N4O4/c1-4-5-8(17)20-7-16-6-13-10-9(16)11(18)15(3)12(19)14(10)2/h6H,4-5,7H2,1-3H3","BCXKOIICQXXQJZ-UHFFFAOYSA-N","CCCC(=O)OC[N]1C=NC2=C1C(=O)N(C)C(=O)N2C","-1.86","0.0","1","G1","280.284","-0.26550000000000007","71.21500000000002","20.0","8.0","0.0","8.0","4.0","108.0","2.0","0.0","0.0","2.0","88.12","113.76379280528641","2.4462441577416625","768.080907459373"
"C-2192","2,2',4,5-tetrachlorodiphenyl  ether","InChI=1S/C12H6Cl4O/c13-7-3-1-2-4-11(7)17-12-6-9(15)8(14)5-10(12)16/h1-6H","DRVAMLZVBNYSQE-UHFFFAOYSA-N","ClC1=C(OC2=CC(=C(Cl)C=C2Cl)Cl)C=CC=C1","-7.0","0.0","1","G1","307.991","6.092500000000001","72.99800000000002","17.0","1.0","0.0","5.0","2.0","88.0","2.0","0.0","0.0","2.0","9.23","118.81510746259457","2.3689939762202545","554.1970467453648"
"C-2193","3,5-diiodotyrosine","InChI=1S/C9H9I2NO3/c10-5-1-4(2-6(11)8(5)13)3-7(12)9(14)15/h1-2,7,13H,3,12H2,(H,14,15)","NYPYHUZRZVSYKL-UHFFFAOYSA-N","NC(CC1=CC(=C(O)C(=C1)I)I)C(O)=O","-2.86","0.0","1","G1","432.98300000000006","1.5558","72.85600000000001","15.0","3.0","3.0","6.0","3.0","82.0","1.0","0.0","0.0","1.0","83.55000000000001","114.13978600622258","2.923727030742346","371.9390010832792"
"C-2194","2,2',3,4-tetrachlorodiphenyl  ether","InChI=1S/C12H6Cl4O/c13-7-3-1-2-4-9(7)17-10-6-5-8(14)11(15)12(10)16/h1-6H","VTTDWGUAWMLHPR-UHFFFAOYSA-N","ClC1=CC=C(OC2=C(Cl)C=CC=C2)C(=C1Cl)Cl","-6.74","0.0","1","G1","307.991","6.092500000000002","72.99800000000002","17.0","1.0","0.0","5.0","2.0","88.0","2.0","0.0","0.0","2.0","9.23","118.81510746259455","2.3762966119750866","554.1970467453648"
"C-2195","1-(2-methylmorpholin-4-yl)sulfonyl-3-(6-bicyclo[2.2.1]-2-heptenylmethyl)urea","InChI=1S/C14H23N3O4S/c1-10-9-17(4-5-21-10)22(19,20)16-14(18)15-8-13-7-11-2-3-12(13)6-11/h2-3,10-13H,4-9H2,1H3,(H2,15,16,18)","FKKUGJURZVYUBG-UHFFFAOYSA-N","CC1CN(CCO1)[S](=O)(=O)NC(=O)NCC2CC3CC2C=C3","-2.26","0.0","1","G1","329.4220000000001","0.46330000000000093","81.28520000000005","22.0","4.0","2.0","8.0","4.0","124.0","0.0","2.0","3.0","3.0","87.74000000000001","130.8071807922272","1.4714347179474294","562.435258176523"
"C-2196","2,3,4,5-tetrachlorodiphenyl  ether","InChI=1S/C12H6Cl4O/c13-8-6-9(11(15)12(16)10(8)14)17-7-4-2-1-3-5-7/h1-6H","QAPPZLVGIXQUJW-UHFFFAOYSA-N","ClC1=C(Cl)C(=C(Cl)C(=C1)OC2=CC=CC=C2)Cl","-7.52","0.0","1","G1","307.991","6.092500000000001","72.99800000000002","17.0","1.0","0.0","5.0","2.0","88.0","2.0","0.0","0.0","2.0","9.23","118.81510746259458","2.4059075925717894","539.9470467453647"
"C-2197","3-(aziridin-1-yl)-4,6-dinitro-n,n-(diethyl)benzamide","InChI=1S/C13H16N4O5/c1-3-14(4-2)13(18)9-7-11(15-5-6-15)12(17(21)22)8-10(9)16(19)20/h7-8H,3-6H2,1-2H3","OTDNTVFTLSWXLS-UHFFFAOYSA-N","CCN(CC)C(=O)C1=CC(=C(C=C1[N+]([O-])=O)[N+]([O-])=O)N2CC2","-2.59","0.0","1","G1","308.2940000000001","1.8049999999999997","79.21530000000003","22.0","6.0","0.0","9.0","6.0","118.0","1.0","1.0","1.0","2.0","109.60000000000001","125.96730765219411","2.6048584591871045","637.5627744861159"
"C-2199","(+)-pancratistatin","InChI=1S/C14H15NO8/c16-8-5-3-1-4-13(23-2-22-4)9(17)6(3)14(21)15-7(5)10(18)12(20)11(8)19/h1,5,7-8,10-12,16-20H,2H2,(H,15,21)","VREZDOWOLGNDPW-UHFFFAOYSA-N","OC1C(O)C(O)C2C(NC(=O)C3=C(O)C4=C(OCO4)C=C23)C1O","-3.8","0.0","1","G1","325.27299999999997","-2.2263000000000006","72.25220000000003","23.0","8.0","6.0","9.0","0.0","124.0","1.0","1.0","3.0","4.0","148.70999999999998","129.24309007772777","1.9062493510237846","691.8451066449809"
"C-2200","2,3,4,6-tetrachlorodiphenyl  ether","InChI=1S/C12H6Cl4O/c13-8-6-9(14)12(11(16)10(8)15)17-7-4-2-1-3-5-7/h1-6H","WJZPRRFFZWVZJL-UHFFFAOYSA-N","ClC1=C(Cl)C(=C(OC2=CC=CC=C2)C(=C1)Cl)Cl","-7.06","0.0","1","G1","307.991","6.092500000000002","72.99800000000002","17.0","1.0","0.0","5.0","2.0","88.0","2.0","0.0","0.0","2.0","9.23","118.81510746259457","2.432738690965598","539.9470467453647"
"C-2201","flumequine","InChI=1S/C14H12FNO3/c1-7-2-3-8-4-9(15)5-10-12(8)16(7)6-11(13(10)17)14(18)19/h4-7H,2-3H2,1H3,(H,18,19)","DPSPPJIUMHPXMA-UHFFFAOYSA-N","CC1CCC2=CC(=CC3=C2N1C=C(C(O)=O)C3=O)F","-3.74","0.0050000000000001155","2","G3","261.25199999999995","2.346","68.15730000000002","19.0","3.0","1.0","5.0","1.0","98.0","2.0","0.0","1.0","3.0","59.300000000000004","107.64437989243761","2.534425296750556","763.3556201182145"
"C-2202","2,3,5,6-tetrachlorodiphenyl  ether","InChI=1S/C12H6Cl4O/c13-8-6-9(14)11(16)12(10(8)15)17-7-4-2-1-3-5-7/h1-6H","UFGXCDQXRUFDMA-UHFFFAOYSA-N","ClC1=C(Cl)C(=C(Cl)C(=C1)Cl)OC2=CC=CC=C2","-7.02","0.0","1","G1","307.991","6.092500000000002","72.99800000000002","17.0","1.0","0.0","5.0","2.0","88.0","2.0","0.0","0.0","2.0","9.23","118.81510746259457","2.4566989948132","513.6970467453648"
"C-2204","7-(butoxycarbonyl)theophylline","InChI=1S/C12H16N4O4/c1-4-5-6-20-12(19)16-7-13-9-8(16)10(17)15(3)11(18)14(9)2/h7H,4-6H2,1-3H3","NVWQRLZUBQMAOX-UHFFFAOYSA-N","CCCCOC(=O)[N]1C=NC2=C1C(=O)N(C)C(=O)N2C","-1.93","0.0","1","G1","280.284","0.21849999999999992","71.86900000000001","20.0","8.0","0.0","8.0","3.0","108.0","2.0","0.0","0.0","2.0","88.12","113.76379280528641","2.5475302511695155","768.080907459373"
"C-2205","7-(pentanoyloxymethyl)theophylline","InChI=1S/C13H18N4O4/c1-4-5-6-9(18)21-8-17-7-14-11-10(17)12(19)16(3)13(20)15(11)2/h7H,4-6,8H2,1-3H3","YWTLHUJMKYJQNI-UHFFFAOYSA-N","CCCCC(=O)OC[N]1C=NC2=C1C(=O)N(C)C(=O)N2C","-2.37","0.0","1","G1","294.31100000000004","0.12460000000000004","75.83200000000002","21.0","8.0","0.0","8.0","5.0","114.0","2.0","0.0","0.0","2.0","88.12","120.12873491968301","2.3268563091254255","783.790772878825"
"C-2206","5-creatinylamido-2-sulfamoyl-1,3,4-thiadiazole","InChI=1S/C6H11N7O3S2/c1-13(4(7)8)2-3(14)10-5-11-12-6(17-5)18(9,15)16/h2H2,1H3,(H3,7,8)(H2,9,15,16)(H,10,11,14)","UGKZABQBFUBOFG-UHFFFAOYSA-N","CN(CC(=O)NC1=NN=C(S1)[S](N)(=O)=O)C(N)=N","-1.14","0.0","1","G1","293.334","-2.050729999999999","64.456","18.0","7.0","4.0","12.0","4.0","100.0","1.0","0.0","0.0","1.0","168.15","106.53641061735311","2.661576349868572","565.4908737239568"
"C-2208","chlorzoxazone-n-methyl hemisuccinate","InChI=1S/C12H10ClNO6/c13-7-1-2-9-8(5-7)14(12(18)20-9)6-19-11(17)4-3-10(15)16/h1-2,5H,3-4,6H2,(H,15,16)","IRAKAHJFDQRYNL-UHFFFAOYSA-N","OC(=O)CCC(=O)OCN1C(=O)OC2=CC=C(Cl)C=C12","-3.41","0.0","1","G1","299.666","1.6134","68.4458","20.0","6.0","1.0","8.0","5.0","106.0","2.0","0.0","0.0","2.0","98.74","116.85733846354974","2.1148992609543944","716.296113694193"
"C-2211","cinchoninone","InChI=1S/C19H20N2O/c1-2-13-12-21-10-8-14(13)11-18(21)19(22)16-7-9-20-17-6-4-3-5-15(16)17/h2-7,9,13-14,18H,1,8,10-12H2","AEFOLTVWSRMXMW-UHFFFAOYSA-N","C=CC1CN2CCC1CC2C(=O)C3=CC=NC4=C3C=CC=C4","-3.19","0.0","1","G1","292.382","3.313900000000002","87.84550000000006","22.0","3.0","0.0","3.0","3.0","112.0","2.0","3.0","3.0","5.0","33.2","130.2022272071492","1.686193435510598","733.7975324046537"
"C-2212","1-[3-(aziridin-1-yl)-4,6-dinitrobenzoyl]piperidine","InChI=1S/C14H16N4O5/c19-14(16-4-2-1-3-5-16)10-8-12(15-6-7-15)13(18(22)23)9-11(10)17(20)21/h8-9H,1-7H2","DFFPUVDMNIWTAL-UHFFFAOYSA-N","[O-][N+](=O)C1=C(C=C(C(=O)N2CCCCC2)C(=C1)[N+]([O-])=O)N3CC3","-3.17","0.0","1","G1","320.30500000000006","1.9490999999999998","81.71830000000003","23.0","6.0","0.0","9.0","4.0","122.0","1.0","2.0","2.0","3.0","109.60000000000001","131.32641861306146","2.0611907190423446","679.9903536727077"
"C-2215","8,9,10,11-tetrahydro-7-methyl-1,2-benzanthracene; 8,9,10,11-tetrahydro-7-methyl-benz[a]anthracene","InChI=1S/C19H18/c1-13-16-8-4-3-7-15(16)12-19-17(13)11-10-14-6-2-5-9-18(14)19/h2,5-6,9-12H,3-4,7-8H2,1H3","XGQBUGNCZRJKJR-UHFFFAOYSA-N","CC1=C2C=CC3=C(C=CC=C3)C2=CC4=C1CCCC4","-6.75","0.0","1","G1","246.35299999999992","5.180220000000004","82.83300000000004","19.0","0.0","0.0","0.0","0.0","94.0","3.0","0.0","1.0","4.0","0.0","113.6136116014212","2.171740908419932","780.7446702833802"
"C-2217","7-(hexanoyloxymethyl)theophylline","InChI=1S/C14H20N4O4/c1-4-5-6-7-10(19)22-9-18-8-15-12-11(18)13(20)17(3)14(21)16(12)2/h8H,4-7,9H2,1-3H3","UXSMYWBTLMYEGK-UHFFFAOYSA-N","CCCCCC(=O)OC[N]1C=NC2=C1C(=O)N(C)C(=O)N2C","-2.64","0.0","1","G1","308.338","0.5146999999999997","80.44900000000003","22.0","8.0","0.0","8.0","6.0","120.0","2.0","0.0","0.0","2.0","88.12","126.49367703407961","2.2164928705473557","799.5013449262239"
"C-2218","6-acetyloxymethylthio-9-acetyloxymethylpurine","InChI=1S/C11H12N4O4S/c1-7(16)18-5-15-4-14-9-10(15)12-3-13-11(9)20-6-19-8(2)17/h3-4H,5-6H2,1-2H3","BGNHXVMZTVHITP-UHFFFAOYSA-N","CC(=O)OCSC1=NC=NC2=C1N=C[N]2COC(C)=O","-2.54","0.0","1","G1","296.30800000000005","0.9596","69.57900000000002","20.0","9.0","0.0","9.0","5.0","106.0","2.0","0.0","0.0","2.0","96.20000000000002","118.05404087252752","2.161472744971036","642.38487468897"
"C-2220","n-[3-(aziridin-1-yl)-4,6-dinitrobenzoyl]morpholine","InChI=1S/C13H14N4O6/c18-13(15-3-5-23-6-4-15)9-7-11(14-1-2-14)12(17(21)22)8-10(9)16(19)20/h7-8H,1-6H2","LUZNBBPGOHLPBY-UHFFFAOYSA-N","[O-][N+](=O)C1=C(C=C(C(=O)N2CCOCC2)C(=C1)[N+]([O-])=O)N3CC3","-2.89","0.0","1","G1","322.27700000000004","0.7953999999999999","78.68630000000002","23.0","7.0","0.0","10.0","4.0","122.0","1.0","2.0","2.0","3.0","118.83000000000003","130.07502172817175","2.0611907190423446","681.2874717157897"
"C-2224","2-sulfamoyl-4-methyl-5-mesylimido-1,3,4-thiadiazoline;  nr.29","InChI=1S/C4H8N4O4S3/c1-8-3(7-14(2,9)10)13-4(6-8)15(5,11)12/h1-2H3,(H2,5,11,12)","RNJWMMREPOUHCP-UHFFFAOYSA-N","CN1N=C(SC1=N[S](C)(=O)=O)[S](N)(=O)=O","-2.05","0.0","1","G1","272.333","-2.010699999999998","52.86500000000001","15.0","7.0","1.0","11.0","2.0","86.0","1.0","0.0","0.0","1.0","124.47999999999999","90.17613660329773","3.5108327682965035","633.6718132901968"
"C-2230","2,2',3,3',5-pentachlorobiphenyl","InChI=1S/C12H5Cl5/c13-6-4-8(12(17)10(15)5-6)7-2-1-3-9(14)11(7)16/h1-5H","SUBRHHYLRGOTHL-UHFFFAOYSA-N","ClC1=CC(=C(Cl)C(=C1)C2=C(Cl)C(=CC=C2)Cl)Cl","-6.96","0.0","1","G1","326.437","6.620600000000001","76.928","17.0","0.0","0.0","5.0","1.0","88.0","2.0","0.0","0.0","2.0","0.0","124.00482845996936","2.7250997992331127","577.3489383657761"
"C-2235","1,3-dipropyl-8-cyclopentylxanthine","InChI=1S/C16H24N4O2/c1-3-9-19-14-12(15(21)20(10-4-2)16(19)22)17-13(18-14)11-7-5-6-8-11/h11H,3-10H2,1-2H3,(H,17,18)","FFBDFADSZUINTG-UHFFFAOYSA-N","CCCN1C(=O)N(CCC)C2=C([NH]C(=N2)C3CCCC3)C1=O","-4.96","0.0","1","G1","304.3940000000001","2.3639","86.40470000000003","22.0","5.0","1.0","6.0","5.0","120.0","2.0","1.0","1.0","3.0","72.68","128.73269129319763","2.2322078088081985","777.7653189463257"
"C-2236","tolcapone;  3,4-dihydroxy-4'-methyl-5-nitrobenzophenone","InChI=1S/C14H11NO5/c1-8-2-4-9(5-3-8)13(17)10-6-11(15(19)20)14(18)12(16)7-10/h2-7,16,18H,1H3","MIQPIUSUKVNLNT-UHFFFAOYSA-N","CC1=CC=C(C=C1)C(=O)C2=CC(=C(O)C(=C2)O)[N+]([O-])=O","-4.17","0.0","1","G1","273.244","2.5454200000000013","71.03750000000001","20.0","5.0","2.0","6.0","3.0","102.0","2.0","0.0","0.0","2.0","100.66999999999999","113.6213468812898","2.498650958063002","691.4556053660621"
"C-2238","sulfatroxazole;  4,5-dimethyl-3-sulfaisoxazole","InChI=1S/C11H13N3O3S/c1-7-8(2)17-13-11(7)14-18(15,16)10-5-3-9(12)4-6-10/h3-6H,12H2,1-2H3,(H,13,14)","DAUFGBIKKGOPJA-UHFFFAOYSA-N","CC1=C(C)C(=NO1)N[S](=O)(=O)C2=CC=C(N)C=C2","-2.19","0.0","1","G1","267.31","1.67444","67.63990000000003","18.0","5.0","2.0","7.0","3.0","96.0","2.0","0.0","0.0","2.0","98.22","104.83424387818275","2.327592361324992","659.3419266315425"
"C-2239","proxicromil analog ii;  deshydroxyproxicromil","InChI=1S/C17H18O4/c1-2-5-12-11-7-4-3-6-10(11)8-13-14(18)9-15(17(19)20)21-16(12)13/h8-9H,2-7H2,1H3,(H,19,20)","DLKZWVIRKURGIR-UHFFFAOYSA-N","CCCC1=C2CCCCC2=CC3=C1OC(=CC3=O)C(O)=O","-1.9","0.0","1","G1","286.327","3.3225000000000016","80.08030000000004","21.0","3.0","1.0","4.0","3.0","110.0","2.0","0.0","1.0","3.0","67.50999999999999","121.94886818916841","2.3774429031156847","770.4342617608696"
"C-2240","3-(hydroxymethyl)phenytoin","InChI=1S/C16H14N2O3/c19-11-18-14(20)16(17-15(18)21,12-7-3-1-4-8-12)13-9-5-2-6-10-13/h1-10,19H,11H2,(H,17,21)","QQBKLRXLVRDKEB-UHFFFAOYSA-N","OCN1C(=O)NC(C1=O)(C2=CC=CC=C2)C3=CC=CC=C3","-3.3","0.585","2","G2","282.29900000000004","1.4317999999999997","76.12750000000004","21.0","3.0","2.0","5.0","3.0","106.0","2.0","1.0","1.0","3.0","69.64","121.36940843571318","2.2293255281485878","630.936148789902"
"C-2241","7-(hexyloxycarbonyl)theophylline","InChI=1S/C14H20N4O4/c1-4-5-6-7-8-22-14(21)18-9-15-11-10(18)12(19)17(3)13(20)16(11)2/h9H,4-8H2,1-3H3","UORJFFDRYWJWQH-UHFFFAOYSA-N","CCCCCCOC(=O)[N]1C=NC2=C1C(=O)N(C)C(=O)N2C","-3.0","0.0","1","G1","308.3380000000001","0.9986999999999997","81.10300000000004","22.0","8.0","0.0","8.0","5.0","120.0","2.0","0.0","0.0","2.0","88.12","126.49367703407961","2.2763049018631247","799.5013449262239"
"C-2243","3,3',4,4',5-pentachlorodiphenyl  ether","InChI=1S/C12H5Cl5O/c13-8-2-1-6(3-9(8)14)18-7-4-10(15)12(17)11(16)5-7/h1-5H","WDBLKMRZRGLISL-UHFFFAOYSA-N","ClC1=CC=C(OC2=CC(=C(Cl)C(=C2)Cl)Cl)C=C1Cl","-8.25","0.0","1","G1","342.43600000000004","6.745900000000002","78.00800000000001","18.0","1.0","0.0","6.0","2.0","94.0","2.0","0.0","0.0","2.0","9.23","129.11837368947624","2.3104050686456095","574.0119082804619"
"C-2244","norethindrone benzoate","InChI=1S/C27H30O3/c1-3-27(30-25(29)18-7-5-4-6-8-18)16-14-24-23-11-9-19-17-20(28)10-12-21(19)22(23)13-15-26(24,27)2/h1,4-8,17,21-24H,9-16H2,2H3","XIWMRZUMWWBVKW-UHFFFAOYSA-N","CC12CCC3C(CCC4=CC(=O)CCC34)C1CCC2(OC(=O)C5=CC=CC=C5)C#C","-7.75","0.0","1","G1","402.5340000000001","5.357200000000005","115.51450000000006","30.0","3.0","0.0","3.0","2.0","156.0","1.0","3.0","4.0","5.0","43.370000000000005","178.81807469697821","1.4182110572668891","938.6049069104024"
"C-2245","2,3',4,4',5-pentachlorodiphenyl  ether","InChI=1S/C12H5Cl5O/c13-7-2-1-6(3-8(7)14)18-12-5-10(16)9(15)4-11(12)17/h1-5H","NRAVUGAGYOBXIG-UHFFFAOYSA-N","ClC1=CC=C(OC2=C(Cl)C=C(Cl)C(=C2)Cl)C=C1Cl","-7.83","0.0","1","G1","342.43600000000004","6.745900000000002","78.00800000000001","18.0","1.0","0.0","6.0","2.0","94.0","2.0","0.0","0.0","2.0","9.23","129.11837368947624","2.3354601302003593","597.2619082804617"
"C-2246","methylprednisolone-21-hemisuccinate","InChI=1S/C26H34O8/c1-14-10-16-17-7-9-26(33,20(29)13-34-22(32)5-4-21(30)31)25(17,3)12-19(28)23(16)24(2)8-6-15(27)11-18(14)24/h6,8,11,14,16-17,19,23,28,33H,4-5,7,9-10,12-13H2,1-3H3,(H,30,31)","IMBXEJJVJRTNOW-UHFFFAOYSA-N","CC1CC2C3CCC(O)(C(=O)COC(=O)CCC(O)=O)C3(C)CC(O)C2C4(C)C=CC(=O)C=C14","-4.2","0.0","1","G1","474.5500000000002","2.2192999999999996","120.33840000000008","34.0","7.0","3.0","8.0","6.0","186.0","0.0","3.0","4.0","4.0","138.20000000000002","198.60260809552932","1.5643692817672692","981.285050073354"
"C-2247","2',3,4,4',5-pentachlorodiphenyl  ether","InChI=1S/C12H5Cl5O/c13-6-1-2-11(8(14)3-6)18-7-4-9(15)12(17)10(16)5-7/h1-5H","BUAXMSGDEZZOJD-UHFFFAOYSA-N","ClC1=CC=C(OC2=CC(=C(Cl)C(=C2)Cl)Cl)C(=C1)Cl","-7.89","0.0","1","G1","342.43600000000004","6.745900000000002","78.00800000000001","18.0","1.0","0.0","6.0","2.0","94.0","2.0","0.0","0.0","2.0","9.23","129.11837368947624","2.341210361235431","574.0119082804619"
"C-2248","1-benzoylallopurinol","InChI=1S/C12H8N4O2/c17-11-9-6-15-16(10(9)13-7-14-11)12(18)8-4-2-1-3-5-8/h1-7H,(H,13,14,17)","OEYHHMLIRPBEEB-UHFFFAOYSA-N","O=C1NC=NC2=C1C=N[N]2C(=O)C3=CC=CC=C3","-4.23","0.0","1","G1","240.222","0.8081000000000003","64.31920000000001","18.0","5.0","1.0","6.0","1.0","88.0","3.0","0.0","0.0","3.0","80.64","100.90467759063425","2.191851010345425","773.3766762961175"
"C-2249","2,4'-ddt","InChI=1S/C14H9Cl5/c15-10-7-5-9(6-8-10)13(14(17,18)19)11-3-1-2-4-12(11)16/h1-8,13H","CVUGPAFCQJIYDT-UHFFFAOYSA-N","ClC1=CC=C(C=C1)C(C2=C(Cl)C=CC=C2)C(Cl)(Cl)Cl","-7.13","0.2549000000000001","2","G3","354.491","6.495500000000002","85.03700000000002","19.0","0.0","0.0","5.0","2.0","100.0","2.0","0.0","0.0","2.0","0.0","136.73471268876256","2.546652599180588","556.7941614219593"
"C-2250","2,3',4,5,5'-pentachlorodiphenyl  ether","InChI=1S/C12H5Cl5O/c13-6-1-7(14)3-8(2-6)18-12-5-10(16)9(15)4-11(12)17/h1-5H","XIFRTJZLSYOLIU-UHFFFAOYSA-N","ClC1=CC(=CC(=C1)Cl)OC2=C(Cl)C=C(Cl)C(=C2)Cl","-8.06","0.0","1","G1","342.43600000000004","6.745900000000001","78.00800000000001","18.0","1.0","0.0","6.0","2.0","94.0","2.0","0.0","0.0","2.0","9.23","129.11837368947624","2.363724729239769","577.0119082804617"
"C-2251","2,3,3',4',5-pentachlorodiphenyl  ether","InChI=1S/C12H5Cl5O/c13-6-3-10(16)12(17)11(4-6)18-7-1-2-8(14)9(15)5-7/h1-5H","ZVFHTYGIYIXYOJ-UHFFFAOYSA-N","ClC1=CC(=C(Cl)C(=C1)Cl)OC2=CC=C(Cl)C(=C2)Cl","-7.83","0.0","1","G1","342.43600000000004","6.745900000000001","78.00800000000001","18.0","1.0","0.0","6.0","2.0","94.0","2.0","0.0","0.0","2.0","9.23","129.11837368947624","2.3636445664585937","597.2619082804617"
"C-2252","2,2',4,4',5-pentachlorodiphenyl  ether","InChI=1S/C12H5Cl5O/c13-6-1-2-11(9(16)3-6)18-12-5-8(15)7(14)4-10(12)17/h1-5H","AVURWLKSFZBANQ-UHFFFAOYSA-N","ClC1=CC=C(OC2=C(Cl)C=C(Cl)C(=C2)Cl)C(=C1)Cl","-7.61","0.0","1","G1","342.43600000000004","6.745900000000002","78.00800000000001","18.0","1.0","0.0","6.0","2.0","94.0","2.0","0.0","0.0","2.0","9.23","129.11837368947624","2.3669730660402712","597.2619082804617"
"C-2253","2,3,3',4,5'-pentachlorodiphenyl  ether","InChI=1S/C12H5Cl5O/c13-6-3-7(14)5-8(4-6)18-10-2-1-9(15)11(16)12(10)17/h1-5H","HCTKORQPUZCIAO-UHFFFAOYSA-N","ClC1=CC(=CC(=C1)Cl)OC2=C(Cl)C(=C(Cl)C=C2)Cl","-7.86","0.0","1","G1","342.4359999999999","6.745900000000001","78.00800000000001","18.0","1.0","0.0","6.0","2.0","94.0","2.0","0.0","0.0","2.0","9.23","129.11837368947624","2.369670064491223","577.0119082804617"
"C-2254","2,3,4,4',5-pentachlorodiphenyl  ether","InChI=1S/C12H5Cl5O/c13-6-1-3-7(4-2-6)18-9-5-8(14)10(15)12(17)11(9)16/h1-5H","WSTVMACYLXUQIM-UHFFFAOYSA-N","ClC1=CC=C(OC2=C(Cl)C(=C(Cl)C(=C2)Cl)Cl)C=C1","-8.06","0.0","1","G1","342.4359999999999","6.745900000000002","78.00800000000001","18.0","1.0","0.0","6.0","2.0","94.0","2.0","0.0","0.0","2.0","9.23","129.11837368947624","2.375997248042164","580.0119082804619"
"C-2255","2,3',4,4',6-pentachlorodiphenyl  ether","InChI=1S/C12H5Cl5O/c13-6-3-10(16)12(11(17)4-6)18-7-1-2-8(14)9(15)5-7/h1-5H","POOXVKSDWCXIBU-UHFFFAOYSA-N","ClC1=CC(=C(OC2=CC=C(Cl)C(=C2)Cl)C(=C1)Cl)Cl","-7.62","0.0","1","G1","342.43600000000004","6.745900000000002","78.00800000000001","18.0","1.0","0.0","6.0","2.0","94.0","2.0","0.0","0.0","2.0","9.23","129.11837368947624","2.3666323735966874","574.0119082804619"
"C-2257","4-sulfapyrimidin-2-one","InChI=1S/C10H10N4O3S/c11-7-1-3-8(4-2-7)18(16,17)14-9-5-6-12-10(15)13-9/h1-6H,11H2,(H2,12,13,14,15)","VCOUXVOVQPWIOT-UHFFFAOYSA-N","NC1=CC=C(C=C1)[S](=O)(=O)NC2=NC(=O)NC=C2","-3.55","0.0","1","G1","266.282","0.1528999999999997","66.5206","18.0","5.0","3.0","8.0","3.0","94.0","2.0","0.0","0.0","2.0","117.94","102.73984416053361","2.326419604781312","706.4026929919846"
"C-2258","2,2',3,4,4'-pentachlorodiphenyl  ether","InChI=1S/C12H5Cl5O/c13-6-1-3-9(8(15)5-6)18-10-4-2-7(14)11(16)12(10)17/h1-5H","RSBUDFTVQYJNHK-UHFFFAOYSA-N","ClC1=CC=C(OC2=C(Cl)C(=C(Cl)C=C2)Cl)C(=C1)Cl","-7.44","0.0","1","G1","342.43600000000004","6.745900000000002","78.00800000000001","18.0","1.0","0.0","6.0","2.0","94.0","2.0","0.0","0.0","2.0","9.23","129.11837368947624","2.372918401291726","597.2619082804617"
"C-2259","2,2',4,5,5'-pentachlorodiphenyl  ether","InChI=1S/C12H5Cl5O/c13-6-1-2-7(14)11(3-6)18-12-5-9(16)8(15)4-10(12)17/h1-5H","MKIAKZAWONVRFF-UHFFFAOYSA-N","ClC1=CC=C(Cl)C(=C1)OC2=C(Cl)C=C(Cl)C(=C2)Cl","-7.56","0.0","1","G1","342.43600000000004","6.745900000000002","78.00800000000001","18.0","1.0","0.0","6.0","2.0","94.0","2.0","0.0","0.0","2.0","9.23","129.11837368947624","2.3954471546826523","597.2619082804617"
"C-2260","2,2',3,4',5-pentachlorodiphenyl  ether","InChI=1S/C12H5Cl5O/c13-6-1-2-10(8(15)3-6)18-11-5-7(14)4-9(16)12(11)17/h1-5H","QPEBRZQSEUOWPA-UHFFFAOYSA-N","ClC1=CC=C(OC2=C(Cl)C(=CC(=C2)Cl)Cl)C(=C1)Cl","-7.64","0.0","1","G1","342.43600000000004","6.745900000000002","78.00800000000001","18.0","1.0","0.0","6.0","2.0","94.0","2.0","0.0","0.0","2.0","9.23","129.11837368947624","2.3959185128768183","597.2619082804617"
"C-2261","2,3,3',4',6-pentachlorodiphenyl  ether","InChI=1S/C12H5Cl5O/c13-7-2-1-6(5-10(7)16)18-12-9(15)4-3-8(14)11(12)17/h1-5H","KASGFDPQAMDPAZ-UHFFFAOYSA-N","ClC1=CC=C(OC2=C(Cl)C(=CC=C2Cl)Cl)C=C1Cl","-7.35","0.0","1","G1","342.43600000000004","6.745900000000002","78.00800000000001","18.0","1.0","0.0","6.0","2.0","94.0","2.0","0.0","0.0","2.0","9.23","129.11837368947624","2.394930024914095","597.2619082804617"
"C-2262","2,3,4,4',6-pentachlorodiphenyl  ether","InChI=1S/C12H5Cl5O/c13-6-1-3-7(4-2-6)18-12-9(15)5-8(14)10(16)11(12)17/h1-5H","LUNNFBBTEHRYMW-UHFFFAOYSA-N","ClC1=CC=C(OC2=C(Cl)C(=C(Cl)C=C2Cl)Cl)C=C1","-7.77","0.0","1","G1","342.4359999999999","6.745900000000002","78.00800000000001","18.0","1.0","0.0","6.0","2.0","94.0","2.0","0.0","0.0","2.0","9.23","129.11837368947624","2.4017673566009763","580.0119082804619"
"C-2263","theophyllin-7-ylmethyl octanoate;  7-(octanoyloxymethyl)theophylline","InChI=1S/C16H24N4O4/c1-4-5-6-7-8-9-12(21)24-11-20-10-17-14-13(20)15(22)19(3)16(23)18(14)2/h10H,4-9,11H2,1-3H3","GZVOWHYYFUOPAE-UHFFFAOYSA-N","CCCCCCCC(=O)OC[N]1C=NC2=C1C(=O)N(C)C(=O)N2C","-3.45","0.0","1","G1","336.39200000000005","1.2949","89.68300000000004","24.0","8.0","0.0","8.0","8.0","132.0","2.0","0.0","0.0","2.0","88.12","139.22356126287286","2.0259034490108947","830.9405942045671"
"C-2264","2,2',4,4',6-pentachlorodiphenyl  ether","InChI=1S/C12H5Cl5O/c13-6-1-2-11(8(15)3-6)18-12-9(16)4-7(14)5-10(12)17/h1-5H","FONWDRSQXQZNBN-UHFFFAOYSA-N","ClC1=CC=C(OC2=C(Cl)C=C(Cl)C=C2Cl)C(=C1)Cl","-7.33","0.0","1","G1","342.43600000000004","6.745900000000002","78.00800000000001","18.0","1.0","0.0","6.0","2.0","94.0","2.0","0.0","0.0","2.0","9.23","129.11837368947624","2.399017772309855","574.0119082804617"
"C-2265","2,2',3',4,5-pentachlorodiphenyl  ether","InChI=1S/C12H5Cl5O/c13-6-2-1-3-10(12(6)17)18-11-5-8(15)7(14)4-9(11)16/h1-5H","ABYZYVAIOYICJQ-UHFFFAOYSA-N","ClC1=C(Cl)C(=CC=C1)OC2=C(Cl)C=C(Cl)C(=C2)Cl","-7.48","0.0","1","G1","342.43600000000004","6.745900000000002","78.00800000000001","18.0","1.0","0.0","6.0","2.0","94.0","2.0","0.0","0.0","2.0","9.23","129.11837368947624","2.400717383174895","597.2619082804617"
"C-2266","2,2',3,4,5'-pentachlorodiphenyl  ether","InChI=1S/C12H5Cl5O/c13-6-1-2-7(14)10(5-6)18-9-4-3-8(15)11(16)12(9)17/h1-5H","SCLCXTQIVCULDR-UHFFFAOYSA-N","ClC1=CC=C(Cl)C(=C1)OC2=C(Cl)C(=C(Cl)C=C2)Cl","-7.7","0.0","1","G1","342.43600000000004","6.745900000000002","78.00800000000001","18.0","1.0","0.0","6.0","2.0","94.0","2.0","0.0","0.0","2.0","9.23","129.11837368947624","2.4015485723909755","597.2619082804617"
"C-2267","amicarbalide;  n,n'-di(3-amidinophenyl)urea","InChI=1S/C15H16N6O/c16-13(17)9-3-1-5-11(7-9)20-15(22)21-12-6-2-4-10(8-12)14(18)19/h1-8H,(H3,16,17)(H3,18,19)(H2,20,21,22)","KRUVSRGJKCHYMY-UHFFFAOYSA-N","NC(=N)C1=CC(=CC=C1)NC(=O)NC2=CC(=CC=C2)C(N)=N","-1.77","0.0","1","G1","296.334","1.89874","87.55760000000002","22.0","3.0","6.0","7.0","4.0","112.0","2.0","0.0","0.0","2.0","140.87","126.8950535285657","2.0688749042532333","678.8174605907893"
"C-2268","2,2',3,3',4-pentachlorodiphenyl  ether","InChI=1S/C12H5Cl5O/c13-6-2-1-3-8(10(6)15)18-9-5-4-7(14)11(16)12(9)17/h1-5H","ABRDPORILGADAP-UHFFFAOYSA-N","ClC1=C(Cl)C(=CC=C1)OC2=C(Cl)C(=C(Cl)C=C2)Cl","-7.38","0.0","1","G1","342.43600000000004","6.745900000000002","78.00800000000001","18.0","1.0","0.0","6.0","2.0","94.0","2.0","0.0","0.0","2.0","9.23","129.11837368947624","2.4068188008832183","597.2619082804617"
"C-2269","2,3,4',5,6-pentachlorodiphenyl  ether","InChI=1S/C12H5Cl5O/c13-6-1-3-7(4-2-6)18-12-10(16)8(14)5-9(15)11(12)17/h1-5H","UETIKWAWMZLQQZ-UHFFFAOYSA-N","ClC1=CC=C(OC2=C(Cl)C(=CC(=C2Cl)Cl)Cl)C=C1","-7.76","0.0","1","G1","342.4359999999999","6.745900000000002","78.00800000000001","18.0","1.0","0.0","6.0","2.0","94.0","2.0","0.0","0.0","2.0","9.23","129.11837368947624","2.4249739381580855","553.7619082804619"
"C-2270","tetcyclacis","InChI=1S/C13H12ClN5/c14-6-1-3-7(4-2-6)19-13-9-5-8(12(13)17-18-19)10-11(9)16-15-10/h1-4,8-13H,5H2","DPOWHSMECVNHAT-UHFFFAOYSA-N","ClC1=CC=C(C=C1)N2N=NC3C4CC(C5N=NC45)C23","-4.87","0.0","1","G1","273.727","3.1171000000000015","70.39200000000002","19.0","5.0","0.0","6.0","1.0","96.0","1.0","2.0","4.0","5.0","52.68","114.88946491245446","1.5220051424470835","597.5560691256035"
"C-2271","2,2',3,4',6-pentachlorodiphenyl  ether","InChI=1S/C12H5Cl5O/c13-6-1-4-10(9(16)5-6)18-12-8(15)3-2-7(14)11(12)17/h1-5H","BRNKJDZWZYZVNM-UHFFFAOYSA-N","ClC1=CC=C(OC2=C(Cl)C(=CC=C2Cl)Cl)C(=C1)Cl","-7.24","0.0","1","G1","342.43600000000004","6.745900000000002","78.00800000000001","18.0","1.0","0.0","6.0","2.0","94.0","2.0","0.0","0.0","2.0","9.23","129.11837368947624","2.4280858384781316","597.2619082804617"
"C-2272","2,2',4,5,6'-pentachlorodiphenyl  ether","InChI=1S/C12H5Cl5O/c13-6-2-1-3-7(14)12(6)18-11-5-9(16)8(15)4-10(11)17/h1-5H","BOJBTUWEQMUWHT-UHFFFAOYSA-N","ClC1=CC=CC(=C1OC2=C(Cl)C=C(Cl)C(=C2)Cl)Cl","-7.12","0.0","1","G1","342.4359999999999","6.745900000000001","78.00800000000001","18.0","1.0","0.0","6.0","2.0","94.0","2.0","0.0","0.0","2.0","9.23","129.11837368947624","2.432899227268091","577.0119082804617"
"C-2273","2,2',3,4,6'-pentachlorodiphenyl  ether","InChI=1S/C12H5Cl5O/c13-6-4-5-9(11(17)10(6)16)18-12-7(14)2-1-3-8(12)15/h1-5H","JGXAONSRHOSPTJ-UHFFFAOYSA-N","ClC1=C(Cl)C(=C(OC2=C(Cl)C=CC=C2Cl)C=C1)Cl","-7.23","0.0","1","G1","342.43600000000004","6.745900000000002","78.00800000000001","18.0","1.0","0.0","6.0","2.0","94.0","2.0","0.0","0.0","2.0","9.23","129.11837368947627","2.4391630773682094","577.0119082804617"
"C-2274","naproxen 2-(2-aminoacetoxy)ethyl ester","InChI=1S/C18H21NO5/c1-12(18(21)24-8-7-23-17(20)11-19)13-3-4-15-10-16(22-2)6-5-14(15)9-13/h3-6,9-10,12H,7-8,11,19H2,1-2H3","SZSNDQZFLGGEBX-UHFFFAOYSA-N","COC1=CC=C2C=C(C=CC2=C1)C(C)C(=O)OCCOC(=O)CN","-1.98","0.0","1","G1","331.3680000000001","1.9969999999999999","89.88740000000004","24.0","6.0","1.0","6.0","7.0","128.0","2.0","0.0","0.0","2.0","87.85000000000001","140.03617515202592","1.9781847197470546","728.4209424993747"
"C-2275","2-sulfamoyl-5-(n,n-dimethylsulfamoylamido)-1,3,4-thiadiazole","InChI=1S/C4H9N5O4S3/c1-9(2)16(12,13)8-3-6-7-4(14-3)15(5,10)11/h1-2H3,(H,6,8)(H2,5,10,11)","OXCKOUMFAKPIEL-UHFFFAOYSA-N","CN(C)[S](=O)(=O)NC1=NN=C(S1)[S](N)(=O)=O","-2.68","0.0","1","G1","287.34800000000007","-1.5961999999999987","57.51170000000001","16.0","7.0","2.0","12.0","4.0","92.0","1.0","0.0","0.0","1.0","135.35","96.5159159952822","2.9847517879216365","572.5698831104077"
"C-2276","2,3,4,5,6-pentachlorodiphenyl  ether","InChI=1S/C12H5Cl5O/c13-7-8(14)10(16)12(11(17)9(7)15)18-6-4-2-1-3-5-6/h1-5H","JDWOFUWJURZFFF-UHFFFAOYSA-N","ClC1=C(Cl)C(=C(OC2=CC=CC=C2)C(=C1Cl)Cl)Cl","-7.94","0.0","1","G1","342.4359999999999","6.745900000000001","78.00800000000001","18.0","1.0","0.0","6.0","2.0","94.0","2.0","0.0","0.0","2.0","9.23","129.11837368947624","2.519649990855332","553.7619082804619"
"C-2277","s6,9-bis(propanoyloxymethyl)-6-mercaptopurine","InChI=1S/C13H16N4O4S/c1-3-9(18)20-7-17-6-16-11-12(17)14-5-15-13(11)22-8-21-10(19)4-2/h5-6H,3-4,7-8H2,1-2H3","CTMFEUPSVOSORU-UHFFFAOYSA-N","CCC(=O)OCSC1=NC=NC2=C1N=C[N]2COC(=O)CC","-2.78","0.0","1","G1","324.36200000000014","1.7397999999999998","78.81300000000003","22.0","9.0","0.0","9.0","7.0","118.0","2.0","0.0","0.0","2.0","96.20000000000002","130.78392510132073","2.0793652557950297","673.1038840347659"
"C-2279","diclofop;  (rs)-2-[4-(2,4-dichlorophenoxy)phenoxy]propanoic acid","InChI=1S/C15H12Cl2O4/c1-9(15(18)19)20-11-3-5-12(6-4-11)21-14-7-2-10(16)8-13(14)17/h2-9H,1H3,(H,18,19)","OOLBCHYXZDXLDS-UHFFFAOYSA-N","CC(OC1=CC=C(OC2=C(Cl)C=C(Cl)C=C2)C=C1)C(O)=O","-5.04","0.0","1","G1","327.163","4.637600000000003","80.70380000000004","21.0","3.0","1.0","6.0","5.0","110.0","2.0","0.0","0.0","2.0","55.76","131.37270243376773","2.068142491352373","640.6219189998242"
"C-2282","carprofen;  6-chloro-alpha-methyl-9h-carbazole-2-acetic acid","InChI=1S/C15H12ClNO2/c1-8(15(18)19)9-2-4-11-12-7-10(16)3-5-13(12)17-14(11)6-9/h2-8,17H,1H3,(H,18,19)","PUXBGTOOZJQSKH-UHFFFAOYSA-N","CC(C(O)=O)C1=CC2=C(C=C1)C3=C([NH]2)C=CC(=C3)Cl","-4.7","0.0","1","G1","273.71900000000005","4.162600000000002","76.86550000000003","19.0","1.0","2.0","4.0","2.0","96.0","3.0","0.0","0.0","3.0","53.089999999999996","114.35774102629294","2.2432169557830854","791.2908570767097"
"C-2285","naproxen 1-(2-aminoacetoxy)ethyl ester","InChI=1S/C18H21NO5/c1-11(18(21)24-12(2)23-17(20)10-19)13-4-5-15-9-16(22-3)7-6-14(15)8-13/h4-9,11-12H,10,19H2,1-3H3","WVZTUUIUEUVJGM-UHFFFAOYSA-N","COC1=CC=C2C=C(C=CC2=C1)C(C)C(=O)OC(C)OC(=O)CN","-2.44","0.0","1","G1","331.3680000000001","2.343","89.61540000000004","24.0","6.0","1.0","6.0","6.0","128.0","2.0","0.0","0.0","2.0","87.85000000000001","140.0361751520259","2.1050048125229","743.2665815648071"
"C-2286","danthron;  1,8-dihydroxyanthraquinone","InChI=1S/C14H8O4/c15-9-5-1-3-7-11(9)14(18)12-8(13(7)17)4-2-6-10(12)16/h1-6,15-16H","QBPFLULOKWLNNW-UHFFFAOYSA-N","OC1=CC=CC2=C1C(=O)C3=C(C=CC=C3O)C2=O","-5.19","0.0","1","G1","240.214","1.8732000000000002","63.078600000000016","18.0","4.0","2.0","4.0","0.0","88.0","2.0","0.0","1.0","3.0","74.6","102.12406210530455","2.3989305393535996","643.4353339687133"
"C-2287","1-methyl-4-sulfapyrimidin-2-one","InChI=1S/C11H12N4O3S/c1-15-7-6-10(13-11(15)16)14-19(17,18)9-4-2-8(12)3-5-9/h2-7H,12H2,1H3,(H,13,14,16)","QOPHKHWJLOYIDO-UHFFFAOYSA-N","CN1C=CC(=NC1=O)N[S](=O)(=O)C2=CC=C(N)C=C2","-2.36","0.0","1","G1","280.30899999999997","0.1632999999999999","71.14090000000002","19.0","6.0","2.0","8.0","3.0","100.0","2.0","0.0","0.0","2.0","107.08","109.31475776152557","2.3308844265183524","750.2549200647442"
"C-2290","acetic acid 4-(4-acetylaminobenzoylamino)phenyl ester","InChI=1S/C17H16N2O4/c1-11(20)18-14-5-3-13(4-6-14)17(22)19-15-7-9-16(10-8-15)23-12(2)21/h3-10H,1-2H3,(H,18,20)(H,19,22)","MGJXRNWWFDAVMQ-UHFFFAOYSA-N","CC(=O)NC1=CC=C(C=C1)C(=O)NC2=CC=C(OC(C)=O)C=C2","-4.41","0.0","1","G1","312.32500000000005","2.8226000000000013","86.44990000000003","23.0","4.0","2.0","6.0","4.0","118.0","2.0","0.0","0.0","2.0","84.5","133.01104379439832","2.005071408717631","721.2635163368137"
"C-2291","8-phenyltheophylline","InChI=1S/C13H12N4O2/c1-16-11-9(12(18)17(2)13(16)19)14-10(15-11)8-6-4-3-5-7-8/h3-7H,1-2H3,(H,14,15)","PJFMAVHETLRJHJ-UHFFFAOYSA-N","CN1C(=O)N(C)C2=C([NH]C(=N2)C3=CC=CC=C3)C1=O","-5.0","0.0","1","G1","256.26500000000004","0.6273","72.01170000000002","19.0","5.0","1.0","6.0","1.0","96.0","3.0","0.0","0.0","3.0","72.68","107.51113762322147","2.398129065855696","871.2799878789172"
"C-2292","1,3-dipropyl-8-dicyclopropylmethylxanthine","InChI=1S/C18H26N4O2/c1-3-9-21-16-14(17(23)22(10-4-2)18(21)24)19-15(20-16)13(11-5-6-11)12-7-8-12/h11-13H,3-10H2,1-2H3,(H,19,20)","OEPXIQLEKWHAGE-UHFFFAOYSA-N","CCCN1C(=O)N(CCC)C2=C([NH]C(=N2)C(C3CC3)C4CC4)C1=O","-4.59","0.0","1","G1","330.4320000000002","2.6099000000000006","93.38470000000005","24.0","5.0","1.0","6.0","7.0","130.0","2.0","2.0","2.0","4.0","72.68","140.45674436846164","1.903915365256768","855.4967074027925"
"C-2293","proxicromil","InChI=1S/C17H18O5/c1-2-5-11-9-6-3-4-7-10(9)15(19)14-12(18)8-13(17(20)21)22-16(11)14/h8,19H,2-7H2,1H3,(H,20,21)","VFFTVZUIDYJUQS-UHFFFAOYSA-N","CCCC1=C2OC(=CC(=O)C2=C(O)C3=C1CCCC3)C(O)=O","-2.68","0.0","1","G1","302.32599999999996","3.028100000000001","81.74510000000002","22.0","4.0","2.0","5.0","3.0","116.0","2.0","0.0","1.0","3.0","87.74000000000001","126.74310194136443","2.4561564223530294","816.1347087478756"
"C-2294","ampicillin","InChI=1S/C16H19N3O4S/c1-16(2)11(15(22)23)19-13(21)10(14(19)24-16)18-12(20)9(17)8-6-4-3-5-7-8/h3-7,9-11,14H,17H2,1-2H3,(H,18,20)(H,22,23)","AVKUERGKIZMTKX-UHFFFAOYSA-N","CC1(C)SC2C(NC(=O)C(N)C3=CC=CC=C3)C(=O)N2C1C(O)=O","-1.99","0.0","1","G1","349.4120000000001","0.3181000000000002","89.02890000000005","24.0","5.0","3.0","8.0","4.0","128.0","1.0","2.0","2.0","3.0","112.72999999999999","143.1206585849213","1.711293315571299","693.8227554205865"
"C-2295","dexclamol","InChI=1S/C24H29NO/c1-16(2)24(26)12-13-25-15-21-19-8-4-3-6-17(19)10-11-18-7-5-9-20(23(18)21)22(25)14-24/h3-9,16,21-22,26H,10-15H2,1-2H3","UPMOVJBGNREKJV-UHFFFAOYSA-N","CC(C)C1(O)CCN2CC3C4=C(CCC5=C3C(=CC=C5)C2C1)C=CC=C4","-3.81","0.0","1","G1","347.502","4.454700000000004","105.47080000000004","26.0","2.0","1.0","2.0","1.0","136.0","2.0","1.0","3.0","5.0","23.47","156.40437666013196","1.6474924840993936","841.8543295395857"
"C-2296","pimaricin;  natamycin","InChI=1S/C33H47NO13/c1-18-10-8-6-4-3-5-7-9-11-21(45-32-30(39)28(34)29(38)19(2)44-32)15-25-27(31(40)41)22(36)17-33(42,47-25)16-20(35)14-24-23(46-24)12-13-26(37)43-18/h3-9,11-13,18-25,27-30,32,35-36,38-39,42H,10,14-17,34H2,1-2H3,(H,40,41)/b4-3+,7-5+,8-6+,11-9+,13-12+","NCXMLFZGDNKEPB-YLTFDBFKSA-N","CC1C\C=C\C=C\C=C\C=C\C(CC2OC(O)(CC(O)CC3OC3/C=C/C(=O)O1)CC(O)C2C([O-])=O)OC4OC(C)C(O)C([NH3+])C4O","-2.21","0.0","1","G1","665.7330000000003","-1.9317999999999917","161.23109999999986","47.0","13.0","6.0","14.0","3.0","262.0","0.0","3.0","4.0","4.0","235.43999999999997","272.9421224712935","1.5819686859676914","1218.8303536686758"
"C-2297","norfloxacin","InChI=1S/C16H18FN3O3/c1-2-19-9-11(16(22)23)15(21)10-7-12(17)14(8-13(10)19)20-5-3-18-4-6-20/h7-9,18H,2-6H2,1H3,(H,22,23)","OGJPXUAPXNRGGI-UHFFFAOYSA-N","CCN1C=C(C(O)=O)C(=O)C2=C1C=C(N3CCNCC3)C(=C2)F","-2.76","0.10000000000000009","2","G3","319.33600000000007","1.2683","85.88200000000003","23.0","5.0","2.0","7.0","3.0","122.0","2.0","1.0","1.0","3.0","74.57000000000001","131.68395997504226","2.2435848523617365","825.4107594006955"
"C-2298","s6,9-bis(butanoyloxymethyl)-6-mercaptopurine; 9-(butanoyloxymethyl)-6-(butanoyloxymethylthio)purine","InChI=1S/C15H20N4O4S/c1-3-5-11(20)22-9-19-8-18-13-14(19)16-7-17-15(13)24-10-23-12(21)6-4-2/h7-8H,3-6,9-10H2,1-2H3","SFXAJOVEEUKUPY-UHFFFAOYSA-N","CCCC(=O)OCSC1=NC=NC2=C1N=C[N]2COC(=O)CCC","-3.71","0.0","1","G1","352.4160000000002","2.5200000000000005","88.04700000000004","24.0","9.0","0.0","9.0","9.0","130.0","2.0","0.0","0.0","2.0","96.20000000000002","143.51380933011396","1.999551897066473","703.8389218819835"
"C-2299","cephalexin","InChI=1S/C16H17N3O4S/c1-8-7-24-15-11(14(21)19(15)12(8)16(22)23)18-13(20)10(17)9-5-3-2-4-6-9/h2-6,10-11,15H,7,17H2,1H3,(H,18,20)(H,22,23)","ZAIPMKNFIOOWCQ-UHFFFAOYSA-N","CC1=C(N2C(SC1)C(NC(=O)C(N)C3=CC=CC=C3)C2=O)C(O)=O","-1.58","0.0","1","G1","347.39600000000013","0.44489999999999896","88.72890000000005","24.0","5.0","3.0","8.0","4.0","126.0","1.0","1.0","2.0","3.0","112.73000000000002","142.43105555273704","1.7144846348891027","734.0978878877091"
"C-2300","n4-acetylsulfadiazine","InChI=1S/C12H12N4O3S/c1-9(17)15-10-3-5-11(6-4-10)20(18,19)16-12-13-7-2-8-14-12/h2-8H,1H3,(H,15,17)(H,13,14,16)","NJIZUWGMNCUKGU-UHFFFAOYSA-N","CC(=O)NC1=CC=C(C=C1)[S](=O)(=O)NC2=NC=CC=N2","-3.59","0.0","1","G1","292.32","1.2357999999999998","73.58620000000002","20.0","5.0","2.0","8.0","4.0","104.0","2.0","0.0","0.0","2.0","101.05","115.67969987592213","2.1944777869812415","699.242110808317"
"C-2302","1,3-dipropyl-8-(3-oxocyclopentyl)xanthine","InChI=1S/C16H22N4O3/c1-3-7-19-14-12(15(22)20(8-4-2)16(19)23)17-13(18-14)10-5-6-11(21)9-10/h10H,3-9H2,1-2H3,(H,17,18)","RUHGOZFOVBMWOO-UHFFFAOYSA-N","CCCN1C(=O)N(CCC)C2=C([NH]C(=N2)C3CCC(=O)C3)C1=O","-3.16","0.0","1","G1","318.3770000000001","1.5428999999999995","86.79470000000003","23.0","6.0","1.0","7.0","5.0","124.0","2.0","1.0","1.0","3.0","89.75","132.89421339324142","2.2105906393487977","858.5581095098046"
"C-2303","2,3,3',4,4',5'-hexachlorodiphenyl  ether","InChI=1S/C12H4Cl6O/c13-6-1-2-9(12(18)11(6)17)19-5-3-7(14)10(16)8(15)4-5/h1-4H","FEIDIWDEJQVIPO-UHFFFAOYSA-N","ClC1=C(Cl)C(=C(OC2=CC(=C(Cl)C(=C2)Cl)Cl)C=C1)Cl","-8.49","0.0","1","G1","376.881","7.399300000000001","83.018","19.0","1.0","0.0","7.0","2.0","100.0","2.0","0.0","0.0","2.0","9.23","139.4216399163579","2.3944548643902235","617.3521141858682"
"C-2304","imazaquine","InChI=1S/C17H17N3O3/c1-9(2)17(3)16(23)19-14(20-17)13-11(15(21)22)8-10-6-4-5-7-12(10)18-13/h4-9H,1-3H3,(H,21,22)(H,19,20,23)","CABMTIJINOIHOD-UHFFFAOYSA-N","CC(C)C1(C)N=C(NC1=O)C2=NC3=C(C=CC=C3)C=C2C(O)=O","-3.72","0.09050000000000025","2","G3","311.34100000000007","2.2241","86.62500000000006","23.0","4.0","2.0","6.0","3.0","118.0","2.0","0.0","1.0","3.0","91.65","132.80888401557405","2.2157870607489283","857.2824566629206"
"C-2305","1-acetoxymethyl-3-benzoyl-5-fluorouracil","InChI=1S/C14H11FN2O5/c1-9(18)22-8-16-7-11(15)13(20)17(14(16)21)12(19)10-5-3-2-4-6-10/h2-7H,8H2,1H3","PUXWCWJFSQGEGX-UHFFFAOYSA-N","CC(=O)OCN1C=C(F)C(=O)N(C1=O)C(=O)C2=CC=CC=C2","-3.34","0.0","1","G1","306.24899999999997","0.3581999999999993","72.85650000000001","22.0","7.0","0.0","8.0","3.0","114.0","2.0","0.0","0.0","2.0","87.37","122.73267375083933","2.5566229085741443","838.5470810765916"
"C-2306","o-[(4-morpholinomethyl)benzoyl]metronidazole","InChI=1S/C18H22N4O5/c1-14-19-12-17(22(24)25)21(14)8-11-27-18(23)16-4-2-15(3-5-16)13-20-6-9-26-10-7-20/h2-5,12H,6-11,13H2,1H3","QFLZEYUXHIFILY-UHFFFAOYSA-N","CC1=NC=C([N]1CCOC(=O)C2=CC=C(CN3CCOCC3)C=C2)[N+]([O-])=O","-2.89","0.0","1","G1","374.39700000000016","1.7889199999999998","96.43890000000006","27.0","8.0","0.0","9.0","7.0","144.0","2.0","1.0","1.0","3.0","99.72999999999999","156.20734704191807","1.5073150571637464","796.5833590904681"
"C-2307","n1-(3,4-dichlorophenyl)sulfanilamide;  3,4-dichloro-1-sulfabenzene","InChI=1S/C12H10Cl2N2O2S/c13-11-6-3-9(7-12(11)14)16-19(17,18)10-4-1-8(15)2-5-10/h1-7,16H,15H2","CDCMAMVXGZBIAX-UHFFFAOYSA-N","NC1=CC=C(C=C1)[S](=O)(=O)NC2=CC=C(Cl)C(=C2)Cl","-4.94","0.0","1","G1","317.197","3.376400000000001","78.12490000000001","19.0","3.0","2.0","7.0","3.0","100.0","2.0","0.0","0.0","2.0","72.19","120.74555855236017","2.3044771297116236","700.1693645265303"
"C-2308","5-amino-2-methoxy-sulfabenzene","InChI=1S/C13H15N3O3S/c1-19-13-7-4-10(15)8-12(13)16-20(17,18)11-5-2-9(14)3-6-11/h2-8,16H,14-15H2,1H3","XNBPWMJDOGVRNA-UHFFFAOYSA-N","COC1=C(N[S](=O)(=O)C2=CC=C(N)C=C2)C=C(N)C=C1","-5.08","0.0","1","G1","293.348","1.6604","79.06930000000001","20.0","5.0","3.0","7.0","4.0","106.0","2.0","0.0","0.0","2.0","107.44","116.95740413951306","2.3748800790813736","712.1412819746462"
"C-2309","enoxacin","InChI=1S/C15H17FN4O3/c1-2-19-8-10(15(22)23)12(21)9-7-11(16)14(18-13(9)19)20-5-3-17-4-6-20/h7-8,17H,2-6H2,1H3,(H,22,23)","IDYZIJYBMGIQMJ-UHFFFAOYSA-N","CCN1C=C(C(O)=O)C(=O)C2=C1N=C(N3CCNCC3)C(=C2)F","-2.92","0.0","1","G1","320.32400000000007","0.6633000000000002","83.67700000000004","23.0","6.0","2.0","8.0","3.0","122.0","2.0","1.0","1.0","3.0","87.46","130.90360795598875","2.2435848523617365","827.5622879687312"
"C-2310","5-[(n,n-dimethylaminosulfonyl)imido]-4-methyl-2-aminosulfonyl-1,3,4-thiadiazoline","InChI=1S/C5H11N5O4S3/c1-9(2)17(13,14)8-4-10(3)7-5(15-4)16(6,11)12/h1-3H3,(H2,6,11,12)","IXUHQPKKIHYXSU-UHFFFAOYSA-N","CN(C)[S](=O)(=O)N=C1SC(=NN1C)[S](N)(=O)=O","-2.7","0.0","1","G1","301.37500000000006","-2.163899999999998","60.628000000000014","17.0","7.0","1.0","12.0","3.0","98.0","1.0","0.0","0.0","1.0","127.72","102.43628989852621","3.462678991200497","679.3783714543973"
"C-2311","2,2',3,4',5,5'-hexachlorodiphenyl  ether","InChI=1S/C12H4Cl6O/c13-5-1-9(17)12(18)11(2-5)19-10-4-7(15)6(14)3-8(10)16/h1-4H","SFTBUGPDOJDENF-UHFFFAOYSA-N","ClC1=CC(=C(Cl)C(=C1)Cl)OC2=CC(=C(Cl)C=C2Cl)Cl","-8.41","0.0","1","G1","376.881","7.3993","83.018","19.0","1.0","0.0","7.0","2.0","100.0","2.0","0.0","0.0","2.0","9.23","139.42163991635792","2.4438434971028453","640.6021141858682"
"C-2313","2,2',3,3',4,5'-hexachlorodiphenyl  ether","InChI=1S/C12H4Cl6O/c13-5-3-7(15)10(16)9(4-5)19-8-2-1-6(14)11(17)12(8)18/h1-4H","JTEWACHFMNTRBB-UHFFFAOYSA-N","ClC1=CC(=C(Cl)C(=C1)OC2=C(Cl)C(=C(Cl)C=C2)Cl)Cl","-8.55","0.0","1","G1","376.881","7.399300000000001","83.018","19.0","1.0","0.0","7.0","2.0","100.0","2.0","0.0","0.0","2.0","9.23","139.42163991635792","2.4490542513111335","640.6021141858682"
"C-2315","2,3,3',4',5,6-hexachlorodiphenyl  ether","InChI=1S/C12H4Cl6O/c13-6-2-1-5(3-7(6)14)19-12-10(17)8(15)4-9(16)11(12)18/h1-4H","YLAYOOJLJKJGCF-UHFFFAOYSA-N","ClC1=CC=C(OC2=C(Cl)C(=CC(=C2Cl)Cl)Cl)C=C1Cl","-8.3","0.0","1","G1","376.881","7.399300000000001","83.01800000000001","19.0","1.0","0.0","7.0","2.0","100.0","2.0","0.0","0.0","2.0","9.23","139.42163991635792","2.4565261556099505","614.3521141858682"
"C-2316","2,2',3,4,4',6-hexachlorodiphenyl  ether","InChI=1S/C12H4Cl6O/c13-5-1-2-9(6(14)3-5)19-12-8(16)4-7(15)10(17)11(12)18/h1-4H","BIWCEXHDIQZFHI-UHFFFAOYSA-N","ClC1=CC(=C(OC2=C(Cl)C(=C(Cl)C=C2Cl)Cl)C=C1)Cl","-8.47","0.0","1","G1","376.881","7.399300000000001","83.018","19.0","1.0","0.0","7.0","2.0","100.0","2.0","0.0","0.0","2.0","9.23","139.42163991635792","2.4652681882367067","640.6021141858682"
"C-2317","n-(5-ethoxycarbonylpyridin-2-yl)benzenesulfonamide","InChI=1S/C14H14N2O4S/c1-2-20-14(17)11-8-9-13(15-10-11)16-21(18,19)12-6-4-3-5-7-12/h3-10H,2H2,1H3,(H,15,16)","OPJMLVHGUKLBMN-UHFFFAOYSA-N","CCOC(=O)C1=CN=C(N[S](=O)(=O)C2=CC=CC=C2)C=C1","-4.24","0.0","1","G1","306.343","2.0591","77.44400000000003","21.0","5.0","1.0","7.0","5.0","110.0","2.0","0.0","0.0","2.0","85.35999999999999","122.38867705527113","2.1546959615040575","712.3990441204692"
"C-2318","n-benzoyl-o-acetyl-l-tyrosinamide","InChI=1S/C18H18N2O4/c1-12(21)24-15-9-7-13(8-10-15)11-16(17(19)22)20-18(23)14-5-3-2-4-6-14/h2-10,16H,11H2,1H3,(H2,19,22)(H,20,23)","QJGVNUOLWAHMIO-UHFFFAOYSA-N","CC(=O)OC1=CC=C(CC(NC(=O)C2=CC=CC=C2)C(N)=O)C=C1","-3.89","0.0","1","G1","326.3520000000001","1.4382999999999997","88.34560000000002","24.0","4.0","2.0","6.0","6.0","124.0","2.0","0.0","0.0","2.0","98.49000000000001","139.16601442219962","2.043428387238533","726.4437971422677"
"C-2319","2,2',3,4',5',6-hexachlorodiphenyl  ether","InChI=1S/C12H4Cl6O/c13-5-1-2-6(14)12(11(5)18)19-10-4-8(16)7(15)3-9(10)17/h1-4H","RDKSFIZNZGWNLA-UHFFFAOYSA-N","ClC1=CC=C(Cl)C(=C1Cl)OC2=C(Cl)C=C(Cl)C(=C2)Cl","-7.88","0.0","1","G1","376.8810000000001","7.3993","83.01800000000001","19.0","1.0","0.0","7.0","2.0","100.0","2.0","0.0","0.0","2.0","9.23","139.4216399163579","2.4753228302746075","640.6021141858682"
"C-2321","3-[2-(n-methylguanidino)-acetylamino]-n-(5-sulfamoyl-[1,3,4]thiadiazol-2-yl)propionamide","InChI=1S/C9H16N8O4S2/c1-17(7(10)11)4-6(19)13-3-2-5(18)14-8-15-16-9(22-8)23(12,20)21/h2-4H2,1H3,(H3,10,11)(H,13,19)(H2,12,20,21)(H,14,15,18)","DCHWBJNKHKXUAM-UHFFFAOYSA-N","CN(CC(=O)NCCC(=O)NC1=NN=C(S1)[S](N)(=O)=O)C(N)=N","-1.13","0.0","1","G1","364.4130000000001","-2.5444299999999984","82.0827","23.0","8.0","5.0","14.0","7.0","128.0","1.0","0.0","0.0","1.0","197.25","135.34262124419473","2.3620355748256747","700.159007340273"
"C-2322","8-styryltheophylline","InChI=1S/C15H14N4O2/c1-18-13-12(14(20)19(2)15(18)21)16-11(17-13)9-8-10-6-4-3-5-7-10/h3-9H,1-2H3,(H,16,17)/b9-8+","BTFAUMMRKLKUJP-CMDGGOBGSA-N","CN1C(=O)N(C)C2=C([NH]C(=N2)\C=C\C3=CC=CC=C3)C1=O","-6.66","0.0","1","G1","282.30300000000005","1.1306999999999998","81.94570000000004","21.0","5.0","1.0","6.0","2.0","106.0","3.0","0.0","0.0","3.0","72.68","119.55141881983043","2.126128448193771","945.4494500064294"
"C-2323","2,2',3,4',5,6-hexachlorodiphenyl  ether","InChI=1S/C12H4Cl6O/c13-5-1-2-9(6(14)3-5)19-12-10(17)7(15)4-8(16)11(12)18/h1-4H","DIBYIHMYEPMGKC-UHFFFAOYSA-N","ClC1=CC(=C(OC2=C(Cl)C(=CC(=C2Cl)Cl)Cl)C=C1)Cl","-8.42","0.0","1","G1","376.881","7.399300000000001","83.018","19.0","1.0","0.0","7.0","2.0","100.0","2.0","0.0","0.0","2.0","9.23","139.42163991635792","2.489176445277749","614.3521141858682"
"C-2324","2,2',3,3',4,6'-hexachlorodiphenyl  ether","InChI=1S/C12H4Cl6O/c13-5-3-4-8(11(18)9(5)16)19-12-7(15)2-1-6(14)10(12)17/h1-4H","YDVYLSIVXYLBBX-UHFFFAOYSA-N","ClC1=C(Cl)C(=C(OC2=C(Cl)C=CC(=C2Cl)Cl)C=C1)Cl","-7.96","0.0","1","G1","376.881","7.399300000000001","83.018","19.0","1.0","0.0","7.0","2.0","100.0","2.0","0.0","0.0","2.0","9.23","139.42163991635792","2.4806580116214114","640.6021141858682"
"C-2325","iopanoic acid","InChI=1S/C11H12I3NO2/c1-2-5(11(16)17)3-6-7(12)4-8(13)10(15)9(6)14/h4-5H,2-3,15H2,1H3,(H,16,17)","OIRFJRBSRORBCM-UHFFFAOYSA-N","CCC(CC1=C(I)C(=C(I)C=C1I)N)C(O)=O","-4.58","0.0","1","G1","570.934","3.7359000000000018","94.12620000000003","17.0","2.0","2.0","6.0","4.0","94.0","1.0","0.0","0.0","1.0","63.32","141.3372746038634","3.143861008246418","448.8329507587543"
"C-2326","methazolamide analog a14","InChI=1S/C4H5F3N4O4S3/c1-11-2(10-18(14,15)4(5,6)7)16-3(9-11)17(8,12)13/h1H3,(H2,8,12,13)","TUDRWVDXIQKGIO-UHFFFAOYSA-N","CN1N=C(SC1=N[S](=O)(=O)C(F)(F)F)[S](N)(=O)=O","-1.16","0.0","1","G1","326.30300000000005","-1.1206999999999996","52.995999999999995","18.0","7.0","1.0","14.0","2.0","104.0","1.0","0.0","0.0","1.0","124.47999999999999","102.67274281207644","3.5095837579968685","724.3721148051803"
"C-2329","8-phenylcaffeine","InChI=1S/C14H14N4O2/c1-16-10-12(17(2)14(20)18(3)13(10)19)15-11(16)9-7-5-4-6-8-9/h4-8H,1-3H3","MBYIBRUTNFFDFL-UHFFFAOYSA-N","CN1C(=O)N(C)C2=C([N](C)C(=N2)C3=CC=CC=C3)C1=O","-3.31","0.0","1","G1","270.29200000000003","0.6376999999999997","76.63200000000002","20.0","6.0","0.0","6.0","1.0","102.0","3.0","0.0","0.0","3.0","61.82","114.08605122421339","2.4876999391571606","916.2273914087924"
"C-2330","nitrofuranylamide derivative (lee 952);  n-methyl-n-[4-(2-morpholin-4-ylethoxy)benzyl]-5-nitro-2-furamide","InChI=1S/C19H23N3O6/c1-20(19(23)17-6-7-18(28-17)22(24)25)14-15-2-4-16(5-3-15)27-13-10-21-8-11-26-12-9-21/h2-7H,8-14H2,1H3","OWPRYUHHSFTVHN-UHFFFAOYSA-N","CN(CC1=CC=C(OCCN2CCOCC2)C=C1)C(=O)C3=CC=C(O3)[N+]([O-])=O","-2.29","0.0","1","G1","389.4080000000001","2.1709999999999994","100.35590000000006","28.0","7.0","0.0","9.0","8.0","150.0","2.0","1.0","1.0","3.0","98.28999999999999","162.12273008764217","1.4687642344640421","798.2552270903105"
"C-2332","n1-(1-allyl-2-oxopyrimidin-4-yl)sulfanilamide;  1-allyl-4-sulfapyrimidin-2-one","InChI=1S/C13H14N4O3S/c1-2-8-17-9-7-12(15-13(17)18)16-21(19,20)11-5-3-10(14)4-6-11/h2-7,9H,1,8,14H2,(H,15,16,18)","VIAUKNFHMJPBHP-UHFFFAOYSA-N","NC1=CC=C(C=C1)[S](=O)(=O)NC2=NC(=O)N(CC=C)C=C2","-3.11","0.0","1","G1","306.34700000000004","0.8122999999999996","80.35690000000001","21.0","6.0","2.0","8.0","5.0","110.0","2.0","0.0","0.0","2.0","107.08000000000001","121.35503895813451","2.2829040776971956","810.0551714234178"
"C-2334","2-(n4-acetyl)sulfathiazole","InChI=1S/C11H11N3O3S2/c1-8(15)13-9-2-4-10(5-3-9)19(16,17)14-11-12-6-7-18-11/h2-7H,1H3,(H,12,14)(H,13,15)","KXNXWINFSDKMHD-UHFFFAOYSA-N","CC(=O)NC1=CC=C(C=C1)[S](=O)(=O)NC2=NC=CS2","-3.43","0.0","1","G1","297.361","1.9022999999999999","73.66820000000003","19.0","5.0","2.0","8.0","4.0","100.0","2.0","0.0","0.0","2.0","88.16","114.10041516538712","2.187980036757728","663.7207902219537"
"C-2335","n1-(1-isopropyl-2-oxopyrimidin-4-yl)sulfanilamide;  1-isopropyl-4-sulfapyrimidin-2-one","InChI=1S/C13H16N4O3S/c1-9(2)17-8-7-12(15-13(17)18)16-21(19,20)11-5-3-10(14)4-6-11/h3-9H,14H2,1-2H3,(H,15,16,18)","LRUSAJDEBDJPKV-UHFFFAOYSA-N","CC(C)N1C=CC(=NC1=O)N[S](=O)(=O)C2=CC=C(N)C=C2","-3.17","0.0","1","G1","308.36300000000006","1.2071999999999996","80.54490000000003","21.0","6.0","2.0","8.0","4.0","112.0","2.0","0.0","0.0","2.0","107.08","122.0446419903188","2.3077821942687486","794.9112398437554"
"C-2339","entacapone analog (2a);  (e)-2-cyano-n,n-diethyl-3-[3-n-ethylcarbamoyloxy-4-hydroxy-5-nitrophenyl]propenamide","InChI=1S/C17H20N4O6/c1-4-19-17(24)27-14-9-11(8-13(15(14)22)21(25)26)7-12(10-18)16(23)20(5-2)6-3/h7-9,22H,4-6H2,1-3H3,(H,19,24)/b12-7-","HVMGUPMFFCLQNI-GHXNOFRVSA-N","CCNC(=O)OC1=C(O)C(=CC(=C1)\C=C(C#N)/C(=O)N(CC)CC)[N+]([O-])=O","-3.18","0.0","1","G1","376.3690000000002","2.18408","95.97990000000004","27.0","7.0","2.0","10.0","7.0","144.0","1.0","0.0","0.0","1.0","145.79999999999998","155.34223778524577","3.4299476690971993","808.3770361972059"
"C-2341","s6,9-bis(pentanoyloxymethyl)-6-mercaptopurine; 9-(pentanoyloxymethyl)-6-(pentanoyloxymethylthio)purine","InChI=1S/C17H24N4O4S/c1-3-5-7-13(22)24-11-21-10-20-15-16(21)18-9-19-17(15)26-12-25-14(23)8-6-4-2/h9-10H,3-8,11-12H2,1-2H3","RIVOAEXQOBGQPO-UHFFFAOYSA-N","CCCCC(=O)OCSC1=NC=NC2=C1N=C[N]2COC(=O)CCCC","-4.33","0.0","1","G1","380.47000000000025","3.300200000000002","97.28100000000005","26.0","9.0","0.0","9.0","11.0","142.0","2.0","0.0","0.0","2.0","96.20000000000002","156.24369355890715","1.9258792513557554","734.6212161841662"
"C-2343","4-nitro-n-(4-methoxyphenyl)benzenesulfonamide;  1-(4-nitrophenylsulfonamido)-4-methoxybenzene","InChI=1S/C13H12N2O5S/c1-20-12-6-2-10(3-7-12)14-21(18,19)13-8-4-11(5-9-13)15(16)17/h2-9,14H,1H3","PGNXXIOBJLPXFL-UHFFFAOYSA-N","COC1=CC=C(N[S](=O)(=O)C2=CC=C(C=C2)[N+]([O-])=O)C=C1","-4.64","0.0","1","G1","308.31500000000005","2.4042000000000003","76.89890000000003","21.0","5.0","1.0","8.0","5.0","110.0","2.0","0.0","0.0","2.0","98.53999999999999","120.93059846798742","2.22194283560785","739.1360166888998"
"C-2344","amoxicillin","InChI=1S/C16H19N3O5S/c1-16(2)11(15(23)24)19-13(22)10(14(19)25-16)18-12(21)9(17)7-3-5-8(20)6-4-7/h3-6,9-11,14,20H,17H2,1-2H3,(H,18,21)(H,23,24)","LSQZJLSUYDQPKJ-UHFFFAOYSA-N","CC1(C)SC2C(NC(=O)C(N)C3=CC=C(O)C=C3)C(=O)N2C1C(O)=O","-2.17","0.0","1","G1","365.4110000000001","0.023699999999999555","90.69370000000004","25.0","6.0","4.0","9.0","4.0","134.0","1.0","2.0","2.0","3.0","132.96","147.9148923371173","1.7043464837064854","735.7906646381692"
"C-2345","1,3-dipropyl-8-(3-noradamantyl)xanthine","InChI=1S/C20H28N4O2/c1-3-5-23-16-15(17(25)24(6-4-2)19(23)26)21-18(22-16)20-10-12-7-13(11-20)9-14(20)8-12/h12-14H,3-11H2,1-2H3,(H,21,22)","PJBFVWGQFLYWCB-UHFFFAOYSA-N","CCCN1C(=O)N(CCC)C2=C([NH]C(=N2)[C]34CC5[CH2]C(C[CH]3C5)C4)C1=O","-5.85","0.0","1","G1","356.4700000000002","2.7840000000000007","100.42870000000006","26.0","5.0","1.0","6.0","5.0","140.0","2.0","4.0","4.0","6.0","72.68","152.18079744372565","1.7275121994407774","968.083237770863"
"C-2346","4-(4-bromo-2-fluorophenylamino)-5-fluoro-1-methyl-6-oxo-1,6-dihydropyridine-3-carboxamide","InChI=1S/C13H10BrF2N3O2/c1-19-5-7(12(17)20)11(10(16)13(19)21)18-9-3-2-6(14)4-8(9)15/h2-5,18H,1H3,(H2,17,20)","LNCZLEZOTUBASE-UHFFFAOYSA-N","CN1C=C(C(N)=O)C(=C(F)C1=O)NC2=C(F)C=C(Br)C=C2","-4.14","0.0","1","G1","358.142","2.2685000000000004","77.5416","21.0","4.0","2.0","8.0","3.0","110.0","2.0","0.0","0.0","2.0","77.12","126.05941651409816","2.602309394619873","789.7163321503557"
"C-2347","naproxen,  derivat 3b","InChI=1S/C22H29NO5/c1-14(2)11-20(23)22(25)28-10-9-27-21(24)15(3)16-5-6-18-13-19(26-4)8-7-17(18)12-16/h5-8,12-15,20H,9-11,23H2,1-4H3","GVNYQGKVULMAET-UHFFFAOYSA-N","COC1=CC=C2C=C(C=CC2=C1)C(C)C(=O)OCCOC(=O)C(N)CC(C)C","-3.82","0.0","1","G1","387.47600000000017","3.4117000000000015","108.26340000000006","28.0","6.0","1.0","6.0","9.0","152.0","2.0","0.0","0.0","2.0","87.85000000000001","165.4959436096124","1.8521835268218967","817.6793248963845"
"C-2348","n1-(1-butyl-2-oxopyrimidin-4-yl)sulfanilamide;  1-butyl-4-sulfapyrimidin-2-one","InChI=1S/C14H18N4O3S/c1-2-3-9-18-10-8-13(16-14(18)19)17-22(20,21)12-6-4-11(15)5-7-12/h4-8,10H,2-3,9,15H2,1H3,(H,16,17,19)","YLHKVSOBVLMBIT-UHFFFAOYSA-N","CCCCN1C=CC(=NC1=O)N[S](=O)(=O)C2=CC=C(N)C=C2","-3.09","0.0","1","G1","322.39000000000004","1.4263999999999997","85.06790000000002","22.0","6.0","2.0","8.0","6.0","118.0","2.0","0.0","0.0","2.0","107.08","128.4095841047154","2.2091943523434896","797.5828170024497"
"C-2349","naproxen,  derivat 3c","InChI=1S/C22H29NO5/c1-5-14(2)20(23)22(25)28-11-10-27-21(24)15(3)16-6-7-18-13-19(26-4)9-8-17(18)12-16/h6-9,12-15,20H,5,10-11,23H2,1-4H3","ZNNNHDSEKOSIMH-UHFFFAOYSA-N","CCC(C)C(N)C(=O)OCCOC(=O)C(C)C1=CC2=CC=C(OC)C=C2C=C1","-3.82","0.0","1","G1","387.4760000000001","3.4117000000000015","108.26340000000006","28.0","6.0","1.0","6.0","9.0","152.0","2.0","0.0","0.0","2.0","87.85000000000001","165.49594360961234","1.8687854635583163","819.6793248963844"
"C-2350","1-(2,6-difluorophenyl)-1h,3h-thiazolo[3,4-a]benzimidazole;  nsc 625487","InChI=1S/C15H10F2N2S/c16-9-4-3-5-10(17)14(9)15-19-12-7-2-1-6-11(12)18-13(19)8-20-15/h1-7,15H,8H2","AMLBAOPYPUXEQF-UHFFFAOYSA-N","FC1=C(C2SCC3=NC4=C(C=CC=C4)[N]23)C(=CC=C1)F","-3.76","0.0","1","G1","288.322","4.108200000000003","75.52500000000003","20.0","3.0","0.0","5.0","1.0","100.0","3.0","0.0","1.0","4.0","17.82","117.98717565233407","1.9656512490884461","792.4887702934694"
"C-2351","theophyllin-7-ylmethyl 3-(n,n-diethylcarbamoyl)propionate; n,n-diethylsuccinamic acid theophyllin-7-ylmethyl ester","InChI=1S/C16H23N5O5/c1-5-20(6-2)11(22)7-8-12(23)26-10-21-9-17-14-13(21)15(24)19(4)16(25)18(14)3/h9H,5-8,10H2,1-4H3","GEUZJBMJDHYJEC-UHFFFAOYSA-N","CCN(CC)C(=O)CCC(=O)OC[N]1C=NC2=C1C(=O)N(C)C(=O)N2C","-1.14","0.0","1","G1","365.3900000000001","-0.41699999999999826","93.46900000000005","26.0","9.0","0.0","10.0","7.0","142.0","2.0","0.0","0.0","2.0","108.43","149.14491703312","2.065077795150357","934.8791508047732"
"C-2354","n1-(1-isobutyl-2-oxopyrimidin-4-yl)sulfanilamide;  1-isobutyl-4-sulfapyrimidin-2-one","InChI=1S/C14H18N4O3S/c1-10(2)9-18-8-7-13(16-14(18)19)17-22(20,21)12-5-3-11(15)4-6-12/h3-8,10H,9,15H2,1-2H3,(H,16,17,19)","IMPWCIFPLYQYLB-UHFFFAOYSA-N","CC(C)CN1C=CC(=NC1=O)N[S](=O)(=O)C2=CC=C(N)C=C2","-3.11","0.0","1","G1","322.39000000000004","1.2822999999999996","84.99790000000003","22.0","6.0","2.0","8.0","5.0","118.0","2.0","0.0","0.0","2.0","107.08","128.4095841047154","2.246628694177345","810.7267485821121"
"C-2355","3-benzoyl-1-butanoyloxymethyl-5-fluorouracil","InChI=1S/C16H15FN2O5/c1-2-6-13(20)24-10-18-9-12(17)15(22)19(16(18)23)14(21)11-7-4-3-5-8-11/h3-5,7-9H,2,6,10H2,1H3","WJZCANSESVPVMM-UHFFFAOYSA-N","CCCC(=O)OCN1C=C(F)C(=O)N(C1=O)C(=O)C2=CC=CC=C2","-3.73","0.0","1","G1","334.303","1.1383999999999996","82.09050000000002","24.0","7.0","0.0","8.0","5.0","126.0","2.0","0.0","0.0","2.0","87.37","135.46255797963252","2.4188685443329283","870.2718879243209"
"C-2356","amifloxacin","InChI=1S/C16H19FN4O3/c1-18-21-9-11(16(23)24)15(22)10-7-12(17)14(8-13(10)21)20-5-3-19(2)4-6-20/h7-9,18H,3-6H2,1-2H3,(H,23,24)","RUXPNBWPIRDVTH-UHFFFAOYSA-N","CNN1C=C(C(O)=O)C(=O)C2=C1C=C(N3CCN(C)CC3)C(=C2)F","-3.73","0.0","1","G1","334.35100000000006","0.7638999999999998","90.12000000000003","24.0","6.0","2.0","8.0","3.0","128.0","2.0","1.0","1.0","3.0","77.80999999999999","137.4139296654806","2.183159031345674","856.5018374856825"
"C-2358","6-(2,2-dimethylpropanoyloxy)-2-sulfamoylbenzothiazole","InChI=1S/C12H14N2O4S2/c1-12(2,3)10(15)18-7-4-5-8-9(6-7)19-11(14-8)20(13,16)17/h4-6H,1-3H3,(H2,13,16,17)","FAZPZNCEAZRGPY-UHFFFAOYSA-N","CC(C)(C)C(=O)OC1=CC2=C(C=C1)N=C(S2)[S](N)(=O)=O","-3.73","0.0","1","G1","314.38800000000003","1.8951999999999998","76.08320000000003","20.0","6.0","1.0","8.0","2.0","108.0","2.0","0.0","0.0","2.0","99.35","120.17352339355165","2.3721768136217514","772.3414977318889"
"C-2359","n1-(1-sec-butyl-2-oxopyrimidin-4-yl)sulfanilamide;  1-sec-butyl-4-sulfapyrimidin-2-one","InChI=1S/C14H18N4O3S/c1-3-10(2)18-9-8-13(16-14(18)19)17-22(20,21)12-6-4-11(15)5-7-12/h4-10H,3,15H2,1-2H3,(H,16,17,19)","VUVSIYGODRCZRX-UHFFFAOYSA-N","CCC(C)N1C=CC(=NC1=O)N[S](=O)(=O)C2=CC=C(N)C=C2","-2.76","0.0","1","G1","322.39000000000004","1.5973","85.16190000000003","22.0","6.0","2.0","8.0","5.0","118.0","2.0","0.0","0.0","2.0","107.08","128.4095841047154","2.285579990811016","812.7267485821121"
"C-2361","naproxen,  ester 3a","InChI=1S/C22H27NO6/c1-16(17-3-4-19-14-20(26-2)6-5-18(19)13-17)22(25)29-12-11-28-21(24)15-23-7-9-27-10-8-23/h3-6,13-14,16H,7-12,15H2,1-2H3","FFWGHEZSBSOVRZ-UHFFFAOYSA-N","COC1=CC2=CC=C(C=C2C=C1)C(C)C(=O)OCCOC(=O)CN3CCOCC3","-4.3","0.0","1","G1","401.4590000000003","2.3705","108.09200000000006","29.0","7.0","0.0","7.0","8.0","156.0","2.0","1.0","1.0","3.0","74.30000000000001","170.0236006587807","1.4367407263952814","846.311417223103"
"C-2362","2,3,3',4,4',5,6-heptachlorobiphenyl","InChI=1S/C12H3Cl7/c13-5-2-1-4(3-6(5)14)7-8(15)10(17)12(19)11(18)9(7)16/h1-3H","TYEDCFVCFDKSBK-UHFFFAOYSA-N","ClC1=CC=C(C=C1Cl)C2=C(Cl)C(=C(Cl)C(=C2Cl)Cl)Cl","-8.9","0.0","1","G1","395.327","7.9274","86.94800000000001","19.0","0.0","0.0","7.0","1.0","100.0","2.0","0.0","0.0","2.0","0.0","144.61136091373268","2.7854258417015845","634.6079666719706"
"C-2363","2,3,3',4',5,5',6-heptachlorobiphenyl","InChI=1S/C12H3Cl7/c13-5-1-4(2-6(14)10(5)17)9-11(18)7(15)3-8(16)12(9)19/h1-3H","SSTJUBQGYXNFFP-UHFFFAOYSA-N","ClC1=CC(=C(Cl)C(=C1Cl)C2=CC(=C(Cl)C(=C2)Cl)Cl)Cl","-9.1","0.0","1","G1","395.327","7.9274000000000004","86.948","19.0","0.0","0.0","7.0","1.0","100.0","2.0","0.0","0.0","2.0","0.0","144.61136091373268","2.7912442734501957","614.3579666719705"
"C-2364","mitomycin c n-propoxycarbonyl derivative","InChI=1S/C19H24N4O7/c1-4-5-29-18(27)23-10-6-22-13-11(15(25)12(20)8(2)14(13)24)9(7-30-17(21)26)19(22,28-3)16(10)23/h9-10,16H,4-7,20H2,1-3H3,(H2,21,26)","USOBOOWDKRUMNG-UHFFFAOYSA-N","CCCOC(=O)N1C2CN3C4=C(C(COC(N)=O)C3(OC)C12)C(=O)C(=C(C)C4=O)N","-3.48","0.0","1","G1","420.4220000000002","-0.39219999999999694","100.45280000000004","30.0","9.0","2.0","11.0","5.0","162.0","0.0","2.0","4.0","4.0","154.26000000000002","172.09185123161095","1.7523131079457852","925.8437087715088"
"C-2368","8-styrylcaffeine","InChI=1S/C16H16N4O2/c1-18-12(10-9-11-7-5-4-6-8-11)17-14-13(18)15(21)20(3)16(22)19(14)2/h4-10H,1-3H3/b10-9+","OBOGEXJSNUIECN-MDZDMXLPSA-N","CN1C(=O)N(C)C2=C([N](C)C(=N2)\C=C\C3=CC=CC=C3)C1=O","-5.55","0.0","1","G1","296.33000000000004","1.1410999999999996","86.56600000000005","22.0","6.0","0.0","6.0","2.0","112.0","3.0","0.0","0.0","3.0","61.82","126.12633242082235","2.2141388024280984","990.8882051011581"
"C-2373","naproxen-derivat 3f","InChI=1S/C24H33NO5/c1-5-16(2)22(25)24(27)30-13-7-6-12-29-23(26)17(3)18-8-9-20-15-21(28-4)11-10-19(20)14-18/h8-11,14-17,22H,5-7,12-13,25H2,1-4H3","UHSJNNFEGHBUMV-UHFFFAOYSA-N","CCC(C)C(N)C(=O)OCCCCOC(=O)C(C)C1=CC2=CC=C(OC)C=C2C=C1","-4.52","0.0","1","G1","415.5300000000001","4.191900000000003","117.49740000000006","30.0","6.0","1.0","6.0","11.0","164.0","2.0","0.0","0.0","2.0","87.85000000000001","178.22582783840554","1.7432742294436545","850.605216355262"
"C-2376","brucine * 4 h2o","InChI=1S/C23H26N2O4/c1-27-16-8-14-15(9-17(16)28-2)25-20(26)10-18-21-13-7-19-23(14,22(21)25)4-5-24(19)11-12(13)3-6-29-18/h3,8-9,13,18-19,21-22H,4-7,10-11H2,1-2H3","RRKTZKIUPZVBMF-UHFFFAOYSA-N","COC1=CC2=C(C=C1OC)C34CCN5CC6=CCOC7CC(=O)N2C3C7C6CC45","-2.79","0.3500000000000001","2","G3","394.4710000000001","2.1097","106.51300000000002","29.0","5.0","0.0","6.0","2.0","152.0","1.0","4.0","6.0","7.0","51.24","169.93265423985082","1.521933594875605","973.869675469949"
"C-2381","2,3,3',4,4',5,5'-heptachlorodiphenyl  ether","InChI=1S/C12H3Cl7O/c13-5-1-4(2-6(14)9(5)16)20-8-3-7(15)10(17)12(19)11(8)18/h1-3H","JUHPMUOWCYBMEY-UHFFFAOYSA-N","ClC1=CC(=CC(=C1Cl)Cl)OC2=C(Cl)C(=C(Cl)C(=C2)Cl)Cl","-9.54","0.0","1","G1","411.326","8.052699999999998","88.028","20.0","1.0","0.0","8.0","2.0","106.0","2.0","0.0","0.0","2.0","9.23","149.72490614323956","2.4543151510694003","660.9865474566767"
"C-2383","3,4'-ace-1,2-benzanthracene","InChI=1S/C20H14/c1-2-5-15-12-19-17(10-14(15)4-1)11-16-9-8-13-6-3-7-18(19)20(13)16/h1-7,10-12H,8-9H2","PMNATJJZOUNELG-UHFFFAOYSA-N","C1CC2=CC3=CC4=C(C=CC=C4)C=C3C5=C2C1=CC=C5","-2.97","0.0","1","G1","254.332","5.244800000000003","86.36800000000002","20.0","0.0","0.0","0.0","0.0","94.0","4.0","0.0","1.0","5.0","0.0","117.20044978996658","2.070951863857911","992.7859948151678"
"C-2384","sulfaproxyline","InChI=1S/C16H18N2O4S/c1-11(2)22-14-7-3-12(4-8-14)16(19)18-23(20,21)15-9-5-13(17)6-10-15/h3-11H,17H2,1-2H3,(H,18,19)","FBFBRAFXKGRRHI-UHFFFAOYSA-N","CC(C)OC1=CC=C(C=C1)C(=O)N[S](=O)(=O)C2=CC=C(N)C=C2","-4.3","0.0","1","G1","334.39700000000005","2.1747000000000005","87.71240000000003","23.0","5.0","2.0","7.0","5.0","122.0","2.0","0.0","0.0","2.0","98.49","134.8738618857339","2.1280874393118245","781.8348777970372"
"C-2385","2-carboxy-7-methylthioxanthone; 7-methylthioxanthone-2-carboxylic; 7-methylsulfanyl-9-oxo-9h-xanthene-2-carboxylic acid acid","InChI=1S/C15H10O4S/c1-20-9-3-5-13-11(7-9)14(16)10-6-8(15(17)18)2-4-12(10)19-13/h2-7H,1H3,(H,17,18)","GEMHNGLORSISHO-UHFFFAOYSA-N","CSC1=CC=C2OC3=C(C=C(C=C3)C(O)=O)C(=O)C2=C1","-5.32","0.0","1","G1","286.308","3.3663000000000025","78.73030000000001","20.0","4.0","1.0","5.0","2.0","100.0","3.0","0.0","0.0","3.0","67.51","117.56982121341845","2.421806628244378","895.3937060173308"
"C-2387","lomefloxacin","InChI=1S/C17H19F2N3O3/c1-3-21-8-11(17(24)25)16(23)10-6-12(18)15(13(19)14(10)21)22-5-4-20-9(2)7-22/h6,8-9,20H,3-5,7H2,1-2H3,(H,24,25)","ZEKZLJVOYLTDKK-UHFFFAOYSA-N","CCN1C=C(C(O)=O)C(=O)C2=C1C(=C(N3CCNC(C)C3)C(=C2)F)F","-2.33","0.0","1","G1","351.353","1.7958999999999998","90.43500000000004","25.0","5.0","2.0","8.0","3.0","134.0","2.0","1.0","1.0","3.0","74.57000000000001","142.21443749236508","2.308728008612519","910.3718189115058"
"C-2388","enrofloxacin","InChI=1S/C19H22FN3O3/c1-2-21-5-7-22(8-6-21)17-10-16-13(9-15(17)20)18(24)14(19(25)26)11-23(16)12-3-4-12/h9-12H,2-8H2,1H3,(H,25,26)","SPFYMRJSYKOXGV-UHFFFAOYSA-N","CCN1CCN(CC1)C2=CC3=C(C=C2F)C(=O)C(=CN3C4CC4)C(O)=O","-3.18","0.0","1","G1","359.4010000000001","2.3156","97.72330000000007","26.0","5.0","1.0","7.0","4.0","138.0","2.0","2.0","2.0","4.0","65.78","149.9829266512981","1.834238302456375","927.751757198637"
"C-2389","oxaprozin;  4,5-diphenyl-2-oxazolepropanoic acid","InChI=1S/C18H15NO3/c20-16(21)12-11-15-19-17(13-7-3-1-4-8-13)18(22-15)14-9-5-2-6-10-14/h1-10H,11-12H2,(H,20,21)","OFPXSFXSNFPTHF-UHFFFAOYSA-N","OC(=O)CCC1=NC(=C(O1)C2=CC=CC=C2)C3=CC=CC=C3","-2.24","0.0","1","G1","293.32200000000006","4.025800000000003","83.33180000000004","22.0","3.0","1.0","4.0","5.0","110.0","3.0","0.0","0.0","3.0","63.33","127.61015097207802","2.0431259124342342","706.541070336389"
"C-2392","acetrizoic  acid;  3-acetylamino-2,4,6-triiodobenzoic  acid","InChI=1S/C9H6I3NO3/c1-3(14)13-8-5(11)2-4(10)6(7(8)12)9(15)16/h2H,1H3,(H,13,14)(H,15,16)","GNOGSFBXBWBTIG-UHFFFAOYSA-N","CC(=O)NC1=C(I)C=C(I)C(=C1I)C(O)=O","-2.64","0.0","1","G1","556.863","3.157000000000001","85.85600000000002","16.0","2.0","2.0","7.0","2.0","86.0","1.0","0.0","0.0","1.0","66.4","132.97888396170927","3.443521249485579","473.5572816111098"
"C-2394","2,2',3,4,4',5,6-heptachlorodiphenyl  ether","InChI=1S/C12H3Cl7O/c13-4-1-2-6(5(14)3-4)20-12-10(18)8(16)7(15)9(17)11(12)19/h1-3H","RPNFRXWGMTYOPA-UHFFFAOYSA-N","ClC1=CC=C(OC2=C(Cl)C(=C(Cl)C(=C2Cl)Cl)Cl)C(=C1)Cl","-9.64","0.0","1","G1","411.326","8.0527","88.02799999999999","20.0","1.0","0.0","8.0","2.0","106.0","2.0","0.0","0.0","2.0","9.23","149.72490614323954","2.540389748514227","654.9865474566767"
"C-2395","bromerguride","InChI=1S/C20H25BrN4O/c1-4-25(5-2)20(26)22-12-9-14-13-7-6-8-16-18(13)15(19(21)23-16)10-17(14)24(3)11-12/h6-9,12,17,23H,4-5,10-11H2,1-3H3,(H,22,26)","SBHNNNRQZGYOAU-UHFFFAOYSA-N","CCN(CC)C(=O)NC1CN(C)C2CC3=C(Br)[NH]C4=C3C(=CC=C4)C2=C1","-4.38","0.0","1","G1","417.35100000000006","3.603900000000002","109.33840000000005","26.0","2.0","2.0","6.0","3.0","138.0","2.0","0.0","2.0","4.0","51.370000000000005","162.0988673354629","1.7185285088053315","883.3086781940215"
"C-2396","3,3-diphenylphthalide","InChI=1S/C20H14O2/c21-19-17-13-7-8-14-18(17)20(22-19,15-9-3-1-4-10-15)16-11-5-2-6-12-16/h1-14H","WUBNJKMFYXGQDB-UHFFFAOYSA-N","O=C1OC(C2=CC=CC=C2)(C3=CC=CC=C3)C4=C1C=CC=C4","-3.85","0.0","1","G1","286.33","4.148900000000003","84.62350000000004","22.0","2.0","0.0","2.0","2.0","106.0","3.0","0.0","1.0","4.0","26.3","128.54471193643968","2.0643455799261283","783.095685386686"
"C-2397","danofloxacin","InChI=1S/C19H20FN3O3/c1-21-7-12-4-11(21)8-22(12)17-6-16-13(5-15(17)20)18(24)14(19(25)26)9-23(16)10-2-3-10/h5-6,9-12H,2-4,7-8H2,1H3,(H,25,26)","QMLVECGLEOSESV-UHFFFAOYSA-N","CN1CC2CC1CN2C3=CC4=C(C=C3F)C(=O)C(=CN4C5CC5)C(O)=O","-2.9","0.0","1","G1","357.3850000000001","2.0664","95.56530000000005","26.0","5.0","1.0","7.0","3.0","136.0","2.0","3.0","3.0","5.0","65.78","148.9770954977689","1.695834550381214","995.6674022756122"
"C-2398","3',4',5,7-tetrahydroxyflavone; luteolin","InChI=1S/C15H10O6/c16-8-4-11(19)15-12(20)6-13(21-14(15)5-8)7-1-2-9(17)10(18)3-7/h1-6,16-19H","IQPNAANSBPBGFQ-UHFFFAOYSA-N","OC1=CC2=C(C(=C1)O)C(=O)C=C(O2)C3=CC(=C(O)C=C3)O","-3.61","0.0","1","G1","286.239","2.2823999999999995","74.5792","21.0","6.0","4.0","6.0","1.0","106.0","3.0","0.0","0.0","3.0","111.13000000000001","117.31343579013308","2.2943459565950692","909.916284955401"
"C-2399","azapropazone; apazone","InChI=1S/C16H20N4O2/c1-5-6-11-14(21)19-13-9-10(2)7-8-12(13)17-16(18(3)4)20(19)15(11)22/h7-9,22H,5-6H2,1-4H3","VECZDVJCSZXAPJ-UHFFFAOYSA-N","CCCC1=C(O)N2N(C1=O)C3=CC(=CC=C3N=C2N(C)C)C","-3.63","0.0","1","G1","300.3620000000001","1.97972","87.14080000000004","22.0","6.0","1.0","6.0","3.0","116.0","3.0","0.0","0.0","3.0","62.25000000000001","127.77155522802794","2.5818636769157735","921.4168499971744"
"C-2400","10-butyl-1,2-benzanthracene","InChI=1S/C22H20/c1-2-3-6-16-9-10-18-14-19-12-11-17-7-4-5-8-21(17)22(19)15-20(18)13-16/h4-5,7-15H,2-3,6H2,1H3","NOYOIPQGXQUMJJ-UHFFFAOYSA-N","CCCCC1=CC2=C(C=C1)C=C3C=CC4=C(C=CC=C4)C3=C2","-7.52","0.0","1","G1","284.40200000000004","6.488800000000005","97.57200000000005","22.0","0.0","0.0","0.0","3.0","108.0","4.0","0.0","0.0","4.0","0.0","130.93616517228904","1.9694900514609246","963.3137052800088"
"C-2401","cefroxadine","InChI=1S/C16H19N3O5S/c1-24-9-7-25-15-11(14(21)19(15)12(9)16(22)23)18-13(20)10(17)8-5-3-2-4-6-8/h2-3,6,10-11,15H,4-5,7,17H2,1H3,(H,18,20)(H,22,23)","RDMOROXKXONCAL-UHFFFAOYSA-N","COC1=C(N2C(SC1)C(NC(=O)C(N)C3=CCC=CC3)C2=O)C(O)=O","-1.89","0.0","1","G1","365.4110000000001","-0.06739999999999952","91.12590000000004","25.0","6.0","3.0","9.0","5.0","134.0","0.0","1.0","3.0","3.0","121.96000000000001","148.29212204466177","1.693783049831366","714.5587482407901"
"C-2403","1-(methylaminoacetylamino)-3-chloro-4,6-disulfamoylbenzene; n-(5-chloro-2,4-disulfamoylphenyl)-2-(methylamino)acetamide","InChI=1S/C9H13ClN4O5S2/c1-13-4-9(15)14-6-2-5(10)7(20(11,16)17)3-8(6)21(12,18)19/h2-3,13H,4H2,1H3,(H,14,15)(H2,11,16,17)(H2,12,18,19)","QJRULOWVWPKJHB-UHFFFAOYSA-N","CNCC(=O)NC1=C(C=C(C(=C1)Cl)[S](N)(=O)=O)[S](N)(=O)=O","-1.27","0.0","1","G1","356.8130000000001","-1.2072999999999983","76.75480000000002","21.0","6.0","4.0","12.0","5.0","118.0","1.0","0.0","0.0","1.0","161.45","126.29207533568388","3.517733084461139","775.5729041164772"
"C-2404","9-chloro-7-methyl-1,2-benzanthracene;  9-chloro-7-methylbenz[a]anthracene","InChI=1S/C19H13Cl/c1-12-16-9-7-13-4-2-3-5-17(13)19(16)10-14-6-8-15(20)11-18(12)14/h2-11H,1H3","KSPYBKJPLXLJIX-UHFFFAOYSA-N","CC1=C2C=CC3=C(C=CC=C3)C2=CC4=CC=C(Cl)C=C14","-7.44","0.0","1","G1","276.766","6.108020000000003","88.70700000000004","20.0","0.0","0.0","1.0","0.0","96.0","4.0","0.0","0.0","4.0","0.0","122.14460505598086","2.2801691529261157","967.2867569201643"
"C-2405","diisopropyl  2-(4-nitrophenylsulfonyl)succinate; 3-isopropoxycarbonyl-3-(4-nitrophenylsulfonyl)propanoic acid isopropyl ester","InChI=1S/C16H21NO8S/c1-10(2)24-15(18)9-14(16(19)25-11(3)4)26(22,23)13-7-5-12(6-8-13)17(20)21/h5-8,10-11,14H,9H2,1-4H3","UJXAIAIZGQQXIX-UHFFFAOYSA-N","CC(C)OC(=O)CC(C(=O)OC(C)C)[S](=O)(=O)C1=CC=C(C=C1)[N+]([O-])=O","-4.29","0.0","1","G1","387.41000000000014","2.0303999999999998","91.14320000000006","26.0","8.0","0.0","10.0","8.0","144.0","1.0","0.0","0.0","1.0","129.88000000000002","150.9093330268507","3.2225080820430487","767.9444114015362"
"C-2406","fleroxacin","InChI=1S/C17H18F3N3O3/c1-21-4-6-22(7-5-21)15-12(19)8-10-14(13(15)20)23(3-2-18)9-11(16(10)24)17(25)26/h8-9H,2-7H2,1H3,(H,25,26)","XBJBPGROQZJDOJ-UHFFFAOYSA-N","CN1CCN(CC1)C2=C(F)C3=C(C=C2F)C(=O)C(=CN3CCF)C(O)=O","-2.73","0.0","1","G1","369.3430000000001","1.6992","90.76830000000005","26.0","5.0","1.0","9.0","4.0","140.0","2.0","1.0","1.0","3.0","65.78","146.58994438188662","2.27376594138006","921.0797704773661"
"C-2407","s-(-)-nadifloxacin;  jinofloxacin","InChI=1S/C19H21FN2O4/c1-10-2-3-12-16-13(18(24)14(19(25)26)9-22(10)16)8-15(20)17(12)21-6-4-11(23)5-7-21/h8-11,23H,2-7H2,1H3,(H,25,26)","JYJTVFIEFKZWCJ-UHFFFAOYSA-N","CC1CCC2=C(N3CCC(O)CC3)C(=CC4=C2N1C=C(C(O)=O)C4=O)F","-3.78","0.0","1","G1","360.3850000000001","2.3070999999999997","95.61110000000006","26.0","5.0","2.0","7.0","2.0","138.0","2.0","1.0","2.0","4.0","82.76999999999998","149.01732673329082","2.004088915400979","960.3910630719566"
"C-2408","n4-acetyl-n1-(1-ethyl-2-oxopyrimidin-4-yl)sulfanilamide; 4-(n4-acetylsulfanilamido)-1-ethyl-1h-pyrimidin-2-one; n4-acetylsulfacytine","InChI=1S/C14H16N4O4S/c1-3-18-9-8-13(16-14(18)20)17-23(21,22)12-6-4-11(5-7-12)15-10(2)19/h4-9H,3H2,1-2H3,(H,15,19)(H,16,17,20)","FEALZKNFXRGXNS-UHFFFAOYSA-N","CCN1C=CC(=NC1=O)N[S](=O)(=O)C2=CC=C(NC(C)=O)C=C2","-2.71","0.0","1","G1","336.37300000000005","1.0223999999999998","85.72520000000002","23.0","6.0","2.0","9.0","5.0","122.0","2.0","0.0","0.0","2.0","110.16","132.7810776913545","2.2279934661267236","872.3954343241984"
"C-2409","n4-acetylsulfaethidole; 2-(n4-acetylsulfa)-5-ethyl-1,3,4-thiadiazole","InChI=1S/C12H14N4O3S2/c1-3-11-14-15-12(20-11)16-21(18,19)10-6-4-9(5-7-10)13-8(2)17/h4-7H,3H2,1-2H3,(H,13,17)(H,15,16)","UPRXAKRITNJEII-UHFFFAOYSA-N","CCC1=NN=C(N[S](=O)(=O)C2=CC=C(NC(C)=O)C=C2)S1","-3.4","0.0","1","G1","326.403","1.8597000000000001","80.84120000000003","21.0","6.0","2.0","9.0","5.0","112.0","2.0","0.0","0.0","2.0","101.05000000000001","126.01840094353162","2.166306977508776","738.1179612621457"
"C-2411","4-(4-bromo-2-fluorophenylamino)-1,5-dimethyl-6-oxo-1,6-dihydropyridine-3-carboxylic acid methoxyamide","InChI=1S/C15H15BrFN3O3/c1-8-13(18-12-5-4-9(16)6-11(12)17)10(14(21)19-23-3)7-20(2)15(8)22/h4-7,18H,1-3H3,(H,19,21)","FFWCBXXLTJLUOY-UHFFFAOYSA-N","CONC(=O)C1=CN(C)C(=O)C(=C1NC2=CC=C(Br)C=C2F)C","-3.28","0.0","1","G1","384.205","2.6301200000000007","88.27790000000003","23.0","5.0","2.0","8.0","4.0","122.0","2.0","0.0","0.0","2.0","72.36","139.90132055554534","2.5722082423067816","820.34489260479"
"C-2413","coroxon","InChI=1S/C14H16ClO6P/c1-4-18-22(17,19-5-2)21-10-6-7-11-9(3)13(15)14(16)20-12(11)8-10/h6-8H,4-5H2,1-3H3","FDYMERLIFOUIRZ-UHFFFAOYSA-N","CCO[P](=O)(OCC)OC1=CC2=C(C=C1)C(=C(Cl)C(=O)O2)C","-3.18","0.0","1","G1","346.7030000000001","4.314720000000003","83.71750000000003","22.0","6.0","0.0","8.0","6.0","120.0","2.0","0.0","0.0","2.0","74.97","132.0976297371454","2.4320213745926895","774.7321033828223"
"C-2422","acyclovir ester iii,  o-[(4-dimethylaminomethyl)benzoyl]acyclovir","InChI=1S/C18H22N6O4/c1-23(2)9-12-3-5-13(6-4-12)17(26)28-8-7-27-11-24-10-20-14-15(24)21-18(19)22-16(14)25/h3-6,10H,7-9,11H2,1-2H3,(H3,19,21,22,25)","WNZOPNWEGQVFCY-UHFFFAOYSA-N","CN(C)CC1=CC=C(C=C1)C(=O)OCCOC[N]2C=NC3=C2N=C(N)NC3=O","-2.47","0.0","1","G1","386.41200000000003","0.5945000000000003","102.62860000000003","28.0","9.0","2.0","10.0","8.0","148.0","3.0","0.0","0.0","3.0","128.35999999999999","160.45269153483898","1.4585584145813835","1009.0828847849522"
"C-2423","n3-[(3-hydroxy-2-hydroxymethyl)propanoyloxymethyl]phenytoin","InChI=1S/C20H20N2O6/c23-11-14(12-24)17(25)28-13-22-18(26)20(21-19(22)27,15-7-3-1-4-8-15)16-9-5-2-6-10-16/h1-10,14,23-24H,11-13H2,(H,21,27)","WTFDBEWCLSDGPA-UHFFFAOYSA-N","OCC(CO)C(=O)OCN1C(=O)NC(C1=O)(C2=CC=CC=C2)C3=CC=CC=C3","-2.21","0.0","1","G1","384.38800000000003","0.5834999999999999","97.66230000000002","28.0","6.0","3.0","8.0","7.0","146.0","2.0","1.0","1.0","3.0","116.16999999999999","160.89847797504623","1.9253669291716142","812.0143376711897"
"C-2425","ketoprofen,  ester 4c; n-methyl-n-[2-(2'-(3''-benzoyl-phenyl)propanoyloxy)acetyl]glycineamide","InChI=1S/C21H22N2O5/c1-14(21(27)28-13-19(25)23(2)12-18(22)24)16-9-6-10-17(11-16)20(26)15-7-4-3-5-8-15/h3-11,14H,12-13H2,1-2H3,(H2,22,24)","HJQCXQXWUDAPBT-UHFFFAOYSA-N","CC(C(=O)OCC(=O)N(C)CC(N)=O)C1=CC(=CC=C1)C(=O)C2=CC=CC=C2","-2.42","0.0","1","G1","382.41600000000005","1.508","102.52190000000002","28.0","5.0","1.0","7.0","8.0","146.0","2.0","0.0","0.0","2.0","106.77000000000001","162.63233435202847","2.0259533295756462","879.3744973570895"
"C-2426","7-pentyl-benz[a]anthracene","InChI=1S/C23H22/c1-2-3-4-13-21-20-12-8-6-10-18(20)16-23-19-11-7-5-9-17(19)14-15-22(21)23/h5-12,14-16H,2-4,13H2,1H3","OPHSDBPYDDKGOA-UHFFFAOYSA-N","CCCCCC1=C2C=CC3=C(C=CC=C3)C2=CC4=C1C=CC=C4","-8.57","0.0","1","G1","298.429","6.878900000000006","102.18900000000004","23.0","0.0","0.0","0.0","4.0","114.0","4.0","0.0","0.0","4.0","0.0","137.3011072866856","2.0559614447464893","978.9097796198781"
"C-2427","2,2',3,3',4,4',5,5'-octachlorodiphenyl  ether","InChI=1S/C12H2Cl8O/c13-3-1-5(9(17)11(19)7(3)15)21-6-2-4(14)8(16)12(20)10(6)18/h1-2H","IXZVOZCULZBCDY-UHFFFAOYSA-N","ClC1=CC(=C(Cl)C(=C1Cl)Cl)OC2=CC(=C(Cl)C(=C2Cl)Cl)Cl","-10.1","0.015000000000000568","2","G3","445.77099999999996","8.7061","93.038","21.0","1.0","0.0","9.0","2.0","112.0","2.0","0.0","0.0","2.0","9.23","160.02817237012124","2.5386450742168876","666.6729701386387"
"C-2428","4-(4-bromo-2-fluorophenylamino)-n-ethoxy-1,5-dimethyl-6-oxo-1,6-dihydropyridine-3-carboxamide","InChI=1S/C16H17BrFN3O3/c1-4-24-20-15(22)11-8-21(3)16(23)9(2)14(11)19-13-6-5-10(17)7-12(13)18/h5-8,19H,4H2,1-3H3,(H,20,22)","IKVITEMYFVVJFY-UHFFFAOYSA-N","CCONC(=O)C1=CN(C)C(=O)C(=C1NC2=C(F)C=C(Br)C=C2)C","-3.82","0.0","1","G1","398.232","3.020220000000001","92.8949","24.0","5.0","2.0","8.0","5.0","128.0","2.0","0.0","0.0","2.0","72.36","146.2662626699419","2.5197260829051182","836.0478403098894"
"C-2429","5,5-diphenylhydantoin-3-methyl  octanoate","InChI=1S/C24H28N2O4/c1-2-3-4-5-12-17-21(27)30-18-26-22(28)24(25-23(26)29,19-13-8-6-9-14-19)20-15-10-7-11-16-20/h6-11,13-16H,2-5,12,17-18H2,1H3,(H,25,29)","IDZYLIZKJFAXAS-UHFFFAOYSA-N","CCCCCCCC(=O)OCN1C(=O)NC(C1=O)(C2=CC=CC=C2)C3=CC=CC=C3","-6.52","0.0","1","G1","408.49800000000005","4.343200000000004","113.37670000000003","30.0","4.0","1.0","6.0","10.0","158.0","2.0","1.0","1.0","3.0","75.71000000000001","176.76977892824064","1.7218262827368163","827.7893712453786"
"C-2431","2-bromo-4-nitro-1-sulfanilamidobenzene;  2-bromo-4-nitro-1-sulfabenzene","InChI=1S/C12H10BrN3O4S/c13-11-7-9(16(17)18)3-6-12(11)15-21(19,20)10-4-1-8(14)2-5-10/h1-7,15H,14H2","HMKBHDBLXCCKGW-UHFFFAOYSA-N","NC1=CC=C(C=C1)[S](=O)(=O)NC2=CC=C(C=C2Br)[N+]([O-])=O","-4.78","0.0","1","G1","372.20000000000005","2.7403000000000013","82.45930000000003","21.0","5.0","2.0","9.0","4.0","110.0","2.0","0.0","0.0","2.0","115.33000000000001","128.65954942673795","2.324830948689569","790.6498799301238"
"C-2432","2-carboxy-7-methylsulfinylxanthone; 7-methylsulfinylxanthone-2-carboxylic acid; 7-methylsulfinyl-9-oxo-9h-xanthene-2-carboxylic acid","InChI=1S/C15H10O5S/c1-21(19)9-3-5-13-11(7-9)14(16)10-6-8(15(17)18)2-4-12(10)20-13/h2-7H,1H3,(H,17,18)","PCVFKIXSNYJABV-UHFFFAOYSA-N","C[S](=O)C1=CC=C2OC3=C(C=C(C=C3)C(O)=O)C(=O)C2=C1","-5.02","0.0","1","G1","302.3070000000001","2.3817999999999993","79.28170000000001","21.0","4.0","1.0","6.0","2.0","106.0","3.0","0.0","0.0","3.0","84.57999999999998","120.82096539162913","2.4199278318967408","895.8626712618675"
"C-2434","rs-82917;  7-(4-methylthiobenzoyl)benzofuran-5-yl-acetic acid","InChI=1S/C18H14O4S/c1-23-14-4-2-12(3-5-14)17(21)15-9-11(10-16(19)20)8-13-6-7-22-18(13)15/h2-9H,10H2,1H3,(H,19,20)","WNYGTKAHASSKJM-UHFFFAOYSA-N","CSC1=CC=C(C=C1)C(=O)C2=CC(=CC3=C2OC=C3)CC(O)=O","-5.51","0.0","1","G1","326.37300000000005","4.012800000000002","89.20930000000006","23.0","4.0","1.0","5.0","5.0","116.0","3.0","0.0","0.0","3.0","67.50999999999999","136.66464755660826","2.0692478121576032","877.6779064313266"
"C-2435","chlorsulfuron","InChI=1S/C12H12ClN5O4S/c1-7-14-10(17-12(15-7)22-2)16-11(19)18-23(20,21)9-6-4-3-5-8(9)13/h3-6H,1-2H3,(H2,14,15,16,17,18,19)","VJYIFXVZLXQVHO-UHFFFAOYSA-N","COC1=NC(=NC(=N1)NC(=O)N[S](=O)(=O)C2=CC=CC=C2Cl)C","-1.71","0.0","1","G1","357.77900000000005","1.3524199999999995","81.90820000000002","23.0","7.0","2.0","11.0","4.0","122.0","2.0","0.0","0.0","2.0","123.16999999999999","136.68110142765386","2.163978048157975","843.0947313914457"
"C-2436","2-sulfamoyl-5-phenylsulfonamido-1,3,4-thiadiazole","InChI=1S/C8H8N4O4S3/c9-18(13,14)8-11-10-7(17-8)12-19(15,16)6-4-2-1-3-5-6/h1-5H,(H,10,12)(H2,9,13,14)","PWDGTQXZLNDOKS-UHFFFAOYSA-N","N[S](=O)(=O)C1=NN=C(N[S](=O)(=O)C2=CC=CC=C2)S1","-2.9","0.0","1","G1","320.377","-0.01369999999999938","68.53270000000002","19.0","7.0","2.0","11.0","4.0","102.0","2.0","0.0","0.0","2.0","132.11","112.94791479172119","2.2955418017694145","782.4113557012791"
"C-2438","4-(4-bromo-2-fluorophenylamino)-5-fluoro-1-methyl-6-oxo-1,6-dihydropyridine-3-carboxylic acid ethoxyamide","InChI=1S/C15H14BrF2N3O3/c1-3-24-20-14(22)9-7-21(2)15(23)12(18)13(9)19-11-5-4-8(16)6-10(11)17/h4-7,19H,3H2,1-2H3,(H,20,22)","GSLVKBRGRSHUAU-UHFFFAOYSA-N","CCONC(=O)C1=CN(C)C(=O)C(=C1NC2=CC=C(Br)C=C2F)F","-4.19","0.0","1","G1","402.195","2.850900000000001","88.11590000000002","24.0","5.0","2.0","9.0","5.0","128.0","2.0","0.0","0.0","2.0","72.36","144.06685595847156","2.519726082905118","839.4444813757616"
"C-2439","1,2,3,6,7,8-hexachlorodibenzofuran","InChI=1S/C12H2Cl6O/c13-4-1-3-7-6(2-5(14)8(15)10(7)17)19-12(3)11(18)9(4)16/h1-2H","JEYJJJXOFWNEHN-UHFFFAOYSA-N","ClC1=CC2=C(C(=C1Cl)Cl)C3=C(O2)C(=C(Cl)C(=C3)Cl)Cl","-10.3","0.01499999999999968","2","G3","374.865","7.5064","83.77999999999999","19.0","1.0","0.0","7.0","0.0","98.0","3.0","0.0","0.0","3.0","13.14","137.40865880833422","2.620539563600211","835.6989004553219"
"C-2442","quercetin dihydrate; 3,5,7,3',4'-pentahydroxyflavone*2h2o; meletin; sophoretin","InChI=1S/C15H10O7/c16-7-4-10(19)12-11(5-7)22-15(14(21)13(12)20)6-1-2-8(17)9(18)3-6/h1-5,16-19,21H","REFJWTPEDVJJIY-UHFFFAOYSA-N","OC1=CC2=C(C(=C1)O)C(=O)C(=C(O2)C3=CC=C(O)C(=C3)O)O","-1.99","0.0","1","G1","302.23799999999994","1.9879999999999995","76.24399999999999","22.0","7.0","5.0","7.0","1.0","112.0","3.0","0.0","0.0","3.0","131.36","122.10766954232909","2.3772579684492388","956.2426827834671"
"C-2444","miconazole","InChI=1S/C18H14Cl4N2O/c19-13-2-1-12(16(21)7-13)10-25-18(9-24-6-5-23-11-24)15-4-3-14(20)8-17(15)22/h1-8,11,18H,9-10H2","BYBLEWFAAKGYCD-UHFFFAOYSA-N","ClC1=CC(=C(COC(C[N]2C=CN=C2)C3=CC=C(Cl)C=C3Cl)C=C1)Cl","-5.08","0.815","2","G2","416.1350000000001","6.454800000000002","102.68100000000001","25.0","3.0","0.0","7.0","6.0","130.0","3.0","0.0","0.0","3.0","27.05","165.60580790040453","1.8269922473983415","852.287332800423"
"C-2445","tmppt; tetramethylpyrimidopteridinetetrone","InChI=1S/C12H12N6O4/c1-15-7-5(9(19)17(3)11(15)21)13-6-8(14-7)16(2)12(22)18(4)10(6)20/h1-4H3","PATBXKKMHRDFHF-UHFFFAOYSA-N","CN1C(=O)N(C)C2=C(N=C3C(=O)N(C)C(=O)N(C)C3=N2)C1=O","-3.31","0.0","1","G1","304.266","-2.4221999999999975","78.00800000000001","22.0","10.0","0.0","10.0","0.0","114.0","3.0","0.0","0.0","3.0","113.78","121.05836287278923","2.77142328500971","1102.387364150185"
"C-2447","2-sulfamoyl-5-benzylsulfonylamido-1,3,4-thiadiazole; 5-benzylsulfonylamino-1,3,4-thiadiazole-2-sulfonamide","InChI=1S/C9H10N4O4S3/c10-20(16,17)9-12-11-8(18-9)13-19(14,15)6-7-4-2-1-3-5-7/h1-5H,6H2,(H,11,13)(H2,10,16,17)","CYPRFFCTABNEJY-UHFFFAOYSA-N","N[S](=O)(=O)C1=NN=C(N[S](=O)(=O)CC2=CC=CC=C2)S1","-2.7","0.0","1","G1","334.404","0.12740000000000085","73.97070000000002","20.0","7.0","2.0","11.0","5.0","108.0","2.0","0.0","0.0","2.0","132.11","119.31285690611777","2.148106795067362","798.7280228547764"
"C-2448","methyl alpha-(4-nitrophenylsulfonyl)cinnamate; 2-methoxycarbonyl-2-(4-nitrophenylsulfonyl)styrene","InChI=1S/C16H13NO6S/c1-23-16(18)15(11-12-5-3-2-4-6-12)24(21,22)14-9-7-13(8-10-14)17(19)20/h2-11H,1H3/b15-11-","POYJJXCXXKQSST-PTNGSMBKSA-N","COC(=O)\C(=C\C1=CC=CC=C1)[S](=O)(=O)C2=CC=C(C=C2)[N+]([O-])=O","-4.57","0.0","1","G1","347.34800000000007","2.5826000000000002","86.71720000000005","24.0","6.0","0.0","8.0","5.0","124.0","2.0","0.0","0.0","2.0","103.58000000000001","137.8121041848002","2.538409537169663","885.9246961462785"
"C-2449","coumachlor  (hemiketal isomer)","InChI=1S/C19H15ClO4/c1-19(22)10-14(11-6-8-12(20)9-7-11)16-17(24-19)13-4-2-3-5-15(13)23-18(16)21/h2-9,14,22H,10H2,1H3","ARIFBMNLDCJVSE-UHFFFAOYSA-N","CC1(O)CC(C2=CC=C(Cl)C=C2)C3=C(O1)C4=C(OC3=O)C=CC=C4","-5.84","0.0","1","G1","342.778","4.069300000000003","91.64780000000002","24.0","4.0","1.0","5.0","1.0","122.0","3.0","0.0","1.0","4.0","59.67","142.80148329399074","2.0066276911491467","972.8185013146048"
"C-2450","valdecoxib","InChI=1S/C16H14N2O3S/c1-11-15(12-7-9-14(10-8-12)22(17,19)20)16(18-21-11)13-5-3-2-4-6-13/h2-10H,1H3,(H2,17,19,20)","LNPDTQAFDNKSHK-UHFFFAOYSA-N","CC1=C(C2=CC=C(C=C2)[S](N)(=O)=O)C(=NO1)C3=CC=CC=C3","-4.52","0.0","1","G1","314.36599999999993","2.9644200000000005","83.48520000000002","22.0","4.0","1.0","6.0","3.0","112.0","3.0","0.0","0.0","3.0","86.19000000000001","127.97653378624211","2.1152086708703175","898.3237942363404"
"C-2451","4-(4-bromo-2-fluorophenylamino)-n-(2-hydroxyethoxy)-1,5-dimethyl-6-oxo-1,6-dihydropyridine-3-carboxamide","InChI=1S/C16H17BrFN3O4/c1-9-14(19-13-4-3-10(17)7-12(13)18)11(8-21(2)16(9)24)15(23)20-25-6-5-22/h3-4,7-8,19,22H,5-6H2,1-2H3,(H,20,23)","XHELVEVNEWRBRH-UHFFFAOYSA-N","CN1C=C(C(=O)NOCCO)C(=C(C)C1=O)NC2=C(F)C=C(Br)C=C2","-2.96","0.0","1","G1","414.231","1.9926199999999998","94.30669999999999","25.0","6.0","3.0","9.0","6.0","134.0","2.0","0.0","0.0","2.0","92.59","151.0604964221379","2.4540211994155197","854.0039641187757"
"C-2452","2-sulfamoyl-6-(aminoacetamidoacetoxyethoxy)benzothiazole","InChI=1S/C13H16N4O6S2/c14-6-11(18)16-7-12(19)23-4-3-22-8-1-2-9-10(5-8)24-13(17-9)25(15,20)21/h1-2,5H,3-4,6-7,14H2,(H,16,18)(H2,15,20,21)","WNQBATPBJYGENS-UHFFFAOYSA-N","NCC(=O)NCC(=O)OCCOC1=CC2=C(C=C1)N=C(S2)[S](N)(=O)=O","-1.3","0.0","1","G1","388.4270000000001","-1.0593999999999995","89.51130000000002","25.0","9.0","3.0","12.0","8.0","136.0","2.0","0.0","0.0","2.0","163.7","146.70328571811967","1.8290235831199113","879.7716083264708"
"C-2453","2-sulfamoyl-5-(4'-tolyl)sulfonamido-1,3,4-thiadiazole; 5-(4-methylbenzenesulfonylamino)-1,3,4-thiadiazole-2-sulfonamide","InChI=1S/C9H10N4O4S3/c1-6-2-4-7(5-3-6)20(16,17)13-8-11-12-9(18-8)19(10,14)15/h2-5H,1H3,(H,11,13)(H2,10,14,15)","FNICBGZPBTURDA-UHFFFAOYSA-N","CC1=CC=C(C=C1)[S](=O)(=O)NC2=NN=C(S2)[S](N)(=O)=O","-1.22","0.0","1","G1","334.40400000000005","0.29472000000000004","73.26970000000001","20.0","7.0","2.0","11.0","4.0","108.0","2.0","0.0","0.0","2.0","132.10999999999999","119.31285690611774","2.290136497239401","824.3325437360894"
"C-2454","bumetanide","InChI=1S/C17H20N2O5S/c1-2-3-9-19-14-10-12(17(20)21)11-15(25(18,22)23)16(14)24-13-7-5-4-6-8-13/h4-8,10-11,19H,2-3,9H2,1H3,(H,20,21)(H2,18,22,23)","MAEIEVLCKWDQJH-UHFFFAOYSA-N","CCCCNC1=C(OC2=CC=CC=C2)C(=CC(=C1)C(O)=O)[S](N)(=O)=O","-3.56","0.0","1","G1","364.4230000000001","3.0365","94.68820000000004","25.0","5.0","3.0","8.0","8.0","134.0","2.0","0.0","0.0","2.0","118.72","146.0330377523266","2.591803585839536","850.8419702178361"
"C-2456","sparfloxacin","InChI=1S/C19H22F2N4O3/c1-8-5-24(6-9(2)23-8)17-13(20)15(22)12-16(14(17)21)25(10-3-4-10)7-11(18(12)26)19(27)28/h7-10,23H,3-6,22H2,1-2H3,(H,27,28)","DZZWHBIBMUVIIW-UHFFFAOYSA-N","CC1CN(CC(C)N1)C2=C(F)C3=C(C(=C2F)N)C(=O)C(=CN3C4CC4)C(O)=O","-3.37","0.0","1","G1","392.4060000000001","2.0815999999999995","102.03940000000004","28.0","6.0","3.0","9.0","3.0","150.0","2.0","2.0","2.0","4.0","100.59","159.27838126464175","2.046795056183286","1038.1212061890906"
"C-2457","glafenine","InChI=1S/C19H17ClN2O4/c20-12-5-6-14-17(7-8-21-18(14)9-12)22-16-4-2-1-3-15(16)19(25)26-11-13(24)10-23/h1-9,13,23-24H,10-11H2,(H,21,22)","GWOFUCIGLDBNKM-UHFFFAOYSA-N","OCC(O)COC(=O)C1=C(NC2=C3C=CC(=CC3=NC=C2)Cl)C=CC=C1","-4.54","1.690551123812061","3","G4","372.808","3.141800000000001","99.8528","26.0","6.0","3.0","7.0","6.0","134.0","3.0","0.0","0.0","3.0","91.67999999999999","154.5662415402615","1.8834400033550658","932.3111129403959"
"C-2458","5-(4-aminobenzenesulfonamido)-1,3,4-thiadiazole-2-sulfonamide","InChI=1S/C8H9N5O4S3/c9-5-1-3-6(4-2-5)20(16,17)13-7-11-12-8(18-7)19(10,14)15/h1-4H,9H2,(H,11,13)(H2,10,14,15)","BDLSLORLEPSOGW-UHFFFAOYSA-N","NC1=CC=C(C=C1)[S](=O)(=O)NC2=NN=C(S2)[S](N)(=O)=O","-1.5","0.0","1","G1","335.39200000000005","-0.43150000000000016","72.94510000000001","20.0","8.0","3.0","12.0","4.0","108.0","2.0","0.0","0.0","2.0","158.13","118.28780548873384","2.290136497239401","825.2522282746334"
"C-2460","tamoxifen","InChI=1S/C26H29NO/c1-4-25(21-11-7-5-8-12-21)26(22-13-9-6-10-14-22)23-15-17-24(18-16-23)28-20-19-27(2)3/h5-18H,4,19-20H2,1-3H3/b26-25-","NKANXQFJJICGDU-QPLCGJKRSA-N","CCC(/C1=CC=CC=C1)=C(\C2=CC=CC=C2)C3=CC=C(OCCN(C)C)C=C3","-8.49","0.0","1","G1","371.52400000000017","5.996100000000007","119.58200000000006","28.0","2.0","0.0","2.0","8.0","144.0","3.0","0.0","0.0","3.0","12.47","168.64890431432394","1.9959473772927907","880.735533510235"
"C-2462","5-(3-aminobenzenesulfonamido)-1,3,4-thiadiazole-2-sulfonamide","InChI=1S/C8H9N5O4S3/c9-5-2-1-3-6(4-5)20(16,17)13-7-11-12-8(18-7)19(10,14)15/h1-4H,9H2,(H,11,13)(H2,10,14,15)","ZAVXXOXJXNKOFP-UHFFFAOYSA-N","NC1=CC=CC(=C1)[S](=O)(=O)NC2=NN=C(S2)[S](N)(=O)=O","-1.54","0.0","1","G1","335.39200000000005","-0.43150000000000016","72.94510000000001","20.0","8.0","3.0","12.0","4.0","108.0","2.0","0.0","0.0","2.0","158.13","118.28780548873384","2.3171610298004977","842.5022282746336"
"C-2463","midazolam","InChI=1S/C18H13ClFN3/c1-11-21-9-13-10-22-18(14-4-2-3-5-16(14)20)15-8-12(19)6-7-17(15)23(11)13/h2-9H,10H2,1H3","DDLIGBOFAVUZHB-UHFFFAOYSA-N","CC1=NC=C2CN=C(C3=C(F)C=CC=C3)C4=C(C=CC(=C4)Cl)[N]12","-4.13","0.0","1","G1","325.77400000000006","4.324220000000003","89.05400000000003","23.0","3.0","0.0","5.0","1.0","114.0","3.0","0.0","1.0","4.0","30.18","137.63749072550982","2.0274961737508215","943.1897985853425"
"C-2467","prosulfalin","InChI=1S/C14H22N4O6S2/c1-5-7-16(8-6-2)14-12(17(19)20)9-11(10-13(14)18(21)22)26(23,24)15-25(3)4/h9-10H,5-8H2,1-4H3","LKVOXDJKFRBRQV-UHFFFAOYSA-N","CCCN(CCC)C1=C(C=C(C=C1[N+]([O-])=O)[S](=O)(=O)N=[S](C)C)[N+]([O-])=O","-4.86","0.0","1","G1","406.48600000000016","2.8796000000000017","101.37260000000005","26.0","7.0","0.0","12.0","9.0","146.0","1.0","0.0","0.0","1.0","136.02","154.20480787554268","3.8394224507006953","792.8339086039589"
"C-2468","2-Amino-2-(4-aminophenyl)-N-[(2R,5S,6S)-3,3-dimethyl-7-oxo-2-(2H-tetrazol-5-yl)-4-thia-1-azabicyclo[3.2.0]hept-6-yl]acetamide","InChI=1S/C16H20N8O2S/c1-16(2)11(12-20-22-23-21-12)24-14(26)10(15(24)27-16)19-13(25)9(18)7-3-5-8(17)6-4-7/h3-6,9-11,15H,17-18H2,1-2H3,(H,19,25)(H,20,21,22,23)","KKJLKMXROHVRMW-UHFFFAOYSA-N","CC1(C)SC2C(NC(=O)C(N)C3=CC=C(N)C=C3)C(=O)N2C1C4=NN=N[NH]4","-1.57","0.0","1","G1","388.45700000000005","-0.29849999999999927","98.93620000000001","27.0","8.0","4.0","11.0","4.0","142.0","2.0","2.0","2.0","4.0","155.91","158.97041059042965","1.4820061575039778","869.0552506197238"
"C-2469","2-sulfamoyl-5-pentafluorobenzoylamido-1,3,4-thiadiazole","InChI=1S/C9H3F5N4O3S2/c10-2-1(3(11)5(13)6(14)4(2)12)7(19)16-8-17-18-9(22-8)23(15,20)21/h(H2,15,20,21)(H,16,17,19)","FQQZIMNHENDFJL-UHFFFAOYSA-N","N[S](=O)(=O)C1=NN=C(NC(=O)C2=C(F)C(=C(F)C(=C2F)F)F)S1","-1.37","0.0","1","G1","374.272","1.1332999999999998","65.46739999999997","23.0","6.0","2.0","14.0","3.0","124.0","2.0","0.0","0.0","2.0","115.04000000000002","127.54128012837764","2.4111572051888173","885.1455837513711"
"C-2471","acyclovir ester vi;  acyclovir 3-(dipropylaminomethyl)benzoate","InChI=1S/C22H30N6O4/c1-3-8-27(9-4-2)13-16-6-5-7-17(12-16)21(30)32-11-10-31-15-28-14-24-18-19(28)25-22(23)26-20(18)29/h5-7,12,14H,3-4,8-11,13,15H2,1-2H3,(H3,23,25,26,29)","NVMBLZBSOKIKNO-UHFFFAOYSA-N","CCCN(CCC)CC1=CC=CC(=C1)C(=O)OCCOC[N]2C=NC3=C2N=C(N)NC3=O","-0.35","0.0","1","G1","442.5200000000002","2.1549","121.09660000000005","32.0","9.0","2.0","10.0","12.0","172.0","3.0","0.0","0.0","3.0","128.35999999999999","185.91245999242545","1.475321343664842","1087.4597219790141"
"C-2472","2-sulfamoyl-5-(4-chlorobenzenesulfonamido)-1,3,4-thiadiazole","InChI=1S/C8H7ClN4O4S3/c9-5-1-3-6(4-2-5)20(16,17)13-7-11-12-8(18-7)19(10,14)15/h1-4H,(H,11,13)(H2,10,14,15)","AJSWHUXLZRXPJL-UHFFFAOYSA-N","N[S](=O)(=O)C1=NN=C(N[S](=O)(=O)C2=CC=C(Cl)C=C2)S1","-2.01","0.0","1","G1","354.822","0.6397000000000004","73.54270000000001","20.0","7.0","2.0","12.0","4.0","108.0","2.0","0.0","0.0","2.0","132.11","123.25118101860285","2.2901364972394003","828.8618687490703"
"C-2473","n1-(4-sulfamoylbenzyl)-n3-[(1-carboxy-2-hydroxy-2-phenyl)ethyl]thiourea; 2-(4-sulfamoylbenzyl)thioureido-3-hydroxy-3-phenylpropanoic acid","InChI=1S/C17H19N3O5S2/c18-27(24,25)13-8-6-11(7-9-13)10-19-17(26)20-14(16(22)23)15(21)12-4-2-1-3-5-12/h1-9,14-15,21H,10H2,(H,22,23)(H2,18,24,25)(H2,19,20,26)","GQACNASLZSJPSN-UHFFFAOYSA-N","N[S](=O)(=O)C1=CC=C(CNC(=S)NC(C(O)C2=CC=CC=C2)C(O)=O)C=C1","-1.29","0.0","1","G1","409.4890000000001","0.4849000000000003","103.21420000000002","27.0","5.0","5.0","10.0","7.0","144.0","2.0","0.0","0.0","2.0","141.75","161.62236870582856","1.9708527444006914","901.9259374138554"
"C-2475","2-sulfamoyl-4-methyl-5-benzylsulfonylimido-1,3,4-thiadiazoline; 5-benzylsulfonylimido-4-methyl-delta2-1,3,4-thiadiazoline-2-sulfonamide","InChI=1S/C10H12N4O4S3/c1-14-9(19-10(12-14)21(11,17)18)13-20(15,16)7-8-5-3-2-4-6-8/h2-6H,7H2,1H3,(H2,11,17,18)","CEOILGDNBOGUIQ-UHFFFAOYSA-N","CN1N=C(SC1=N[S](=O)(=O)CC2=CC=CC=C2)[S](N)(=O)=O","-2.48","0.0","1","G1","348.4310000000001","-0.44029999999999964","77.08700000000002","21.0","7.0","1.0","11.0","4.0","114.0","2.0","0.0","0.0","2.0","124.47999999999999","125.23323080936179","2.414042088015637","910.712456798816"
"C-2476","2-sulfamoyl-5-(4'-anisyl)sulfonylamido-1,3,4-thiadiazole; 5-(4-methoxybenzenesulfonylamino)-1,3,4-thiadiazole-2-sulfonamide","InChI=1S/C9H10N4O5S3/c1-18-6-2-4-7(5-3-6)21(16,17)13-8-11-12-9(19-8)20(10,14)15/h2-5H,1H3,(H,11,13)(H2,10,14,15)","DWBVNWWEQWTHLV-UHFFFAOYSA-N","COC1=CC=C(C=C1)[S](=O)(=O)NC2=NN=C(S2)[S](N)(=O)=O","-2.25","0.0","1","G1","350.4030000000001","-0.005099999999999716","75.08470000000001","21.0","8.0","2.0","12.0","5.0","114.0","2.0","0.0","0.0","2.0","141.34","124.42640213562463","2.2620294476884473","841.7632134479193"
"C-2478","prazosin","InChI=1S/C19H21N5O4/c1-26-15-10-12-13(11-16(15)27-2)21-19(22-17(12)20)24-7-5-23(6-8-24)18(25)14-4-3-9-28-14/h3-4,9-11H,5-8H2,1-2H3,(H2,20,21,22)","IENZQIKPVFGBNW-UHFFFAOYSA-N","COC1=CC2=C(C=C1OC)C(=NC(=N2)N3CCN(CC3)C(=O)C4=CC=CO4)N","-5.09","0.0","1","G1","383.4080000000002","1.7845999999999997","103.87890000000002","28.0","8.0","1.0","9.0","4.0","146.0","3.0","1.0","1.0","4.0","106.95","161.20072132699005","1.5561913356619825","997.2266742298813"
"C-2480","2-sulfamoyl-4-methyl-5-(4-tolylsulfonylimido)-1,3,4-thiadiazoline; 5-(4-methylbenzenesulfonylimido)-4-methyl-delta2-1,3,4-thiadiazoline-2-sulfonamide","InChI=1S/C10H12N4O4S3/c1-7-3-5-8(6-4-7)21(17,18)13-9-14(2)12-10(19-9)20(11,15)16/h3-6H,1-2H3,(H2,11,15,16)","JGNXJEMYLRMWGB-UHFFFAOYSA-N","CN1N=C(SC1=N[S](=O)(=O)C2=CC=C(C)C=C2)[S](N)(=O)=O","-2.84","0.0","1","G1","348.4310000000001","-0.27297999999999945","76.38600000000002","21.0","7.0","1.0","11.0","3.0","114.0","2.0","0.0","0.0","2.0","124.47999999999999","125.23323080936179","2.57840316906822","936.9341796344468"
"C-2482","naproxen-derivat 3 d","InChI=1S/C25H27NO5/c1-17(19-8-9-21-16-22(29-2)11-10-20(21)15-19)24(27)30-12-13-31-25(28)23(26)14-18-6-4-3-5-7-18/h3-11,15-17,23H,12-14,26H2,1-2H3","MZAKIGQNEBYEKL-UHFFFAOYSA-N","COC1=CC=C2C=C(C=CC2=C1)C(C)C(=O)OCCOC(=O)C(N)CC3=CC=CC=C3","-3.75","0.0","1","G1","421.49300000000017","3.6083000000000016","118.95440000000002","31.0","6.0","1.0","6.0","9.0","162.0","3.0","0.0","0.0","3.0","87.85000000000001","181.45821147248657","1.4544362683785006","1034.5216149042665"
"C-2484","alpha-cyclodextrin;  alfadex","InChI=1S/C36H60O30/c37-1-7-25-13(43)19(49)31(55-7)62-26-8(2-38)57-33(21(51)15(26)45)64-28-10(4-40)59-35(23(53)17(28)47)66-30-12(6-42)60-36(24(54)18(30)48)65-29-11(5-41)58-34(22(52)16(29)46)63-27-9(3-39)56-32(61-25)20(50)14(27)44/h7-54H,1-6H2","HFHDHCJBZVLPGP-UHFFFAOYSA-N","OCC1OC2OC3C(O)C(O)C(OC3CO)OC4C(O)C(O)C(OC4CO)OC5C(O)C(O)C(OC5CO)OC6C(O)C(O)C(OC6CO)OC7C(O)C(O)C(OC7CO)OC1C(O)C2O","-0.91","0.01773429255000003","2","G3","972.8460000000007","-13.054800000000023","195.80039999999963","66.0","30.0","18.0","30.0","6.0","384.0","0.0","22.0","22.0","22.0","474.9000000000002","372.13015725061695","1.1902543703171793","1233.4857443469036"
"C-2485","n1-(1-benzyl-2-oxopyrimidin-4-yl)sulfanilamide;  1-benzyl-4-sulfapyrimidin-2-one","InChI=1S/C17H16N4O3S/c18-14-6-8-15(9-7-14)25(23,24)20-16-10-11-21(17(22)19-16)12-13-4-2-1-3-5-13/h1-11H,12,18H2,(H,19,20,22)","HLCYDXRGEPUIOB-UHFFFAOYSA-N","NC1=CC=C(C=C1)[S](=O)(=O)NC2=NC(=O)N(CC3=CC=CC=C3)C=C2","-4.8","0.0","1","G1","356.40700000000004","1.6745999999999994","95.70389999999999","25.0","6.0","2.0","8.0","5.0","128.0","3.0","0.0","0.0","3.0","107.08000000000001","144.37185196758958","1.8087222150735298","1029.4930421498273"
"C-2486","5-(4-fluorobenzenesulfonylimido)-4-methyl-2-sulfonamido-delta2-1,3,4-thiadiazoline","InChI=1S/C9H9FN4O4S3/c1-14-8(19-9(12-14)20(11,15)16)13-21(17,18)7-4-2-6(10)3-5-7/h2-5H,1H3,(H2,11,15,16)","YTIHPYNMOXPHQK-UHFFFAOYSA-N","CN1N=C(SC1=N[S](=O)(=O)C2=CC=C(F)C=C2)[S](N)(=O)=O","-2.03","0.0","1","G1","352.39400000000006","-0.44229999999999964","71.60700000000001","21.0","7.0","1.0","12.0","3.0","114.0","2.0","0.0","0.0","2.0","124.47999999999999","123.03382409789141","2.57840316906822","941.6241355703396"
"C-2488","n-[(2-methylamino)acetyl]dorzolamide","InChI=1S/C13H21N3O5S3/c1-4-16(11(17)7-15-3)10-5-8(2)23(18,19)13-9(10)6-12(22-13)24(14,20)21/h6,8,10,15H,4-5,7H2,1-3H3,(H2,14,20,21)","AEDNMSDIHOZVTQ-UHFFFAOYSA-N","CCN(C1CC(C)[S](=O)(=O)C2=C1C=C(S2)[S](N)(=O)=O)C(=O)CNC","-1.21","0.0","1","G1","395.52800000000013","0.07040000000000118","91.01170000000005","24.0","7.0","2.0","11.0","5.0","136.0","1.0","0.0","1.0","2.0","126.63999999999999","145.54769719101824","2.614889698641198","844.2033635592527"
"C-2489","5-(4-aminobenzenesulfonylimido)-4-methyl-delta2-1,3,4-thiadiazoline-2-sulfonamide","InChI=1S/C9H11N5O4S3/c1-14-8(19-9(12-14)20(11,15)16)13-21(17,18)7-4-2-6(10)3-5-7/h2-5H,10H2,1H3,(H2,11,15,16)","BKCXBMXTXLGZCV-UHFFFAOYSA-N","CN1N=C(SC1=N[S](=O)(=O)C2=CC=C(N)C=C2)[S](N)(=O)=O","-2.5","0.0","1","G1","349.4190000000001","-0.9991999999999988","76.0614","21.0","8.0","2.0","12.0","3.0","114.0","2.0","0.0","0.0","2.0","150.49999999999997","124.2081793919779","2.57840316906822","938.0144950959027"
"C-2490","norethindrone  biphenyl-4-carboxylate","InChI=1S/C33H34O3/c1-3-33(36-31(35)24-11-9-23(10-12-24)22-7-5-4-6-8-22)20-18-30-29-15-13-25-21-26(34)14-16-27(25)28(29)17-19-32(30,33)2/h1,4-12,21,27-30H,13-20H2,2H3","PEZADNLTLSQNPI-UHFFFAOYSA-N","CC12CCC3C(CCC4=CC(=O)CCC34)C1CCC2(OC(=O)C5=CC=C(C=C5)C6=CC=CC=C6)C#C","-8.11","0.0","1","G1","478.6320000000002","7.0242000000000075","140.95049999999986","36.0","3.0","0.0","3.0","3.0","184.0","2.0","3.0","4.0","6.0","43.370000000000005","213.8751689030422","1.2224249914528424","1250.0909622961126"
"C-2491","5-(3-aminobenzenesulfonylimido)-4-methyl-delta2-1,3,4-thiadiazoline-2-sulfonamide","InChI=1S/C9H11N5O4S3/c1-14-8(19-9(12-14)20(11,15)16)13-21(17,18)7-4-2-3-6(10)5-7/h2-5H,10H2,1H3,(H2,11,15,16)","KVTLULGYZIGEGB-UHFFFAOYSA-N","CN1N=C(SC1=N[S](=O)(=O)C2=CC=CC(=C2)N)[S](N)(=O)=O","-2.45","0.0","1","G1","349.4190000000001","-0.9991999999999988","76.0614","21.0","8.0","2.0","12.0","3.0","114.0","2.0","0.0","0.0","2.0","150.49999999999997","124.2081793919779","2.6099671295210207","955.2644950959025"
"C-2492","5-(2,4,6-trimethylbenzenesulfonamido)-1,3,4-thiadiazole-2-sulfonamide","InChI=1S/C11H14N4O4S3/c1-6-4-7(2)9(8(3)5-6)22(18,19)15-10-13-14-11(20-10)21(12,16)17/h4-5H,1-3H3,(H,13,15)(H2,12,16,17)","NMYPLEDXWFOEEJ-UHFFFAOYSA-N","CC1=CC(=C(C(=C1)C)[S](=O)(=O)NC2=NN=C(S2)[S](N)(=O)=O)C","-2.7","0.0","1","G1","362.4580000000001","0.9115600000000001","82.74370000000002","22.0","7.0","2.0","11.0","4.0","120.0","2.0","0.0","0.0","2.0","132.10999999999999","132.04274113491095","2.42973586435238","908.9919321721823"
"C-2493","indapamide;  1-(3-aminosulfonyl-4-chloro)benzoylamino-2-methylindoline","InChI=1S/C16H16ClN3O3S/c1-10-8-11-4-2-3-5-14(11)20(10)19-16(21)12-6-7-13(17)15(9-12)24(18,22)23/h2-7,9-10H,8H2,1H3,(H,19,21)(H2,18,22,23)","NDDAHWYSQHTHNT-UHFFFAOYSA-N","CC1CC2=C(C=CC=C2)N1NC(=O)C3=CC(=C(Cl)C=C3)[S](N)(=O)=O","-3.79","0.10199999999999987","2","G3","365.84200000000004","2.0833999999999997","92.37840000000003","24.0","4.0","2.0","8.0","3.0","126.0","2.0","0.0","1.0","3.0","92.5","144.78772142001787","1.8885490887958856","914.5336968480625"
"C-2494","aztreonam","InChI=1S/C13H17N5O8S2/c1-5-7(10(20)18(5)28(23,24)25)16-9(19)8(6-4-27-12(14)15-6)17-26-13(2,3)11(21)22/h4-5,7H,1-3H3,(H2,14,15)(H,16,19)(H,21,22)(H,23,24,25)/b17-8-","WZPBZJONDBGPKJ-IUXPMGMMSA-N","CC1C(NC(=O)C(=N\OC(C)(C)C(O)=O)/C2=CSC(=N2)N)C(=O)N1[S](O)(=O)=O","-1.64","0.0","1","G1","435.44000000000017","-1.1724999999999979","95.65050000000004","28.0","10.0","4.0","15.0","7.0","154.0","1.0","1.0","1.0","2.0","201.57999999999998","162.59031069995737","2.2592762983237704","953.8851353067347"
"C-2495","naproxen-derivat 3 i","InChI=1S/C25H27NO5/c1-16(19-9-10-21-15-22(29-3)12-11-20(21)14-19)24(27)30-17(2)31-25(28)23(26)13-18-7-5-4-6-8-18/h4-12,14-17,23H,13,26H2,1-3H3","AJWHQEKVIAEOBU-UHFFFAOYSA-N","COC1=CC=C2C=C(C=CC2=C1)C(C)C(=O)OC(C)OC(=O)C(N)CC3=CC=CC=C3","-3.5","0.0","1","G1","421.49300000000017","3.9543000000000026","118.68240000000003","31.0","6.0","1.0","6.0","8.0","162.0","3.0","0.0","0.0","3.0","87.85000000000001","181.45821147248654","1.5679561603761876","1050.22152382523"
"C-2496","2-sulfamoyl-5-(4-bromobenzenesulfonamido)-1,3,4-thiadiazole","InChI=1S/C8H7BrN4O4S3/c9-5-1-3-6(4-2-5)20(16,17)13-7-11-12-8(18-7)19(10,14)15/h1-4H,(H,11,13)(H2,10,14,15)","QGHSHYIQOYQWHW-UHFFFAOYSA-N","N[S](=O)(=O)C1=NN=C(N[S](=O)(=O)C2=CC=C(Br)C=C2)S1","-2.13","0.0","1","G1","399.273","0.7488000000000004","76.23270000000001","20.0","7.0","2.0","12.0","4.0","108.0","2.0","0.0","0.0","2.0","132.11","126.81546239736252","2.2901364972394003","828.8618687490703"
"C-2497","5-(4-chlorobenzenesulfonylimido)-4-methyl-2-sulfonamido-delta2-1,3,4-thiadiazoline","InChI=1S/C9H9ClN4O4S3/c1-14-8(19-9(12-14)20(11,15)16)13-21(17,18)7-4-2-6(10)3-5-7/h2-5H,1H3,(H2,11,15,16)","SYUHFMCJTDEIBB-UHFFFAOYSA-N","CN1N=C(SC1=N[S](=O)(=O)C2=CC=C(Cl)C=C2)[S](N)(=O)=O","-2.44","0.0","1","G1","368.8490000000001","0.0720000000000004","76.65900000000002","21.0","7.0","1.0","12.0","3.0","114.0","2.0","0.0","0.0","2.0","124.47999999999999","129.17155492184685","2.57840316906822","941.6241355703396"
"C-2498","2-chloro-4-[(4-'acetylpiperazin-1'-yl)acryloyl]phenyl   benzodioxan-6''-yl  sulfide","InChI=1S/C23H23ClN2O4S/c1-16(27)25-8-10-26(11-9-25)23(28)7-3-17-2-6-22(19(24)14-17)31-18-4-5-20-21(15-18)30-13-12-29-20/h2-7,14-15H,8-13H2,1H3/b7-3+","PZJWSJORJOUILO-XVNBXDOJSA-N","CC(=O)N1CCN(CC1)C(=O)/C=C/C2=CC(=C(SC3=CC4=C(OCCO4)C=C3)C=C2)Cl","-2.05","0.0","1","G1","458.9670000000002","3.966300000000003","120.87500000000003","31.0","5.0","0.0","8.0","4.0","162.0","2.0","1.0","2.0","4.0","59.08000000000001","190.2977734964359","1.3719674807840372","1018.6312184671792"
"C-2500","4-(6,7-dimethoxyquinazolin-4-yl)piperazine-1-carbothioic acid (furan-2-ylmethyl)amide","InChI=1S/C20H23N5O3S/c1-26-17-10-15-16(11-18(17)27-2)22-13-23-19(15)24-5-7-25(8-6-24)20(29)21-12-14-4-3-9-28-14/h3-4,9-11,13H,5-8,12H2,1-2H3,(H,21,29)","CIWLFJDHBPQVQC-UHFFFAOYSA-N","COC1=CC2=C(C=C1OC)C(=NC=N2)N3CCN(CC3)C(=S)NCC4=CC=CO4","-5.63","0.0","1","G1","413.50300000000016","2.4367","114.57370000000002","29.0","7.0","1.0","9.0","5.0","152.0","3.0","1.0","1.0","4.0","75.89000000000001","173.9728930751431","1.4512332556457084","987.2002824427811"
"C-2501","4-(6,7-dimethoxyquinazolin-4-yl)piperazine-1-carboxylic acid thiophen-3-ylamide","InChI=1S/C19H21N5O3S/c1-26-16-9-14-15(10-17(16)27-2)20-12-21-18(14)23-4-6-24(7-5-23)19(25)22-13-3-8-28-11-13/h3,8-12H,4-7H2,1-2H3,(H,22,25)","SACBQFMSEKIABM-UHFFFAOYSA-N","COC1=CC2=C(C=C1OC)C(=NC=N2)N3CCN(CC3)C(=O)NC4=CSC=C4","-5.3","0.0","1","G1","399.4760000000001","3.0626000000000015","109.76570000000002","28.0","7.0","1.0","9.0","4.0","146.0","3.0","1.0","1.0","4.0","79.82000000000001","166.2567268199201","1.5106701712991717","971.1144801564416"
"C-2502","n4-[2-(nicotinoylamino)pyrimidin-4-yl]sulfanilamide;  2-(nicotinoylamino)-4-(4-sulfamoylphenylamino)pyrimidine","InChI=1S/C16H14N6O3S/c17-26(24,25)13-5-3-12(4-6-13)20-14-7-9-19-16(21-14)22-15(23)11-2-1-8-18-10-11/h1-10H,(H2,17,24,25)(H2,19,20,21,22,23)","AKFZINZSGJYCMM-UHFFFAOYSA-N","N[S](=O)(=O)C1=CC=C(NC2=NC(=NC=C2)NC(=O)C3=CC=CN=C3)C=C1","-1.27","0.0","1","G1","370.39400000000006","1.5149000000000001","95.3201","26.0","7.0","3.0","10.0","5.0","132.0","3.0","0.0","0.0","3.0","139.95999999999998","148.93139064554882","1.721983530710786","1023.3654351147006"
"C-2503","amidotrizoic  acid;  diatrizoic acid;  3,5-diacetamido-2,4,6-triiodobenzoic acid","InChI=1S/C11H9I3N2O4/c1-3(17)15-9-6(12)5(11(19)20)7(13)10(8(9)14)16-4(2)18/h1-2H3,(H,15,17)(H,16,18)(H,19,20)","YVPYQUNUQOZFHG-UHFFFAOYSA-N","CC(=O)NC1=C(I)C(=C(I)C(=C1I)C(O)=O)NC(C)=O","-2.01","0.0","1","G1","613.9150000000001","3.1154","100.15970000000003","20.0","3.0","3.0","9.0","3.0","108.0","1.0","0.0","0.0","1.0","95.5","155.42015247415432","3.676002394084443","573.1711797623659"
"C-2504","norethindrone  4-phenoxybenzoate","InChI=1S/C33H34O4/c1-3-33(37-31(35)22-9-13-26(14-10-22)36-25-7-5-4-6-8-25)20-18-30-29-15-11-23-21-24(34)12-16-27(23)28(29)17-19-32(30,33)2/h1,4-10,13-14,21,27-30H,11-12,15-20H2,2H3","NOLFOVJQJONDCP-UHFFFAOYSA-N","CC12CCC3C(CCC4=CC(=O)CCC34)C1CCC2(OC(=O)C5=CC=C(OC6=CC=CC=C6)C=C5)C#C","-6.84","0.0","1","G1","494.6310000000002","7.149500000000008","142.03049999999985","37.0","4.0","0.0","4.0","4.0","190.0","2.0","3.0","4.0","6.0","52.60000000000001","218.98871413254912","1.1878814083850415","1269.6514147134014"
"C-2505","2-sulfamoyl-4-methyl-5-(4-anisylsulfonylimido)-1,3,4-thiadiazoline; 5-(4-methoxybenzenesulfonylimido)-4-methyl-delta2-1,3,4-thiadiazoline-2-sulfonamide","InChI=1S/C10H12N4O5S3/c1-14-9(20-10(12-14)21(11,15)16)13-22(17,18)8-5-3-7(19-2)4-6-8/h3-6H,1-2H3,(H2,11,15,16)","GXFOJGQBUWNOTA-UHFFFAOYSA-N","COC1=CC=C(C=C1)[S](=O)(=O)N=C2SC(=NN2C)[S](N)(=O)=O","-2.76","0.0","1","G1","364.43000000000006","-0.5727999999999993","78.20100000000002","22.0","8.0","1.0","12.0","4.0","120.0","2.0","0.0","0.0","2.0","133.71","130.34677603886865","2.5295281263358396","954.7360902176821"
"C-2506","2-sulfamoyl-5-(4-nitrobenzenesulfonamido)-1,3,4-thiadiazole","InChI=1S/C8H7N5O6S3/c9-21(16,17)8-11-10-7(20-8)12-22(18,19)6-3-1-5(2-4-6)13(14)15/h1-4H,(H,10,12)(H2,9,16,17)","UZKSIVGPWQRGOU-UHFFFAOYSA-N","N[S](=O)(=O)C1=NN=C(N[S](=O)(=O)C2=CC=C(C=C2)[N+]([O-])=O)S1","-1.33","0.0","1","G1","365.3740000000001","-0.1054999999999997","75.1871","22.0","9.0","2.0","14.0","5.0","118.0","2.0","0.0","0.0","2.0","175.25","127.60089051422096","2.275296640988825","917.4360395027559"
"C-2507","2,3-dichloro-4,6-disulfamoyl-1-glycylglycylamidobenzene","InChI=1S/C10H13Cl2N5O6S2/c11-8-4(24(14,20)21)1-5(25(15,22)23)10(9(8)12)17-7(19)3-16-6(18)2-13/h1H,2-3,13H2,(H,16,18)(H,17,19)(H2,14,20,21)(H2,15,22,23)","NFGGAIZJSZLPOX-UHFFFAOYSA-N","NCC(=O)NCC(=O)NC1=C(Cl)C(=C(C=C1[S](N)(=O)=O)[S](N)(=O)=O)Cl","-1.23","0.0","1","G1","434.28300000000013","-1.6983999999999995","89.9022","25.0","7.0","5.0","15.0","6.0","140.0","1.0","0.0","0.0","1.0","204.54","152.46169647401868","3.4265359137532543","931.6046764241422"
"C-2508","minocycline","InChI=1S/C23H27N3O7/c1-25(2)12-5-6-13(27)15-10(12)7-9-8-11-17(26(3)4)19(29)16(22(24)32)21(31)23(11,33)20(30)14(9)18(15)28/h5-6,9,11,17,27,29-30,33H,7-8H2,1-4H3,(H2,24,32)","DYKFCLLONBREIL-UHFFFAOYSA-N","CN(C)C1C2CC3CC4=C(C=CC(=C4C(=O)C3=C(O)C2(O)C(=O)C(=C1O)C(N)=O)O)N(C)C","-0.94","0.0","1","G1","457.48300000000023","0.18660000000000188","118.00110000000006","33.0","9.0","5.0","10.0","3.0","176.0","1.0","0.0","3.0","4.0","164.63","189.75977888561792","1.9774201929495312","1166.8313772844322"
"C-2509","2-sulfamoyl-5-(3-nitrobenzenesulfonamido)-1,3,4-thiadiazole","InChI=1S/C8H7N5O6S3/c9-21(16,17)8-11-10-7(20-8)12-22(18,19)6-3-1-2-5(4-6)13(14)15/h1-4H,(H,10,12)(H2,9,16,17)","MPMQAYYQEKNVDO-UHFFFAOYSA-N","N[S](=O)(=O)C1=NN=C(N[S](=O)(=O)C2=CC(=CC=C2)[N+]([O-])=O)S1","-1.46","0.0","1","G1","365.3740000000001","-0.10550000000000015","75.1871","22.0","9.0","2.0","14.0","5.0","118.0","2.0","0.0","0.0","2.0","175.25","127.60089051422096","2.338338445730132","934.6860395027558"
"C-2510","2-isopropylphenyl  2'-nitro-4'-[(4''-acetylpiperazin-1''-yl)acryloyl]phenyl  sulfide","InChI=1S/C24H27N3O4S/c1-17(2)20-6-4-5-7-22(20)32-23-10-8-19(16-21(23)27(30)31)9-11-24(29)26-14-12-25(13-15-26)18(3)28/h4-11,16-17H,12-15H2,1-3H3/b11-9+","HTGGAYLWTDOFDK-PKNBQFBNSA-N","CC(C)C1=C(SC2=C(C=C(\C=C\C(=O)N3CCN(CC3)C(C)=O)C=C2)[N+]([O-])=O)C=CC=C1","-2.7","0.0","1","G1","453.5640000000002","4.573300000000005","125.61840000000004","32.0","5.0","0.0","8.0","6.0","168.0","2.0","1.0","1.0","3.0","83.75999999999999","191.79116580096613","1.743485819311677","1043.2898855206902"
"C-2512","5-(2-carboxybenzenesulfonamido)-1,3,4-thiadiazole-2-sulfonamide","InChI=1S/C9H8N4O6S3/c10-21(16,17)9-12-11-8(20-9)13-22(18,19)6-4-2-1-3-5(6)7(14)15/h1-4H,(H,11,13)(H,14,15)(H2,10,16,17)","ZRVCCBYKHVNUIP-UHFFFAOYSA-N","N[S](=O)(=O)C1=NN=C(N[S](=O)(=O)C2=C(C=CC=C2)C(O)=O)S1","-2.32","0.0","1","G1","364.3860000000001","-0.3154999999999997","75.49200000000002","22.0","8.0","3.0","13.0","5.0","118.0","2.0","0.0","0.0","2.0","169.41","128.2686127583576","2.4095088940607896","933.7663549642118"
"C-2513","5-(4-acetylaminobenzenesulfonamido)-1,3,4-thiadiazole-2-sulfonamide","InChI=1S/C10H11N5O5S3/c1-6(16)12-7-2-4-8(5-3-7)23(19,20)15-9-13-14-10(21-9)22(11,17)18/h2-5H,1H3,(H,12,16)(H,13,15)(H2,11,17,18)","NQSAAPCTPUNSPD-UHFFFAOYSA-N","CC(=O)NC1=CC=C(C=C1)[S](=O)(=O)NC2=NN=C(S2)[S](N)(=O)=O","-1.62","0.0","1","G1","377.4290000000001","-0.05529999999999996","82.83640000000001","23.0","8.0","3.0","13.0","5.0","124.0","2.0","0.0","0.0","2.0","161.20999999999998","135.38918330416618","2.2150700357742","933.5213362380719"
"C-2514","2-sulfamoyl-5-(2-nitrobenzenesulfonamido)-1,3,4-thiadiazole","InChI=1S/C8H7N5O6S3/c9-21(16,17)8-11-10-7(20-8)12-22(18,19)6-4-2-1-3-5(6)13(14)15/h1-4H,(H,10,12)(H2,9,16,17)","CTLJHLYIILERNX-UHFFFAOYSA-N","N[S](=O)(=O)C1=NN=C(N[S](=O)(=O)C2=C(C=CC=C2)[N+]([O-])=O)S1","-1.82","0.0","1","G1","365.3740000000001","-0.10550000000000015","75.1871","22.0","9.0","2.0","14.0","5.0","118.0","2.0","0.0","0.0","2.0","175.25","127.60089051422096","2.4095088940607896","934.6860395027558"
"C-2515","2-chloro-4-[(4'-acetylpiperazin-1'-yl)carbonyl)ethenyl]phenyl  indol-5''-yl  sulfide","InChI=1S/C23H22ClN3O2S/c1-16(28)26-10-12-27(13-11-26)23(29)7-3-17-2-6-22(20(24)14-17)30-19-4-5-21-18(15-19)8-9-25-21/h2-9,14-15,25H,10-13H2,1H3/b7-3+","SWIQOJQBTDWCRB-XVNBXDOJSA-N","CC(=O)N1CCN(CC1)C(=O)/C=C/C2=CC(=C(SC3=CC4=C([NH]C=C4)C=C3)C=C2)Cl","-2.74","0.0","1","G1","439.9680000000001","4.676400000000004","121.74170000000001","30.0","3.0","1.0","7.0","4.0","154.0","3.0","1.0","1.0","4.0","56.410000000000004","184.2374549149076","1.387496925207373","1116.588637106729"
"C-2516","2-sulfamoyl-5-(2,4,6-trimethylbenzenesulfonylimido)-4-methyl-1,3,4-thiadiazoline","InChI=1S/C12H16N4O4S3/c1-7-5-8(2)10(9(3)6-7)23(19,20)15-11-16(4)14-12(21-11)22(13,17)18/h5-6H,1-4H3,(H2,13,17,18)","QSVMFFQOVYIPQM-UHFFFAOYSA-N","CN1N=C(SC1=N[S](=O)(=O)C2=C(C)C=C(C)C=C2C)[S](N)(=O)=O","-3.0","0.0","1","G1","376.4850000000001","0.3438600000000004","85.86000000000003","23.0","7.0","1.0","11.0","3.0","126.0","2.0","0.0","0.0","2.0","124.47999999999999","137.96311503815502","2.705214021670626","1023.210333464523"
"C-2517","nicosulfuron","InChI=1S/C15H18N6O6S/c1-21(2)13(22)9-6-5-7-16-12(9)28(24,25)20-15(23)19-14-17-10(26-3)8-11(18-14)27-4/h5-8H,1-4H3,(H2,17,18,19,20,23)","RTCOGUMHFFWOJV-UHFFFAOYSA-N","COC1=NC(=NC(=C1)OC)NC(=O)N[S](=O)(=O)C2=NC=CC=C2C(=O)N(C)C","-3.97","0.0","1","G1","410.4120000000002","0.10100000000000042","96.73070000000006","28.0","9.0","2.0","13.0","6.0","150.0","2.0","0.0","0.0","2.0","152.70999999999998","160.50756254371603","2.2614280920794325","972.0159024482798"
"C-2520","2-sulfamoyl-5-(4-iodobenzenesulfonamido)-1,3,4-thiadiazole","InChI=1S/C8H7IN4O4S3/c9-5-1-3-6(4-2-5)20(16,17)13-7-11-12-8(18-7)19(10,14)15/h1-4H,(H,11,13)(H2,10,14,15)","NIRNPVHJRLYNLW-UHFFFAOYSA-N","N[S](=O)(=O)C1=NN=C(N[S](=O)(=O)C2=CC=C(I)C=C2)S1","-2.2","0.0","1","G1","446.273","0.5909000000000002","81.2497","20.0","7.0","2.0","12.0","4.0","108.0","2.0","0.0","0.0","2.0","132.11","132.2097529127648","2.2901364972394003","828.8618687490703"
"C-2521","diltiazem","InChI=1S/C22H26N2O4S/c1-15(25)28-20-21(16-9-11-17(27-4)12-10-16)29-19-8-6-5-7-18(19)24(22(20)26)14-13-23(2)3/h5-12,20-21H,13-14H2,1-4H3","HSUGRBWQSSZJOP-UHFFFAOYSA-N","COC1=CC=C(C=C1)C2SC3=CC=CC=C3N(CCN(C)C)C(=O)C2OC(C)=O","-2.95","0.0","1","G1","414.5270000000002","3.368500000000002","114.49500000000008","29.0","6.0","0.0","7.0","6.0","154.0","2.0","0.0","1.0","3.0","59.080000000000005","175.32499934087116","2.055852318919889","869.370915000003"
"C-2522","5-(4-bromobenzenesulfonylimido)-4-methyl-2-sulfonamido-delta2-1,3,4-thiadiazoline","InChI=1S/C9H9BrN4O4S3/c1-14-8(19-9(12-14)20(11,15)16)13-21(17,18)7-4-2-6(10)3-5-7/h2-5H,1H3,(H2,11,15,16)","OOQVFGGUMHVRKM-UHFFFAOYSA-N","CN1N=C(SC1=N[S](=O)(=O)C2=CC=C(Br)C=C2)[S](N)(=O)=O","-2.51","0.0","1","G1","413.30000000000007","0.1811000000000006","79.34900000000002","21.0","7.0","1.0","12.0","3.0","114.0","2.0","0.0","0.0","2.0","124.47999999999999","132.73583630060656","2.57840316906822","941.6241355703396"
"C-2523","dpx-m6316;  methyl  3-(4',6'-dimethoxy-1',3',5'-triazin-2'-yl)ureidosulfonylthiophene-2-carboxylate","InChI=1S/C12H13N5O7S2/c1-22-8(18)7-6(4-5-25-7)26(20,21)17-10(19)13-9-14-11(23-2)16-12(15-9)24-3/h4-5H,1-3H3,(H2,13,14,15,16,17,19)","KMTDLXVYRNAWSN-UHFFFAOYSA-N","COC(=O)C1=C(C=CS1)[S](=O)(=O)NC(=O)NC2=NC(=NC(=N2)OC)OC","-3.19","0.0","1","G1","403.39800000000014","0.2472999999999999","87.92970000000003","26.0","11.0","2.0","14.0","6.0","140.0","2.0","0.0","0.0","2.0","158.7","151.13669525903438","2.195244344510917","905.5503292964848"
"C-2525","flavopiridol","InChI=1S/C21H20ClNO5/c1-23-7-6-12(17(27)10-23)19-14(24)8-15(25)20-16(26)9-18(28-21(19)20)11-4-2-3-5-13(11)22/h2-5,8-9,12,17,24-25,27H,6-7,10H2,1H3","BIIVYFLTOXDAOV-UHFFFAOYSA-N","CN1CCC(C(O)C1)C2=C(O)C=C(O)C3=C2OC(=CC3=O)C4=C(Cl)C=CC=C4","-4.26","0.0","1","G1","401.8460000000001","3.3046000000000015","107.12140000000001","28.0","6.0","3.0","7.0","2.0","146.0","3.0","1.0","1.0","4.0","94.14000000000001","165.76612346787246","1.9967325788263282","1109.8816324905745"
"C-2526","flutrimazole","InChI=1S/C22H16F2N2/c23-19-12-10-18(11-13-19)22(26-15-14-25-16-26,17-6-2-1-3-7-17)20-8-4-5-9-21(20)24/h1-16H","QHMWCHQXCUNUAK-UHFFFAOYSA-N","FC1=CC=C(C=C1)C([N]2C=CN=C2)(C3=CC=CC=C3)C4=C(F)C=CC=C4","-8.4","0.0","1","G1","346.3800000000001","5.001500000000003","96.74900000000002","26.0","2.0","0.0","4.0","4.0","128.0","4.0","0.0","0.0","4.0","17.82","149.93747854649425","2.142548146355507","996.0236896698776"
"C-2527","tenoxicam","InChI=1S/C13H11N3O4S2/c1-16-10(13(18)15-9-4-2-3-6-14-9)11(17)12-8(5-7-21-12)22(16,19)20/h2-7,17H,1H3,(H,14,15,18)","LZNWYQJJBLGYLT-UHFFFAOYSA-N","CN1C(=C(O)C2=C(C=CS2)[S]1(=O)=O)C(=O)NC3=NC=CC=C3","-3.88","0.0","1","G1","337.38199999999995","1.6425","81.68330000000002","22.0","6.0","2.0","9.0","2.0","114.0","2.0","0.0","1.0","3.0","99.60000000000001","130.1390704472582","2.060666749584647","871.6999809705909"
"C-2528","n1-(2-sulfamoyl-1,3,4-thiadiazol-5-yl)-n4-(glycyl)sulfanilamide","InChI=1S/C10H12N6O5S3/c11-5-8(17)13-6-1-3-7(4-2-6)24(20,21)16-9-14-15-10(22-9)23(12,18)19/h1-4H,5,11H2,(H,13,17)(H,14,16)(H2,12,18,19)","MIWUDGNQEWPLJX-UHFFFAOYSA-N","NCC(=O)NC1=CC=C(C=C1)[S](=O)(=O)NC2=NN=C(S2)[S](N)(=O)=O","-1.19","0.0","1","G1","392.4440000000001","-1.1164999999999998","86.2168","24.0","9.0","4.0","14.0","6.0","130.0","2.0","0.0","0.0","2.0","187.23","140.72907400117887","2.1813732580298457","951.1249732989636"
"C-2529","4-methyl-5-(4-nitrobenzenesulfonylimido)-delta2-1,3,4-thiadiazoline-2-sulfonamide","InChI=1S/C9H9N5O6S3/c1-13-8(21-9(11-13)22(10,17)18)12-23(19,20)7-4-2-6(3-5-7)14(15)16/h2-5H,1H3,(H2,10,17,18)","NJBKUDDWNAXHHT-UHFFFAOYSA-N","CN1N=C(SC1=N[S](=O)(=O)C2=CC=C(C=C2)[N+]([O-])=O)[S](N)(=O)=O","-2.7","0.0","1","G1","379.4010000000001","-0.6731999999999998","78.30340000000001","23.0","9.0","1.0","14.0","4.0","124.0","2.0","0.0","0.0","2.0","167.62","133.52126441746498","2.5281229181826497","1032.090917985759"
"C-2530","4-methyl-5-(3-nitrobenzenesulfonylimido)-delta2-1,3,4-thiadiazoline-2-sulfonamide","InChI=1S/C9H9N5O6S3/c1-13-8(21-9(11-13)22(10,17)18)12-23(19,20)7-4-2-3-6(5-7)14(15)16/h2-5H,1H3,(H2,10,17,18)","BODJFESIQMWAAQ-UHFFFAOYSA-N","CN1N=C(SC1=N[S](=O)(=O)C2=CC=CC(=C2)[N+]([O-])=O)[S](N)(=O)=O","-2.67","0.0","1","G1","379.4010000000001","-0.6731999999999998","78.30340000000001","23.0","9.0","1.0","14.0","4.0","124.0","2.0","0.0","0.0","2.0","167.62","133.52126441746498","2.600981331366207","1049.3409179857592"
"C-2531","difloxacin","InChI=1S/C21H19F2N3O3/c1-24-6-8-25(9-7-24)19-11-18-15(10-17(19)23)20(27)16(21(28)29)12-26(18)14-4-2-13(22)3-5-14/h2-5,10-12H,6-9H2,1H3,(H,28,29)","NOCJXYPHIIZEHN-UHFFFAOYSA-N","CN1CCN(CC1)C2=CC3=C(C=C2F)C(=O)C(=CN3C4=CC=C(F)C=C4)C(O)=O","-3.82","0.10999999999999988","2","G3","399.39700000000005","2.7189000000000005","106.13030000000005","29.0","5.0","1.0","8.0","3.0","150.0","3.0","1.0","1.0","4.0","65.78","164.75161895623117","1.9710874718676135","1150.530441830211"
"C-2532","brinzolamide","InChI=1S/C12H21N3O5S3/c1-3-14-10-8-15(5-4-6-20-2)23(18,19)12-9(10)7-11(21-12)22(13,16)17/h7,10,14H,3-6,8H2,1-2H3,(H2,13,16,17)","HCRKCZRJWPKOAR-UHFFFAOYSA-N","CCNC1CN(CCCOC)[S](=O)(=O)C2=C1C=C(S2)[S](N)(=O)=O","-2.95","0.0","1","G1","383.5170000000001","0.08690000000000075","87.36170000000004","23.0","7.0","2.0","11.0","7.0","132.0","1.0","0.0","1.0","2.0","118.79999999999998","140.27015571671325","2.44423070346814","756.9042640271008"
"C-2534","2-sulfamoyl-4-methyl-5-(4-acetamidobenzenesulfonylimido)-1,3,4-thiadiazoline; 5-(4-acetylaminobenzenesulfonylimido)-4-methyl-delta2-1,3,4-thiadiazoline-2-sulfonamide","InChI=1S/C11H13N5O5S3/c1-7(17)13-8-3-5-9(6-4-8)24(20,21)15-10-16(2)14-11(22-10)23(12,18)19/h3-6H,1-2H3,(H,13,17)(H2,12,18,19)","COYOSRWVLQSZNN-UHFFFAOYSA-N","CN1N=C(SC1=N[S](=O)(=O)C2=CC=C(NC(C)=O)C=C2)[S](N)(=O)=O","-1.69","0.0","1","G1","391.45600000000013","-0.6229999999999989","85.95270000000002","24.0","8.0","2.0","13.0","4.0","130.0","2.0","0.0","0.0","2.0","153.57999999999998","141.30955720741025","2.445965211993147","1048.214262519496"
"C-2535","5-(2-carboxybenzenesulfonylimido)-4-methyl-delta2-1,3,4-thiadiazoline-2-sulfonamide","InChI=1S/C10H10N4O6S3/c1-14-9(21-10(12-14)22(11,17)18)13-23(19,20)7-5-3-2-4-6(7)8(15)16/h2-5H,1H3,(H,15,16)(H2,11,17,18)","RAJJRSWYQMFJLA-UHFFFAOYSA-N","CN1N=C(SC1=N[S](=O)(=O)C2=C(C=CC=C2)C(O)=O)[S](N)(=O)=O","-2.51","0.0","1","G1","378.4130000000001","-0.8831999999999987","78.60830000000001","23.0","8.0","2.0","13.0","4.0","124.0","2.0","0.0","0.0","2.0","161.78","134.1889866616016","2.683304720145757","1048.2606025243033"
"C-2536","sulfasalazine","InChI=1S/C18H14N4O5S/c23-16-9-6-13(11-15(16)18(24)25)21-20-12-4-7-14(8-5-12)28(26,27)22-17-3-1-2-10-19-17/h1-11,23H,(H,19,22)(H,24,25)","NCEXYHBECQHGNR-UHFFFAOYSA-N","OC(=O)C1=C(O)C=CC(=C1)N=NC2=CC=C(C=C2)[S](=O)(=O)NC3=CC=CC=N3","-6.14","0.0","1","G1","398.4000000000001","3.7016000000000018","100.72960000000002","28.0","7.0","3.0","10.0","6.0","142.0","3.0","0.0","0.0","3.0","141.31","159.6375871519161","1.7658464964858716","1130.3973704840953"
"C-2537","valsartan","InChI=1S/C24H29N5O3/c1-4-5-10-21(30)29(22(16(2)3)24(31)32)15-17-11-13-18(14-12-17)19-8-6-7-9-20(19)23-25-27-28-26-23/h6-9,11-14,16,22H,4-5,10,15H2,1-3H3,(H,31,32)(H,25,26,27,28)","ACWBQPMHZXGDFX-UHFFFAOYSA-N","CCCCC(=O)N(CC1=CC=C(C=C1)C2=C(C=CC=C2)C3=NN=N[NH]3)C(C(C)C)C(O)=O","-4.2","0.0","1","G1","435.52800000000013","4.161700000000002","121.38650000000007","32.0","5.0","2.0","8.0","10.0","168.0","3.0","0.0","0.0","3.0","112.07000000000002","187.21053148154266","1.8705600872018624","1032.0529522380773"
"C-2538","4-methyl-5-(2-nitrobenzenesulfonylimido)-delta2-1,3,4-thiadiazoline-2-sulfonamide","InChI=1S/C9H9N5O6S3/c1-13-8(21-9(11-13)22(10,17)18)12-23(19,20)7-5-3-2-4-6(7)14(15)16/h2-5H,1H3,(H2,10,17,18)","QHRGLLUMIFLPBM-UHFFFAOYSA-N","CN1N=C(SC1=N[S](=O)(=O)C2=CC=CC=C2[N+]([O-])=O)[S](N)(=O)=O","-2.79","0.0","1","G1","379.4010000000001","-0.6731999999999998","78.30340000000001","23.0","9.0","1.0","14.0","4.0","124.0","2.0","0.0","0.0","2.0","167.62","133.52126441746498","2.683304720145757","1049.3409179857592"
"C-2539","2-sulfamoyl-5-(4-chloro-3-nitrobenzenesulfonamido)-1,3,4-thiadiazole","InChI=1S/C8H6ClN5O6S3/c9-5-2-1-4(3-6(5)14(15)16)23(19,20)13-7-11-12-8(21-7)22(10,17)18/h1-3H,(H,11,13)(H2,10,17,18)","TVXIRRUAMKXIHC-UHFFFAOYSA-N","N[S](=O)(=O)C1=NN=C(N[S](=O)(=O)C2=CC(=C(Cl)C=C2)[N+]([O-])=O)S1","-1.99","0.0","1","G1","399.81900000000013","0.5479000000000007","80.19710000000002","23.0","9.0","2.0","15.0","5.0","124.0","2.0","0.0","0.0","2.0","175.25","137.9041567411026","2.379095256204312","985.3849130436831"
"C-2540","kn 1022; 4-(6',7'-dimethoxyquinazolin-4'-yl)-1-(4''-nitrophenylcarboxamido)piperazine","InChI=1S/C21H22N6O5/c1-31-18-11-16-17(12-19(18)32-2)22-13-23-20(16)25-7-9-26(10-8-25)21(28)24-14-3-5-15(6-4-14)27(29)30/h3-6,11-13H,7-10H2,1-2H3,(H,24,28)","ZIFCMJKHIXABHJ-UHFFFAOYSA-N","COC1=CC2=C(C=C1OC)C(=NC=N2)N3CCN(CC3)C(=O)NC4=CC=C(C=C4)[N+]([O-])=O","-6.95","0.0","1","G1","438.4440000000002","2.909300000000001","118.54310000000004","32.0","8.0","1.0","11.0","5.0","166.0","3.0","1.0","1.0","4.0","122.96000000000001","183.26933927200838","1.4449834769021297","1145.3754382853715"
"C-2541","fluorescein (red)","InChI=1S/C20H12O5/c21-11-5-7-15-17(9-11)25-18-10-12(22)6-8-16(18)19(15)13-3-1-2-4-14(13)20(23)24/h1-10,21H,(H,23,24)","YKGGGCXBWXHKIZ-UHFFFAOYSA-N","OC(=O)C1=CC=CC=C1C2=C3C=CC(=O)C=C3OC4=C2C=CC(=C4)O","-3.82","0.0","1","G1","332.31100000000004","3.9686000000000017","93.16610000000001","25.0","4.0","2.0","5.0","2.0","122.0","2.0","0.0","2.0","4.0","87.74","141.28755158638103","2.219375716044988","1156.264890483857"
"C-2542","avitriptan;  bms-180048","InChI=1S/C22H30N6O3S/c1-26(2)32(29,30)15-17-4-5-20-19(12-17)18(13-24-20)6-7-27-8-10-28(11-9-27)22-21(31-3)14-23-16-25-22/h4-5,12-14,16,24H,6-11,15H2,1-3H3","PJMZTMZELVDRNJ-UHFFFAOYSA-N","COC1=C(N=CN=C1)N2CCN(CC2)CCC3=C[NH]C4=C3C=C(C[S](=O)(=O)N(C)C)C=C4","-3.76","0.0","1","G1","458.58800000000014","1.7226000000000001","125.55050000000004","32.0","7.0","1.0","10.0","8.0","172.0","3.0","1.0","1.0","4.0","94.66000000000001","188.61603036317248","1.3798387221141417","1169.3778054220081"
"C-2543","5-(4-iodobenzenesulfonylimido)-4-methyl-2-sulfonamido-delta2-1,3,4-thiadiazoline","InChI=1S/C9H9IN4O4S3/c1-14-8(19-9(12-14)20(11,15)16)13-21(17,18)7-4-2-6(10)3-5-7/h2-5H,1H3,(H2,11,15,16)","JRLUKPGVTTYGLT-UHFFFAOYSA-N","CN1N=C(SC1=N[S](=O)(=O)C2=CC=C(I)C=C2)[S](N)(=O)=O","-2.77","0.0","1","G1","460.30000000000007","0.023200000000000442","84.36600000000001","21.0","7.0","1.0","12.0","3.0","114.0","2.0","0.0","0.0","2.0","124.47999999999999","138.13012681600884","2.57840316906822","941.6241355703396"
"C-2544","cefazolin","InChI=1S/C14H14N8O4S3/c1-6-17-18-14(29-6)28-4-7-3-27-12-9(11(24)22(12)10(7)13(25)26)16-8(23)2-21-5-15-19-20-21/h5,9,12H,2-4H2,1H3,(H,16,23)(H,25,26)","MLYYVTUWGNIJIB-UHFFFAOYSA-N","CC1=NN=C(SCC2=C(N3C(SC2)C(NC(=O)C[N]4C=NN=N4)C3=O)C(O)=O)S1","-2.62","0.0","1","G1","454.51900000000023","-0.6360799999999995","102.87150000000005","29.0","12.0","2.0","15.0","7.0","152.0","2.0","1.0","2.0","4.0","156.08999999999997","175.66786055792275","1.4374120949777263","990.9137443081793"
"C-2545","phenyl-kni-727","InChI=1S/C27H35N3O4S/c1-26(2,3)29-24(33)22-27(4,5)35-17-30(22)25(34)21(31)20(16-18-12-8-6-9-13-18)28-23(32)19-14-10-7-11-15-19/h6-15,20-22,31H,16-17H2,1-5H3,(H,28,32)(H,29,33)","URHJIBSBOJFXDI-UHFFFAOYSA-N","CC(C)(C)NC(=O)C1N(CSC1(C)C)C(=O)C(O)C(CC2=CC=CC=C2)NC(=O)C3=CC=CC=C3","-3.62","0.0","1","G1","497.6610000000002","2.9834000000000005","138.9156999999999","35.0","5.0","3.0","8.0","7.0","188.0","2.0","1.0","1.0","3.0","98.74000000000001","211.2182660030928","1.8557216656905429","1037.3968239633443"
"C-2546","acetazolamide  analog c 13; 5-pentafluorobenzenesulfonylamino-1,3,4-thiadiazole-2-sulfonamide","InChI=1S/C8H3F5N4O4S3/c9-1-2(10)4(12)6(5(13)3(1)11)24(20,21)17-7-15-16-8(22-7)23(14,18)19/h(H,15,17)(H2,14,18,19)","SNVIUSFXXHRDCP-UHFFFAOYSA-N","N[S](=O)(=O)C1=NN=C(N[S](=O)(=O)C2=C(F)C(=C(F)C(=C2F)F)F)S1","-1.21","0.0","1","G1","410.32700000000006","0.6818","68.32269999999997","24.0","7.0","2.0","16.0","4.0","132.0","2.0","0.0","0.0","2.0","132.11","133.7755918063523","2.5507960339306313","1007.2177003248088"
"C-2547","cefamandole","InChI=1S/C18H18N6O5S2/c1-23-18(20-21-22-23)31-8-10-7-30-16-11(15(27)24(16)12(10)17(28)29)19-14(26)13(25)9-5-3-2-4-6-9/h2-6,11,13,16,25H,7-8H2,1H3,(H,19,26)(H,28,29)","OLVCFLKTBJRLHI-UHFFFAOYSA-N","C[N]1N=NN=C1SCC2=C(N3C(SC2)C(NC(=O)C(O)C4=CC=CC=C4)C3=O)C(O)=O","-0.14","0.0","1","G1","462.5130000000002","-0.22560000000000074","110.60830000000003","31.0","10.0","3.0","13.0","7.0","162.0","2.0","1.0","2.0","4.0","150.54","184.41398150940947","1.461085055467631","1058.7195859121866"
"C-2548","brequinar","InChI=1S/C23H15F2NO2/c1-13-21(23(27)28)18-12-16(24)10-11-20(18)26-22(13)15-8-6-14(7-9-15)17-4-2-3-5-19(17)25/h2-12H,1H3,(H,27,28)","PHEZJEYUWHETKO-UHFFFAOYSA-N","CC1=C(C(O)=O)C2=CC(=CC=C2N=C1C3=CC=C(C=C3)C4=C(F)C=CC=C4)F","-6.39","0.0","1","G1","375.374","5.853620000000003","104.22730000000001","28.0","2.0","1.0","5.0","3.0","138.0","4.0","0.0","0.0","4.0","50.19","159.46361493119218","1.8757800490139198","1217.4329743060962"
"C-2549","flubenzimine","InChI=1S/C17H10F6N4S/c18-16(19,20)25-13-14(26-17(21,22)23)28-15(24-11-7-3-1-4-8-11)27(13)12-9-5-2-6-10-12/h1-10H","IZFZCMFMJKDHJZ-UHFFFAOYSA-N","FC(F)(F)N=C1SC(=NC2=CC=CC=C2)N(C3=CC=CC=C3)C1=NC(F)(F)F","-5.42","0.0","1","G1","416.3500000000001","5.764100000000004","97.02900000000002","28.0","4.0","0.0","11.0","2.0","146.0","2.0","1.0","1.0","3.0","40.32","158.86950031472125","2.2049866698846214","920.1589460243687"
"C-2550","benzyl-kni-727","InChI=1S/C28H37N3O4S/c1-27(2,3)30-25(34)24-28(4,5)36-18-31(24)26(35)23(33)21(16-19-12-8-6-9-13-19)29-22(32)17-20-14-10-7-11-15-20/h6-15,21,23-24,33H,16-18H2,1-5H3,(H,29,32)(H,30,34)","IIUYNOCBVMYAHS-UHFFFAOYSA-N","CC(C)(C)NC(=O)C1N(CSC1(C)C)C(=O)C(O)C(CC2=CC=CC=C2)NC(=O)CC3=CC=CC=C3","-3.72","0.0","1","G1","511.6880000000002","2.912300000000001","143.29619999999986","36.0","5.0","3.0","8.0","8.0","194.0","2.0","1.0","1.0","3.0","98.74000000000001","217.58320811748942","1.815449567529237","1053.4693984767937"
"C-2551","temafloxacin","InChI=1S/C21H18F3N3O3/c1-11-9-26(5-4-25-11)19-8-18-13(7-16(19)24)20(28)14(21(29)30)10-27(18)17-3-2-12(22)6-15(17)23/h2-3,6-8,10-11,25H,4-5,9H2,1H3,(H,29,30)","QKDHBVNJCZBTMR-UHFFFAOYSA-N","CC1CN(CCN1)C2=CC3=C(C=C2F)C(=O)C(=CN3C4=C(F)C=C(F)C=C4)C(O)=O","-3.8","0.0","1","G1","417.38700000000006","2.904300000000001","106.05600000000005","30.0","5.0","2.0","9.0","3.0","156.0","3.0","1.0","1.0","4.0","74.57","168.70718287256207","2.027981249592739","1225.567752290625"
"C-2552","4-tolyl-kni-727","InChI=1S/C28H37N3O4S/c1-18-12-14-20(15-13-18)24(33)29-21(16-19-10-8-7-9-11-19)22(32)26(35)31-17-36-28(5,6)23(31)25(34)30-27(2,3)4/h7-15,21-23,32H,16-17H2,1-6H3,(H,29,33)(H,30,34)","YTCOHNPTVJAKQB-UHFFFAOYSA-N","CC1=CC=C(C=C1)C(=O)NC(CC2=CC=CC=C2)C(O)C(=O)N3CSC(C)(C)C3C(=O)NC(C)(C)C","-4.11","0.0","1","G1","511.68800000000033","3.2918200000000013","143.6526999999999","36.0","5.0","3.0","8.0","7.0","194.0","2.0","1.0","1.0","3.0","98.74000000000001","217.58320811748956","1.860334065045496","1080.2236754997996"
"C-2553","folic  acid","InChI=1S/C19H19N7O6/c20-19-25-15-14(17(30)26-19)23-11(8-22-15)7-21-10-3-1-9(2-4-10)16(29)24-12(18(31)32)5-6-13(27)28/h1-4,8,12,21H,5-7H2,(H,24,29)(H,27,28)(H,31,32)(H3,20,22,25,26,30)","OVBPIULPVIDEAO-UHFFFAOYSA-N","NC1=NC(=O)C2=C(N1)N=CC(=N2)CNC3=CC=C(C=C3)C(=O)NC(CCC(O)=O)C(O)=O","-5.44","0.0","1","G1","441.4040000000002","-0.04480000000000073","111.89460000000005","32.0","9.0","6.0","13.0","9.0","166.0","3.0","0.0","0.0","3.0","213.27999999999997","179.2775195506544","1.6218348411934933","1225.0586856369828"
"C-2554","trovafloxacin","InChI=1S/C20H15F3N4O3/c21-8-1-2-15(13(22)3-8)27-7-12(20(29)30)17(28)9-4-14(23)19(25-18(9)27)26-5-10-11(6-26)16(10)24/h1-4,7,10-11,16H,5-6,24H2,(H,29,30)","WVPSKSLAZQPAKQ-UHFFFAOYSA-N","NC1C2CN(CC12)C3=NC4=C(C=C3F)C(=O)C(=CN4C5=CC=C(F)C=C5F)C(O)=O","-4.53","0.0","1","G1","416.3590000000001","1.8945","101.34170000000006","30.0","6.0","2.0","10.0","3.0","154.0","3.0","2.0","2.0","5.0","101.45000000000002","166.71102821338405","1.7617670554909077","1280.5073286613379"
"C-2555","5-(4-chloro-3-nitrobenzenesulfonyl-imido)-4-methyl-2-sulfonamido-delta2-1,3,4-thiadiazoline","InChI=1S/C9H8ClN5O6S3/c1-14-8(22-9(12-14)23(11,18)19)13-24(20,21)5-2-3-6(10)7(4-5)15(16)17/h2-4H,1H3,(H2,11,18,19)","UFQSGSXDRVNGIM-UHFFFAOYSA-N","CN1N=C(SC1=N[S](=O)(=O)C2=CC(=C(Cl)C=C2)[N+]([O-])=O)[S](N)(=O)=O","-2.47","0.0","1","G1","413.8460000000002","-0.019799999999999485","83.3134","24.0","9.0","1.0","15.0","4.0","130.0","2.0","0.0","0.0","2.0","167.62","143.82453064434668","2.63076024510674","1100.9338424019345"
"C-2556","n4-[(2-phenylsulfonylamino)pyrimidin-4-yl]sulfanilamide; 2-(phenylsulfonylamino)-4-(4-sulfamoylphenylamino)pyrimidine","InChI=1S/C16H15N5O4S2/c17-26(22,23)13-8-6-12(7-9-13)19-15-10-11-18-16(20-15)21-27(24,25)14-4-2-1-3-5-14/h1-11H,(H2,17,22,23)(H2,18,19,20,21)","RVUMZJPBSNPRBS-UHFFFAOYSA-N","N[S](=O)(=O)C1=CC=C(NC2=NC(=NC=C2)N[S](=O)(=O)C3=CC=CC=C3)C=C1","-2.55","0.0","1","G1","405.4610000000001","1.6683999999999999","100.3804","27.0","7.0","3.0","11.0","6.0","140.0","3.0","0.0","0.0","3.0","144.14","155.94605434257699","1.7795262345511635","1148.929729586021"
"C-2557","beta-cyclodextrin;  betadex","InChI=1S/C42H70O35/c43-1-8-29-15(50)22(57)36(64-8)72-30-9(2-44)66-38(24(59)17(30)52)74-32-11(4-46)68-40(26(61)19(32)54)76-34-13(6-48)70-42(28(63)21(34)56)77-35-14(7-49)69-41(27(62)20(35)55)75-33-12(5-47)67-39(25(60)18(33)53)73-31-10(3-45)65-37(71-29)23(58)16(31)51/h8-63H,1-7H2","WHGYBXFWUBPSRW-UHFFFAOYSA-N","OCC1OC2OC3C(O)C(O)C(OC3CO)OC4C(O)C(O)C(OC4CO)OC5C(O)C(O)C(OC5CO)OC6C(O)C(O)C(OC6CO)OC7C(O)C(O)C(OC7CO)OC8C(O)C(O)C(OC8CO)OC1C(O)C2O","-1.84","0.029827424850000006","2","G3","1134.987000000001","-15.23060000000003","228.4337999999996","77.0","35.0","21.0","35.0","7.0","448.0","0.0","21.0","21.0","21.0","554.0500000000003","433.92377049906924","1.0764059408401618","1467.0881468264465"
"C-2558","2,6-demethyl-kni-727","InChI=1S/C28H37N3O5S/c1-27(2,3)30-25(34)24-28(4,5)37-18-31(24)26(35)23(33)21(16-19-12-8-6-9-13-19)29-22(32)17-36-20-14-10-7-11-15-20/h6-15,21,23-24,33H,16-18H2,1-5H3,(H,29,32)(H,30,34)","GPNZSHBQHQEFRS-UHFFFAOYSA-N","CC(C)(C)NC(=O)C1N(CSC1(C)C)C(=O)C(O)C(CC2=CC=CC=C2)NC(=O)COC3=CC=CC=C3","-3.83","0.0","1","G1","527.6870000000002","2.7486000000000006","145.08719999999983","37.0","6.0","3.0","9.0","9.0","200.0","2.0","1.0","1.0","3.0","107.97000000000001","222.6967533469963","1.7749632334788012","1072.2301358143693"
"C-2559","n4-[2-(benzylsulfonamido)pyrimidin-4-yl)sulfanilamide; 4-[2-(benzylsulfonylamino)pyrimidin-4-ylamino]benzenesulfonamide","InChI=1S/C17H17N5O4S2/c18-28(25,26)15-8-6-14(7-9-15)20-16-10-11-19-17(21-16)22-27(23,24)12-13-4-2-1-3-5-13/h1-11H,12H2,(H2,18,25,26)(H2,19,20,21,22)","QFSKYCBYJWHTPZ-UHFFFAOYSA-N","N[S](=O)(=O)C1=CC=C(NC2=CC=NC(=N2)N[S](=O)(=O)CC3=CC=CC=C3)C=C1","-2.7","0.0","1","G1","419.48800000000017","1.8094999999999999","105.81839999999998","28.0","7.0","3.0","11.0","7.0","146.0","3.0","0.0","0.0","3.0","144.14","162.31099645697353","1.7155438612602096","1165.6843213102993"
"C-2560","4-chlorophenyl-kni-727","InChI=1S/C27H34ClN3O4S/c1-26(2,3)30-24(34)22-27(4,5)36-16-31(22)25(35)21(32)20(15-17-9-7-6-8-10-17)29-23(33)18-11-13-19(28)14-12-18/h6-14,20-22,32H,15-16H2,1-5H3,(H,29,33)(H,30,34)","QEBIAQVIMDQJHN-UHFFFAOYSA-N","CC(C)(C)NC(=O)C1N(CSC1(C)C)C(=O)C(O)C(CC2=CC=CC=C2)NC(=O)C3=CC=C(Cl)C=C3","-4.28","0.0","1","G1","532.1060000000002","3.636800000000002","143.92569999999986","36.0","5.0","3.0","9.0","7.0","194.0","2.0","1.0","1.0","3.0","98.74000000000001","221.5215322299745","1.860334065045497","1086.447650758999"
"C-2561","2-sulfamoyl-5-(2,4-dinitrobenzenesulfonamido)-1,3,4-thiadiazole","InChI=1S/C8H6N6O8S3/c9-24(19,20)8-11-10-7(23-8)12-25(21,22)6-2-1-4(13(15)16)3-5(6)14(17)18/h1-3H,(H,10,12)(H2,9,19,20)","BHTKPRRBITUJME-UHFFFAOYSA-N","N[S](=O)(=O)C1=NN=C(N[S](=O)(=O)C2=C(C=C(C=C2)[N+]([O-])=O)[N+]([O-])=O)S1","-2.91","0.0","1","G1","410.37100000000015","-0.1972999999999996","81.84150000000001","25.0","11.0","2.0","17.0","6.0","134.0","2.0","0.0","0.0","2.0","218.39","142.25386623672077","2.4756921816219073","1075.039708498277"
"C-2562","4-methoxyphenylkni-727","InChI=1S/C28H37N3O5S/c1-27(2,3)30-25(34)23-28(4,5)37-17-31(23)26(35)22(32)21(16-18-10-8-7-9-11-18)29-24(33)19-12-14-20(36-6)15-13-19/h7-15,21-23,32H,16-17H2,1-6H3,(H,29,33)(H,30,34)","BGYMYZNZTXVIHI-UHFFFAOYSA-N","COC1=CC=C(C=C1)C(=O)NC(CC2=CC=CC=C2)C(O)C(=O)N3CSC(C)(C)C3C(=O)NC(C)(C)C","-4.11","0.0","1","G1","527.6870000000002","2.992000000000001","145.46769999999987","37.0","6.0","3.0","9.0","8.0","200.0","2.0","1.0","1.0","3.0","107.97","222.69675334699645","1.856623310206649","1099.0507472957433"
"C-2563","2-(n4-glycylglycylsulfanilamido)-1,3,4-thiadiazole-5-sulfonamide","InChI=1S/C12H15N7O6S3/c13-5-9(20)15-6-10(21)16-7-1-3-8(4-2-7)28(24,25)19-11-17-18-12(26-11)27(14,22)23/h1-4H,5-6,13H2,(H,15,20)(H,16,21)(H,17,19)(H2,14,22,23)","HWIVJEDAPLKYBT-UHFFFAOYSA-N","NCC(=O)NCC(=O)NC1=CC=C(C=C1)[S](=O)(=O)NC2=NN=C(S2)[S](N)(=O)=O","-1.29","0.0","1","G1","449.49600000000015","-2.0002999999999993","99.2265","28.0","10.0","5.0","16.0","8.0","152.0","2.0","0.0","0.0","2.0","216.32999999999996","163.17034251362398","2.038213086180263","1079.1667662352374"
"C-2564","triflusulfuron-methyl","InChI=1S/C17H19F3N6O6S/c1-9-6-5-7-10(12(27)31-4)11(9)33(29,30)25-15(28)22-13-21-14(26(2)3)24-16(23-13)32-8-17(18,19)20/h5-7H,8H2,1-4H3,(H2,21,22,23,24,25,28)","IMEVJVISCHQJRM-UHFFFAOYSA-N","COC(=O)C1=C(C(=CC=C1)C)[S](=O)(=O)NC(=O)NC2=NC(=NC(=N2)OCC(F)(F)F)N(C)C","-5.69","0.0","1","G1","492.4360000000002","1.48412","107.56270000000005","33.0","10.0","2.0","16.0","7.0","180.0","2.0","0.0","0.0","2.0","152.71","185.73405298128796","2.3036758830118567","1156.4163993793206"
"C-2565","kni-727","InChI=1S/C30H41N3O5S/c1-19-12-11-13-20(2)25(19)38-17-23(34)31-22(16-21-14-9-8-10-15-21)24(35)28(37)33-18-39-30(6,7)26(33)27(36)32-29(3,4)5/h8-15,22,24,26,35H,16-18H2,1-7H3,(H,31,34)(H,32,36)","CSWRAOHDICNMPU-UHFFFAOYSA-N","CC1=C(OCC(=O)NC(CC2=CC=CC=C2)C(O)C(=O)N3CSC(C)(C)C3C(=O)NC(C)(C)C)C(=CC=C1)C","-5.01","0.0","1","G1","555.7410000000003","3.3654400000000013","154.56119999999973","39.0","6.0","3.0","9.0","9.0","212.0","2.0","1.0","1.0","3.0","107.97","235.42663757578967","1.7965756972392257","1158.615379581121"
"C-2566","5-(2,4-dinitrobenzenesulfonylimido)-4-methyl-2-sulfonamido-delta2-1,3,4-thiadiazoline","InChI=1S/C9H8N6O8S3/c1-13-8(24-9(11-13)25(10,20)21)12-26(22,23)7-3-2-5(14(16)17)4-6(7)15(18)19/h2-4H,1H3,(H2,10,20,21)","SUCOUIBVJOOUIQ-UHFFFAOYSA-N","CN1N=C(SC1=N[S](=O)(=O)C2=C(C=C(C=C2)[N+]([O-])=O)[N+]([O-])=O)[S](N)(=O)=O","-2.74","0.0","1","G1","424.3980000000002","-0.7649999999999997","84.95779999999999","26.0","11.0","1.0","17.0","5.0","140.0","2.0","0.0","0.0","2.0","210.76","148.17424013996478","2.7120249125032942","1192.2842838459655"
"C-2567","4-nitrophenyl-kni-727","InChI=1S/C27H34N4O6S/c1-26(2,3)29-24(34)22-27(4,5)38-16-30(22)25(35)21(32)20(15-17-9-7-6-8-10-17)28-23(33)18-11-13-19(14-12-18)31(36)37/h6-14,20-22,32H,15-16H2,1-5H3,(H,28,33)(H,29,34)","JQTIFLNFYNBCAF-UHFFFAOYSA-N","CC(C)(C)NC(=O)C1N(CSC1(C)C)C(=O)C(O)C(CC2=CC=CC=C2)NC(=O)C3=CC=C(C=C3)[N+]([O-])=O","-3.98","0.0","1","G1","542.6580000000002","2.8916000000000004","145.57009999999988","38.0","7.0","3.0","11.0","8.0","204.0","2.0","1.0","1.0","3.0","141.88000000000002","225.87124172559263","1.8635850753146401","1180.3040281440985"
"C-2568","2-sulfanilamido-4-(diphenyl-4-yl)thiazole","InChI=1S/C21H17N3O2S2/c22-18-10-12-19(13-11-18)28(25,26)24-21-23-20(14-27-21)17-8-6-16(7-9-17)15-4-2-1-3-5-15/h1-14H,22H2,(H,23,24)","CJZCIWDJIZWGBK-UHFFFAOYSA-N","NC1=CC=C(C=C1)[S](=O)(=O)NC2=NC(=CS2)C3=CC=C(C=C3)C4=CC=CC=C4","-5.61","0.0","1","G1","407.5200000000001","4.860100000000003","114.64889999999998","28.0","5.0","2.0","7.0","5.0","140.0","4.0","0.0","0.0","4.0","85.08","167.11322576208286","1.5347080968210856","1184.6563876711014"
"C-2569","2-(4-bromophenylsulfonylamino)-4-(4-sulfamoylphenylamino)pyrimidine; n4-[2-(4-bromophenylsulfonylamino)pyrimidin-4-yl]sulfanilamide","InChI=1S/C16H14BrN5O4S2/c17-11-1-5-14(6-2-11)28(25,26)22-16-19-10-9-15(21-16)20-12-3-7-13(8-4-12)27(18,23)24/h1-10H,(H2,18,23,24)(H2,19,20,21,22)","FRXWFMQJGARFOJ-UHFFFAOYSA-N","N[S](=O)(=O)C1=CC=C(NC2=NC(=NC=C2)N[S](=O)(=O)C3=CC=C(Br)C=C3)C=C1","-2.62","0.0","1","G1","484.35700000000014","2.4309000000000003","108.0804","28.0","7.0","3.0","12.0","6.0","146.0","3.0","0.0","0.0","3.0","144.14","169.81360194821835","1.7767362092281256","1198.5418369917281"
"C-2570","4-[2-(4-tosylureido)pyrimidin-4-yl-amino]benzenesulfonamide","InChI=1S/C18H18N6O5S2/c1-12-2-6-15(7-3-12)31(28,29)24-18(25)23-17-20-11-10-16(22-17)21-13-4-8-14(9-5-13)30(19,26)27/h2-11H,1H3,(H2,19,26,27)(H3,20,21,22,23,24,25)","DYGCMMCLBCULBL-UHFFFAOYSA-N","CC1=CC=C(C=C1)[S](=O)(=O)NC(=O)NC2=NC(=CC=N2)NC3=CC=C(C=C3)[S](N)(=O)=O","-4.3","0.0","1","G1","462.51300000000015","1.6864199999999998","113.64909999999999","31.0","8.0","4.0","13.0","6.0","162.0","3.0","0.0","0.0","3.0","173.23999999999998","178.38732285502203","1.671037471545007","1308.3061307292178"
"C-2571","chlorfluazuron;  atabron","InChI=1S/C20H9Cl3F5N3O3/c21-10-5-9(30-19(33)31-17(32)15-13(24)2-1-3-14(15)25)6-11(22)16(10)34-18-12(23)4-8(7-29-18)20(26,27)28/h1-7H,(H2,30,31,32,33)","UISUNVFOGSJSKD-UHFFFAOYSA-N","FC1=CC=CC(=C1C(=O)NC(=O)NC2=CC(=C(OC3=C(Cl)C=C(C=N3)C(F)(F)F)C(=C2)Cl)Cl)F","-8.65","0.0","1","G1","540.6590000000001","7.093000000000002","113.6279","34.0","4.0","2.0","14.0","4.0","178.0","3.0","0.0","0.0","3.0","80.32000000000001","202.13385534784805","1.7431910577635752","1244.78451345341"
"C-2572","n-phosphorylated cimicoxib;  n-[4-(4-chloro-5-(3-fluoro-4-methoxyphenyl)imidazol-1-yl)phenylsulfonyl]phosphoramidic acid","InChI=1S/C16H14ClFN3O6PS/c1-27-14-7-2-10(8-13(14)18)15-16(17)19-9-21(15)11-3-5-12(6-4-11)29(25,26)20-28(22,23)24/h2-9H,1H3,(H3,20,22,23,24)","DEOMXAFNZXYCBQ-UHFFFAOYSA-N","COC1=C(F)C=C(C=C1)C2=C(Cl)N=C[N]2C3=CC=C(C=C3)[S](=O)(=O)N[P](O)(O)=O","-2.55","0.0","1","G1","461.7950000000001","2.711400000000002","102.88560000000003","29.0","6.0","3.0","13.0","6.0","154.0","3.0","0.0","0.0","3.0","130.75","169.54991576641362","2.01301933799316","1209.8930921498134"
"C-2573","4-[2-(3-trifluoromethylphenylsulfonylamino)pyrimidin-4-ylamino]benzenesulfonamide","InChI=1S/C17H14F3N5O4S2/c18-17(19,20)11-2-1-3-14(10-11)31(28,29)25-16-22-9-8-15(24-16)23-12-4-6-13(7-5-12)30(21,26)27/h1-10H,(H2,21,26,27)(H2,22,23,24,25)","KJQMAJCVWXRIHO-UHFFFAOYSA-N","N[S](=O)(=O)C1=CC=C(NC2=CC=NC(=N2)N[S](=O)(=O)C3=CC(=CC=C3)C(F)(F)F)C=C1","-1.82","0.0","1","G1","473.45800000000014","2.6872000000000007","105.38239999999999","31.0","7.0","3.0","14.0","6.0","164.0","3.0","0.0","0.0","3.0","144.14","174.80760266575226","1.8028486093875875","1312.0937109866632"
"C-2574","4-[2-(4-chlorphenylsulfonylureido)pyrimidin-4-ylamino]benzenesulfonamide","InChI=1S/C17H15ClN6O5S2/c18-11-1-5-14(6-2-11)31(28,29)24-17(25)23-16-20-10-9-15(22-16)21-12-3-7-13(8-4-12)30(19,26)27/h1-10H,(H2,19,26,27)(H3,20,21,22,23,24,25)","YPWVSRAMWAPSDL-UHFFFAOYSA-N","N[S](=O)(=O)C1=CC=C(NC2=CC=NC(=N2)NC(=O)N[S](=O)(=O)C3=CC=C(Cl)C=C3)C=C1","-4.0","0.0","1","G1","482.93100000000015","2.0314","113.92209999999997","31.0","8.0","4.0","14.0","6.0","162.0","3.0","0.0","0.0","3.0","173.23999999999998","182.32564696750703","1.6710374715450067","1313.8779124539237"
"C-2575","gamma-cyclodextrin","InChI=1S/C48H80O40/c49-1-9-33-17(57)25(65)41(73-9)82-34-10(2-50)75-43(27(67)19(34)59)84-36-12(4-52)77-45(29(69)21(36)61)86-38-14(6-54)79-47(31(71)23(38)63)88-40-16(8-56)80-48(32(72)24(40)64)87-39-15(7-55)78-46(30(70)22(39)62)85-37-13(5-53)76-44(28(68)20(37)60)83-35-11(3-51)74-42(81-33)26(66)18(35)58/h9-72H,1-8H2","GDSRMADSINPKSL-UHFFFAOYSA-N","OCC1OC2OC3C(O)C(O)C(OC3CO)OC4C(O)C(O)C(OC4CO)OC5C(O)C(O)C(OC5CO)OC6C(O)C(O)C(OC6CO)OC7C(O)C(O)C(OC7CO)OC8C(O)C(O)C(OC8CO)OC9C(O)C(O)C(OC9CO)OC1C(O)C2O","-0.75","0.05373456069999999","2","G3","1297.1280000000013","-17.406399999999984","261.06719999999956","88.0","40.0","24.0","40.0","8.0","512.0","0.0","30.0","30.0","30.0","633.2000000000004","495.71738374752147","0.9753935163468521","1704.4130590253585"
"C-2576","lasinavir","InChI=1S/C35H53N3O9/c1-22(2)30(33(41)36-15-16-43-6)38-32(40)25(17-24-19-28(44-7)31(46-9)29(20-24)45-8)21-27(39)26(18-23-13-11-10-12-14-23)37-34(42)47-35(3,4)5/h10-14,19-20,22,25-27,30,39H,15-18,21H2,1-9H3,(H,36,41)(H,37,42)(H,38,40)","BQXKPLXLMDOCBL-UHFFFAOYSA-N","COCCNC(=O)C(NC(=O)C(CC(O)C(CC1=CC=CC=C1)NC(=O)OC(C)(C)C)CC2=CC(=C(OC)C(=C2)OC)OC)C(C)C","-4.0","0.0","1","G1","659.8210000000001","3.6615000000000038","178.87389999999948","47.0","9.0","4.0","12.0","18.0","262.0","2.0","0.0","0.0","2.0","153.68","278.3782787073689","2.476111980321009","1255.7962475462054"
"C-2578","2-pentafluorophenylsulfonylamino-4-(4-sulfamoylphenylamino)pyrimidine;  n4-[2-(pentafluorophenylsulfonylamino)pyrimidin-4-yl]sulfanilamide","InChI=1S/C16H10F5N5O4S2/c17-10-11(18)13(20)15(14(21)12(10)19)32(29,30)26-16-23-6-5-9(25-16)24-7-1-3-8(4-2-7)31(22,27)28/h1-6H,(H2,22,27,28)(H2,23,24,25,26)","OJHDVAOAFKILCS-UHFFFAOYSA-N","N[S](=O)(=O)C1=CC=C(NC2=NC(=NC=C2)N[S](=O)(=O)C3=C(F)C(=C(F)C(=C3F)F)F)C=C1","-1.57","0.0","1","G1","495.4110000000002","2.363900000000001","100.17040000000004","32.0","7.0","3.0","16.0","6.0","170.0","3.0","0.0","0.0","3.0","144.14","176.77373135720813","1.8950711662599473","1388.4718336770911"
"C-2579","sb 209670","InChI=1S/C29H28O9/c1-3-10-35-18-6-7-19-21(12-18)27(20-8-5-17(34-2)13-23(20)36-14-25(30)31)28(29(32)33)26(19)16-4-9-22-24(11-16)38-15-37-22/h4-9,11-13,26-28H,3,10,14-15H2,1-2H3,(H,30,31)(H,32,33)","UUAVCCWBNUITBB-UHFFFAOYSA-N","CCCOC1=CC=C2C(C(C(C3=CC=C(OC)C=C3OCC(O)=O)C2=C1)C(O)=O)C4=CC5=C(OCO5)C=C4","-6.77","0.0","1","G1","520.5340000000003","4.654300000000003","135.7296","38.0","7.0","2.0","9.0","10.0","198.0","3.0","0.0","2.0","5.0","120.75000000000003","219.0275303349432","1.6873376648529925","1366.1499197446356"
"C-2580","dihydroergocristine","InChI=1S/C35H41N5O5/c1-20(2)34(37-31(41)23-16-25-24-11-7-12-26-30(24)22(18-36-26)17-27(25)38(3)19-23)33(43)40-28(15-21-9-5-4-6-10-21)32(42)39-14-8-13-29(39)35(40,44)45-34/h4-7,9-12,18,20,23,25,27-29,36,44H,8,13-17,19H2,1-3H3,(H,37,41)","DEQITUUQPICUMR-UHFFFAOYSA-N","CC(C)C1(NC(=O)C2CC3C(CC4=C[NH]C5=C4C3=CC=C5)N(C)C2)OC6(O)C7CCCN7C(=O)C(CC8=CC=CC=C8)N6C1=O","-5.27","0.0","1","G1","611.7430000000004","2.7172","166.5301999999996","45.0","6.0","3.0","10.0","5.0","236.0","3.0","4.0","5.0","8.0","118.21000000000001","262.2356593890454","1.1163811009194007","1689.7934384247383"
"C-2581","reserpine","InChI=1S/C33H40N2O9/c1-38-19-7-8-20-21-9-10-35-16-18-13-27(44-32(36)17-11-25(39-2)30(41-4)26(12-17)40-3)31(42-5)28(33(37)43-6)22(18)15-24(35)29(21)34-23(20)14-19/h7-8,11-12,14,18,22,24,27-28,31,34H,9-10,13,15-16H2,1-6H3","QEVHRUUCFGRFIF-UHFFFAOYSA-N","COC1C(CC2CN3CCC4=C([NH]C5=C4C=CC(=C5)OC)C3CC2C1C(=O)OC)OC(=O)C6=CC(=C(OC)C(=C6)OC)OC","-5.97","0.0","1","G1","608.6880000000003","4.171100000000004","160.68719999999965","44.0","10.0","1.0","11.0","8.0","236.0","3.0","2.0","3.0","6.0","117.78000000000002","256.1734234680975","1.293564642858826","1526.4817827505706"
"C-2582","bromadiolone","InChI=1S/C30H23BrO4/c31-23-16-14-20(15-17-23)19-10-12-22(13-11-19)26(32)18-25(21-6-2-1-3-7-21)28-29(33)24-8-4-5-9-27(24)35-30(28)34/h1-17,25-26,32-33H,18H2","OWNRRUFOJXFKCU-UHFFFAOYSA-N","OC(CC(C1=CC=CC=C1)C2=C(O)C3=C(OC2=O)C=CC=C3)C4=CC=C(C=C4)C5=CC=C(Br)C=C5","-4.45","0.0","1","G1","527.4140000000001","7.183700000000007","141.58859999999984","35.0","4.0","2.0","5.0","6.0","174.0","5.0","0.0","0.0","5.0","70.67","210.80153064670023","1.504070715998948","1507.1507491353123"
"C-2583","cosalane;  nsc 658586","InChI=1S/C46H62Cl2O6/c1-26(2)9-7-10-27(3)35-14-15-36-32-13-12-30-25-44(4,19-20-45(30,5)37(32)16-18-46(35,36)6)17-8-11-31(28-21-33(42(51)52)40(49)38(47)23-28)29-22-34(43(53)54)41(50)39(48)24-29/h11,21-24,26-27,30,32,35-37,49-50H,7-10,12-20,25H2,1-6H3,(H,51,52)(H,53,54)","PZHSIUGYACBCPQ-UHFFFAOYSA-N","CC(C)CCCC(C)C1CCC2C3CCC4CC(C)(CCC=C(C5=CC(=C(O)C(=C5)C(O)=O)Cl)C6=CC(=C(O)C(=C6)C(O)=O)Cl)CCC4(C)C3CCC12C","-8.46","0.0","1","G1","781.9019999999999","13.140499999999976","217.64219999999926","54.0","4.0","4.0","8.0","12.0","296.0","2.0","4.0","4.0","6.0","115.06","332.29011323137934","1.1943926935322349","1712.85640296721"
"C-2584","boc-phe-is-sta-leu-nh(ch2)3n(ch2ch2oh)2 (analog 22)","InChI=1S/C41H68N8O9/c1-27(2)20-31(35(52)24-36(53)45-32(21-28(3)4)37(54)43-14-11-15-49(16-18-50)17-19-51)46-39(56)34(23-30-25-42-26-44-30)47-38(55)33(22-29-12-9-8-10-13-29)48-40(57)58-41(5,6)7/h8-10,12-13,25-28,31-35,50-52H,11,14-24H2,1-7H3,(H,42,44)(H,43,54)(H,45,53)(H,46,56)(H,47,55)(H,48,57)","DZBPOCSWCYBLRC-UHFFFAOYSA-N","CC(C)CC(NC(=O)C(CC1=C[NH]C=N1)NC(=O)C(CC2=CC=CC=C2)NC(=O)OC(C)(C)C)C(O)CC(=O)NC(CC(C)C)C(=O)NCCCN(CCO)CCO","-2.37","0.0","1","G1","817.0419999999996","1.1787000000000047","219.15959999999933","58.0","11.0","9.0","17.0","26.0","326.0","2.0","0.0","0.0","2.0","247.33999999999997","342.40845496277046","2.2029181294262528","1512.9807029715548"
"C-2585","boc-phe-his-sta-leu-nh-ch2ch2-ch(nh2)-cooh, analog 16)","InChI=1S/C38H60N8O9/c1-22(2)15-27(31(47)19-32(48)43-28(16-23(3)4)33(49)41-14-13-26(39)36(52)53)44-35(51)30(18-25-20-40-21-42-25)45-34(50)29(17-24-11-9-8-10-12-24)46-37(54)55-38(5,6)7/h8-12,20-23,26-31,47H,13-19,39H2,1-7H3,(H,40,42)(H,41,49)(H,43,48)(H,44,51)(H,45,50)(H,46,54)(H,52,53)","HZMKMSYGVTVKSN-UHFFFAOYSA-N","CC(C)CC(NC(=O)C(CC1=C[NH]C=N1)NC(=O)C(CC2=CC=CC=C2)NC(=O)OC(C)(C)C)C(O)CC(=O)NC(CC(C)C)C(=O)NCCC(N)C(O)=O","-2.22","0.0","1","G1","772.9449999999998","1.3040000000000052","204.15919999999952","55.0","10.0","9.0","17.0","22.0","306.0","2.0","0.0","0.0","2.0","266.96","322.26097399423776","2.2463187832964007","1529.96627438611"
"C-2586","kni-272;  kynostatin","InChI=1S/C33H41N5O6S2/c1-33(2,3)37-31(42)26-19-46-20-38(26)32(43)29(40)24(15-21-9-6-5-7-10-21)36-30(41)25(18-45-4)35-28(39)17-44-27-12-8-11-22-16-34-14-13-23(22)27/h5-14,16,24-26,29,40H,15,17-20H2,1-4H3,(H,35,39)(H,36,41)(H,37,42)","NJBBLOIWMSYVCQ-UHFFFAOYSA-N","CSCC(NC(=O)COC1=CC=CC2=C1C=CN=C2)C(=O)NC(CC3=CC=CC=C3)C(O)C(=O)N4CSCC4C(=O)NC(C)(C)C","-3.95","0.0","1","G1","667.854","2.3659999999999997","181.48889999999957","46.0","9.0","4.0","13.0","13.0","246.0","3.0","1.0","1.0","4.0","149.96","277.16244439748823","1.4576157281011268","1513.9135119602165"
"C-2587","bromothymol  blue","InChI=1S/C27H28Br2O5S/c1-13(2)21-18(11-15(5)25(30)23(21)28)27(17-9-7-8-10-20(17)35(32,33)34-27)19-12-16(6)26(31)24(29)22(19)14(3)4/h7-14,30-31H,1-6H3","CJBMVMMYECULNQ-UHFFFAOYSA-N","CC(C)C1=C(Br)C(=C(C)C=C1C2(O[S](=O)(=O)C3=C2C=CC=C3)C4=CC(=C(O)C(=C4C(C)C)Br)C)O","-5.18","0.0","1","G1","624.3910000000003","7.497240000000009","143.8603999999999","35.0","5.0","2.0","8.0","4.0","186.0","3.0","0.0","1.0","4.0","83.83000000000001","223.09574961069154","2.3274444241455936","1389.6238825984417"
"C-2588","boc-phe-his-sta-leu-nhch2-4-pyridyl (analog 5)","InChI=1S/C40H58N8O7/c1-25(2)17-30(34(49)21-35(50)45-31(18-26(3)4)36(51)43-22-28-13-15-41-16-14-28)46-38(53)33(20-29-23-42-24-44-29)47-37(52)32(19-27-11-9-8-10-12-27)48-39(54)55-40(5,6)7/h8-16,23-26,30-34,49H,17-22H2,1-7H3,(H,42,44)(H,43,51)(H,45,50)(H,46,53)(H,47,52)(H,48,54)","ULHWJFTZJZSPCG-UHFFFAOYSA-N","CC(C)CC(NC(=O)C(CC1=C[NH]C=N1)NC(=O)C(CC2=CC=CC=C2)NC(=O)OC(C)(C)C)C(O)CC(=O)NC(CC(C)C)C(=O)NCC3=CC=NC=C3","-3.36","0.0","1","G1","762.9529999999999","3.0972000000000035","207.00499999999943","55.0","9.0","7.0","15.0","20.0","300.0","3.0","0.0","0.0","3.0","216.52999999999997","323.14724328880607","1.7588635020839","1646.5142834911446"
"C-2589","boc-phe-his-sta-leu-nh2-2-pyridyl (analog 4)","InChI=1S/C40H58N8O7/c1-25(2)17-30(34(49)21-35(50)45-31(18-26(3)4)36(51)43-23-28-15-11-12-16-42-28)46-38(53)33(20-29-22-41-24-44-29)47-37(52)32(19-27-13-9-8-10-14-27)48-39(54)55-40(5,6)7/h8-16,22,24-26,30-34,49H,17-21,23H2,1-7H3,(H,41,44)(H,43,51)(H,45,50)(H,46,53)(H,47,52)(H,48,54)","WFOVKVGGLBZBPE-UHFFFAOYSA-N","CC(C)CC(NC(=O)C(CC1=C[NH]C=N1)NC(=O)C(CC2=CC=CC=C2)NC(=O)OC(C)(C)C)C(O)CC(=O)NC(CC(C)C)C(=O)NCC3=CC=CC=N3","-3.42","0.0","1","G1","762.9529999999999","3.0972000000000035","207.00499999999943","55.0","9.0","7.0","15.0","20.0","300.0","3.0","0.0","0.0","3.0","216.52999999999997","323.14724328880607","1.7588635020839","1646.5142834911446"
"C-2590","boc-phe-his-sta-leu-nh-ch2-4-pyridyl-n-oxide;  (analog 7)","InChI=1S/C40H58N8O8/c1-25(2)17-30(34(49)21-35(50)44-31(18-26(3)4)36(51)42-22-28-13-15-48(55)16-14-28)45-38(53)33(20-29-23-41-24-43-29)46-37(52)32(19-27-11-9-8-10-12-27)47-39(54)56-40(5,6)7/h8-16,23-26,30-34,49H,17-22H2,1-7H3,(H,41,43)(H,42,51)(H,44,50)(H,45,53)(H,46,52)(H,47,54)","ZJYMBDYMFYOXJD-UHFFFAOYSA-N","CC(C)CC(NC(=O)C(CC1=C[NH]C=N1)NC(=O)C(CC2=CC=CC=C2)NC(=O)OC(C)(C)C)C(O)CC(=O)NC(CC(C)C)C(=O)NCC3=CC=[N+]([O-])C=C3","-2.38","0.0","1","G1","778.9519999999999","2.335600000000004","208.16999999999942","56.0","9.0","7.0","16.0","20.0","306.0","3.0","0.0","0.0","3.0","230.57999999999998","328.10548702707536","1.7560913013861073","1695.0378308286404"
"C-2591","boc-phe-his-sta-leu-nhch2-ph--3-ch2nh2, analog 11","InChI=1S/C42H62N8O7/c1-26(2)16-32(36(51)21-37(52)47-33(17-27(3)4)38(53)45-23-30-15-11-14-29(18-30)22-43)48-40(55)35(20-31-24-44-25-46-31)49-39(54)34(19-28-12-9-8-10-13-28)50-41(56)57-42(5,6)7/h8-15,18,24-27,32-36,51H,16-17,19-23,43H2,1-7H3,(H,44,46)(H,45,53)(H,47,52)(H,48,55)(H,49,54)(H,50,56)","HCQSWAXEJLAQFZ-UHFFFAOYSA-N","CC(C)CC(NC(=O)C(CC1=C[NH]C=N1)NC(=O)C(CC2=CC=CC=C2)NC(=O)OC(C)(C)C)C(O)CC(=O)NC(CC(C)C)C(=O)NCC3=CC=CC(=C3)CN","-2.85","0.0","1","G1","791.0069999999997","3.1609000000000043","217.10139999999942","57.0","9.0","8.0","15.0","21.0","312.0","3.0","0.0","0.0","3.0","229.66","335.6324281192687","1.7570784473590944","1727.14179702742"
"C-2592","boc-phe-his-sta-leu-nh-ch2-ch(nh2)-2-pyridyl;  (analog 8)","InChI=1S/C41H61N9O7/c1-25(2)17-31(35(51)21-36(52)47-32(18-26(3)4)37(53)45-23-29(42)30-15-11-12-16-44-30)48-39(55)34(20-28-22-43-24-46-28)49-38(54)33(19-27-13-9-8-10-14-27)50-40(56)57-41(5,6)7/h8-16,22,24-26,29,31-35,51H,17-21,23,42H2,1-7H3,(H,43,46)(H,45,53)(H,47,52)(H,48,55)(H,49,54)(H,50,56)","FERFUBSFSRZOBT-UHFFFAOYSA-N","CC(C)CC(NC(=O)C(CC1=C[NH]C=N1)NC(=O)C(CC2=CC=CC=C2)NC(=O)OC(C)(C)C)C(O)CC(=O)NC(CC(C)C)C(=O)NCC(N)C3=CC=CC=N3","-3.4","0.0","1","G1","791.9949999999998","2.597000000000004","215.09639999999945","57.0","10.0","8.0","16.0","21.0","312.0","3.0","0.0","0.0","3.0","242.55","334.85207610021536","1.7488390399138425","1700.0922556417372"
"C-2593","iodipamide;  adipiodone","InChI=1S/C20H14I6N2O6/c21-7-5-9(23)17(15(25)13(7)19(31)32)27-11(29)3-1-2-4-12(30)28-18-10(24)6-8(22)14(16(18)26)20(33)34/h5-6H,1-4H2,(H,27,29)(H,28,30)(H,31,32)(H,33,34)","FFINMCNLQNTKLU-UHFFFAOYSA-N","OC(=O)C1=C(I)C(=C(I)C=C1I)NC(=O)CCCCC(=O)NC2=C(I)C=C(I)C(=C2I)C(O)=O","-3.39","0.0","1","G1","1139.7639999999994","6.848200000000001","178.83199999999994","34.0","4.0","4.0","14.0","9.0","182.0","2.0","0.0","0.0","2.0","132.8","276.3133432387789","1.9401188960620233","1095.619513788268"
"C-2594","boc-phe-his-achpa-leu-nh-ch2-ph-3-ch2-nh2 (analog 12)","InChI=1S/C45H66N8O7/c1-29(2)19-36(41(56)48-26-33-18-12-17-32(20-33)25-46)50-40(55)24-39(54)35(21-30-13-8-6-9-14-30)51-43(58)38(23-34-27-47-28-49-34)52-42(57)37(22-31-15-10-7-11-16-31)53-44(59)60-45(3,4)5/h7,10-12,15-18,20,27-30,35-39,54H,6,8-9,13-14,19,21-26,46H2,1-5H3,(H,47,49)(H,48,56)(H,50,55)(H,51,58)(H,52,57)(H,53,59)","QIGZLJVYYYXMIH-UHFFFAOYSA-N","CC(C)CC(NC(=O)CC(O)C(CC1CCCCC1)NC(=O)C(CC2=C[NH]C=N2)NC(=O)C(CC3=CC=CC=C3)NC(=O)OC(C)(C)C)C(=O)NCC4=CC=CC(=C4)CN","-4.7","0.0","1","G1","831.0719999999998","4.085200000000007","228.83839999999933","60.0","9.0","8.0","15.0","21.0","328.0","3.0","1.0","1.0","4.0","229.66","353.7214233089292","1.5053446894841858","1808.9767387470463"
"C-2595","boc-phe-his-sta-leu-nh-chph-cooh, analog 18","InChI=1S/C42H59N7O9/c1-25(2)18-30(34(50)22-35(51)45-31(19-26(3)4)39(54)49-36(40(55)56)28-16-12-9-13-17-28)46-38(53)33(21-29-23-43-24-44-29)47-37(52)32(20-27-14-10-8-11-15-27)48-41(57)58-42(5,6)7/h8-17,23-26,30-34,36,50H,18-22H2,1-7H3,(H,43,44)(H,45,51)(H,46,53)(H,47,52)(H,48,57)(H,49,54)(H,55,56)","XGCDNGBJXXBQKT-UHFFFAOYSA-N","CC(C)CC(NC(=O)C(CC1=C[NH]C=N1)NC(=O)C(CC2=CC=CC=C2)NC(=O)OC(C)(C)C)C(O)CC(=O)NC(CC(C)C)C(=O)NC(C(O)=O)C3=CC=CC=C3","-3.13","0.0","1","G1","805.974","3.327900000000004","215.88279999999943","58.0","9.0","8.0","16.0","21.0","316.0","3.0","0.0","0.0","3.0","240.93999999999997","339.2482932744959","1.792641188429206","1781.0028397806786"
"C-2596","l-365,209, analog 2;  (cyclic hexapeptide)","InChI=1S/C42H56N6O6/c1-4-28(2)36-42(54)48-24-14-12-21-34(48)40(52)47-23-13-11-20-33(47)39(51)45(3)35(27-30-18-9-6-10-19-30)41(53)46-25-15-22-32(46)38(50)43-31(37(49)44-36)26-29-16-7-5-8-17-29/h5-10,16-19,28,31-36H,4,11-15,20-27H2,1-3H3,(H,43,50)(H,44,49)","MIAHOWFGIYZPJD-UHFFFAOYSA-N","CCC(C)C1NC(=O)C(CC2=CC=CC=C2)NC(=O)C3CCCN3C(=O)C(CC4=CC=CC=C4)N(C)C(=O)C5CCCCN5C(=O)C6CCCCN6C1=O","-5.57","0.0","1","G1","740.9459999999997","3.0813000000000033","203.60539999999935","54.0","6.0","2.0","12.0","6.0","290.0","2.0","4.0","4.0","6.0","139.44","318.52162779163444","1.424541478160049","1671.513257110581"
"C-2597","boc-phe-his-sta-leu-nhch(cooh)ch2-c6h4-3-nh2,  tetrapeptide derivative (15)","InChI=1S/C44H64N8O9/c1-26(2)16-32(37(53)22-38(54)48-33(17-27(3)4)39(55)51-36(42(58)59)20-29-14-11-15-30(18-29)23-45)49-41(57)35(21-31-24-46-25-47-31)50-40(56)34(19-28-12-9-8-10-13-28)52-43(60)61-44(5,6)7/h8-15,18,24-27,32-37,53H,16-17,19-23,45H2,1-7H3,(H,46,47)(H,48,54)(H,49,57)(H,50,56)(H,51,55)(H,52,60)(H,58,59)","LRXFYFDTOXXRTI-UHFFFAOYSA-N","CC(C)CC(NC(=O)C(CC1=C[NH]C=N1)NC(=O)C(CC2=CC=CC=C2)NC(=O)OC(C)(C)C)C(O)CC(=O)NC(CC(C)C)C(=O)NC(CC3=CC(=CC=C3)CN)C(O)=O","-2.82","0.0","1","G1","849.0429999999998","2.6566000000000054","228.52519999999942","61.0","10.0","9.0","17.0","23.0","334.0","3.0","0.0","0.0","3.0","266.96","357.31806820030175","1.7814720457395428","1882.4163366368307"
"C-2598","l-365,209, analog 10;  (cyclic hexapeptide)","InChI=1S/C40H53N9O6/c1-3-24(2)34-40(55)49-17-9-7-14-33(49)39(54)48-16-8-6-13-31(48)37(52)45-30(20-26-22-41-23-43-26)38(53)47-18-10-15-32(47)36(51)44-29(35(50)46-34)19-25-21-42-28-12-5-4-11-27(25)28/h4-5,11-12,21-24,29-34,42H,3,6-10,13-20H2,1-2H3,(H,41,43)(H,44,51)(H,45,52)(H,46,50)","WCNGAVKBHXZVJO-UHFFFAOYSA-N","CCC(C)C1NC(=O)C(CC2=C[NH]C3=C2C=CC=C3)NC(=O)C4CCCN4C(=O)C(CC5=C[NH]C=N5)NC(=O)C6CCCCN6C(=O)C7CCCCN7C1=O","-2.58","0.0","1","G1","755.9209999999996","1.9435000000000044","202.98049999999947","55.0","7.0","5.0","15.0","6.0","294.0","3.0","4.0","4.0","7.0","192.7","320.2663475453528","1.2806178311200094","1893.4966645920467"
"C-2599","l-365,209  (analog 6 );  (cyclic hexapeptide)","InChI=1S/C40H54N8O6/c1-4-26(2)34-40(54)48-32(19-12-22-42-48)37(51)43-29(18-11-21-41)38(52)46(3)33(25-28-16-9-6-10-17-28)39(53)47-23-13-20-31(47)36(50)44-30(35(49)45-34)24-27-14-7-5-8-15-27/h5-10,14-17,22,26,29-34H,4,11-13,18-21,23-25,41H2,1-3H3,(H,43,51)(H,44,50)(H,45,49)","JDOMSHIFFAUNHK-UHFFFAOYSA-N","CCC(C)C1NC(=O)C(CC2=CC=CC=C2)NC(=O)C3CCCN3C(=O)C(CC4=CC=CC=C4)N(C)C(=O)C(CCCN)NC(=O)C5CCC=NN5C1=O","-2.7","0.0","1","G1","742.9219999999998","1.519600000000007","203.48049999999944","54.0","8.0","4.0","14.0","9.0","290.0","2.0","2.0","3.0","5.0","186.60999999999996","316.792952432883","1.5859988973607475","1672.6232400761212"
"C-2600","l-365,209 -analog 11;  (cyclic hexapeptide)","InChI=1S/C42H54N8O6/c1-3-26(2)36-42(56)50-19-9-7-14-35(50)41(55)49-18-8-6-13-33(49)39(53)46-32(23-30-24-43-25-44-30)40(54)48-20-10-15-34(48)38(52)45-31(37(51)47-36)22-27-16-17-28-11-4-5-12-29(28)21-27/h4-5,11-12,16-17,21,24-26,31-36H,3,6-10,13-15,18-20,22-23H2,1-2H3,(H,43,44)(H,45,52)(H,46,53)(H,47,51)","ILLSOIRJMQNTIA-UHFFFAOYSA-N","CCC(C)C1NC(=O)C(CC2=CC3=C(C=CC=C3)C=C2)NC(=O)C4CCCN4C(=O)C(CC5=C[NH]C=N5)NC(=O)C6CCCCN6C(=O)C7CCCCN7C1=O","-3.98","0.0","1","G1","766.9439999999996","2.6154000000000037","208.62979999999942","56.0","7.0","4.0","14.0","6.0","298.0","3.0","4.0","4.0","7.0","176.91000000000003","327.0571871243385","1.2752356620347867","1934.368719165232"
"C-2601","l -365, 209,   analog 9 ;  (cyclic  hexapeptide)","InChI=1S/C43H56N8O6/c1-4-27(2)37-43(57)50-20-11-10-17-34(50)41(55)51-22-19-44-26-36(51)40(54)48(3)35(23-28-13-6-5-7-14-28)42(56)49-21-12-18-33(49)39(53)46-32(38(52)47-37)24-29-25-45-31-16-9-8-15-30(29)31/h5-9,13-16,25,27,32-37,44-45H,4,10-12,17-24,26H2,1-3H3,(H,46,53)(H,47,52)","XPKURONBKQLLCO-UHFFFAOYSA-N","CCC(C)C1NC(=O)C(CC2=C[NH]C3=C2C=CC=C3)NC(=O)C4CCCN4C(=O)C(CC5=CC=CC=C5)N(C)C(=O)C6CNCCN6C(=O)C7CCCCN7C1=O","-2.75","0.0","1","G1","780.9709999999997","1.981900000000005","214.48079999999936","57.0","7.0","4.0","14.0","6.0","304.0","3.0","4.0","4.0","7.0","167.26000000000002","333.59737281359537","1.3034454084562823","1968.265627690232"
"C-2602","l-365,209 -analog 12,  (cyclic hexapeptide)","InChI=1S/C39H50N10O6/c1-3-23(2)33-39(55)49-32(13-8-15-43-49)38(54)48-16-7-6-12-30(48)36(52)45-29(19-25-21-40-22-42-25)37(53)47-17-9-14-31(47)35(51)44-28(34(50)46-33)18-24-20-41-27-11-5-4-10-26(24)27/h4-5,10-11,15,20-23,28-33,41H,3,6-9,12-14,16-19H2,1-2H3,(H,40,42)(H,44,51)(H,45,52)(H,46,50)","KHZMWMBLYZHOQJ-UHFFFAOYSA-N","CCC(C)C1NC(=O)C(CC2=C[NH]C3=C2C=CC=C3)NC(=O)C4CCCN4C(=O)C(CC5=C[NH]C=N5)NC(=O)C6CCCCN6C(=O)C7CCC=NN7C1=O","-2.6","0.0","1","G1","754.8929999999997","1.539200000000005","201.98849999999953","55.0","8.0","5.0","16.0","6.0","292.0","3.0","3.0","4.0","7.0","205.06","318.7668639370513","1.2852062948144372","1942.7736083702475"
"C-2603","l-365,209 ;  (cyclic  hexapeptide)","InChI=1S/C40H50N8O6/c1-4-26(2)34-40(54)48-32(19-12-22-42-48)39(53)47-31(18-11-21-41-47)37(51)45(3)33(25-28-16-9-6-10-17-28)38(52)46-23-13-20-30(46)36(50)43-29(35(49)44-34)24-27-14-7-5-8-15-27/h5-10,14-17,21-22,26,29-34H,4,11-13,18-20,23-25H2,1-3H3,(H,43,50)(H,44,49)","IFHSSGUGRIXWQU-UHFFFAOYSA-N","CCC(C)C1NC(=O)C(CC2=CC=CC=C2)NC(=O)C3CCCN3C(=O)C(CC4=CC=CC=C4)N(C)C(=O)C5CCC=NN5C(=O)C6CCC=NN6C1=O","-4.04","0.0","1","G1","738.8899999999999","2.272700000000004","201.62139999999943","54.0","8.0","2.0","14.0","6.0","286.0","2.0","2.0","4.0","6.0","164.15999999999997","315.52266057503147","1.4349240448438085","1769.5924541633187"
"D-11","dodecane","InChI=1S/C12H26/c1-3-5-7-9-11-12-10-8-6-4-2/h3-12H2,1-2H3","SNRUBQQJIBEYMU-UHFFFAOYSA-N","CCCCCCCCCCCC","-6.41","0.6265499999999999","2","G2","170.33999999999997","4.9272000000000045","57.51800000000005","12.0","0.0","0.0","0.0","9.0","74.0","0.0","0.0","0.0","0.0","0.0","78.75361428619225","2.72724281291869","56.43856189774725"
"D-16","tetradecane","InChI=1S/C14H30/c1-3-5-7-9-11-13-14-12-10-8-6-4-2/h3-14H2,1-2H3","BGHCVCJVXZWKCC-UHFFFAOYSA-N","CCCCCCCCCCCCCC","-7.456","0.24954999999999972","2","G3","198.39399999999995","5.707400000000006","66.75200000000007","14.0","0.0","0.0","0.0","11.0","86.0","0.0","0.0","0.0","0.0","0.0","91.48349851498547","2.7847655305545773","74.03910001730775"
"D-91","bromoethene","InChI=1S/C2H3Br/c1-2-3/h2H,1H2","INLLPKCGLOXCIV-UHFFFAOYSA-N","BrC=C","-1.275","0.0","1","G1","106.94999999999999","1.5248","19.123999999999995","3.0","0.0","0.0","1.0","0.0","18.0","0.0","0.0","0.0","0.0","0.0","28.282137715683263","2.1874960973678963","10.264662506490405"
"D-101","ethyl vinyl ether","InChI=1S/C4H8O/c1-3-5-4-2/h3H,1,4H2,2H3","FJKIXWOMBXYWOQ-UHFFFAOYSA-N","CCOC=C","-0.858","0.05394141225000004","2","G3","72.10700000000001","1.1664","21.822999999999993","5.0","1.0","0.0","1.0","2.0","30.0","0.0","0.0","0.0","0.0","9.23","32.258019568342","2.4017152226171965","24.828921423310437"
"D-147","dichlorvos","InChI=1S/C4H7Cl2O4P/c1-8-11(7,9-2)10-3-4(5)6/h3H,1-2H3","OEBRKCOSUFCWJD-UHFFFAOYSA-N","CO[P](=O)(OC)OC=C(Cl)Cl","-1.344","0.04864999999999997","2","G3","220.976","2.6804000000000006","42.498500000000014","11.0","4.0","0.0","7.0","4.0","66.0","0.0","0.0","0.0","0.0","44.760000000000005","74.64125315559419","4.102541909313092","180.53107956171823"
"D-215","chlormequat chloride","InChI=1S/C5H13ClN.ClH/c1-7(2,3)5-4-6;/h4-5H2,1-3H3;1H/q+1;/p-1","UHZZMRAGKVHANO-UHFFFAOYSA-M","[Cl-].C[N+](C)(C)CCCl","0.799","0.0","1","G1","158.072","-2.064599999999997","33.619399999999985","8.0","0.0","0.0","3.0","2.0","52.0","0.0","0.0","0.0","0.0","0.0","62.62518412164577","0.0","48.88058452123625"
"D-267","phoxim","InChI=1S/C12H15N2O3PS/c1-3-15-18(19,16-4-2)17-14-12(10-13)11-8-6-5-7-9-11/h5-9H,3-4H2,1-2H3/b14-12+","ATROHALUCMTWTB-WYMLVPIESA-N","CCO[P](=S)(OCC)O\N=C(C#N)\c1ccccc1","-4.63","0.11595000000000022","2","G3","298.304","3.2283800000000014","77.21400000000004","19.0","6.0","0.0","7.0","7.0","102.0","1.0","0.0","0.0","1.0","63.839999999999996","117.58356026441706","2.8809507542904287","503.4558226694405"
"D-277","metribuzin","InChI=1S/C8H14N4OS/c1-8(2,3)5-6(13)12(9)7(14-4)11-10-5/h9H2,1-4H3","FOXFZRUHNHCZPX-UHFFFAOYSA-N","CSC1=NN=C(C(=O)N1N)C(C)(C)C","-2.245","0.032399999999999984","2","G3","214.29399999999998","0.3714999999999997","56.923400000000015","14.0","6.0","1.0","6.0","1.0","78.0","1.0","0.0","0.0","1.0","73.8","86.68814153197627","3.397091200228207","393.3082446563218"
"D-290","pirimiphos-methyl","InChI=1S/C11H20N3O3PS/c1-6-14(7-2)11-12-9(3)8-10(13-11)17-18(19,15-4)16-5/h8H,6-7H2,1-5H3","QHOQHJPRIBSPCY-UHFFFAOYSA-N","CCN(CC)c1nc(C)cc(O[P](=S)(OC)OC)n1","-4.133","0.20865","2","G3","305.34000000000003","2.5273200000000005","79.26100000000005","19.0","7.0","0.0","8.0","7.0","108.0","1.0","0.0","0.0","1.0","56.71000000000001","118.90569134410322","3.0607197266412487","460.49867431625097"
"D-296","azinphos-ethyl, o-analog","InChI=1S/C12H16N3O4PS/c1-3-18-20(17,19-4-2)21-9-15-12(16)10-7-5-6-8-11(10)13-14-15/h5-8H,3-4,9H2,1-2H3","ZADDJRKYRQDYKM-UHFFFAOYSA-N","CCO[P](=O)(OCC)SCN1N=Nc2ccccc2C1=O","-1.993","0.0","1","G1","329.3180000000001","2.6633000000000004","82.24750000000003","21.0","8.0","0.0","9.0","7.0","114.0","2.0","0.0","0.0","2.0","83.31","125.46684841334869","2.2177860455800626","710.9599108337162"
"D-303","diclofop-methyl","InChI=1S/C16H14Cl2O4/c1-10(16(19)20-2)21-12-4-6-13(7-5-12)22-15-8-3-11(17)9-14(15)18/h3-10H,1-2H3","BACHBFVBHLGWSL-UHFFFAOYSA-N","COC(=O)C(C)Oc1ccc(Oc2ccc(Cl)cc2Cl)cc1","-3.8339999999999996","0.8499144283723838","3","G4","341.19000000000005","4.7260000000000035","85.08400000000003","22.0","4.0","0.0","6.0","5.0","116.0","2.0","0.0","0.0","2.0","44.760000000000005","138.05695602547516","2.0397172594711117","655.695423998274"
"D-306","permethrin","InChI=1S/C21H20Cl2O3/c1-21(2)17(12-18(22)23)19(21)20(24)25-13-14-7-6-10-16(11-14)26-15-8-4-3-5-9-15/h3-12,17,19H,13H2,1-2H3/t17-,19-/m0/s1","RLLPVAHGXHCWKJ-HKUYNNGSSA-N","CC1(C)[C@@H](C=C(Cl)Cl)[C@H]1C(=O)OCc2cccc(Oc3ccccc3)c2","-6.99","0.4121999999999999","2","G3","391.2940000000001","6.113300000000004","103.30400000000002","26.0","3.0","0.0","5.0","6.0","136.0","2.0","1.0","1.0","3.0","35.53","163.07268718223784","1.5921835455133286","811.0157196010404"
"D-316","metsulfuron-methyl","InChI=1S/C14H15N5O6S/c1-8-15-12(18-14(16-8)25-3)17-13(21)19-26(22,23)10-7-5-4-6-9(10)11(20)24-2/h4-7H,1-3H3,(H2,15,16,17,18,19,21)","RSMUVYRMZCOLBH-UHFFFAOYSA-N","COC(=O)c1ccccc1[S](=O)(=O)NC(=O)Nc2nc(C)nc(OC)n2","-1.604","0.0","1","G1","381.3700000000001","0.48561999999999983","88.23770000000003","26.0","9.0","2.0","12.0","5.0","138.0","2.0","0.0","0.0","2.0","149.46999999999997","148.38278675911602","2.235964909573677","946.5935872985998"
"D-508","benzotrifluoride","InChI=1S/C7H5F3/c8-7(9,10)6-4-2-1-3-5-6/h1-5H","GETTZEONDQJALK-UHFFFAOYSA-N","FC(F)(F)c1ccccc1","-2.511","0.2538","2","G3","146.111","2.705400000000001","31.444","10.0","0.0","0.0","3.0","0.0","54.0","1.0","0.0","0.0","1.0","0.0","56.29295144267227","2.9660431785816628","199.84124603366342"
"D-549","dimethylamine","InChI=1S/C2H7N/c1-3-2/h3H,1-2H3","ROSDSFDQCJNGOL-UHFFFAOYSA-N","CNC","1.558","1.106016037","2","G2","45.085","-0.1644000000000001","14.983700000000002","3.0","1.0","1.0","1.0","0.0","20.0","0.0","0.0","0.0","0.0","12.03","20.6540553258342","1.6329931618554523","2.7548875021634682"
"D-624","4-trifluoromethyl-2-nitrophenol","InChI=1S/C7H4F3NO3/c8-7(9,10)4-1-2-6(12)5(3-4)11(13)14/h1-3,12H","XZEDEVRSUANQEM-UHFFFAOYSA-N","Oc1ccc(cc1[N+]([O-])=O)C(F)(F)F","-2.503","0.0","1","G1","207.10699999999997","2.3192000000000004","39.763200000000005","14.0","3.0","1.0","7.0","1.0","76.0","1.0","0.0","0.0","1.0","63.37","75.74016091736809","3.267886414704282","374.93303613863793"
"D-652","trichloroacetic acid","InChI=1S/C2HCl3O2/c3-2(4,5)1(6)7/h(H,6,7)","YNJBWRMUSHSURL-UHFFFAOYSA-N","OC(=O)C(Cl)(Cl)Cl","0.519","0.5338081362220994","4","G4","163.387","1.4412","27.925800000000002","7.0","1.0","1.0","5.0","0.0","42.0","0.0","0.0","0.0","0.0","37.3","54.96974767511095","3.7911184170869663","83.42592196522058"
"D-874","p-hydroxypropiophenone","InChI=1S/C9H10O2/c1-2-9(11)7-3-5-8(10)6-4-7/h3-6,10H,2H2,1H3","RARSHUDCJQSEFJ-UHFFFAOYSA-N","CCC(=O)c1ccc(O)cc1","-2.639","0.0","1","G1","150.177","1.9848999999999997","42.728300000000026","11.0","2.0","1.0","2.0","2.0","58.0","1.0","0.0","0.0","1.0","37.3","65.48198531492656","2.8953480359887567","248.77017257091032"
"D-950","1-lauryl-2-pyrrolodone","InChI=1S/C16H31NO/c1-2-3-4-5-6-7-8-9-10-11-14-17-15-12-13-16(17)18/h2-15H2,1H3","NJPQAIBZIHNJDO-UHFFFAOYSA-N","CCCCCCCCCCCCN1CCCC1=O","-4.67","0.48981625975","2","G3","253.42999999999992","4.529700000000004","77.65800000000006","18.0","1.0","0.0","2.0","11.0","106.0","0.0","1.0","1.0","1.0","20.310000000000002","113.12890736049663","1.7707771290501286","215.1425000045842"
"D-951","1-lauryl-4-carboxy-2-pyrrolodone","InChI=1S/C17H31NO3/c1-2-3-4-5-6-7-8-9-10-11-12-18-14-15(17(20)21)13-16(18)19/h15H,2-14H2,1H3,(H,20,21)","ZNQTZHTYSHEJLH-UHFFFAOYSA-N","CCCCCCCCCCCCN1CC(CC1=O)C(O)=O","-3.2230000000000003","0.0","1","G1","297.43899999999996","3.8404000000000025","84.16680000000007","21.0","2.0","1.0","4.0","12.0","122.0","0.0","1.0","1.0","1.0","57.61000000000001","128.449605327133","1.9266296600834765","317.15708131892103"
"D-952","1-methyl-4-carboxy-2-pyrrolodone","InChI=1S/C6H9NO3/c1-7-3-4(6(9)10)2-5(7)8/h4H,2-3H2,1H3,(H,9,10)","YHDZDIPQCVCIJS-UHFFFAOYSA-N","CN1CC(CC1=O)C(O)=O","-0.9540000000000001","0.0","1","G1","143.142","-0.45069999999999993","33.37979999999999","10.0","2.0","1.0","4.0","1.0","56.0","0.0","1.0","1.0","1.0","57.61000000000001","58.43524206877027","2.5721042387865727","177.8317422378777"
"D-954","1-methyl-4-methoxycarbonyl","InChI=1S/C7H11NO3/c1-8-4-5(3-6(8)9)7(10)11-2/h5H,3-4H2,1-2H3","JFZRRXGXEHUJCI-UHFFFAOYSA-N","COC(=O)C1CN(C)C(=O)C1","0.804","0.0","1","G1","157.16899999999998","-0.36230000000000007","37.76","11.0","3.0","0.0","4.0","1.0","62.0","0.0","1.0","1.0","1.0","46.61","65.11949566047774","2.5318678469519194","190.1247076051515"
"D-956","1-hexyl-4-methoxycarbonyl-","InChI=1S/C12H21NO3/c1-3-4-5-6-7-13-9-10(8-11(13)14)12(15)16-2/h10H,3-9H2,1-2H3","GJHNTLQYACBIND-UHFFFAOYSA-N","CCCCCCN1CC(CC1=O)C(=O)OC","-1.246","0.0","1","G1","227.30399999999997","1.5882","60.84500000000004","16.0","3.0","0.0","4.0","6.0","92.0","0.0","1.0","1.0","1.0","46.61","96.94420623246079","2.2819637675987297","252.6484278325195"
"D-962","2-ethylpyridine","InChI=1S/C7H9N/c1-2-7-5-3-4-6-8-7/h3-6H,2H2,1H3","NRGGMCIBEHEAIL-UHFFFAOYSA-N","CCc1ccccn1","0.501","0.0","1","G1","107.15599999999998","1.644","33.614999999999995","8.0","1.0","0.0","1.0","1.0","42.0","1.0","0.0","0.0","1.0","12.89","49.3809353292367","2.8320858350070908","145.73281445033504"
"D-963","2,6-lutidine","InChI=1S/C7H9N/c1-6-4-3-5-7(2)8-6/h3-5H,1-2H3","OISVCGZHLKNMSJ-UHFFFAOYSA-N","Cc1cccc(C)n1","0.447","0.0","1","G1","107.156","1.69844","33.71099999999999","8.0","1.0","0.0","1.0","0.0","42.0","1.0","0.0","0.0","1.0","12.89","49.380935329236685","3.077660437970554","164.24662946459569"
"D-1074","benznidazole","InChI=1S/C12H12N4O3/c17-11(14-8-10-4-2-1-3-5-10)9-15-7-6-13-12(15)16(18)19/h1-7H,8-9H2,(H,14,17)","CULUWZNBISUWAS-UHFFFAOYSA-N","[O-][N+](=O)c1nccn1CC(=O)NCc2ccccc2","-2.813","0.0","1","G1","260.253","1.1076999999999995","67.17010000000003","19.0","5.0","1.0","7.0","5.0","98.0","2.0","0.0","0.0","2.0","90.06","108.58646356345857","1.9102319013435463","579.670248604383"
"D-1081","disperse red 9","InChI=1S/C15H11NO2/c1-16-12-8-4-7-11-13(12)15(18)10-6-3-2-5-9(10)14(11)17/h2-8,16H,1H3","SVTDYSXXLJYUTM-UHFFFAOYSA-N","CNc1cccc2C(=O)c3ccccc3C(=O)c12","-6.3","0.016914090000000215","2","G3","237.25799999999998","2.5037000000000003","69.29570000000002","18.0","3.0","1.0","3.0","1.0","88.0","2.0","0.0","1.0","3.0","46.17","104.45039889891717","2.3388778647071136","673.9438611224745"
"D-1082","disperse violet 1","InChI=1S/C14H10N2O2/c15-9-5-6-10(16)12-11(9)13(17)7-3-1-2-4-8(7)14(12)18/h1-6H,15-16H2","FBMQNRKSAWNXBT-UHFFFAOYSA-N","Nc1ccc(N)c2C(=O)c3ccccc3C(=O)c12","-5.859","0.0","1","G1","238.246","1.6264","68.5738","18.0","4.0","2.0","4.0","0.0","88.0","2.0","0.0","1.0","3.0","86.18","103.21537599493794","2.4094150669454457","644.9353339687133"
"D-1084","disperse red 11","InChI=1S/C15H12N2O3/c1-20-10-6-9(16)11-12(13(10)17)15(19)8-5-3-2-4-7(8)14(11)18/h2-6H,16-17H2,1H3","TUXJTJITXCHUEL-UHFFFAOYSA-N","COc1cc(N)c2C(=O)c3ccccc3C(=O)c2c1N","-5.746","0.0","1","G1","268.272","1.635","75.12580000000001","20.0","5.0","2.0","5.0","1.0","100.0","2.0","0.0","1.0","3.0","95.41","114.69386333884144","2.39050314982751","765.9542098555299"
"D-1085","disperse red 1","InChI=1S/C16H18N4O3/c1-2-19(11-12-21)15-7-3-13(4-8-15)17-18-14-5-9-16(10-6-14)20(22)23/h3-10,21H,2,11-12H2,1H3","FOQABOMYTOFLPZ-UHFFFAOYSA-N","CCN(CCO)c1ccc(cc1)N=Nc2ccc(cc2)[N+]([O-])=O","-6.292999999999999","0.0","1","G1","314.345","3.828800000000003","88.68720000000005","23.0","6.0","1.0","7.0","7.0","120.0","2.0","0.0","0.0","2.0","91.32999999999998","133.60208677253573","2.06058221147532","668.7296328965323"
"D-1086","disperse red 5","InChI=1S/C17H19ClN4O4/c1-12-10-13(21(6-8-23)7-9-24)2-4-16(12)19-20-17-5-3-14(22(25)26)11-15(17)18/h2-5,10-11,23-24H,6-9H2,1H3","NBEXAEYARUBYDV-UHFFFAOYSA-N","Cc1cc(ccc1N=Nc2ccc(cc2Cl)[N+]([O-])=O)N(CCO)CCO","-6.57","0.0","1","G1","378.81600000000026","3.763020000000004","99.84600000000005","26.0","7.0","2.0","9.0","8.0","138.0","2.0","0.0","0.0","2.0","111.55999999999999","155.06452886600997","2.218296219534484","807.3450386671063"
"D-1087","c.i. disperse yellow 42","InChI=1S/C18H15N3O4S/c22-21(23)18-13-16(26(24,25)20-15-9-5-2-6-10-15)11-12-17(18)19-14-7-3-1-4-8-14/h1-13,19-20H","BBFRYSKTTHYWQZ-UHFFFAOYSA-N","[O-][N+](=O)c1cc(ccc1Nc2ccccc2)[S](=O)(=O)Nc3ccccc3","-6.269","1.72944839315","2","G2","369.4020000000001","4.1392000000000015","100.0716","26.0","5.0","2.0","8.0","6.0","132.0","3.0","0.0","0.0","3.0","101.34","150.05906751375596","1.941216733384219","1022.816560093066"
"D-1088","azo dye n9","InChI=1S/C17H16ClN5O3/c18-16-12-15(23(25)26)6-7-17(16)21-20-13-2-4-14(5-3-13)22(10-11-24)9-1-8-19/h2-7,12,24H,1,9-11H2","UHWBGWWOTKVSDD-UHFFFAOYSA-N","OCCN(CCC#N)c1ccc(cc1)N=Nc2ccc(cc2Cl)[N+]([O-])=O","-6.13","0.0","1","G1","373.8000000000001","4.375980000000003","98.25320000000004","26.0","7.0","1.0","9.0","8.0","134.0","2.0","0.0","0.0","2.0","115.12","154.66287479528273","2.1182055651664946","833.2822582747103"
"D-1216","2,6-dihydroxynaphthalene","InChI=1S/C10H8O2/c11-9-3-1-7-5-10(12)4-2-8(7)6-9/h1-6,11-12H","MNZMMCVIXORAQL-UHFFFAOYSA-N","Oc1ccc2cc(O)ccc2c1","-2.205","0.0","1","G1","160.172","2.2510000000000003","47.27760000000003","12.0","2.0","2.0","2.0","0.0","60.0","2.0","0.0","0.0","2.0","40.46","69.7015351556242","2.786653081405114","379.8581352532283"
"D-1325","maltol","InChI=1S/C6H6O3/c1-4-6(8)5(7)2-3-9-4/h2-3,8H,1H3","XPCTZQVDEJYUGT-UHFFFAOYSA-N","CC1=C(O)C(=O)C=CO1","-1.063","0.0","1","G1","126.11099999999998","0.6538199999999998","31.379799999999996","9.0","3.0","1.0","3.0","0.0","48.0","1.0","0.0","0.0","1.0","50.44","51.556917910142396","3.4257312155228083","261.2506372810443"
"D-1329","l-ascorbic acid","InChI=1S/C6H8O6/c7-1-2(8)5-3(9)4(10)6(11)12-5/h2,5,7-8,10-11H,1H2","TYQCGQRIZGCHNB-UHFFFAOYSA-N","OCC(O)C1OC(=C(O)C1=O)O","0.27699999999999997","0.0","1","G1","176.124","-1.4074","35.25619999999999","12.0","6.0","4.0","6.0","2.0","68.0","0.0","0.0","1.0","1.0","107.22000000000001","67.32052975243379","2.7264838555305078","232.19280948873626"
"D-1331","scopolamine","InChI=1S/C17H21NO4/c1-18-13-7-11(8-14(18)16-15(13)22-16)21-17(20)12(9-19)10-5-3-2-4-6-10/h2-6,11-16,19H,7-9H2,1H3/t11?,12-,13-,14+,15?,16?/m1/s1","STECJAGHUSJQJN-MKXJHAPZSA-N","CN1[C@@H]2CC(C[C@H]1C3OC23)OC(=O)[C@H](CO)c4ccccc4","-0.504","0.2426792820022855","3","G5","303.358","0.9180999999999993","79.38280000000005","22.0","5.0","1.0","5.0","4.0","118.0","1.0","3.0","3.0","4.0","62.3","129.37095289872892","1.4200028178766764","545.037182254803"
"D-1335","androsterone","InChI=1S/C19H30O2/c1-18-9-7-13(20)11-12(18)3-4-14-15-5-6-17(21)19(15,2)10-8-16(14)18/h12-16,20H,3-11H2,1-2H3/t12-,13+,14-,15-,16-,18-,19-/m0/s1","QGXBDMJGAMFCBF-HLUDHZFRSA-N","C[C@]12CC[C@@H](O)C[C@@H]1CC[C@@H]3[C@@H]2CC[C@@]4(C)[C@H]3CCC4=O","-4.402","0.009050000000000225","2","G3","290.447","3.959100000000003","82.74080000000006","21.0","2.0","1.0","2.0","0.0","118.0","0.0","4.0","4.0","4.0","37.3","128.24064032509136","1.6375393766570927","458.4827066363416"
"D-1336","prasterone","InChI=1S/C19H28O2/c1-18-9-7-13(20)11-12(18)3-4-14-15-5-6-17(21)19(15,2)10-8-16(14)18/h3,13-16,20H,4-11H2,1-2H3/t13-,14-,15-,16-,18-,19-/m0/s1","FMGSKLZLMKYGDP-USOAJAOKSA-N","C[C@]12CC[C@H]3[C@@H](CC=C4C[C@@H](O)CC[C@]34C)[C@@H]1CCC2=O","-4.122","0.2445643297486792","3","G5","288.43100000000004","3.8792000000000026","82.71680000000005","21.0","2.0","1.0","2.0","0.0","116.0","0.0","3.0","4.0","4.0","37.3","127.55103729290711","1.692354659363723","507.69574308017087"
"D-1339","tryptophan, 5-hydroxy-","InChI=1S/C11H12N2O3/c12-9(11(15)16)3-6-5-13-10-2-1-7(14)4-8(6)10/h1-2,4-5,9,13-14H,3,12H2,(H,15,16)","LDCYZAJDBXYCGN-UHFFFAOYSA-N","NC(Cc1c[nH]c2ccc(O)cc12)C(O)=O","-1.3430000000000002","0.0","1","G1","220.22799999999998","0.8279000000000003","59.278700000000015","16.0","3.0","4.0","5.0","3.0","84.0","2.0","0.0","0.0","2.0","99.34","91.50693471688481","2.3748399614529796","533.0092387418979"
"D-1341","propanal, 2,3-dihydroxy-, ()-","InChI=1S/C3H6O3/c4-1-3(6)2-5/h1,3,5-6H,2H2","MNQZXJOMYWMBOU-UHFFFAOYSA-N","OCC(O)C=O","-0.489","0.0","1","G1","90.078","-1.4615","19.156599999999997","6.0","3.0","2.0","3.0","2.0","36.0","0.0","0.0","0.0","0.0","57.53","35.21912486105856","2.964900494759057","43.30296890880646"
"D-1348","biotin","InChI=1S/C10H16N2O3S/c13-8(14)4-2-1-3-7-9-6(5-16-7)11-10(15)12-9/h6-7,9H,1-5H2,(H,13,14)(H2,11,12,15)","YBJHBAHKTGYVGT-UHFFFAOYSA-N","OC(=O)CCCCC1SCC2NC(=O)NC12","-3.0460000000000003","0.0","1","G1","244.31600000000003","0.7968000000000001","61.59320000000003","16.0","3.0","3.0","6.0","5.0","90.0","0.0","2.0","2.0","2.0","78.43","98.35218009520544","1.703040654393498","297.78872926636205"
"D-1355","ethyl methanesulfonate","InChI=1S/C3H8O3S/c1-3-6-7(2,4)5/h3H2,1-2H3","PLUBXMRUUVWRLT-UHFFFAOYSA-N","CCO[S](C)(=O)=O","0.402","0.0","1","G1","124.16099999999999","-0.01750000000000007","26.46979999999999","7.0","3.0","0.0","4.0","2.0","44.0","0.0","0.0","0.0","0.0","43.370000000000005","43.41708274397426","3.602196822415083","123.11544605258784"
"D-1359","butanedioic acid, mercapto-","InChI=1S/C4H6O4S/c5-3(6)1-2(9)4(7)8/h2,9H,1H2,(H,5,6)(H,7,8)","NJRXVEJTAYWCQJ-UHFFFAOYSA-N","OC(=O)CC(S)C(O)=O","0.522","0.0","1","G1","150.155","-0.15589999999999993","32.66259999999999","9.0","3.0","3.0","5.0","3.0","52.0","0.0","0.0","0.0","0.0","74.6","56.900655738900646","3.6324321519398444","132.52932501298082"
"D-1360","1-propanone, 1-(4-hydroxyphenyl)-","InChI=1S/C9H11NO/c1-2-9(11)7-3-5-8(10)6-4-7/h3-6H,2,10H2,1H3","FSWXOANXOQPCFF-UHFFFAOYSA-N","CCC(=O)c1ccc(N)cc1","-2.627","0.006500000000000172","2","G3","149.193","1.8615000000000002","45.475900000000024","11.0","2.0","1.0","2.0","2.0","58.0","1.0","0.0","0.0","1.0","43.09","66.02764225974326","2.8953480359887567","250.77017257091032"
"D-1365","ethene, chloro-","InChI=1S/C2H3Cl/c1-2-3/h2H,1H2","BZHJMEDXRYGGRV-UHFFFAOYSA-N","ClC=C","-1.36","0.36966501748673614","3","G5","62.499","1.3687","16.05","3.0","0.0","0.0","1.0","0.0","18.0","0.0","0.0","0.0","0.0","0.0","24.71785633692358","2.1874960973678963","10.264662506490405"
"D-1366","fluoroethene","InChI=1S/C2H3F/c1-2-3/h2H,1H2","XUCNUKMRBVNAPB-UHFFFAOYSA-N","FC=C","-0.276","0.13829166745","2","G3","46.044000000000004","1.0994000000000002","11.305000000000001","3.0","0.0","0.0","1.0","0.0","18.0","0.0","0.0","0.0","0.0","0.0","18.580125512968138","2.1874960973678963","10.264662506490405"
"D-1378","ethane, chloropentafluoro-","InChI=1S/C2ClF5/c3-1(4,5)2(6,7)8","RFCAUADVODFSLZ-UHFFFAOYSA-N","FC(F)(F)C(F)(F)Cl","-3.411","0.007199999999999873","2","G3","154.46500000000003","2.3803","16.855","8.0","0.0","0.0","6.0","0.0","50.0","0.0","0.0","0.0","0.0","0.0","46.235136383739004","4.020391543176799","65.40990953421706"
"D-1379","perfluoropropane","InChI=1S/C3F8/c4-1(5,2(6,7)8)3(9,10)11","QYSGYZVSCZSLHT-UHFFFAOYSA-N","FC(F)(F)C(F)(F)C(F)(F)F","-4.518","0.0","1","G1","188.017","2.7462999999999997","17.057000000000002","11.0","0.0","0.0","8.0","0.0","68.0","0.0","0.0","0.0","0.0","0.0","54.79341848003265","4.748408577925169","120.39661034611615"
"D-1387","quinic acid","InChI=1S/C7H12O6/c8-3-1-7(13,6(11)12)2-4(9)5(3)10/h3-5,8-10,13H,1-2H2,(H,11,12)","AAWZDTNXLSGCEK-UHFFFAOYSA-N","OC1CC(O)(CC(O)C1O)C(O)=O","0.179","0.0","1","G1","192.16699999999997","-2.3214","39.84","13.0","5.0","5.0","6.0","1.0","76.0","0.0","1.0","1.0","1.0","118.22","74.05576342170377","2.7866006884073427","203.02830685572664"
"D-1392","propane, 1-bromo-2-methyl-","InChI=1S/C4H9Br/c1-4(2)3-5/h4H,3H2,1-2H3","HLVFKOKELQSXIQ-UHFFFAOYSA-N","CC(C)CBr","-2.432","0.0","1","G1","137.01999999999998","2.0373","28.631999999999987","5.0","0.0","0.0","1.0","1.0","32.0","0.0","0.0","0.0","0.0","0.0","41.70162497666073","2.5395388613593903","17.609640474436812"
"D-1393","2-methylbutane","InChI=1S/C5H12/c1-4-5(2)3/h5H,4H2,1-3H3","QWTDNUCVQCZILF-UHFFFAOYSA-N","CCC(C)C","-3.1630000000000003","0.007907229049999964","2","G3","72.151","2.0524","25.12899999999999","5.0","0.0","0.0","0.0","1.0","32.0","0.0","0.0","0.0","0.0","0.0","34.19901948541598","2.5395388613593908","14.0"
"D-1401","2-nitropropane","InChI=1S/C3H7NO2/c1-3(2)4(5)6/h3H,1-2H3","FGLBSLMDCBOPQK-UHFFFAOYSA-N","CC(C)[N+]([O-])=O","-0.615","0.052200000000000024","2","G3","89.094","0.6715","22.130399999999995","6.0","2.0","0.0","3.0","1.0","36.0","0.0","0.0","0.0","0.0","43.14","36.12211097912257","3.2575861612334887","59.813537528125096"
"D-1403","2-p-sulfanilylanilinoethanol","InChI=1S/C14H16N2O3S/c15-11-1-5-13(6-2-11)20(18,19)14-7-3-12(4-8-14)16-9-10-17/h1-8,16-17H,9-10,15H2","LLBKEUTWJFQRJU-UHFFFAOYSA-N","Nc1ccc(cc1)[S](=O)(=O)c2ccc(NCCO)cc2","-2.597","0.0","1","G1","292.35999999999996","1.5058","78.32370000000002","20.0","5.0","3.0","6.0","5.0","106.0","2.0","0.0","0.0","2.0","92.42","117.5277665689576","2.27490503347506","664.5701333426623"
"D-1405","terpin","InChI=1S/C10H20O2/c1-9(2,11)8-4-6-10(3,12)7-5-8/h8,11-12H,4-7H2,1-3H3","RBNWAMSGVWEHFP-UHFFFAOYSA-N","CC(C)(O)C1CCC(C)(O)CC1","-1.6340000000000001","0.411081186898917","3","G5","172.26799999999997","1.6985","48.87960000000003","12.0","2.0","2.0","2.0","1.0","72.0","0.0","1.0","1.0","1.0","40.46","74.6063664082618","2.4688639790107176","145.71173956630957"
"D-1414","hexestrol","InChI=1S/C18H22O2/c1-3-17(13-5-9-15(19)10-6-13)18(4-2)14-7-11-16(20)12-8-14/h5-12,17-20H,3-4H2,1-2H3","PBBGSZCBWVPOOL-UHFFFAOYSA-N","CCC(C(CC)c1ccc(O)cc1)c2ccc(O)cc2","-4.353","0.03849999999999998","2","G3","270.372","4.785200000000005","82.27760000000004","20.0","2.0","2.0","2.0","5.0","106.0","2.0","0.0","0.0","2.0","40.46","120.2666175163327","2.3163196571785463","476.84960987081564"
"D-1415","dienestrol","InChI=1S/C18H18O2/c1-3-17(13-5-9-15(19)10-6-13)18(4-2)14-7-11-16(20)12-8-14/h3-12,19-20H,1-2H3/b17-3+,18-4+","NFDFQCUYFHCNBW-SCGPFSFSSA-N","C/C=C(c1ccc(O)cc1)/C(=C/C)c2ccc(O)cc2","-4.948","0.0","1","G1","266.34","4.604600000000003","83.51560000000003","20.0","2.0","2.0","2.0","3.0","102.0","2.0","0.0","0.0","2.0","40.46","118.88741145196417","2.4386154465710357","572.6233694045893"
"D-1418","3-nitrosalicyclic acid","InChI=1S/C7H5NO5/c9-6-4(7(10)11)2-1-3-5(6)8(12)13/h1-3,9H,(H,10,11)","WWWFHFGUOIQNJC-UHFFFAOYSA-N","OC(=O)c1cccc(c1O)[N+]([O-])=O","-2.149","0.0","1","G1","183.11899999999997","0.9985999999999999","41.72050000000001","13.0","4.0","2.0","6.0","2.0","68.0","1.0","0.0","0.0","1.0","100.66999999999999","72.19931056082916","3.3454419708109926","340.89569309988275"
"D-1420","2-naphthalenamine, 1-(phenylazo)-","InChI=1S/C16H13N3/c17-15-11-10-12-6-4-5-9-14(12)16(15)19-18-13-7-2-1-3-8-13/h1-11H,17H2","KLCDQSGLLRINHY-UHFFFAOYSA-N","Nc1ccc2ccccc2c1N=Nc3ccccc3","-5.916","0.0","1","G1","247.30100000000002","4.837400000000002","78.97840000000002","19.0","3.0","1.0","3.0","2.0","92.0","3.0","0.0","0.0","3.0","50.739999999999995","110.95683039879802","2.0981399181131093","733.3250398040603"
"D-1421","homatropine","InChI=1S/C16H21NO3/c1-17-12-7-8-13(17)10-14(9-12)20-16(19)15(18)11-5-3-2-4-6-11/h2-6,12-15,18H,7-10H2,1H3","ZTVIKZXZYLEVOL-UHFFFAOYSA-N","CN1C2CCC1CC(C2)OC(=O)C(O)c3ccccc3","-1.44","0.0","1","G1","275.348","1.8884","75.08880000000005","20.0","4.0","1.0","4.0","3.0","108.0","1.0","2.0","2.0","3.0","49.769999999999996","118.89829670835465","1.5975120721745049","461.8701458124774"
"D-1428","myo-inositol","InChI=1S/C6H12O6/c7-1-2(8)4(10)6(12)5(11)3(1)9/h1-12H","CDAISMWEOUEBRE-UHFFFAOYSA-N","OC1C(O)C(O)C(O)C(O)C1O","-0.1","0.6741663164399585","3","G4","180.156","-3.8346000000000005","36.040800000000004","12.0","6.0","6.0","6.0","0.0","72.0","0.0","1.0","1.0","1.0","121.38000000000001","68.32353295945941","2.7602520756252087","103.58797503894242"
"D-1431","benzene, 2-chloro-1,3,5-trinitro-","InChI=1S/C6H2ClN3O6/c7-6-4(9(13)14)1-3(8(11)12)2-5(6)10(15)16/h1-2H","HJRJRUMKQCMYDL-UHFFFAOYSA-N","[O-][N+](=O)c1cc(c(Cl)c(c1)[N+]([O-])=O)[N+]([O-])=O","-2.6689999999999996","0.0","1","G1","247.54999999999998","2.064600000000001","51.41519999999999","16.0","6.0","0.0","10.0","3.0","84.0","1.0","0.0","0.0","1.0","129.42000000000002","91.69359651387802","3.5727545380551327","466.0323945374248"
"D-1433","1,2,4,5-benzenetetracarboxylic acid","InChI=1S/C10H6O8/c11-7(12)3-1-4(8(13)14)6(10(17)18)2-5(3)9(15)16/h1-2H,(H,11,12)(H,13,14)(H,15,16)(H,17,18)","CYIDZMCFTVVTJO-UHFFFAOYSA-N","OC(=O)c1cc(C(O)=O)c(cc1C(O)=O)C(O)=O","-1.2590000000000001","0.0","1","G1","254.14999999999998","0.4794000000000001","54.27919999999999","18.0","4.0","4.0","8.0","4.0","94.0","1.0","0.0","0.0","1.0","149.2","98.71419498604254","3.7099095314521815","473.23556602352045"
"D-1445","piperine","InChI=1S/C17H19NO3/c19-17(18-10-4-1-5-11-18)7-3-2-6-14-8-9-15-16(12-14)21-13-20-15/h2-3,6-9,12H,1,4-5,10-11,13H2/b6-2+,7-3+","MXXWOMGUGJBKIW-YPCIICBESA-N","O=C(/C=C/C=C/c1ccc2OCOc2c1)N3CCCCC3","-3.853","0.0","1","G1","285.343","2.997200000000001","81.17000000000004","21.0","3.0","0.0","4.0","3.0","110.0","1.0","1.0","2.0","3.0","38.77","124.20334423569359","1.5596547149797815","571.3979945235308"
"D-1450","1,2-dibromo-3-chloropropane","InChI=1S/C3H5Br2Cl/c4-1-3(5)2-6/h3H,1-2H2","WBEJYOJJBDISQU-UHFFFAOYSA-N","ClCC(Br)CBr","-2.374","0.04520000000000013","2","G3","236.33399999999997","2.3836000000000004","37.229000000000006","6.0","0.0","0.0","3.0","2.0","38.0","0.0","0.0","0.0","0.0","0.0","59.50749669478716","2.7541847860376616","27.974168451037094"
"D-1451","1,3-dichloro-2-propanol","InChI=1S/C3H6Cl2O/c4-1-3(6)2-5/h3,6H,1-2H2","DEWLEGDTCGBNGU-UHFFFAOYSA-N","OC(CCl)CCl","-0.115","0.0","1","G1","128.986","0.8249","27.446799999999993","6.0","1.0","1.0","3.0","2.0","38.0","0.0","0.0","0.0","0.0","20.23","46.86990146258213","2.7541847860376616","27.974168451037094"
"D-1458","benzene, (trichloromethyl)-","InChI=1S/C7H5Cl3/c8-7(9,10)6-4-2-1-3-5-6/h1-5H","XEMRAKSQROQPBR-UHFFFAOYSA-N","ClC(Cl)(Cl)c1ccccc1","-3.5669999999999997","0.0","1","G1","195.47600000000003","3.513300000000002","45.679000000000016","10.0","0.0","0.0","3.0","0.0","54.0","1.0","0.0","0.0","1.0","0.0","74.7061439145386","2.9660431785816628","199.84124603366342"
"D-1464","1,2,3-propanetricarboxylic acid","InChI=1S/C6H8O6/c7-4(8)1-3(6(11)12)2-5(9)10/h3H,1-2H2,(H,7,8)(H,9,10)(H,11,12)","KQTIIICEAUMSDG-UHFFFAOYSA-N","OC(=O)CC(CC(O)=O)C(O)=O","0.275","0.0","1","G1","176.124","-0.3633999999999998","35.63139999999999","12.0","3.0","3.0","6.0","5.0","68.0","0.0","0.0","0.0","0.0","111.9","67.4312291565319","4.1359823272131315","192.0838499786226"
"D-1473","benzene, 1,1'- oxybis(methylene) bis-","InChI=1S/C14H14O/c1-3-7-13(8-4-1)11-15-12-14-9-5-2-6-10-14/h1-10H,11-12H2","MHDVGSVTJDSBDK-UHFFFAOYSA-N","C(OCc1ccccc1)c2ccccc2","-3.695","0.013581772350000021","2","G3","198.265","3.403400000000002","61.37700000000004","15.0","1.0","0.0","1.0","4.0","76.0","2.0","0.0","0.0","2.0","9.23","90.3319267838611","1.8095807579695855","341.09815896246135"
"D-1480","2-propenoic acid, 3-(1h-imidazol-4-yl)-","InChI=1S/C6H6N2O2/c9-6(10)2-1-5-3-7-4-8-5/h1-4H,(H,7,8)(H,9,10)/b2-1+","LOIYMIARKYCTBW-OWOJBTEDSA-N","OC(=O)/C=C/c1[nH]cnc1","-1.964","0.0","1","G1","138.126","0.5075","35.2575","10.0","2.0","2.0","4.0","2.0","52.0","1.0","0.0","0.0","1.0","65.97999999999999","57.22119068470313","2.6373377790142882","238.26031184741805"
"D-1486","propyl butyrate","InChI=1S/C7H14O2/c1-3-5-7(8)9-6-4-2/h3-6H2,1-2H3","HUAZGNHGCJGYNP-UHFFFAOYSA-N","CCCOC(=O)CCC","-1.905","0.07684761255599","3","G5","130.18699999999998","1.7397","36.157999999999994","9.0","2.0","0.0","2.0","4.0","54.0","0.0","0.0","0.0","0.0","26.3","56.20397104375984","3.0613168393721577","78.98533616859814"
"D-1502","2-methylpentane","InChI=1S/C6H14/c1-4-5-6(2)3/h6H,4-5H2,1-3H3","AFABGHUZZDYHJO-UHFFFAOYSA-N","CCCC(C)C","-3.74","0.02464999999999984","2","G3","86.178","2.442500000000001","29.74599999999998","6.0","0.0","0.0","0.0","2.0","38.0","0.0","0.0","0.0","0.0","0.0","40.563961599812586","2.6272148478988635","21.219280948873624"
"D-1513","4-heptanol, 2,6-dimethyl-","InChI=1S/C9H20O/c1-7(2)5-9(10)6-8(3)4/h7-10H,5-6H2,1-4H3","HXQPUEQDBSPXTE-UHFFFAOYSA-N","CC(C)CC(O)CC(C)C","-2.1590000000000003","0.17589999999999995","2","G3","144.25799999999995","2.4395000000000007","44.916800000000016","10.0","1.0","1.0","1.0","4.0","62.0","0.0","0.0","0.0","0.0","20.23","64.45302169519842","3.337430348629276","66.79745154591336"
"D-1519","thiourea, 2-propenyl-","InChI=1S/C4H8N2S/c1-2-3-6-4(5)7/h2H,1,3H2,(H3,5,6,7)","HTKFORQRBXIQHD-UHFFFAOYSA-N","NC(=S)NCC=C","-0.294","0.0","1","G1","116.189","0.005600000000000049","34.9851","7.0","1.0","2.0","3.0","2.0","40.0","0.0","0.0","0.0","0.0","38.05","48.39300746666075","2.9670528832697767","79.75898006442378"
"D-1523","divinyl ether","InChI=1S/C4H6O/c1-3-5-4-2/h3-4H,1-2H2","QYKIQEUNHZKYBP-UHFFFAOYSA-N","C=COC=C","-1.261","0.15064999999999995","2","G3","70.09100000000001","1.29","21.478999999999992","5.0","1.0","0.0","1.0","2.0","28.0","0.0","0.0","0.0","0.0","9.23","31.568416536157745","2.6531630746803305","32.912609383243264"
"D-1540","1,2-ethanediamine, n,n'-bis(2-aminoethyl)-","InChI=1S/C6H18N4/c7-1-3-9-5-6-10-4-2-8/h9-10H,1-8H2","VILCJCGEZXAXTO-UHFFFAOYSA-N","NCCNCCNCCN","0.835","0.33930000000000005","2","G3","146.238","-1.916999999999998","43.84820000000001","10.0","4.0","4.0","4.0","7.0","62.0","0.0","0.0","0.0","0.0","76.1","62.343467361054095","2.6476048489438337","49.70950594454669"
"D-1542","1,2-ethanediamine, n-(2-aminoethyl)-n'- 2-","InChI=1S/C8H23N5/c9-1-3-11-5-7-13-8-6-12-4-2-10/h11-13H,1-10H2","FAGUFWYHJQFNRV-UHFFFAOYSA-N","NCCNCCNCCNCCN","0.723","0.40755","2","G3","189.307","-2.3273999999999972","56.71790000000002","13.0","5.0","5.0","5.0","10.0","80.0","0.0","0.0","0.0","0.0","88.13","80.62321377345536","2.7581498184332935","78.60357147141794"
"D-1545","sulfonal","InChI=1S/C7H16O4S2/c1-5-12(8,9)7(3,4)13(10,11)6-2/h5-6H2,1-4H3","CESKLHVYGRFMFP-UHFFFAOYSA-N","CC[S](=O)(=O)C(C)(C)[S](=O)(=O)CC","-1.9269999999999998","0.0","1","G1","228.33499999999998","0.5919000000000003","53.000600000000034","13.0","4.0","0.0","6.0","4.0","80.0","0.0","0.0","0.0","0.0","68.28","80.17970047778236","5.489317101196206","325.29672290314346"
"D-1546","octafluorocyclobutane","InChI=1S/C4F8/c5-1(6)2(7,8)4(11,12)3(1,9)10","BCCOBQSFUDVTJQ-UHFFFAOYSA-N","FC1(F)C(F)(F)C(F)(F)C1(F)F","-3.638","0.14480000000000004","2","G3","200.02799999999996","2.5412","19.788000000000004","12.0","0.0","0.0","8.0","0.0","72.0","0.0","1.0","1.0","1.0","0.0","60.152529440900025","3.159591794226542","151.0977500432694"
"D-1547","thebaine","InChI=1S/C19H21NO3/c1-20-9-8-19-12-5-7-15(22-3)18(19)23-17-14(21-2)6-4-11(16(17)19)10-13(12)20/h4-7,13,18H,8-10H2,1-3H3/t13-,18+,19+/m1/s1","FQXXSQDCDRQNQE-VMDGZTHMSA-N","COC1=CC=C2[C@H]3Cc4ccc(OC)c5O[C@@H]1[C@]2(CCN3C)c45","-2.661","0.0","1","G1","311.3810000000001","2.4245","87.00200000000005","23.0","4.0","0.0","4.0","2.0","120.0","1.0","1.0","4.0","5.0","30.93","135.87358928689147","1.83945022276946","766.1233848323809"
"D-1552","benzene, 1-methoxy-2,4-dinitro-","InChI=1S/C7H6N2O5/c1-14-7-3-2-5(8(10)11)4-6(7)9(12)13/h2-4H,1H3","CVYZVNVPQRKDLW-UHFFFAOYSA-N","COc1ccc(cc1[N+]([O-])=O)[N+]([O-])=O","-3.1069999999999998","0.0","1","G1","198.134","1.5116","46.302800000000005","14.0","5.0","0.0","7.0","3.0","74.0","1.0","0.0","0.0","1.0","95.50999999999999","78.21584190840005","3.2744144453933877","389.66658614642563"
"D-1573","2-bromo-1,1,1,2-tetrafluoroethane","InChI=1S/C2HBrF4/c3-1(4)2(5,6)7/h1H","RZXZIZDRFQFCTA-UHFFFAOYSA-N","FC(Br)C(F)(F)F","-1.901","0.0","1","G1","180.92599999999996","2.2391999999999994","19.878","7.0","0.0","0.0","5.0","0.0","44.0","0.0","0.0","0.0","0.0","0.0","45.63388235957245","3.541196965079901","55.20035947603792"
"D-1574","usnic acid","InChI=1S/C18H16O7/c1-6-14(22)12(8(3)20)16-13(15(6)23)18(4)10(25-16)5-9(21)11(7(2)19)17(18)24/h5,11,22-23H,1-4H3","CUCUKLJLRRAKFN-UHFFFAOYSA-N","CC(=O)C1C(=O)C=C2Oc3c(C(C)=O)c(O)c(C)c(O)c3C2(C)C1=O","-3.537","0.0","1","G1","344.3190000000001","1.49982","84.76110000000003","25.0","7.0","2.0","7.0","2.0","130.0","1.0","0.0","2.0","3.0","117.97","142.4575442870875","2.4133487158110243","922.0876506010804"
"D-1575","1,3-propanediol, 2-(hydroxymethyl)-2-nitro-","InChI=1S/C4H9NO5/c6-1-4(2-7,3-8)5(9)10/h6-8H,1-3H2","OLQJQHSAWMFDJE-UHFFFAOYSA-N","OCC(CO)(CO)[N+]([O-])=O","0.821","0.17105000000000004","2","G3","151.118","-2.0211999999999994","30.982799999999994","10.0","5.0","3.0","6.0","4.0","60.0","0.0","0.0","0.0","0.0","103.82999999999998","56.86975435010721","4.305619426082996","112.55169583620197"
"D-1581","narceine","InChI=1S/C23H27NO8/c1-24(2)9-8-13-10-18-22(32-12-31-18)20(29-4)15(13)11-16(25)14-6-7-17(28-3)21(30-5)19(14)23(26)27/h6-7,10H,8-9,11-12H2,1-5H3,(H,26,27)","DEXMFYZAHXMZNM-UHFFFAOYSA-N","COc1ccc(C(=O)Cc2c(CCN(C)C)cc3OCOc3c2OC)c(C(O)=O)c1OC","-2.535","0.0","1","G1","445.4680000000003","2.6688","115.91480000000008","32.0","8.0","1.0","9.0","10.0","172.0","2.0","0.0","1.0","3.0","103.76","185.94186720041586","2.08681876864661","1031.3869465495895"
"D-1603","pregnenolone","InChI=1S/C21H32O2/c1-13(22)17-6-7-18-16-5-4-14-12-15(23)8-10-20(14,2)19(16)9-11-21(17,18)3/h4,15-19,23H,5-12H2,1-3H3/t15-,16-,17+,18-,19-,20-,21+/m0/s1","ORNBQBCIOKFOEO-QGVNFLHTSA-N","CC(=O)[C@H]1CC[C@H]2[C@@H]3CC=C4C[C@@H](O)CC[C@]4(C)[C@H]3CC[C@]12C","-4.652","0.0","1","G1","316.48500000000007","4.515300000000004","91.88080000000005","23.0","2.0","1.0","2.0","1.0","128.0","0.0","3.0","4.0","4.0","37.3","140.28092152170035","1.6619631243467547","550.0448238342481"
"D-1625","1,2-difluorobenzene","InChI=1S/C6H4F2/c7-5-3-1-2-4-6(5)8/h1-4H","GOYDNIKZWGIXJT-UHFFFAOYSA-N","Fc1ccccc1F","-2.0","0.4998","2","G3","114.094","1.9647999999999999","26.357999999999997","8.0","0.0","0.0","2.0","0.0","42.0","1.0","0.0","0.0","1.0","0.0","45.76247392534943","3.134861511345448","162.63833891467198"
"D-1627","ethene, (2,2,2-trifluoroethoxy)-","InChI=1S/C4H5F3O/c1-2-8-3-4(5,6)7/h2H,1,3H2","DLEGDLSLRSOURQ-UHFFFAOYSA-N","FC(F)(F)COC=C","-1.4780000000000002","0.0","1","G1","126.077","1.7087999999999999","22.203999999999994","8.0","1.0","0.0","4.0","2.0","48.0","0.0","0.0","0.0","0.0","9.23","44.7546257771207","3.239280745266341","75.84283310353014"
"D-1635","proscillaridin","InChI=1S/C30H42O8/c1-16-24(32)25(33)26(34)27(37-16)38-19-8-11-28(2)18(14-19)5-6-22-21(28)9-12-29(3)20(10-13-30(22,29)35)17-4-7-23(31)36-15-17/h4,7,14-16,19-22,24-27,32-35H,5-6,8-13H2,1-3H3/t16?,19-,20+,21-,22+,24?,25?,26?,27?,28-,29+,30-/m0/s1","MYEJFUXQJGHEQK-OWBILYANSA-N","CC1OC(O[C@H]2CC[C@]3(C)[C@H]4CC[C@]5(C)[C@H](CC[C@]5(O)[C@@H]4CCC3=C2)C6=COC(=O)C=C6)C(O)C(O)C1O","-3.955","0.0","1","G1","530.6580000000004","3.013800000000002","138.11020000000002","38.0","8.0","4.0","8.0","3.0","210.0","1.0","4.0","5.0","6.0","129.59","223.20656157143236","1.2114711192059808","1126.812062544604"
"D-1648","cytisine","InChI=1S/C11H14N2O/c14-11-3-1-2-10-9-4-8(5-12-6-9)7-13(10)11/h1-3,8-9,12H,4-7H2/t8-,9-/m0/s1","ANJTVLIZGCUXLD-IUCAKERBSA-N","O=C1C=CC=C2[C@@H]3CNC[C@H](C3)CN12","0.363","0.0","1","G1","190.24599999999998","0.5549999999999999","54.41970000000003","14.0","3.0","1.0","3.0","0.0","74.0","1.0","1.0","2.0","3.0","34.03","82.75039725001179","2.1469341613539945","409.9937128941548"
"D-1660","2-butenedioic acid, 2-methyl-, (e)-","InChI=1S/C5H6O4/c1-3(5(8)9)2-4(6)7/h2H,1H3,(H,6,7)(H,8,9)/b3-2+","HNEGQIOMVPPMNR-NSCUHMNNSA-N","C\C(=C/C(O)=O)C(O)=O","-0.6940000000000001","0.0","1","G1","130.099","0.10189999999999999","29.02859999999999","9.0","2.0","2.0","4.0","2.0","50.0","0.0","0.0","0.0","0.0","74.6","51.42092815771127","4.169214533734282","167.79680833403847"
"D-1666","methanedisulfonic acid","InChI=1S/CH4O6S2/c2-8(3,4)1-9(5,6)7/h1H2,(H,2,3,4)(H,5,6,7)","OPUAWDUYWRUIIL-UHFFFAOYSA-N","O[S](=O)(=O)C[S](O)(=O)=O","0.754","0.20092163204150576","3","G5","176.171","-1.2804999999999995","27.964199999999998","9.0","4.0","2.0","8.0","2.0","56.0","0.0","0.0","0.0","0.0","108.73999999999998","51.9965230479108","4.4582270815509055","236.17972125264015"
"D-1673","tert-butyl chloride","InChI=1S/C4H9Cl/c1-4(2,3)5/h1-3H3","NBRKLOOSMBRFMH-UHFFFAOYSA-N","CC(C)(C)Cl","-1.507","0.0","1","G1","92.569","2.0237","25.605999999999987","5.0","0.0","0.0","1.0","0.0","32.0","0.0","0.0","0.0","0.0","0.0","38.13734359790105","3.0237157840738176","19.11941547876375"
"D-1675","chlorobenzilate","InChI=1S/C16H14Cl2O3/c1-2-21-15(19)16(20,11-3-7-13(17)8-4-11)12-5-9-14(18)10-6-12/h3-10,20H,2H2,1H3","RAPBNVDSDCTNRC-UHFFFAOYSA-N","CCOC(=O)C(O)(c1ccc(Cl)cc1)c2ccc(Cl)cc2","-4.512","0.05689999999999973","2","G3","325.19100000000003","3.7924000000000024","82.53580000000002","21.0","3.0","1.0","5.0","4.0","110.0","2.0","0.0","0.0","2.0","46.53","132.62409931865741","2.554539374643344","575.475277933952"
"D-1678","propane, 1-chloro-2-methyl-","InChI=1S/C4H9Cl/c1-4(2)3-5/h4H,3H2,1-2H3","QTBFPMKWQKYFLR-UHFFFAOYSA-N","CC(C)CCl","-2.0","0.0","1","G1","92.56899999999999","1.8812","25.55799999999999","5.0","0.0","0.0","1.0","1.0","32.0","0.0","0.0","0.0","0.0","0.0","38.137343597901044","2.5395388613593903","17.609640474436812"
"D-1687","2,4,6,3'4'-penta-hydroxy-benzophenol","InChI=1S/C13H10O6/c14-7-4-10(17)12(11(18)5-7)13(19)6-1-2-8(15)9(16)3-6/h1-5,14-18H","XNWPXDGRBWJIES-UHFFFAOYSA-N","Oc1cc(O)c(c(O)c1)C(=O)c2ccc(O)c(O)c2","-1.72","0.0","1","G1","262.217","1.4455999999999998","64.64050000000003","19.0","6.0","5.0","6.0","2.0","98.0","2.0","0.0","0.0","2.0","118.22","106.98613030098144","2.528400685932389","639.1732847991934"
"D-1688","2h-pyran-2,4-(3h)-dione, 3-acetyl-6-methyl-","InChI=1S/C8H8O4/c1-4-3-6(10)7(5(2)9)8(11)12-4/h3,7H,1-2H3","PGRHXDWITVMQBC-UHFFFAOYSA-N","CC(=O)C1C(=O)OC(=CC1=O)C","-1.226","0.6503608508499998","2","G2","168.14799999999997","0.22129999999999994","39.02700000000001","12.0","4.0","0.0","4.0","1.0","64.0","0.0","0.0","1.0","1.0","60.440000000000005","69.19652317253049","2.9836631464280323","287.432985745165"
"D-1689","ricinine","InChI=1S/C8H8N2O2/c1-10-4-3-7(12-2)6(5-9)8(10)11/h3-4H,1-2H3","PETSAYFQSGAEQY-UHFFFAOYSA-N","COC1=C(C#N)C(=O)N(C)C=C1","-1.784","0.0","1","G1","164.16400000000002","0.2655799999999999","42.95000000000002","12.0","4.0","0.0","4.0","1.0","62.0","1.0","0.0","0.0","1.0","55.019999999999996","69.62349594124798","3.493871049698866","387.02482575616915"
"D-1691","(+)-perseitol","InChI=1S/C7H16O7/c8-1-3(10)5(12)7(14)6(13)4(11)2-9/h3-14H,1-2H2/t3-,4+,5-,6-,7?/m1/s1","OXQKEKGBFMQTML-RYRJNEICSA-N","OC[C@H](O)[C@@H](O)C(O)[C@H](O)[C@H](O)CO","-0.517","0.0","1","G1","212.198","-4.224499999999998","44.20560000000002","14.0","7.0","7.0","7.0","6.0","86.0","0.0","0.0","0.0","0.0","141.61","80.48853997958128","4.221713709086299","136.97373660251156"
"D-1697","picein","InChI=1S/C14H18O7/c1-7(16)8-2-4-9(5-3-8)20-14-13(19)12(18)11(17)10(6-15)21-14/h2-5,10-15,17-19H,6H2,1H3/t10-,11-,12+,13-,14-/m1/s1","GOZCEKPKECLKNO-RKQHYHRCSA-N","CC(=O)c1ccc(O[C@@H]2O[C@H](CO)[C@@H](O)[C@H](O)[C@H]2O)cc1","-1.1740000000000002","0.0","1","G1","298.291","-0.9321000000000006","70.84170000000003","21.0","7.0","4.0","7.0","4.0","116.0","1.0","1.0","1.0","2.0","116.45000000000002","120.91065644898218","2.084631452937899","484.60081956771336"
"D-1704","glybuthiazole","InChI=1S/C12H16N4O2S2/c1-12(2,3)10-14-15-11(19-10)16-20(17,18)9-6-4-8(13)5-7-9/h4-7H,13H2,1-3H3,(H,15,16)","DVQVBLBKEXITIK-UHFFFAOYSA-N","CC(C)(C)c1sc(N[S](=O)(=O)c2ccc(N)cc2)nn1","-3.74","0.0","1","G1","312.42","2.2186000000000003","80.27190000000002","20.0","6.0","2.0","8.0","3.0","108.0","2.0","0.0","0.0","2.0","97.97","121.64690735689253","2.2454848870473523","699.8037074429856"
"D-1707","3-ethylpyridine","InChI=1S/C7H9N/c1-2-7-4-3-5-8-6-7/h3-6H,2H2,1H3","MFEIKQPHQINPRI-UHFFFAOYSA-N","CCc1cccnc1","0.5379999999999999","0.0","1","G1","107.15599999999998","1.644","33.614999999999995","8.0","1.0","0.0","1.0","1.0","42.0","1.0","0.0","0.0","1.0","12.89","49.38093532923669","2.8320858350070908","145.73281445033504"
"D-1708","tropacocaine","InChI=1S/C15H19NO2/c1-16-12-7-8-13(16)10-14(9-12)18-15(17)11-5-3-2-4-6-11/h2-6,12-14H,7-10H2,1H3","XQJMXPAEFMWDOZ-UHFFFAOYSA-N","CN1C2CCC1CC(C2)OC(=O)c3ccccc3","-2.369","0.10485000000000011","2","G3","245.322","2.4686000000000003","69.45250000000004","18.0","3.0","0.0","3.0","2.0","96.0","1.0","2.0","2.0","3.0","29.54","107.73912084176203","1.629075096497469","417.37955886515994"
"D-1711","isobutyl urethane","InChI=1S/C7H15NO2/c1-4-10-7(9)8-5-6(2)3/h6H,4-5H2,1-3H3,(H,8,9)","XHQBGKPHDZWOHT-UHFFFAOYSA-N","CCOC(=O)NCC(C)C","-0.768","0.0","1","G1","145.20199999999997","1.3885","39.862700000000004","10.0","2.0","1.0","3.0","3.0","60.0","0.0","0.0","0.0","0.0","38.33","61.75383322736787","3.21702316769915","101.7792291661388"
"D-1712","butanoic acid, pentyl ester","InChI=1S/C9H18O2/c1-3-5-6-8-11-9(10)7-4-2/h3-8H2,1-2H3","CFNJLPHOBMVMNS-UHFFFAOYSA-N","CCCCCOC(=O)CCC","-2.467","0.47709999999999986","2","G3","158.24099999999996","2.5199000000000007","45.39200000000002","11.0","2.0","0.0","2.0","6.0","66.0","0.0","0.0","0.0","0.0","26.3","68.93385527255305","3.040425665876032","99.73585546369786"
"D-1720","glycine, n-acetyl-","InChI=1S/C4H7NO3/c1-3(6)5-2-4(7)8/h2H2,1H3,(H,5,6)(H,7,8)","OKJIRPAQVSHGFK-UHFFFAOYSA-N","CC(=O)NCC(O)=O","-0.649","0.04049999999999998","2","G3","117.10399999999998","-0.7929000000000002","26.31949999999999","8.0","2.0","2.0","4.0","2.0","46.0","0.0","0.0","0.0","0.0","66.4","46.501217506910955","3.1818458670936187","95.85105031544944"
"D-1724","verbenalin","InChI=1S/C17H24O10/c1-6-3-8(19)11-7(15(23)24-2)5-25-16(10(6)11)27-17-14(22)13(21)12(20)9(4-18)26-17/h5-6,9-14,16-18,20-22H,3-4H2,1-2H3/t6-,9+,10+,11-,12+,13-,14+,16-,17-/m0/s1","HLXRWTJXGMHOFN-XJSNKYLASA-N","COC(=O)C1=CO[C@@H](O[C@@H]2O[C@H](CO)[C@@H](O)[C@H](O)[C@H]2O)[C@@H]3[C@@H](C)CC(=O)[C@H]13","-0.265","0.0","1","G1","388.36900000000014","-1.942599999999998","85.59220000000002","27.0","10.0","4.0","10.0","4.0","152.0","0.0","2.0","3.0","3.0","151.98000000000002","154.82538849230244","1.815012177319334","616.8353814919832"
"D-1748","1,2,3-benzenetricarboxylic acid","InChI=1S/C9H6O6/c10-7(11)4-2-1-3-5(8(12)13)6(4)9(14)15/h1-3H,(H,10,11)(H,12,13)(H,14,15)","UJMDYLWCYJJYMO-UHFFFAOYSA-N","OC(=O)c1cccc(C(O)=O)c1C(O)=O","-0.8370000000000001","0.0","1","G1","210.14099999999996","0.7811999999999999","47.3199","15.0","3.0","3.0","6.0","3.0","78.0","1.0","0.0","0.0","1.0","111.9","83.39349701940613","3.55594512931231","415.6658332869801"
"D-1756","propyliodone","InChI=1S/C10H11I2NO3/c1-2-3-16-9(14)6-13-4-7(11)10(15)8(12)5-13/h4-5H,2-3,6H2,1H3","ROSXARVHJNYYDO-UHFFFAOYSA-N","CCCOC(=O)CN1C=C(I)C(=O)C(=C1)I","-3.5039999999999996","0.0","1","G1","447.01000000000005","2.0107","77.38600000000002","16.0","4.0","0.0","6.0","4.0","88.0","1.0","0.0","0.0","1.0","48.3","120.64599883070352","2.7483931858760178","415.9305493136352"
"D-1761","benzene, 1-bromo-4-iodo-","InChI=1S/C6H4BrI/c7-5-1-3-6(8)4-2-5/h1-4H","UCCUXODGPMAHRL-UHFFFAOYSA-N","Brc1ccc(I)cc1","-4.452","0.054050000000000153","2","G3","282.90599999999995","3.053700000000001","46.85900000000001","8.0","0.0","0.0","2.0","0.0","42.0","1.0","0.0","0.0","1.0","0.0","70.56078884618196","3.0324555320336755","147.38833891467198"
"D-1767","2(3h)-furanone, 5-methyl-","InChI=1S/C5H6O2/c1-4-2-3-5(6)7-4/h2H,3H2,1H3","QOTQFLOTGBBMEX-UHFFFAOYSA-N","CC1=CCC(=O)O1","-0.293","0.0","1","G1","98.101","0.8371","24.465999999999994","7.0","2.0","0.0","2.0","0.0","38.0","0.0","0.0","1.0","1.0","26.3","41.77865262925314","2.5803181355669738","124.04184397996642"
"D-1774","2,3-dimethyl-2-butanol","InChI=1S/C6H14O/c1-5(2)6(3,4)7/h5,7H,1-4H3","IKECULIHBUCAKR-UHFFFAOYSA-N","CC(C)C(C)(C)O","-0.41100000000000003","0.020100000000000007","2","G3","102.17699999999998","1.4133","31.135799999999982","7.0","1.0","1.0","1.0","1.0","44.0","0.0","0.0","0.0","0.0","20.23","45.358195352008586","3.541196965079901","49.69058447171098"
"D-1775","2,3,3-trimethyl-2-butanol","InChI=1S/C7H16O/c1-6(2,3)7(4,5)8/h8H,1-5H3","OKXVARYIKDXAEO-UHFFFAOYSA-N","CC(C)(C)C(C)(C)O","-0.723","0.0","1","G1","116.20399999999998","1.8034","35.75279999999999","8.0","1.0","1.0","1.0","0.0","50.0","0.0","0.0","0.0","0.0","20.23","51.7231374664052","4.020391543176799","59.36806555425064"
"D-1776","megestrol acetate","InChI=1S/C24H32O4/c1-14-12-18-19(22(4)9-6-17(27)13-21(14)22)7-10-23(5)20(18)8-11-24(23,15(2)25)28-16(3)26/h12-13,18-20H,6-11H2,1-5H3/t18-,19+,20+,22-,23+,24+/m1/s1","RQZAXGRLVPAYTJ-GQFGMJRRSA-N","CC(=O)O[C@@]1(CC[C@H]2[C@@H]3C=C(C)C4=CC(=O)CC[C@]4(C)[C@H]3CC[C@]12C)C(C)=O","-5.284","0.0","1","G1","384.5160000000002","4.575300000000004","106.41100000000007","28.0","4.0","0.0","4.0","2.0","152.0","0.0","2.0","4.0","4.0","60.440000000000005","167.32850051010428","1.7900315303594412","820.4617842103512"
"D-1778","propanedioic acid, 2,2-dimethyl-","InChI=1S/C5H8O4/c1-5(2,3(6)7)4(8)9/h1-2H3,(H,6,7)(H,8,9)","OREAFAJWWJHCOT-UHFFFAOYSA-N","CC(C)(C(O)=O)C(O)=O","-0.16699999999999998","0.0","1","G1","132.11499999999998","0.18180000000000007","29.05259999999999","9.0","2.0","2.0","4.0","2.0","52.0","0.0","0.0","0.0","0.0","74.6","52.11053118989553","4.381728683302121","131.03698459046723"
"D-1780","butanedioic acid, 2,2-dimethyl-","InChI=1S/C6H10O4/c1-6(2,5(9)10)3-4(7)8/h3H2,1-2H3,(H,7,8)(H,9,10)","GOHPTLYPQCTZSE-UHFFFAOYSA-N","CC(C)(CC(O)=O)C(O)=O","-0.32","0.0","1","G1","146.142","0.5719","33.66959999999999","10.0","2.0","2.0","4.0","3.0","58.0","0.0","0.0","0.0","0.0","74.6","58.47547330429214","4.127512487055626","159.13075145540293"
"D-1782","3-methyl-3-hexanol","InChI=1S/C7H16O/c1-4-6-7(3,8)5-2/h8H,4-6H2,1-3H3","KYWJZCSJMOILIZ-UHFFFAOYSA-N","CCCC(C)(O)CC","-1.001","0.005649999999999933","2","G3","116.20399999999998","1.9475","35.822799999999994","8.0","1.0","1.0","1.0","3.0","50.0","0.0","0.0","0.0","0.0","20.23","51.723137466405205","3.373381552563661","57.4071655715584"
"D-1788","2,4,6-trinitroanisole","InChI=1S/C7H5N3O7/c1-17-7-5(9(13)14)2-4(8(11)12)3-6(7)10(15)16/h2-3H,1H3","FMXDVBRYDYFVGS-UHFFFAOYSA-N","COc1c(cc(cc1[N+]([O-])=O)[N+]([O-])=O)[N+]([O-])=O","-3.085","0.0","1","G1","243.13099999999997","1.4198000000000002","52.95719999999999","17.0","7.0","0.0","10.0","4.0","90.0","1.0","0.0","0.0","1.0","138.65","92.86881763089984","3.625430618211917","477.18394073503225"
"D-1791","4-hydroxyquinoline","InChI=1S/C9H7NO/c11-9-5-6-10-8-4-2-1-3-7(8)9/h1-6H,(H,10,11)","PMZDQRJGMBOQBF-UHFFFAOYSA-N","O=C1C=CNc2ccccc12","-1.4809999999999999","0.057499999999999996","2","G3","145.16099999999997","1.5281","44.56870000000002","11.0","1.0","1.0","2.0","0.0","54.0","2.0","0.0","0.0","2.0","32.86","63.49423773222244","3.0307899009392414","425.2608208761056"
"D-1793","n-benzoylbenzamide","InChI=1S/C14H11NO2/c16-13(11-7-3-1-4-8-11)15-14(17)12-9-5-2-6-10-12/h1-10H,(H,15,16,17)","ZHDORMMHAKXTPT-UHFFFAOYSA-N","O=C(NC(=O)c1ccccc1)c2ccccc2","-2.273","0.0","1","G1","225.247","2.2568","64.68070000000003","17.0","2.0","1.0","3.0","2.0","84.0","2.0","0.0","0.0","2.0","46.17","99.0912879380498","2.079926562733872","470.933177853866"
"D-1795","benzene, 1,2-diiodo-","InChI=1S/C6H4I2/c7-5-3-1-2-4-6(5)8/h1-4H","BBOLNFYSRZVALD-UHFFFAOYSA-N","Ic1ccccc1I","-4.217","0.01144999999999996","2","G3","329.906","2.8958000000000004","51.87600000000002","8.0","0.0","0.0","2.0","0.0","42.0","1.0","0.0","0.0","1.0","0.0","75.95507936158424","3.134861511345448","162.63833891467198"
"D-1799","ethanamine, n-ethyl-n-methyl-","InChI=1S/C5H13N/c1-4-6(3)5-2/h4-5H2,1-3H3/p+1","GNVRJGIVDSQCOP-UHFFFAOYSA-O","CC[NH+](C)CC","0.713","0.0","1","G1","88.17399999999999","-0.45910000000000006","27.968699999999988","6.0","0.0","1.0","1.0","2.0","38.0","0.0","0.0","0.0","0.0","4.44","39.95885315561935","2.7541847860376616","23.11941547876375"
"D-1807","5-nonanol","InChI=1S/C9H20O/c1-3-5-7-9(10)8-6-4-2/h9-10H,3-8H2,1-2H3","FCBBRODPXVPZAH-UHFFFAOYSA-N","CCCCC(O)CCCC","-2.49","0.0","1","G1","144.25799999999998","2.7277000000000013","45.05680000000002","10.0","1.0","1.0","1.0","6.0","62.0","0.0","0.0","0.0","0.0","20.23","64.45302169519843","2.998419094375296","53.748605961854445"
"D-1816","pentane, 2-chloro-","InChI=1S/C5H11Cl/c1-3-4-5(2)6/h5H,3-4H2,1-2H3","NFRKUDYZEVQXTE-UHFFFAOYSA-N","CCCC(C)Cl","-2.63","0.13484999999999991","2","G3","106.596","2.4138","30.222999999999985","6.0","0.0","0.0","1.0","2.0","38.0","0.0","0.0","0.0","0.0","0.0","44.50228571229765","2.6272148478988635","25.11941547876375"
"D-1821","benzene, 1,3-diiodo-","InChI=1S/C6H4I2/c7-5-2-1-3-6(8)4-5/h1-4H","SFPQFQUXAJOWNF-UHFFFAOYSA-N","Ic1cccc(I)c1","-4.518","0.026000000000000245","2","G3","329.906","2.8958000000000004","51.87600000000001","8.0","0.0","0.0","2.0","0.0","42.0","1.0","0.0","0.0","1.0","0.0","75.95507936158424","3.077660437970554","166.38833891467198"
"D-1834","2-nonanol","InChI=1S/C9H20O/c1-3-4-5-6-7-8-9(2)10/h9-10H,3-8H2,1-2H3","NGDNVOAEIVQRFH-UHFFFAOYSA-N","CCCCCCCC(C)O","-2.7439999999999998","0.0","1","G1","144.258","2.727700000000002","45.05680000000002","10.0","1.0","1.0","1.0","6.0","62.0","0.0","0.0","0.0","0.0","20.23","64.45302169519842","2.7731888559274704","59.74860596185444"
"D-1837","2,3,4-pyridinetricarboxylic acid","InChI=1S/C8H5NO6/c10-6(11)3-1-2-9-5(8(14)15)4(3)7(12)13/h1-2H,(H,10,11)(H,12,13)(H,14,15)","VOTYOVOSRFKUSM-UHFFFAOYSA-N","OC(=O)c1ccnc(C(O)=O)c1C(O)=O","-1.245","0.0","1","G1","211.129","0.17620000000000002","45.11489999999999","15.0","4.0","3.0","7.0","3.0","78.0","1.0","0.0","0.0","1.0","124.79000000000002","82.61314500035265","3.55594512931231","420.1951582999609"
"D-1848","benzene, 1-bromo-2-chloro-","InChI=1S/C6H4BrCl/c7-5-3-1-2-4-6(5)8/h1-4H","QBELEDRHMPMKHP-UHFFFAOYSA-N","Clc1ccccc1Br","-3.2030000000000003","0.20442276455098296","3","G5","191.45499999999998","3.1025","39.152000000000015","8.0","0.0","0.0","2.0","0.0","42.0","1.0","0.0","0.0","1.0","0.0","61.60221695202","3.134861511345448","164.63833891467198"
"D-1856","bromosuccinic acid","InChI=1S/C4H5BrO4/c5-2(4(8)9)1-3(6)7/h2H,1H2,(H,6,7)(H,8,9)","QQWGVQWAEANRTK-UHFFFAOYSA-N","OC(=O)CC(Br)C(O)=O","-0.215","0.0","1","G1","196.98399999999998","0.30920000000000003","32.60359999999999","9.0","2.0","2.0","5.0","3.0","52.0","0.0","0.0","0.0","0.0","74.6","59.61313668114028","3.6324321519398444","132.52932501298082"
"D-1859","benzenamine, 2,4-dinitro-n-phenyl-","InChI=1S/C12H9N3O4/c16-14(17)10-6-7-11(12(8-10)15(18)19)13-9-4-2-1-3-5-9/h1-8,13H","RHTVQEPJVKUMPI-UHFFFAOYSA-N","[O-][N+](=O)c1ccc(Nc2ccccc2)c(c1)[N+]([O-])=O","-3.8339999999999996","0.0","1","G1","259.221","3.2466000000000017","69.47550000000001","19.0","5.0","1.0","7.0","4.0","96.0","2.0","0.0","0.0","2.0","98.31","107.34431095416863","2.3991450084316583","628.1265516966855"
"D-1860","benzenesulfonamide, 4-amino-n-(6-ethoxy-3-pyrid-","InChI=1S/C12H14N4O3S/c1-2-19-12-8-7-11(14-15-12)16-20(17,18)10-5-3-9(13)4-6-10/h3-8H,2,13H2,1H3,(H,14,16)","FFJIWWBSBCOKLS-UHFFFAOYSA-N","CCOc1ccc(N[S](=O)(=O)c2ccc(N)cc2)nn1","-2.427","0.0","1","G1","294.33599999999996","1.2582999999999998","74.86390000000002","20.0","6.0","2.0","8.0","5.0","106.0","2.0","0.0","0.0","2.0","107.2","116.39020508719469","2.1715590689884516","668.8535522428149"
"D-1894","2-isopropyl naphthalene","InChI=1S/C13H14/c1-10(2)12-8-7-11-5-3-4-6-13(11)9-12/h3-10H,1-2H3","TVYVQNHYIHAJTD-UHFFFAOYSA-N","CC(C)c1ccc2ccccc2c1","-5.297999999999999","0.0","1","G1","170.25499999999997","3.963200000000003","58.03700000000004","13.0","0.0","0.0","0.0","1.0","66.0","2.0","0.0","0.0","2.0","0.0","79.20789399442198","2.61987386972831","413.0627536956115"
"D-1905","epitiostanol","InChI=1S/C19H30OS/c1-18-8-7-14-12(13(18)5-6-17(18)20)4-3-11-9-15-16(21-15)10-19(11,14)2/h11-17,20H,3-10H2,1-2H3","OBMLHUPNRURLOK-UHFFFAOYSA-N","CC12CCC3C(CCC4CC5SC5CC34C)C1CCC2O","-5.407","0.0","1","G1","306.51500000000004","4.483900000000005","88.28380000000006","21.0","2.0","1.0","2.0","0.0","118.0","0.0","5.0","5.0","5.0","20.23","133.1963970968836","1.473730703285255","464.4827066363416"
"D-1910","1,6-heptadiyne","InChI=1S/C7H8/c1-3-5-7-6-4-2/h1-2H,5-7H2","RSPZSDWVQWRAEF-UHFFFAOYSA-N","C#CCCCC#C","-1.7469999999999999","0.0","1","G1","92.14099999999999","1.4231","31.51699999999999","7.0","0.0","0.0","0.0","2.0","36.0","0.0","0.0","0.0","0.0","0.0","44.92735449792773","2.7683855790457867","84.18716785960169"
"D-1912","7-methyl-1-octanol","InChI=1S/C9H20O/c1-9(2)7-5-3-4-6-8-10/h9-10H,3-8H2,1-2H3","QDTDKYHPHANITQ-UHFFFAOYSA-N","CC(C)CCCCCCO","-2.487","1.2583234632964804","4","G4","144.258","2.5852000000000017","45.008800000000015","10.0","1.0","1.0","1.0","6.0","62.0","0.0","0.0","0.0","0.0","20.23","64.45302169519843","2.7731888559274704","59.74860596185444"
"D-1913","chlorflurecol","InChI=1S/C14H9ClO3/c15-8-5-6-10-9-3-1-2-4-11(9)14(18,13(16)17)12(10)7-8/h1-7,18H,(H,16,17)","SVOAUHHKPGKPQK-UHFFFAOYSA-N","OC(=O)C1(O)c2ccccc2c3ccc(Cl)cc13","-4.1610000000000005","0.04442869443151446","3","G5","260.676","2.640900000000001","67.52260000000003","18.0","2.0","2.0","4.0","1.0","90.0","2.0","0.0","1.0","3.0","57.53","108.26580623214244","2.424052661218044","665.8387220032452"
"D-1917","tutin","InChI=1S/C15H18O6/c1-5(2)6-7-12(17)20-8(6)9(16)13(3)14(4-19-14)10-11(21-10)15(7,13)18/h6-11,16,18H,1,4H2,2-3H3/t6-,7+,8+,9+,10+,11-,13-,14+,15-/m0/s1","CCAZWUJBLXKBAY-ULZPOIKGSA-N","CC(=C)[C@@H]1[C@H]2OC(=O)[C@@H]1[C@]3(O)[C@H]4O[C@H]4[C@]5(CO5)[C@]3(C)[C@@H]2O","-1.19","0.0","1","G1","294.303","-0.6178000000000003","68.08160000000004","21.0","6.0","2.0","6.0","1.0","114.0","0.0","5.0","5.0","5.0","91.82000000000001","121.22030712250807","1.755938060151459","596.971262626573"
"D-1920","4'-((6-hydroxy-m-tolyl)azo)acetanilide","InChI=1S/C15H15N3O2/c1-10-3-8-15(20)14(9-10)18-17-13-6-4-12(5-7-13)16-11(2)19/h3-9,17H,1-2H3,(H,16,19)/b18-14+","ZGLBGXHBFHCOAF-NBVRZTHBSA-N","CC(=O)Nc1ccc(N\N=C\2C=C(C)C=CC2=O)cc1","-5.358","0.0","1","G1","269.304","2.498100000000001","79.70740000000002","20.0","4.0","2.0","5.0","3.0","102.0","1.0","0.0","1.0","2.0","70.56","116.61907200456741","2.0542767516970395","625.0236406185542"
"D-1930","1-nonyne","InChI=1S/C9H16/c1-3-5-7-9-8-6-4-2/h1H,4-9H2,2H3","OSSQSXOTMIGBCF-UHFFFAOYSA-N","CCCCCCCC#C","-4.093999999999999","0.07325000000000026","2","G3","124.22699999999999","2.980100000000002","42.20900000000001","9.0","0.0","0.0","0.0","5.0","52.0","0.0","0.0","0.0","0.0","0.0","58.658013334861685","2.68805533088827","76.52932501298082"
"D-1932","hyenanchin","InChI=1S/C15H18O7/c1-5(2)14(18)6-11(17)22-8(14)7(16)12(3)13(4-20-13)9-10(21-9)15(6,12)19/h6-10,16,18-19H,1,4H2,2-3H3/t6-,7+,8-,9+,10-,12-,13+,14?,15-/m0/s1","DWCJGLPGZULWPZ-GEETXFABSA-N","CC(=C)C1(O)[C@H]2OC(=O)[C@@H]1[C@]3(O)[C@H]4O[C@H]4[C@]5(CO5)[C@]3(C)[C@@H]2O","-1.42","0.0","1","G1","310.302","-1.5028999999999997","69.54140000000004","22.0","7.0","3.0","7.0","1.0","120.0","0.0","5.0","5.0","5.0","112.05000000000001","126.01454087470407","1.7928474592203694","641.8022207092022"
"D-1964","4-nonanol","InChI=1S/C9H20O/c1-3-5-6-8-9(10)7-4-2/h9-10H,3-8H2,1-2H3","IXUOEGRSQCCEHB-UHFFFAOYSA-N","CCCCCC(O)CCC","-2.591","0.0","1","G1","144.25799999999998","2.7277000000000013","45.05680000000002","10.0","1.0","1.0","1.0","6.0","62.0","0.0","0.0","0.0","0.0","20.23","64.45302169519842","2.968015041036938","61.74860596185444"
"D-1966","3-chlorocrotonic acid","InChI=1S/C4H5ClO2/c1-3(5)2-4(6)7/h2H,1H3,(H,6,7)/b3-2+","XBOTUWGQYMHUFO-NSCUHMNNSA-N","C\C(Cl)=C/C(O)=O","-0.605","0.07250000000000001","2","G3","120.53499999999998","1.2136","27.245799999999992","7.0","1.0","1.0","3.0","1.0","40.0","0.0","0.0","0.0","0.0","37.3","46.40349641795657","3.679228031962392","102.25742227201613"
"D-1980","tetramethrin","InChI=1S/C19H25NO4/c1-11(2)9-14-15(19(14,3)4)18(23)24-10-20-16(21)12-7-5-6-8-13(12)17(20)22/h9,14-15H,5-8,10H2,1-4H3/t14-,15+/m1/s1","CXBMCYHAMVGWJQ-CABCVRRESA-N","CC(C)=C[C@@H]1[C@@H](C(=O)OCN2C(=O)C3=C(CCCC3)C2=O)C1(C)C","-4.8580000000000005","0.19994999999999985","2","G3","331.4120000000001","2.964900000000002","88.49800000000005","24.0","4.0","0.0","5.0","4.0","130.0","0.0","1.0","3.0","3.0","63.68","142.2694547618539","1.61158435496958","638.8542726966778"
"D-1986","dl-2,3-dimethylsuccinic acid","InChI=1S/C6H10O4/c1-3(5(7)8)4(2)6(9)10/h3-4H,1-2H3,(H,7,8)(H,9,10)/p-2/t3-,4+","KLZYRCVPDWTZLH-ZXZARUISSA-L","C[C@H]([C@H](C)C([O-])=O)C([O-])=O","-0.688","0.0","1","G1","144.12599999999998","-2.241599999999999","28.341999999999988","10.0","4.0","0.0","4.0","3.0","58.0","0.0","0.0","0.0","0.0","80.25999999999999","58.47547330429214","4.069511908932011","133.82680599646994"
"D-1990","phenmedipham","InChI=1S/C16H16N2O4/c1-11-5-3-6-12(9-11)18-16(20)22-14-8-4-7-13(10-14)17-15(19)21-2/h3-10H,1-2H3,(H,17,19)(H,18,20)","IDOWTHOLJBTAFI-UHFFFAOYSA-N","COC(=O)Nc1cccc(OC(=O)Nc2cccc(C)c2)c1","-4.779","0.013250000000000206","2","G3","300.314","3.784220000000002","83.29540000000003","22.0","4.0","2.0","6.0","3.0","114.0","2.0","0.0","0.0","2.0","76.66","127.59812480946482","1.9910569204245536","685.3509531428246"
"D-1995","2,2-diethyl-1-pentanol","InChI=1S/C9H20O/c1-4-7-9(5-2,6-3)8-10/h10H,4-8H2,1-3H3","PHSORZZLPKIHMG-UHFFFAOYSA-N","CCCC(CC)(CC)CO","-2.419","0.0","1","G1","144.258","2.5852000000000017","45.008800000000015","10.0","1.0","1.0","1.0","5.0","62.0","0.0","0.0","0.0","0.0","20.23","64.45302169519842","3.8747749631204758","66.53278903942294"
"D-1998","benzyl morphine","InChI=1S/C24H25NO3/c1-25-12-11-24-17-8-9-19(26)23(24)28-22-20(27-14-15-5-3-2-4-6-15)10-7-16(21(22)24)13-18(17)25/h2-10,17-19,23,26H,11-14H2,1H3/t17-,18+,19-,23-,24-/m0/s1","RDJGWRFTDZZXSM-RNWLQCGYSA-N","CN1CC[C@]23[C@H]4Oc5c(OCc6ccccc6)ccc(C[C@@H]1[C@@H]2C=C[C@@H]4O)c35","-2.9730000000000003","0.0","1","G1","375.46800000000013","3.0715000000000017","106.68580000000007","28.0","4.0","1.0","4.0","3.0","144.0","2.0","1.0","4.0","6.0","41.93000000000001","164.9360329334323","1.4520691118503983","955.8226640711225"
"D-2004",".alpha.-d-glucofuranose,","InChI=1S/C8H11Cl3O6/c9-8(10,11)7-16-5-3(14)4(2(13)1-12)15-6(5)17-7/h2-7,12-14H,1H2/t2?,3-,4+,5+,6?,7+/m0/s1","OJYGBLRPYBAHRT-OPKHMCHVSA-N","OCC(O)[C@H]1OC2O[C@@H](O[C@@H]2[C@H]1O)C(Cl)(Cl)Cl","-1.8430000000000002","0.0","1","G1","309.529","-0.46289999999999937","57.796400000000034","17.0","6.0","3.0","9.0","2.0","100.0","0.0","2.0","2.0","2.0","88.38000000000001","111.91531914730102","2.0121307465624216","284.92430642566427"
"D-2011","bromopropylate","InChI=1S/C17H16Br2O3/c1-11(2)22-16(20)17(21,12-3-7-14(18)8-4-12)13-5-9-15(19)10-6-13/h3-11,21H,1-2H3","FOANIXZHAMJWOI-UHFFFAOYSA-N","CC(C)OC(=O)C(O)(c1ccc(Br)cc1)c2ccc(Br)cc2","-4.933","0.8492999999999999","2","G2","428.12000000000006","4.3991000000000025","92.51080000000002","22.0","3.0","1.0","5.0","4.0","116.0","2.0","0.0","0.0","2.0","46.53","146.1176041905734","2.547618683970087","603.1091973394051"
"D-2025","butachlor","InChI=1S/C17H26ClNO2/c1-4-7-11-21-13-19(16(20)12-18)17-14(5-2)9-8-10-15(17)6-3/h8-10H,4-7,11-13H2,1-3H3","HKPHPIREJKHECO-UHFFFAOYSA-N","CCCCOCN(C(=O)CCl)c1c(CC)cccc1CC","-4.1930000000000005","0.030400000000000205","2","G3","311.85300000000007","4.1574000000000035","89.13100000000006","21.0","2.0","0.0","4.0","9.0","118.0","1.0","0.0","0.0","1.0","29.54","132.78393360449536","3.0405929299275014","426.1662903460974"
"D-2028","ethyrimol","InChI=1S/C11H19N3O/c1-4-6-7-9-8(3)13-11(12-5-2)14-10(9)15/h4-7H2,1-3H3,(H2,12,13,14,15)","BBXXLROWFHWFQY-UHFFFAOYSA-N","CCCCC1=C(C)NC(=NC1=O)NCC","-3.02","0.06499999999999995","2","G3","209.29299999999998","1.85272","62.370400000000025","15.0","3.0","2.0","4.0","5.0","84.0","1.0","0.0","0.0","1.0","57.78","90.13667816581805","2.9373311083141993","370.5860503155157"
"D-2035","secbumeton","InChI=1S/C10H19N5O/c1-5-7(3)12-9-13-8(11-6-2)14-10(15-9)16-4/h7H,5-6H2,1-4H3,(H2,11,12,13,14,15)","ZJMZZNVGNSWOOM-UHFFFAOYSA-N","CCNc1nc(NC(C)CC)nc(OC)n1","-2.575","0.007300000000000084","2","G3","225.29599999999996","1.5223999999999998","63.918400000000034","16.0","6.0","2.0","6.0","6.0","90.0","1.0","0.0","0.0","1.0","71.96000000000001","95.8582114598357","2.852731013715871","330.9854695248083"
"D-2037","1,2-dichloropropene","InChI=1S/C3H4Cl2/c1-3(5)2-4/h2H,1H3","PPKPKFIWDXDAGC-UHFFFAOYSA-N","CC(Cl)=CCl","-1.614","0.0","1","G1","110.971","2.3253000000000004","25.462999999999994","5.0","0.0","0.0","2.0","0.0","30.0","0.0","0.0","0.0","0.0","0.0","41.386064678201855","3.1431973062780685","42.854752972273346"
"D-2039","3-chlorophthalic acid","InChI=1S/C8H5ClO4/c9-5-3-1-2-4(7(10)11)6(5)8(12)13/h1-3H,(H,10,11)(H,12,13)","BKFXSOCDAQACQM-UHFFFAOYSA-N","OC(=O)c1cccc(Cl)c1C(O)=O","-0.976","0.0","1","G1","200.57699999999997","1.7364000000000002","45.3706","13.0","2.0","2.0","5.0","2.0","68.0","1.0","0.0","0.0","1.0","74.6","78.37606527965143","3.427344204506423","372.4068180287228"
"D-2051","tebuthiuron","InChI=1S/C9H16N4OS/c1-9(2,3)6-11-12-8(15-6)13(5)7(14)10-4/h1-5H3,(H,10,14)","HBPDKDSFLXWOAE-UHFFFAOYSA-N","CNC(=O)N(C)c1sc(nn1)C(C)(C)C","-1.9969999999999999","0.018199999999999994","2","G3","228.321","1.6112","61.46770000000003","15.0","4.0","1.0","6.0","1.0","84.0","1.0","0.0","0.0","1.0","58.120000000000005","93.50532867483764","2.894631590511528","355.23947195293493"
"D-2053","butamifos","InChI=1S/C13H21N2O4PS/c1-5-11(4)14-20(21,18-6-2)19-13-9-10(3)7-8-12(13)15(16)17/h7-9,11H,5-6H2,1-4H3,(H,14,21)","OEYOMNZEMCPTKN-UHFFFAOYSA-N","CCO[P](=S)(NC(C)CC)Oc1cc(C)ccc1[N+]([O-])=O","-4.814","0.04205000000000014","2","G3","332.3620000000001","3.9311200000000035","87.26110000000004","21.0","5.0","1.0","8.0","8.0","118.0","1.0","0.0","0.0","1.0","73.63","129.76539350623858","3.112387649797256","552.9728394805225"
"D-2063","sulindac","InChI=1S/C20H17FO3S/c1-12-17(9-13-3-6-15(7-4-13)25(2)24)16-8-5-14(21)10-19(16)18(12)11-20(22)23/h3-10H,11H2,1-2H3,(H,22,23)/b17-9-","MLKXDPUZXIRXEP-MFOYZWKCSA-N","CC\1=C(CC(O)=O)c2cc(F)ccc2C1=C\c3ccc(cc3)[S](C)=O","-4.552","0.2240000000000002","2","G3","356.41800000000006","4.3655000000000035","97.89220000000003","25.0","2.0","1.0","5.0","4.0","128.0","2.0","0.0","1.0","3.0","54.37","147.5185424815781","2.1011120578982485","939.9136691174383"
"D-2066","dimethyl carbate","InChI=1S/C11H14O4/c1-14-10(12)8-6-3-4-7(5-6)9(8)11(13)15-2/h3-4,6-9H,5H2,1-2H3/t6?,7?,8-,9+","VGQLNJWOULYVFV-WZENYGAOSA-N","COC(=O)[C@@H]1C2CC(C=C2)[C@@H]1C(=O)OC","-1.202","0.0","1","G1","210.22899999999998","0.7706999999999999","51.749000000000024","15.0","4.0","0.0","4.0","2.0","82.0","0.0","1.0","2.0","2.0","52.60000000000001","88.23754149165421","2.2395594879594616","290.5496111291175"
"D-2069","hydroprene","InChI=1S/C17H30O2/c1-6-19-17(18)13-16(5)12-8-11-15(4)10-7-9-14(2)3/h8,12-15H,6-7,9-11H2,1-5H3/b12-8+,16-13+","FYQGBXGJFWXIPP-UEVLXMDPSA-N","CCOC(=O)\C=C(C)\C=C\CC(C)CCCC(C)C","-5.693","0.2841999999999998","2","G3","266.42499999999995","4.904500000000005","82.00000000000006","19.0","2.0","0.0","2.0","9.0","110.0","0.0","0.0","0.0","0.0","26.3","118.4741861233574","3.9017092211713953","300.38392569815863"
"D-2087","d-alaninic acid,","InChI=1S/C19H19ClFNO3/c1-12(2)25-19(24)13(3)22(15-9-10-17(21)16(20)11-15)18(23)14-7-5-4-6-8-14/h4-13H,1-3H3/t13-/m0/s1","IKVXBIIHQGXQRQ-ZDUSSCGKSA-N","CC(C)OC(=O)[C@H](C)N(C(=O)c1ccccc1)c2ccc(F)c(Cl)c2","-4.561","0.03964999999999996","2","G3","363.81600000000003","4.466000000000005","95.35150000000003","25.0","3.0","0.0","6.0","5.0","132.0","2.0","0.0","0.0","2.0","46.61","150.70831685594297","2.4507817228967568","764.519451387341"
"D-2093","flumetralin","InChI=1S/C16H12ClF4N3O4/c1-2-22(8-10-11(17)4-3-5-12(10)18)15-13(23(25)26)6-9(16(19,20)21)7-14(15)24(27)28/h3-7H,2,8H2,1H3","PWNAWOCHVWERAR-UHFFFAOYSA-N","CCN(Cc1c(F)cccc1Cl)c2c(cc(cc2[N+]([O-])=O)C(F)(F)F)[N+]([O-])=O","-6.625","0.0774499999999998","2","G3","421.7340000000001","5.340800000000003","92.88680000000005","28.0","5.0","0.0","12.0","6.0","150.0","2.0","0.0","0.0","2.0","89.51999999999998","159.979458736937","2.725550042719448","881.3358721418774"
"D-2097","cyromazine","InChI=1S/C6H10N6/c7-4-10-5(8)12-6(11-4)9-3-1-2-3/h3H,1-2H2,(H5,7,8,9,10,11,12)","LVQDKIWDGQRHTE-UHFFFAOYSA-N","Nc1nc(N)nc(NC2CC2)n1","-1.179","0.034499999999999975","2","G3","166.188","-0.3897000000000006","45.2965","12.0","6.0","3.0","6.0","2.0","64.0","1.0","1.0","1.0","2.0","102.74","69.40898582963057","2.1770477836157407","273.83982642577905"
"D-2100","fenthhiaprop ethyl","InChI=1S/C18H16ClNO4S/c1-3-22-17(21)11(2)23-13-5-4-6-14(10-13)24-18-20-15-8-7-12(19)9-16(15)25-18/h4-11H,3H2,1-2H3","MDTRRKVOSSZNCC-UHFFFAOYSA-N","CCOC(=O)C(C)Oc1cccc(Oc2sc3cc(Cl)ccc3n2)c1","-5.6739999999999995","0.0","1","G1","377.84900000000005","5.072400000000003","97.86900000000003","25.0","6.0","0.0","7.0","6.0","130.0","3.0","0.0","0.0","3.0","57.650000000000006","153.6603076960833","1.7293673531335798","895.6683796705244"
"E-2","cyclopentane","InChI=1S/C5H10/c1-2-4-5-3-1/h1-5H2","RGSFGYAAUTVSQA-UHFFFAOYSA-N","C1CCCC1","-2.64","0.0064051014999999545","2","G3","70.135","1.9505000000000001","23.084999999999994","5.0","0.0","0.0","0.0","0.0","30.0","0.0","1.0","1.0","1.0","0.0","33.19318833188676","2.083333333333333","11.60964047443681"
"E-5","2,2-dimethylbutane","InChI=1S/C6H14/c1-5-6(2,3)4/h5H2,1-4H3","HNRMPXKDFBEGFZ-UHFFFAOYSA-N","CCC(C)(C)C","-3.55","0.06030000000000002","2","G3","86.17799999999998","2.442500000000001","29.74599999999998","6.0","0.0","0.0","0.0","0.0","38.0","0.0","0.0","0.0","0.0","0.0","40.563961599812586","3.168489872670569","29.793193904479523"
"E-6","cyclohexane","InChI=1S/C6H12/c1-2-4-6-5-3-1/h1-6H2","XDTMQSROBMDMFD-UHFFFAOYSA-N","C1CCCCC1","-3.1","0.07381284417802439","4","G5","84.162","2.3406000000000002","27.701999999999984","6.0","0.0","0.0","0.0","0.0","36.0","0.0","1.0","1.0","1.0","0.0","39.55813044628337","2.0","15.509775004326936"
"E-13","trans-2-pentene","InChI=1S/C5H10/c1-3-5-4-2/h3,5H,4H2,1-2H3","QMMOXUPEWRXHJS-UHFFFAOYSA-N","CCC=CC","-2.54","0.0","1","G1","70.135","1.9725","25.10499999999999","5.0","0.0","0.0","0.0","1.0","30.0","0.0","0.0","0.0","0.0","0.0","33.50941645323172","2.622415807990217","27.019550008653873"
"E-17","trans-2-heptene","InChI=1S/C7H14/c1-3-5-7-6-4-2/h3,5H,4,6-7H2,1-2H3","OTTZHAVKAVGASB-UHFFFAOYSA-N","CCCCC=CC","-3.82","0.0","1","G1","98.18899999999998","2.752700000000001","34.33899999999999","7.0","0.0","0.0","0.0","3.0","42.0","0.0","0.0","0.0","0.0","0.0","46.23930068202494","2.6891574118399517","44.0"
"E-27","1-hexyne","InChI=1S/C6H10/c1-3-5-6-4-2/h1H,4-6H2,2H3","CGHIBGNXEGJPQZ-UHFFFAOYSA-N","CCCCC#C","-2.36","0.0","1","G1","82.14599999999999","1.8098","28.357999999999986","6.0","0.0","0.0","0.0","2.0","34.0","0.0","0.0","0.0","0.0","0.0","39.56318699167187","2.543857644448419","47.548875021634686"
"E-36","1,2,4-trimethylbenzene","InChI=1S/C9H12/c1-7-4-5-8(2)9(3)6-7/h4-6H,1-3H3","GWHJZXXIDMPWGX-UHFFFAOYSA-N","c1cc(C)cc(C)c1C","-3.31","0.006625146800000037","2","G3","120.19499999999996","2.611860000000001","40.65300000000001","9.0","0.0","0.0","0.0","0.0","48.0","1.0","0.0","0.0","1.0","0.0","56.52622946268678","3.1716780304409156","211.27833704135645"
"E-42","1,4-diethylbenzene","InChI=1S/C10H14/c1-3-9-5-7-10(4-2)8-6-9/h5-8H,3-4H2,1-2H3","DSNHSQKRULAAEI-UHFFFAOYSA-N","c1cc(CC)ccc1CC","-3.75","0.07369804535020892","3","G5","134.22199999999998","2.811400000000001","45.19800000000003","10.0","0.0","0.0","0.0","2.0","54.0","1.0","0.0","0.0","1.0","0.0","62.89117157708339","2.7972512629697874","160.69821324529929"
"E-43","p-isopropyltoluene","InChI=1S/C10H14/c1-8(2)10-6-4-9(3)5-7-10/h4-8H,1-3H3","HFPZCAJZSCWRBC-UHFFFAOYSA-N","c1cc(C)ccc1C(C)C","-3.77","0.005700000000000038","2","G3","134.22199999999995","3.118420000000002","45.26800000000003","10.0","0.0","0.0","0.0","1.0","54.0","1.0","0.0","0.0","1.0","0.0","62.89117157708339","2.8937627836066775","193.78322454351996"
"E-51","diphenylmethane","InChI=1S/C13H12/c1-3-7-12(8-4-1)11-13-9-5-2-6-10-13/h1-10H,11H2","CZZYITDELCSZES-UHFFFAOYSA-N","c1ccccc1Cc2ccccc2","-4.17","0.04665000000000008","2","G3","168.239","3.277400000000002","55.69000000000003","13.0","0.0","0.0","0.0","2.0","64.0","2.0","0.0","0.0","2.0","0.0","78.85343943995761","2.1614757505786617","310.81248233699284"
"E-52","fluorene","InChI=1S/C13H10/c1-3-7-12-10(5-1)9-11-6-2-4-8-13(11)12/h1-8H,9H2","NIHNNTQXNPWCJQ-UHFFFAOYSA-N","c(c(c(c1ccc2)c2)ccc3)(c3)C1","-4.91","0.1767549362818477","4","G5","166.22299999999996","3.2578000000000014","54.68400000000003","13.0","0.0","0.0","0.0","0.0","62.0","2.0","0.0","1.0","3.0","0.0","77.84760828642837","2.3207279847408384","411.60041905516795"
"E-58","1,5-dimethylnaphthalene","InChI=1S/C12H12/c1-9-5-3-8-12-10(2)6-4-7-11(9)12/h3-8H,1-2H3","SDDBCEWUYXVGCQ-UHFFFAOYSA-N","c1ccc2c(C)cccc2c1C","-4.74","0.03317629675938369","3","G5","156.22799999999995","3.456640000000002","53.422000000000025","12.0","0.0","0.0","0.0","0.0","60.0","2.0","0.0","0.0","2.0","0.0","72.84295188002538","2.9433728520613918","372.05786619344804"
"E-59","2,3-dimethylnaphthalene","InChI=1S/C12H12/c1-9-7-11-5-3-4-6-12(11)8-10(9)2/h3-8H,1-2H3","WWGUMAYGTYQSGA-UHFFFAOYSA-N","Cc1c(C)cc2ccccc2c1","-4.72","0.08745000000000003","2","G3","156.22799999999998","3.456640000000002","53.42200000000003","12.0","0.0","0.0","0.0","0.0","60.0","2.0","0.0","0.0","2.0","0.0","72.84295188002538","2.8395199428108353","372.8078661934481"
"E-63","acenaphthene","InChI=1S/C12H10/c1-3-9-4-2-6-11-8-7-10(5-1)12(9)11/h1-6H,7-8H2","CWRYPZZKDGJXCA-UHFFFAOYSA-N","c1ccc2cccc3c2c1CC3","-4.63","0.05302901229276759","4","G5","154.21199999999993","2.9384000000000015","51.35600000000002","12.0","0.0","0.0","0.0","0.0","58.0","2.0","0.0","1.0","3.0","0.0","71.83712072649615","2.580405551126642","401.9826286215576"
"E-66","9-methylanthracene","InChI=1S/C15H12/c1-11-14-8-4-2-6-12(14)10-13-7-3-5-9-15(11)13/h2-10H,1H3","CPGPAVAKSZHMBP-UHFFFAOYSA-N","c(c(c(c(c1ccc2)c2)C)ccc3)(c3)c1","-5.89","0.011399999999999633","2","G3","192.261","4.301420000000003","66.19100000000003","15.0","0.0","0.0","0.0","0.0","72.0","3.0","0.0","0.0","3.0","0.0","89.159674297364","2.597968359562711","581.6567221133736"
"E-89","dichloromethane","InChI=1S/CH2Cl2/c2-1-3/h1H2","YMWUJEATGCHHMB-UHFFFAOYSA-N","ClCCl","-0.63","0.08925126665","2","G3","84.93299999999999","1.4215","16.573","3.0","0.0","0.0","2.0","0.0","20.0","0.0","0.0","0.0","0.0","0.0","29.3457834815929","1.6329931618554523","2.7548875021634682"
"E-92","bromodichloromethane","InChI=1S/CHBrCl2/c2-1(3)4/h1H","FMWLUWPQPKEARP-UHFFFAOYSA-N","ClC(Br)Cl","-1.54","0.09634999999999994","2","G3","163.829","2.1425","24.420999999999996","4.0","0.0","0.0","3.0","0.0","26.0","0.0","0.0","0.0","0.0","0.0","43.21333108723426","2.3237900077244498","10.75488750216347"
"E-93","chlorodibromomethane","InChI=1S/CHBr2Cl/c2-1(3)4/h1H","GATVIKZLVQHOMN-UHFFFAOYSA-N","ClC(Br)Br","-1.9","0.013026383483786567","3","G5","208.28","2.2986000000000004","27.494999999999997","4.0","0.0","0.0","3.0","0.0","26.0","0.0","0.0","0.0","0.0","0.0","46.77761246599394","2.3237900077244498","10.75488750216347"
"E-100","1,2-dibromoethane","InChI=1S/C2H4Br2/c3-1-2-4/h1-2H2","PAAZPARNPHGIKF-UHFFFAOYSA-N","BrCCBr","-1.68","0.0121","2","G3","187.862","1.7762","27.587999999999994","4.0","0.0","0.0","2.0","1.0","26.0","0.0","0.0","0.0","0.0","0.0","42.83928835350887","1.9747448713915894","6.0"
"E-110","1-iodopropane","InChI=1S/C3H7I/c1-2-3-4/h2-3H2,1H3","PVWOIHVRPOBWPI-UHFFFAOYSA-N","CCCI","-2.29","0.0","1","G1","169.993","1.8314","29.17799999999999","4.0","0.0","0.0","1.0","1.0","26.0","0.0","0.0","0.0","0.0","0.0","40.7309733776664","1.9747448713915894","5.245112497836532"
"E-117","1-chlorobutane","InChI=1S/C4H9Cl/c1-2-3-4-5/h2-4H2,1H3","VFWCMGCRMGJXDK-UHFFFAOYSA-N","CCCCCl","-2.03","0.4487148634065499","3","G5","92.56899999999999","2.0253","25.62799999999999","5.0","0.0","0.0","1.0","2.0","32.0","0.0","0.0","0.0","0.0","0.0","38.13734359790105","2.19060968716425","11.119415478763749"
"E-127","2,3-dichloro-2-methylbutane","InChI=1S/C5H10Cl2/c1-4(6)5(2,3)7/h4H,1-3H3","TXTORVZCRUFBBO-UHFFFAOYSA-N","CC(C)(Cl)C(Cl)C","-2.69","0.0","1","G1","141.041","2.631100000000001","35.247","7.0","0.0","0.0","2.0","1.0","44.0","0.0","0.0","0.0","0.0","0.0","54.80555193917933","3.5411969650799016","51.5907190016011"
"E-138","1,2-dichloroethylene","InChI=1S/C2H2Cl2/c3-1-2-4/h1-2H","KFUSEUYYWQURPO-UHFFFAOYSA-N","ClC=CCl","-1.3","0.0","1","G1","96.94400000000002","1.9352","20.845999999999997","4.0","0.0","0.0","2.0","0.0","24.0","0.0","0.0","0.0","0.0","0.0","35.02112256380526","2.549193338482967","19.219280948873624"
"E-139","1,2-diiodoethylene","InChI=1S/C2H2I2/c3-1-2-4/h1-2H","CVOGMKGEVNGRSK-UHFFFAOYSA-N","IC=CI","-3.22","0.0","1","G1","279.846","2.3276000000000003","37.18000000000001","4.0","0.0","0.0","2.0","0.0","24.0","0.0","0.0","0.0","0.0","0.0","52.938266352129176","2.549193338482967","19.219280948873624"
"E-140","trichloroethylene","InChI=1S/C2HCl3/c3-1-2(4)5/h1H","XSTXAVWGXDQKEL-UHFFFAOYSA-N","ClC=C(Cl)Cl","-1.96","0.06349617083370021","3","G5","131.389","2.5017000000000005","25.642","5.0","0.0","0.0","3.0","0.0","30.0","0.0","0.0","0.0","0.0","0.0","45.324388790686925","3.1431973062780685","42.854752972273346"
"E-148","pentachlorobutadiene","InChI=1S/C4HCl5/c5-2(4(8)9)1-3(6)7/h1H","WVFBDVFCOCLEFM-UHFFFAOYSA-N","ClC(=C(C=C(Cl)Cl)Cl)Cl","-4.23","0.0","1","G1","226.317","4.1909","44.37400000000001","9.0","0.0","0.0","5.0","1.0","52.0","0.0","0.0","0.0","0.0","0.0","77.97120244105922","4.249516250191478","148.34093004940027"
"E-176","3-chlorobiphenyl","InChI=1S/C12H9Cl/c13-12-8-4-7-11(9-12)10-5-2-1-3-6-10/h1-9H","NMWSKOLWZZWHPL-UHFFFAOYSA-N","c1ccccc1c2cc(Cl)ccc2","-4.88","0.08210000000000006","2","G3","188.65699999999998","4.007000000000002","56.88800000000003","13.0","0.0","0.0","1.0","1.0","64.0","2.0","0.0","0.0","2.0","0.0","82.79176355244267","2.4751856733635376","392.8790477621569"
"E-182","2,6-PCB","InChI=1S/C12H8Cl2/c13-10-7-4-8-11(14)12(10)9-5-2-1-3-6-9/h1-8H","IYZWUWBAFUBNCH-UHFFFAOYSA-N","c1ccccc1c2c(Cl)cccc2Cl","-5.21","0.12175000000000002","2","G3","223.102","4.660400000000002","61.898000000000025","14.0","0.0","0.0","2.0","1.0","70.0","2.0","0.0","0.0","2.0","0.0","93.09502977932434","2.625314488097028","415.0796467381504"
"E-183","2,4,5-PCB","InChI=1S/C12H7Cl3/c13-10-7-12(15)11(14)6-9(10)8-4-2-1-3-5-8/h1-7H","VGVIKVCCUATMNG-UHFFFAOYSA-N","c1ccccc1c2c(Cl)cc(Cl)c(Cl)c2","-6.27","0.10574359975378625","3","G5","257.54699999999997","5.313800000000001","66.90800000000002","15.0","0.0","0.0","3.0","1.0","76.0","2.0","0.0","0.0","2.0","0.0","103.398296006206","2.5902651876890967","477.72594705335234"
"E-203","2,2',4,4'5,5'-PCB","InChI=1S/C12H4Cl6/c13-7-3-11(17)9(15)1-5(7)6-2-10(16)12(18)4-8(6)14/h1-4H","MVWHGTYKUMDIHL-UHFFFAOYSA-N","c1c(Cl)c(Cl)cc(Cl)c1c2c(Cl)cc(Cl)c(Cl)c2","-8.56","0.020396949663014717","3","G5","360.88200000000006","7.274000000000001","81.938","18.0","0.0","0.0","6.0","1.0","94.0","2.0","0.0","0.0","2.0","0.0","134.308094686851","2.6915481076472427","564.9500798683472"
"E-208","2,2',4,4',6,6'-PCB","InChI=1S/C12H4Cl6/c13-5-1-7(12(18)10(17)4-5)11-8(15)2-6(14)3-9(11)16/h1-4H","CTVRBEKNQHJPLX-UHFFFAOYSA-N","Clc1c(Cl)cc(Cl)cc1c2c(Cl)cc(Cl)cc2Cl","-8.71","0.0","1","G1","360.88200000000006","7.274000000000001","81.938","18.0","0.0","0.0","6.0","1.0","94.0","2.0","0.0","0.0","2.0","0.0","134.30809468685104","2.7716541206999254","597.2000798683472"
"E-225","2-methylpropanol","InChI=1S/C4H10O/c1-4(2)3-5/h4-5H,3H2,1-2H3","ZXEKIIBDNHEJCQ-UHFFFAOYSA-N","OCC(C)C","0.04","0.04757286383410502","4","G5","74.123","0.6347","21.923799999999993","5.0","1.0","1.0","1.0","1.0","32.0","0.0","0.0","0.0","0.0","20.23","32.62831112321538","2.5395388613593908","17.609640474436812"
"E-238","2-methyl-1-pentanol","InChI=1S/C6H14O/c1-3-4-6(2)5-7/h6-7H,3-5H2,1-2H3","PFNHSEQQEPMLNI-UHFFFAOYSA-N","OCC(CCC)C","-1.11","0.06059999999999999","2","G3","102.177","1.4149","31.15779999999998","7.0","1.0","1.0","1.0","3.0","44.0","0.0","0.0","0.0","0.0","20.23","45.35819535200859","2.8318199660707846","35.161259458730164"
"E-239","2,2-dimethyl-1-butanol","InChI=1S/C6H14O/c1-4-6(2,3)5-7/h7H,4-5H2,1-3H3","XRMVWAKMXZNZIL-UHFFFAOYSA-N","CCC(C)(C)CO","-1.04","0.044300000000000006","2","G3","102.17699999999998","1.4149","31.15779999999998","7.0","1.0","1.0","1.0","2.0","44.0","0.0","0.0","0.0","0.0","20.23","45.35819535200859","3.3604351426960575","42.14170945007629"
"E-241","2-ethyl-1-butanol","InChI=1S/C6H14O/c1-3-6(4-2)5-7/h6-7H,3-5H2,1-2H3","TZYRSLHNPKPEFV-UHFFFAOYSA-N","OCC(CC)CC","-1.17","0.11865000000000003","2","G3","102.177","1.4149","31.15779999999998","7.0","1.0","1.0","1.0","3.0","44.0","0.0","0.0","0.0","0.0","20.23","45.35819535200859","2.9923028831940863","25.651484454403228"
"E-256","2,3-dimethyl-2-pentanol","InChI=1S/C7H16O/c1-5-6(2)7(3,4)8/h6,8H,5H2,1-4H3","YRSIFCHKXFKNME-UHFFFAOYSA-N","CC(O)(C)C(C)CC","-0.89","0.016045006145907897","3","G5","116.204","1.8034","35.75279999999999","8.0","1.0","1.0","1.0","2.0","50.0","0.0","0.0","0.0","0.0","20.23","51.723137466405205","3.623281003705976","61.27730243901708"
"E-258","3-ethyl-3-pentanol","InChI=1S/C7H16O/c1-4-7(8,5-2)6-3/h8H,4-6H2,1-3H3","XKIRHOWVQWCYBT-UHFFFAOYSA-N","OC(CC)(CC)CC","-0.85","0.005049999999999999","2","G3","116.204","1.9475","35.822799999999994","8.0","1.0","1.0","1.0","3.0","50.0","0.0","0.0","0.0","0.0","20.23","51.723137466405205","3.5832125652604643","47.142503065067984"
"E-290","propanal","InChI=1S/C3H6O/c1-2-3-4/h3H,2H2,1H3","NBBJYMSMWIIQGU-UHFFFAOYSA-N","CCC=O","0.58","0.0708474094","2","G3","58.08","0.5952999999999999","16.355","4.0","1.0","0.0","1.0","1.0","24.0","0.0","0.0","0.0","0.0","17.07","25.630657356666532","2.2968352619191386","17.24511249783653"
"E-291","pentanal","InChI=1S/C5H10O/c1-2-3-4-5-6/h5H,2-4H2,1H3","HGBOYTHUEUWSSQ-UHFFFAOYSA-N","CCCCC=O","-0.85","0.08673218802730874","3","G5","86.13399999999999","1.3755","25.588999999999988","6.0","1.0","0.0","1.0","3.0","36.0","0.0","0.0","0.0","0.0","17.07","38.36054158545974","2.4884037718761123","32.919684538544"
"E-292","hexanal","InChI=1S/C6H12O/c1-2-3-4-5-6-7/h6H,2-5H2,1H3","JARKCYVAAOWBJS-UHFFFAOYSA-N","O=CCCCCC","-1.3","0.02529999999999999","2","G3","100.161","1.7656","30.20599999999998","7.0","1.0","0.0","1.0","4.0","42.0","0.0","0.0","0.0","0.0","17.07","44.725483699856355","2.558780869327957","41.444678358882754"
"E-296","2-butenal","InChI=1S/C4H6O/c1-2-3-4-5/h2-4H,1H3","MLUCVPSAIODCQM-UHFFFAOYSA-N","O=CC=CC","0.32","0.0","1","G1","70.09100000000001","0.7614","20.877999999999993","5.0","1.0","0.0","1.0","1.0","28.0","0.0","0.0","0.0","0.0","17.07","31.305996438878882","2.924418198172918","45.60964047443681"
"E-299","2-butanone","InChI=1S/C4H8O/c1-3-4(2)5/h3H2,1-2H3","ZWEHNKRNPOVVGH-UHFFFAOYSA-N","O=C(CC)C","0.52","0.08787604573841724","3","G5","72.107","0.9854","20.971999999999994","5.0","1.0","0.0","1.0","1.0","30.0","0.0","0.0","0.0","0.0","17.07","31.99559947106314","2.8473789230876716","38.912609383243264"
"E-300","2-pentanone","InChI=1S/C5H10O/c1-3-4-5(2)6/h3-4H2,1-2H3","XNLICIUVMPYHGG-UHFFFAOYSA-N","O=C(CCC)C","-0.19","0.0928659100916212","3","G5","86.134","1.3755","25.588999999999988","6.0","1.0","0.0","1.0","2.0","36.0","0.0","0.0","0.0","0.0","17.07","38.36054158545974","2.8312571099313644","47.900134529890124"
"E-301","2-hexanone","InChI=1S/C6H12O/c1-3-4-5-6(2)7/h3-5H2,1-2H3","QQZOPKMRPOGIEB-UHFFFAOYSA-N","O=C(CCCC)C","-0.8","0.021150000000000002","2","G3","100.161","1.7656","30.20599999999998","7.0","1.0","0.0","1.0","3.0","42.0","0.0","0.0","0.0","0.0","17.07","44.725483699856355","2.8219389370591843","57.20035947603792"
"E-307","1-hexen-3-one","InChI=1S/C6H10O/c1-3-5-6(7)4-2/h4H,2-3,5H2,1H3","JTHNLKXLWOXOQK-UHFFFAOYSA-N","O=C(C=C)CCC","-0.83","0.0","1","G1","98.14500000000001","1.5415999999999999","30.111999999999988","7.0","1.0","0.0","1.0","3.0","40.0","0.0","0.0","0.0","0.0","17.07","44.0358806676721","3.172899533850818","74.24920506009684"
"E-322","caprylic_acid","InChI=1S/C8H16O2/c1-2-3-4-5-6-7-8(9)10/h2-7H2,1H3,(H,9,10)","WWZKQHOCKIZLMA-UHFFFAOYSA-N","O=C(O)CCCCCCC","-2.3","0.026500528925891338","3","G5","144.214","2.4315000000000007","41.01180000000001","10.0","1.0","1.0","2.0","6.0","60.0","0.0","0.0","0.0","0.0","37.3","62.249601680845586","2.838589121813916","89.25838096618138"
"E-325","sorbic_acid","InChI=1S/C6H8O2/c1-2-3-4-5-6(7)8/h2-5H,1H3,(H,7,8)","WSWCOQWTEOXDQX-UHFFFAOYSA-N","O=C(O)C=CC=CC","-1.77","0.0","1","G1","112.12799999999999","1.2033","31.589799999999986","8.0","1.0","1.0","2.0","2.0","44.0","0.0","0.0","0.0","0.0","37.3","48.14051138768385","3.5001125965545565","122.49022499567306"
"E-329","phenylacetic_acid","InChI=1S/C8H8O2/c9-8(10)6-7-4-2-1-3-5-7/h1-5H,6H2,(H,9,10)","WLJVXDMOQOGPHL-UHFFFAOYSA-N","O=C(O)Cc(cccc1)c1","-0.89","0.014226442677303568","3","G5","136.14999999999998","1.3137","37.78180000000001","10.0","1.0","1.0","2.0","2.0","52.0","1.0","0.0","0.0","1.0","37.3","59.11704320052995","2.6742416022951265","215.9590174505521"
"E-333","gibberellic_acid","InChI=1S/C19H22O6/c1-9-7-17-8-18(9,24)5-3-10(17)19-6-4-11(20)16(2,15(23)25-19)13(19)12(17)14(21)22/h4,6,10-13,20,24H,1,3,5,7-8H2,2H3,(H,21,22)","IXORZMNAPKEEDV-UHFFFAOYSA-N","O=C(OC(C1C(C2(CC(O)(C3=C)CC4)C3)C(=O)O)(C24)C=CC5O)C15C","-1.84","0.0","1","G1","346.37899999999996","1.0270999999999997","85.17340000000003","25.0","5.0","3.0","6.0","1.0","134.0","0.0","4.0","5.0","5.0","104.06","144.71913794113627","1.7841261782741376","771.8760069846132"
"E-347","propyl_formate","InChI=1S/C4H8O2/c1-2-3-6-4-5/h4H,2-3H2,1H3","KFNNIILCVOLYIR-UHFFFAOYSA-N","O=COCCC","-0.49","0.05630000000000002","2","G3","88.106","0.5694","22.30699999999999","6.0","2.0","0.0","2.0","3.0","36.0","0.0","0.0","0.0","0.0","26.3","37.10914470057002","2.488403771876112","34.529325012980806"
"E-349","propyl_acetate","InChI=1S/C5H10O2/c1-3-4-7-5(2)6/h3-4H2,1-2H3","YKYONYBAUNKHLG-UHFFFAOYSA-N","O=C(OCCC)C","-0.72","0.013663892753801183","3","G5","102.133","0.9595","26.923999999999985","7.0","2.0","0.0","2.0","2.0","42.0","0.0","0.0","0.0","0.0","26.3","43.47408681496663","2.8219389370591843","59.10049400592804"
"E-356","diethyl_malonate","InChI=1S/C7H12O4/c1-3-10-6(8)5-7(9)11-4-2/h3-5H2,1-2H3","IYXGSMUGOJNHAZ-UHFFFAOYSA-N","O=C(OCC)CC(=O)OCC","-0.82","0.009550000000000003","2","G3","160.16899999999998","0.5027","37.883","11.0","4.0","0.0","4.0","4.0","64.0","0.0","0.0","0.0","0.0","52.60000000000001","65.47903837331049","3.4899621428296506","125.3759999531186"
"E-367","methyl_acrylate","InChI=1S/C4H6O2/c1-3-4(5)6-2/h3H,1H2,2H3","BAPJBEWLBFYGME-UHFFFAOYSA-N","O=C(OC)C=C","-0.22","0.0358493914093206","3","G5","86.08999999999999","0.34540000000000004","22.21299999999999","6.0","2.0","0.0","2.0","1.0","34.0","0.0","0.0","0.0","0.0","26.3","36.41954166838576","3.234390866915873","65.94833690207419"
"E-368","ethyl_acrylate","InChI=1S/C5H8O2/c1-3-5(6)7-4-2/h3H,1,4H2,2H3","JIGUQPWFLRLWPJ-UHFFFAOYSA-N","O=C(OCC)C=C","-0.74","0.052044736149718114","3","G5","100.11699999999999","0.7355","26.829999999999988","7.0","2.0","0.0","2.0","2.0","40.0","0.0","0.0","0.0","0.0","26.3","42.784483782782374","3.172899533850818","76.14933958998697"
"E-369","methyl_methacrylate","InChI=1S/C5H8O2/c1-4(2)5(6)7-3/h1H2,2-3H3","VVQNEPGJFQJSBK-UHFFFAOYSA-N","O=C(OC)C(=C)C","-0.8","0.041336193275837665","3","G5","100.11699999999999","0.7355","26.829999999999988","7.0","2.0","0.0","2.0","1.0","40.0","0.0","0.0","0.0","0.0","26.3","42.78448378278237","3.577919926272439","94.25327665163483"
"E-373","diethyl_phthalate","InChI=1S/C12H14O4/c1-3-15-11(13)9-7-5-6-8-10(9)12(14)16-4-2/h5-8H,3-4H2,1-2H3","FLKPEMZONWLCSK-UHFFFAOYSA-N","O=C(OCC)c(c(ccc1)C(=O)OCC)c1","-2.35","0.03066062939785236","4","G5","222.23999999999995","2.04","58.35500000000003","16.0","4.0","0.0","4.0","4.0","86.0","1.0","0.0","0.0","1.0","52.60000000000001","94.17119046497791","2.9975148158911993","347.3600796599688"
"E-376","benzyl_butyl_phthalate","InChI=1S/C19H20O4/c1-2-3-13-22-18(20)16-11-7-8-12-17(16)19(21)23-14-15-9-5-4-6-10-15/h4-12H,2-3,13-14H2,1H3","IRIAEXORFWYRCZ-UHFFFAOYSA-N","O=C(OCc(cccc1)c1)c(c(ccc2)C(=O)OCCCC)c2","-5.64","0.3004439083885647","4","G5","312.36500000000007","4.000500000000003","87.19400000000005","23.0","4.0","0.0","4.0","7.0","120.0","2.0","0.0","0.0","2.0","52.60000000000001","135.59322678543856","2.0339510201933932","649.4290056264635"
"E-386","1,2-diethoxyethane","InChI=1S/C6H14O2/c1-3-7-5-6-8-4-2/h3-6H2,1-2H3","LZDKZFUFMNSQCJ-UHFFFAOYSA-N","CCOCCOCC","-0.77","0.31010000000000004","2","G3","118.176","1.0594000000000001","32.98599999999998","8.0","2.0","0.0","2.0","5.0","50.0","0.0","0.0","0.0","0.0","18.46","50.791052058826345","2.53006045688352","31.509775004326936"
"E-390","diphenyl_ether","InChI=1S/C12H10O/c1-3-7-11(8-4-1)13-12-9-5-2-6-10-12/h1-10H","USIUVYZYUHIAEV-UHFFFAOYSA-N","c1ccccc1Oc2ccccc2","-3.96","0.026678697027843333","3","G5","170.211","3.478900000000002","52.95800000000003","13.0","1.0","0.0","1.0","2.0","64.0","2.0","0.0","0.0","2.0","9.23","77.60204255506788","2.1614757505786617","315.89864866417315"
"E-392","ditolyl_ether","InChI=1S/C14H14O/c1-11-5-3-7-13(9-11)15-14-8-4-6-12(2)10-14/h3-10H,1-2H3","FDLFMPKQBNPIER-UHFFFAOYSA-N","Cc1cccc(c1)Oc2cccc(c2)C","-4.85","0.0","1","G1","198.26500000000001","4.095740000000002","62.43200000000004","15.0","1.0","0.0","1.0","2.0","76.0","2.0","0.0","0.0","2.0","9.23","90.33192678386109","2.217911261291296","416.90080908048924"
"E-394","tetrahydrofuran","InChI=1S/C4H8O/c1-2-4-5-3-1/h1-4H2","WYURNTSHIVDZCO-UHFFFAOYSA-N","O(CCC1)C1","0.56","0.2922571166322939","3","G5","72.107","0.7968000000000001","20.052999999999997","5.0","1.0","0.0","1.0","0.0","30.0","0.0","1.0","1.0","1.0","9.23","31.941791446997026","2.083333333333333","15.219280948873621"
"E-396","furan","InChI=1S/C4H4O/c1-2-4-5-3-1/h1-4H","YLQBMQCUIZJEEH-UHFFFAOYSA-N","O1C=CC=C1","-0.82","0.006493825000000009","2","G3","68.075","1.2796","18.707999999999995","5.0","1.0","0.0","1.0","0.0","26.0","1.0","0.0","0.0","1.0","13.14","30.2257323835738","3.1250000000000004","60.12481811269772"
"E-400","fructose","InChI=1S/C6H12O6/c7-2-6(11)5(10)4(9)3(8)1-12-6/h3-5,7-11H,1-2H2","LKDRXBCSQODPBY-UHFFFAOYSA-N","O1CC(O)C(O)C(O)C1(O)CO","0.64","0.325","2","G3","180.15599999999998","-3.2197999999999998","36.007999999999996","12.0","6.0","5.0","6.0","1.0","72.0","0.0","1.0","1.0","1.0","110.38000000000001","68.64284443677028","2.705837489211811","162.11730005192322"
"E-405","spironolactone","InChI=1S/C24H32O4S/c1-14(25)29-19-13-15-12-16(26)4-8-22(15,2)17-5-9-23(3)18(21(17)19)6-10-24(23)11-7-20(27)28-24/h12,17-19,21H,4-11,13H2,1-3H3","LXMSZDCAJNLERA-UHFFFAOYSA-N","O=C(OC(C(C(C(C(C(C(=CC(=O)C1)C2)(C1)C)C3)C2SC(=O)C)C4)(C3)C)(C4)C5)C5","-4.28","0.05500000000000016","2","G3","416.5830000000002","4.852300000000005","112.21000000000006","29.0","5.0","0.0","5.0","1.0","158.0","0.0","4.0","5.0","5.0","60.440000000000005","177.1353824141246","1.5572210087099814","817.6983003627336"
"E-411","17-a-hydroxyprogesterone","InChI=1S/C21H30O3/c1-13(22)21(24)11-8-18-16-5-4-14-12-15(23)6-9-19(14,2)17(16)7-10-20(18,21)3/h12,16-18,24H,4-11H2,1-3H3","DBPWSSGDRRHUNT-UHFFFAOYSA-N","CC(=O)C3(O)CCC4C2CCC1=CC(=O)CCC1(C)C2CCC34C","-4.71","0.42821048822071417","3","G5","330.4680000000001","3.8384000000000027","92.34080000000006","24.0","3.0","1.0","3.0","1.0","132.0","0.0","3.0","4.0","4.0","54.37","144.4424436217441","1.6975828976870395","634.995115124503"
"E-414","betamethasone","InChI=1S/C22H29FO5/c1-12-8-16-15-5-4-13-9-14(25)6-7-19(13,2)21(15,23)17(26)10-20(16,3)22(12,28)18(27)11-24/h6-7,9,12,15-17,24,26,28H,4-5,8,10-11H2,1-3H3","UREBDLICKHMUKA-UHFFFAOYSA-N","C1=CC(=O)C=C2CCC3C4CC(C)C(O)(C(=O)CO)C4(C)CC(O)C3(F)C12C","-3.77","0.105475115548645","6","G5","392.4670000000001","1.8957","99.94440000000003","28.0","5.0","3.0","6.0","2.0","154.0","0.0","3.0","4.0","4.0","94.83","163.8717856112747","1.83769187946728","804.7488254884712"
"E-419","p-hydroxybenzoic_acid","InChI=1S/C7H6O3/c8-6-3-1-5(2-4-6)7(9)10/h1-4,8H,(H,9,10)","FJKROLUGYXJWQN-UHFFFAOYSA-N","O=C(O)c(ccc(O)c1)c1","-1.41","0.0479504362998921","4","G5","138.12199999999999","1.0903999999999998","35.066100000000006","10.0","2.0","2.0","3.0","1.0","52.0","1.0","0.0","0.0","1.0","57.53","57.54633483832936","3.003400684579818","237.53306142431708"
"E-434","o-chlorobenzoic_acid","InChI=1S/C7H5ClO2/c8-6-4-2-1-3-5(6)7(9)10/h1-4H,(H,9,10)","IKCLCGXPQILATA-UHFFFAOYSA-N","O=C(O)c(c(ccc1)Cl)c1","-1.89","0.08400417979018798","3","G5","156.56799999999998","2.0382","38.41130000000001","10.0","1.0","1.0","3.0","1.0","52.0","1.0","0.0","0.0","1.0","37.3","63.055367313015026","3.1529414466808685","257.53794892648057"
"E-436","bis-(2-chloroethyl)_ether","InChI=1S/C4H8Cl2O/c5-1-3-7-4-2-6/h1-4H2","ZNSMNVMLTJELDZ-UHFFFAOYSA-N","ClCCOCCCl","-1.12","0.09235861373666011","4","G5","143.013","1.4806","32.258999999999986","7.0","1.0","0.0","3.0","4.0","44.0","0.0","0.0","0.0","0.0","9.23","53.5541550542896","2.447472887876344","28.870765403276856"
"E-441","heptylamine","InChI=1S/C7H17N/c1-2-3-4-5-6-7-8/h2-8H2,1H3","WJYIASZWHGOTOU-UHFFFAOYSA-N","CCCCCCCN","-1.85","0.0","1","G1","115.22000000000001","1.9155","37.81339999999999","8.0","1.0","1.0","1.0","5.0","50.0","0.0","0.0","0.0","0.0","26.02","52.26879441122191","2.53006045688352","29.368065554250645"
"E-452","benzylamine","InChI=1S/C7H9N/c8-6-7-4-2-1-3-5-7/h1-5H,6,8H2","WGQKYBSKWIADBV-UHFFFAOYSA-N","c1ccccc1CN","-1.53","1.25","2","G2","107.156","1.1453","34.33339999999999","8.0","1.0","1.0","1.0","1.0","42.0","1.0","0.0","0.0","1.0","26.02","49.13623593090629","2.8320858350070903","145.73281445033504"
"E-455","benzidine","InChI=1S/C12H12N2/c13-11-5-1-9(2-6-11)10-3-7-12(14)8-4-10/h1-8H,13-14H2","HFACYLZERDEVSX-UHFFFAOYSA-N","Nc(ccc(c(ccc(N)c1)c1)c2)c2","-2.7","0.02874999999999983","2","G3","184.242","2.5180000000000007","60.70280000000001","14.0","2.0","2.0","2.0","1.0","70.0","2.0","0.0","0.0","2.0","52.04","83.16827871958644","2.396509039726096","371.5796467381504"
"E-458","phenyl_hydrazine","InChI=1S/C6H8N2/c7-8-6-4-2-1-3-5-6/h1-5,8H,7H2","HKOOXMFOFWEVGF-UHFFFAOYSA-N","N(N)c(cccc1)c1","0.07","0.0","1","G1","108.14399999999996","0.9722000000000002","34.25210000000001","8.0","2.0","2.0","2.0","1.0","42.0","1.0","0.0","0.0","1.0","38.05","48.2912920203527","2.8320858350070908","147.87452390041133"
"E-459","pyridine","InChI=1S/C5H5N/c1-2-4-6-5-3-1/h1-5H","JUJWROOIHBZHMG-UHFFFAOYSA-N","c1ccccn1","0.76","0.17089999999999994","2","G3","79.102","1.0816","24.23699999999999","6.0","1.0","0.0","1.0","0.0","30.0","1.0","0.0","0.0","1.0","12.89","36.651051100443475","3.000000000000001","75.86113958768547"
"E-468","nicotine","InChI=1S/C10H14N2/c1-12-7-3-5-10(12)9-4-2-6-11-8-9/h2,4,6,8,10H,3,5,7H2,1H3","SNICXCGAKADSCV-UHFFFAOYSA-N","n(cccc1C(N(CC2)C)C2)c1","0.79","0.0","1","G1","162.236","1.8483","48.84200000000003","12.0","2.0","0.0","2.0","1.0","64.0","1.0","1.0","1.0","2.0","16.130000000000003","73.22976418910064","2.1945916577858466","245.27530899395384"
"E-486","cocaine","InChI=1S/C17H21NO4/c1-18-12-8-9-13(18)15(17(20)21-2)14(10-12)22-16(19)11-6-4-3-5-7-11/h3-7,12-15H,8-10H2,1-2H3","ZPUCINDJVBIVPJ-UHFFFAOYSA-N","COC(=O)C1C(CC2CCC1N2C)OC(=O)c3ccccc3","-2.23","0.07586537784494025","3","G5","303.358","1.8676999999999995","80.34150000000005","22.0","5.0","0.0","5.0","3.0","118.0","1.0","2.0","2.0","3.0","55.839999999999996","129.7440724001059","1.7896528798720672","559.0371822548029"
"E-494","Diethylstilbestrol","InChI=1S/C18H20O2/c1-3-17(13-5-9-15(19)10-6-13)18(4-2)14-7-11-16(20)12-8-14/h5-12,19-20H,3-4H2,1-2H3","RGLYKWWBQGJZGM-UHFFFAOYSA-N","Oc(ccc(C(=C(c(ccc(O)c1)c1)CC)CC)c2)c2","-4.35","0.13999999999999968","2","G3","268.356","4.828600000000003","83.60960000000004","20.0","2.0","2.0","2.0","4.0","104.0","2.0","0.0","0.0","2.0","40.46","119.57701448414844","2.5215177387949934","536.8202783238603"
"E-496","strychnine","InChI=1S/C21H22N2O2/c24-18-10-16-19-13-9-17-21(6-7-22(17)11-12(13)5-8-25-16)14-3-1-2-4-15(14)23(18)20(19)21/h1-5,13,16-17,19-20H,6-11H2","QMGVPVSNSZLJIA-UHFFFAOYSA-N","O=C(N(c(c(C1(C(N(C2)CC(C3C4C5OC6)=C6)C3)C2)ccc7)c7)C14)C5","-3.32","0.4407821331325588","3","G5","334.419","2.0925","93.40900000000005","25.0","3.0","0.0","4.0","0.0","128.0","1.0","4.0","6.0","7.0","32.78","146.97567955204383","1.5524232297011886","848.052733715765"
"E-521","phenallymal","InChI=1S/C13H12N2O3/c1-2-8-13(9-6-4-3-5-7-9)10(16)14-12(18)15-11(13)17/h2-7H,1,8H2,(H2,14,15,16,17,18)","WOIGZSBYKGQJGL-UHFFFAOYSA-N","c1ccccc1C2(CC=C)C(=O)NC(=O)NC2=O","-2.18","0.09696819066064921","4","G5","244.24999999999997","0.8664999999999998","64.61540000000002","18.0","3.0","2.0","5.0","3.0","92.0","1.0","1.0","1.0","2.0","75.27000000000001","103.87485440190714","2.560321214073008","502.2977111302937"
"E-530","ephedrine","InChI=1S/C10H15NO/c1-8(11-2)10(12)9-6-4-3-5-7-9/h3-8,10-12H,1-2H3","KWGRBVOPPLSCSI-UHFFFAOYSA-N","OC(c(cccc1)c1)C(NC)C","-0.42","0.04921607686744466","3","G5","165.23599999999996","1.3279","49.92350000000003","12.0","2.0","2.0","2.0","3.0","66.0","1.0","0.0","0.0","1.0","32.26","73.23526751288745","2.711040723233061","222.5400055614587"
"E-549","nifuroxime","InChI=1S/C5H4N2O4/c8-6-3-4-1-2-5(11-4)7(9)10/h1-3,8H","PTBKFATYSVLSSD-UHFFFAOYSA-N","o1c(N(=O)(=O))ccc1C=NO","-2.19","0.0","1","G1","156.09699999999998","0.9959","34.7429","11.0","5.0","1.0","6.0","2.0","58.0","1.0","0.0","0.0","1.0","88.86999999999999","60.88724495800431","2.899895489974919","290.4274538790235"
"E-562","uracil","InChI=1S/C4H4N2O2/c7-3-1-2-5-4(8)6-3/h1-2H,(H2,5,6,7,8)","ISAKRJDGNUQOIC-UHFFFAOYSA-N","C1=CC(=O)NC(=O)N1","-1.48","0.006650000000000045","2","G3","112.08799999999998","-0.9368000000000001","27.6834","8.0","2.0","2.0","4.0","0.0","42.0","1.0","0.0","0.0","1.0","65.72","44.193743281477516","3.502117038830443","246.36195376207496"
"E-569","pyrrolidine","InChI=1S/C4H9N/c1-2-4-5-3-1/h5H,1-4H2","RWRDLPDLKQPQOW-UHFFFAOYSA-N","N(CCC1)C1","1.15","0.0","1","G1","71.123","0.3697999999999999","22.103699999999993","5.0","1.0","1.0","1.0","0.0","30.0","0.0","1.0","1.0","1.0","12.03","32.37810840109819","2.083333333333333","15.219280948873621"
"E-573","N-methylpiperidine","InChI=1S/C6H13N/c1-7-5-3-2-4-6-7/h2-6H2,1H3","PAMIQIKDUOTOBW-UHFFFAOYSA-N","N(CCCC1)(C1)C","0.23","0.0","1","G1","99.177","1.1021","31.34799999999998","7.0","1.0","0.0","1.0","0.0","42.0","0.0","1.0","1.0","1.0","3.24","45.31796411648673","2.1229179499593664","46.14170945007629"
"E-579","4-aminophenol","InChI=1S/C6H7NO/c7-5-1-3-6(8)4-2-5/h1-4,8H,7H2","PLIKAWJENQZMHA-UHFFFAOYSA-N","Oc(ccc(N)c1)c1","-0.8","0.01689999999999997","2","G3","109.128","0.9743999999999999","32.519200000000005","8.0","2.0","2.0","2.0","0.0","42.0","1.0","0.0","0.0","1.0","46.25","47.56552756870569","3.0324555320336755","147.38833891467198"
"E-597","acetanilide","InChI=1S/C8H9NO/c1-7(10)9-8-5-3-2-4-6-8/h2-6H,1H3,(H,9,10)","FZERHIULMFGESH-UHFFFAOYSA-N","O=C(Nc(cccc1)c1)C","-1.33","0.041058251302265605","3","G5","135.16599999999997","1.645","40.74570000000002","10.0","1.0","1.0","2.0","1.0","52.0","1.0","0.0","0.0","1.0","29.1","59.872671631941984","2.6742416022951265","217.9590174505521"
"E-601","codeine","InChI=1S/C18H21NO3/c1-19-8-7-18-11-4-5-13(20)17(18)22-16-14(21-2)6-3-10(15(16)18)9-12(11)19/h3-6,11-13,17,20H,7-9H2,1-2H3","OROGSEYTTFOCAN-UHFFFAOYSA-N","COc1ccc2CC5C3C=CC(O)C4Oc1c2C34CCN5C","-1.52","0.43150898020782824","3","G5","299.37000000000006","1.5011","82.46380000000003","22.0","4.0","1.0","4.0","1.0","116.0","1.0","1.0","4.0","5.0","41.93","129.87893872736822","1.8223654238415254","685.154996148535"
"E-602","1-nitropropane","InChI=1S/C3H7NO2/c1-2-3-4(5)6/h2-3H2,1H3","JSZOAYXJRCEYSX-UHFFFAOYSA-N","CCCN(=O)=O","-0.8","0.013149999999999995","2","G3","89.09399999999998","0.6731","22.152399999999997","6.0","2.0","0.0","3.0","2.0","36.0","0.0","0.0","0.0","0.0","43.14","36.12211097912257","2.831257109931365","52.75488750216347"
"E-603","nitrobenzene","InChI=1S/C6H5NO2/c8-7(9)6-4-2-1-3-5-6/h1-5H","LQNUZADURLCDLV-UHFFFAOYSA-N","O=N(=O)c(cccc1)c1","-1.8","0.02175640963624817","4","G5","123.11099999999996","1.5948","33.0964","9.0","2.0","0.0","3.0","1.0","46.0","1.0","0.0","0.0","1.0","43.14","52.08437884199676","2.981454614041131","207.5576620543373"
"E-616","quanidinoacetic_acid","InChI=1S/C3H7N3O2/c4-3(5)6-1-2(7)8/h1H2,(H,7,8)(H4,4,5,6)","BPMFZUMJYQTVII-UHFFFAOYSA-N","NC(=N)NCC(=O)O","-1.51","0.0","1","G1","117.10799999999999","-1.4459299999999997","27.5526","8.0","2.0","4.0","5.0","2.0","46.0","0.0","0.0","0.0","0.0","99.2","45.999994988748085","3.1818458670936187","97.09616281328597"
"E-652","tricresyl_phosphate","InChI=1S/C21H21O7P/c1-13-7-8-17(23)12-20(13)27-29(25,26-19-10-9-16(22)11-15(19)3)28-21-14(2)5-4-6-18(21)24/h4-12,22-24H,1-3H3","JVHMUUUYNIPCPF-UHFFFAOYSA-N","O=P(Oc1ccc(O)cc1C)(Oc2cc(O)ccc2C)Oc3c(O)cccc3C","-6.7","0.0","1","G1","416.36600000000016","5.373560000000004","108.02190000000002","29.0","7.0","3.0","8.0","6.0","152.0","3.0","0.0","0.0","3.0","105.45000000000002","167.9133654943986","2.0415979154942363","1074.132874541774"
"E-655","prometryn","InChI=1S/C11H12NO4PS2/c1-15-17(18,16-2)19-7-12-10(13)8-5-3-4-6-9(8)11(12)14/h3-6H,7H2,1-2H3","LMNZTLDVJIUSHT-UHFFFAOYSA-N","COP(=S)(OC)SCN2C(=O)c1ccccc1C2=O","-4.1","0.007050000000000001","2","G3","317.32800000000003","2.4906000000000006","77.70300000000003","19.0","6.0","0.0","8.0","5.0","102.0","1.0","0.0","1.0","2.0","55.84","119.72520336082496","2.1502393965191056","534.5685423942925"
"E-660","DEF","InChI=1S/C12H27OPS3/c1-4-7-10-15-14(13,16-11-8-5-2)17-12-9-6-3/h4-12H2,1-3H3","ZOKXUAHZSKEQSS-UHFFFAOYSA-N","O=P(SCCCC)(SCCCC)SCCCC","-5.14","0.24714999999999998","2","G3","314.5220000000001","6.694400000000005","89.70450000000005","17.0","4.0","0.0","5.0","12.0","104.0","0.0","0.0","0.0","0.0","17.07","119.65829813173688","3.998982972846674","178.6432094953352"
"E-664","deoxycholic_acid","InChI=1S/C24H40O4/c1-14(4-9-22(27)28)18-7-8-19-17-6-5-15-12-16(25)10-11-23(15,2)20(17)13-21(26)24(18,19)3/h14-21,25-26H,4-13H2,1-3H3,(H,27,28)","KXGVEGMKQFWNSR-UHFFFAOYSA-N","O=C(O)CCC(C(C(C(C(C(C(C(C1)CC(O)C2)(C2)C)C3)C1)C4)(C3O)C)C4)C","-3.95","0.40342974054419384","3","G5","392.58000000000027","4.477900000000004","108.64740000000008","28.0","3.0","3.0","4.0","4.0","160.0","0.0","4.0","4.0","4.0","77.76","169.65381840146642","1.562527921263527","605.412568486979"
"E-669","2-aminothiazole","InChI=1S/C3H4N2S/c4-3-5-1-2-6-3/h1-2H,(H2,4,5)","RAIPHJJURHTUIC-UHFFFAOYSA-N","s1c(N)ncc1","-0.36","0.0","1","G1","100.14599999999999","0.7253","26.526400000000002","6.0","3.0","1.0","3.0","0.0","32.0","1.0","0.0","0.0","1.0","38.91","39.631305067867686","3.049648321313926","112.35361803232175"
"E-671","3-chloropropionitrile","InChI=1S/C3H4ClN/c4-2-1-3-5/h1-2H2","GNHMRTZZNHZDDM-UHFFFAOYSA-N","N#CCCCl","-0.29","0.0","1","G1","89.525","1.1388800000000001","20.949999999999996","5.0","1.0","0.0","2.0","1.0","28.0","0.0","0.0","0.0","0.0","23.79","36.16498116497315","2.483699570591265","45.344977967946406"
"E-672","3-pentenenitrile","InChI=1S/C5H7N/c1-2-3-4-5-6/h2-3H,4H2,1H3","UVKXJAUUKPDDNW-UHFFFAOYSA-N","N#CCC=CC","-0.96","0.0","1","G1","81.118","1.47618","25.04399999999999","6.0","1.0","0.0","1.0","1.0","32.0","0.0","0.0","0.0","0.0","23.79","37.90199613470044","2.9200993444059167","76.42945954287094"
"E-673","4-aminoacetanilide","InChI=1S/C8H10N2O/c1-6(11)10-8-4-2-7(9)3-5-8/h2-5H,9H2,1H3,(H,10,11)","CHMBIJAOCISYEW-UHFFFAOYSA-N","O=C(Nc(ccc(N)c1)c1)C","-0.98","0.0","1","G1","150.18099999999998","1.2272","45.15810000000001","11.0","2.0","2.0","3.0","1.0","58.0","1.0","0.0","0.0","1.0","55.120000000000005","65.21256232895469","2.736298072105655","253.2994975838911"
"E-674","4-bromoacetanilide","InChI=1S/C8H8BrNO/c1-6(11)10-8-4-2-7(9)3-5-8/h2-5H,1H3,(H,10,11)","MSLICLMCQYQNPK-UHFFFAOYSA-N","O=C(Nc(ccc(c1)Br)c1)C","-3.08","0.08499999999999996","2","G3","214.06199999999998","2.4075000000000006","48.445700000000016","11.0","1.0","1.0","3.0","1.0","58.0","1.0","0.0","0.0","1.0","29.1","73.74021923758335","2.736298072105655","255.2994975838911"
"E-675","4-fluoroacetanilide","InChI=1S/C8H8FNO/c1-6(11)10-8-4-2-7(9)3-5-8/h2-5H,1H3,(H,10,11)","JHEFOJNPLXSWNZ-UHFFFAOYSA-N","O=C(Nc(ccc(c1)F)c1)C","-1.78","0.08499999999999996","2","G3","153.15599999999998","1.7841","40.70370000000002","11.0","1.0","1.0","3.0","1.0","58.0","1.0","0.0","0.0","1.0","29.1","64.03820703486822","2.736298072105655","255.2994975838911"
"E-677","4-iodoacetanilide","InChI=1S/C8H8INO/c1-6(11)10-8-4-2-7(9)3-5-8/h2-5H,1H3,(H,10,11)","SIULLDWIXYYVCU-UHFFFAOYSA-N","O=C(Nc(ccc(c1)I)c1)C","-3.25","0.2350000000000001","2","G3","261.062","2.2496","53.46270000000002","11.0","1.0","1.0","3.0","1.0","58.0","1.0","0.0","0.0","1.0","29.1","79.13450975298562","2.736298072105655","255.2994975838911"
"E-678","4-methoxyacetanilide","InChI=1S/C9H11NO2/c1-7(11)10-8-3-5-9(12-2)6-4-8/h3-6H,1-2H3,(H,10,11)","XVAIDCNLVLTVFM-UHFFFAOYSA-N","O=C(Nc(ccc(c1)OC)c1)C","-1.3","0.12980000000000003","2","G3","165.19199999999998","1.6536","47.29770000000002","12.0","2.0","1.0","3.0","2.0","64.0","1.0","0.0","0.0","1.0","38.33","71.35115897584546","2.70914782437365","266.3619537620749"
"E-680","dibucaine","InChI=1S/C20H29N3O2/c1-4-7-14-25-19-15-17(16-10-8-9-11-18(16)22-19)20(24)21-12-13-23(5-2)6-3/h8-11,15H,4-7,12-14H2,1-3H3,(H,21,24)","PUFQVTATUTYEAL-UHFFFAOYSA-N","CCCCOc2cc(C(=O)NCCN(CC)CC)c1ccccc1n2","-3.7","0.47297797928538804","3","G5","343.471","3.4853000000000023","102.26720000000007","25.0","4.0","1.0","5.0","10.0","136.0","2.0","0.0","0.0","2.0","54.46","149.93184207390343","2.146937510494859","683.69564310788"
"E-681","doxepin","InChI=1S/C19H21NO/c1-20(2)13-7-11-17-16-9-4-3-8-15(16)14-21-19-12-6-5-10-18(17)19/h3-6,8-12H,7,13-14H2,1-2H3","ODQWQRRAPPTVAG-UHFFFAOYSA-N","CN(C)CCC=C2c1ccccc1COc3ccccc23","-3.4","0.0","1","G1","279.383","3.9624000000000033","87.46600000000005","21.0","2.0","0.0","2.0","3.0","108.0","2.0","0.0","1.0","3.0","12.47","126.22103684033402","2.0659497027232017","608.6208590133427"
"E-684","isonoruron","InChI=1S/C13H22N2O/c1-15(2)13(16)14-12-7-8-6-11(12)10-5-3-4-9(8)10/h8-12H,3-7H2,1-2H3,(H,14,16)","YGLMVCVJLXREAK-UHFFFAOYSA-N","O=C(NC1C2C3CCCC3C(C1)C2)N(C)C","-3.01","0.08045000000000013","2","G3","222.332","2.0823","63.05170000000004","16.0","1.0","1.0","3.0","1.0","90.0","0.0","3.0","3.0","3.0","32.34","97.57228089385633","1.6565950963214329","302.3077194006769"
"E-689","norethisterone_acetate","InChI=1S/C22H28O3/c1-4-22(25-14(2)23)12-10-20-19-7-5-15-13-16(24)6-8-17(15)18(19)9-11-21(20,22)3/h1,13,17-20H,5-12H2,2-3H3","IMONTRJLAWHYGT-UHFFFAOYSA-N","CC(=O)OC3(CCC4C2CCC1=CC(=O)CCC1C2CCC34C)C#C","-4.79","0.040000000000000036","2","G3","340.4630000000001","4.0633000000000035","95.42300000000006","25.0","3.0","0.0","3.0","1.0","134.0","0.0","3.0","4.0","4.0","43.370000000000005","150.12592260531085","1.6428371150526677","683.8761264525542"
"E-691","ioxynil","InChI=1S/C7H3I2NO/c8-5-1-4(3-10)2-6(9)7(5)11/h1-2,11H","NRXQIUSYPAHGNM-UHFFFAOYSA-N","Oc1c(I)cc(C#N)cc1I","-3.61","0.16950980961453394","3","G5","370.91499999999996","2.4730799999999995","58.255800000000015","11.0","2.0","1.0","4.0","0.0","56.0","1.0","0.0","0.0","1.0","44.019999999999996","91.50683490964556","3.348369660783096","306.6978379924635"
"E-697","tetracycline","InChI=1S/C22H24N2O8/c1-21(31)8-5-4-6-11(25)12(8)16(26)13-9(21)7-10-15(24(2)3)17(27)14(20(23)30)19(29)22(10,32)18(13)28/h4-6,9-10,15,25,27-28,31-32H,7H2,1-3H3,(H2,23,30)","OFVLGDICTFRJMM-UHFFFAOYSA-N","CN(C)C2C1CC4C(=C(O)C1(O)C(=O)C(=C2O)C(N)=O)C(=O)c3c(O)cccc3C4(C)O","-3.12","0.07999999999999985","2","G3","444.4400000000002","-0.2143999999999991","109.54090000000001","32.0","9.0","6.0","10.0","2.0","170.0","1.0","0.0","3.0","4.0","181.61999999999998","182.42923685321395","2.0479220271303857","1148.5849748086323"
"E-700","diphenamid","InChI=1S/C16H17NO/c1-17(2)16(18)15(13-9-5-3-6-10-13)14-11-7-4-8-12-14/h3-12,15H,1-2H3","QAHFOPIILNICLA-UHFFFAOYSA-N","CN(C)C(=O)C(c1ccccc1)c2ccccc2","-2.98","0.01472714802291636","3","G5","239.318","2.9067000000000016","73.42100000000005","18.0","1.0","0.0","2.0","3.0","92.0","2.0","0.0","0.0","2.0","20.310000000000002","107.8696215533946","2.4521109318132384","465.6348741173285"
"E-709","ethyl_cinnamate","InChI=1S/C11H12O2/c1-2-13-11(12)9-8-10-6-4-3-5-7-10/h3-9H,2H2,1H3","KBEBGUQPQBELIU-UHFFFAOYSA-N","O=C(OCC)C=Cc(cccc1)c1","-3.0","0.0","1","G1","176.215","2.2629","52.10900000000003","13.0","2.0","0.0","2.0","3.0","68.0","1.0","0.0","0.0","1.0","26.3","77.84157798884641","2.538214333042918","288.21840549259923"
"E-714","hexyl-4-aminobenzoate","InChI=1S/C13H19NO2/c1-2-3-4-5-10-16-13(15)11-6-8-12(14)9-7-11/h6-9H,2-5,10,14H2,1H3","UWIGKXXCHKVGHW-UHFFFAOYSA-N","CCCCCCOC(=O)c1ccc(N)cc1","-3.95","0.2799999999999998","2","G3","221.3","3.0059000000000005","65.27890000000004","16.0","3.0","1.0","3.0","6.0","88.0","1.0","0.0","0.0","1.0","52.32","96.60095594683659","2.2702939313664987","319.2094083146762"
"E-726","naepaine","InChI=1S/C14H22N2O2/c1-2-3-4-9-16-10-11-18-14(17)12-5-7-13(15)8-6-12/h5-8,16H,2-4,9-11,15H2,1H3","UYXHCVFXDBNRQW-UHFFFAOYSA-N","c1cc(N)ccc1C(=O)OCCNCCCCC","-3.27","0.0","1","G1","250.3419999999999","2.2054","73.53160000000004","18.0","4.0","2.0","4.0","8.0","100.0","1.0","0.0","0.0","1.0","64.35000000000001","108.51576024484123","2.117836776279736","349.31655354638923"
"E-727","nimetazepam","InChI=1S/C16H13N3O3/c1-18-14-8-7-12(19(21)22)9-13(14)16(17-10-15(18)20)11-5-3-2-4-6-11/h2-9H,10H2,1H3","GWUSZQUVEVMBPI-UHFFFAOYSA-N","c1c(N(=O)(=O))cc2C(c3ccccc3)=NCC(=O)N(C)c2c1","-3.8","0.0","1","G1","295.29800000000006","2.4086","83.45440000000004","22.0","4.0","0.0","6.0","2.0","110.0","2.0","0.0","1.0","3.0","75.80999999999999","126.41208860822528","2.2403337635867446","784.4779699067143"
"E-728","stadacaine","InChI=1S/C17H27NO3/c1-4-7-13-20-16-10-8-15(9-11-16)17(19)21-14-12-18(5-2)6-3/h8-11H,4-7,12-14H2,1-3H3","QNIUOGIMJWORNZ-UHFFFAOYSA-N","c1cc(OCCCC)ccc1C(=O)OCCN(CC)CC","-3.84","0.0","1","G1","293.40700000000004","3.3641000000000023","84.91550000000005","21.0","4.0","0.0","4.0","10.0","118.0","1.0","0.0","0.0","1.0","38.77","127.59421260712055","2.3672403940253233","399.0011768696202"
"E-729","tripelenamine","InChI=1S/C16H21N3/c1-18(2)12-13-19(16-10-6-7-11-17-16)14-15-8-4-3-5-9-15/h3-11H,12-14H2,1-2H3","UFLGIAIHIAPJJC-UHFFFAOYSA-N","n(c(N(Cc(cccc1)c1)CCN(C)C)ccc2)c2","-2.64","0.0","1","G1","255.36499999999998","2.649800000000001","80.28300000000006","19.0","3.0","0.0","3.0","6.0","100.0","2.0","0.0","0.0","2.0","19.370000000000005","115.05252321889729","2.10233907270632","467.86742338979695"
"E-731","megestrol_acetate","InChI=1S/C24H32O4/c1-14-12-18-19(22(4)9-6-17(27)13-21(14)22)7-10-23(5)20(18)8-11-24(23,15(2)25)28-16(3)26/h12-13,18-20H,6-11H2,1-5H3","RQZAXGRLVPAYTJ-UHFFFAOYSA-N","C1C(=O)C=C2C(C)=CC3C4CCC(C(=O)C)(OC(=O)C)C4(C)CCC3C2(C)C1","-5.35","0.03000000000000025","2","G3","384.5160000000002","4.575300000000004","106.41100000000006","28.0","4.0","0.0","4.0","2.0","152.0","0.0","2.0","4.0","4.0","60.440000000000005","167.32850051010428","1.790031530359441","820.4617842103511"
"E-733","4,5-dichloroquiaiacol","InChI=1S/C7H6Cl2O2/c1-11-7-3-5(9)4(8)2-6(7)10/h2-3,10H,1H3","HAAFFTHBNFBVKY-UHFFFAOYSA-N","c1c(Cl)c(Cl)cc(O)c1OC","-2.53","0.0","1","G1","193.029","2.7076000000000002","44.67880000000002","11.0","2.0","1.0","4.0","1.0","60.0","1.0","0.0","0.0","1.0","29.46","74.3106566693598","3.2058276203237264","273.3882381251609"
"E-737","Parabanic_Acid","InChI=1S/C3H2N2O3/c6-1-2(7)5-3(8)4-1/h(H2,4,5,6,7,8)","ZFLIKDUSUDBGCD-UHFFFAOYSA-N","O=C(NC(=O)C1=O)N1","-0.4","0.0","1","G1","114.05999999999999","-1.6476000000000002","21.681400000000004","8.0","3.0","2.0","5.0","0.0","42.0","0.0","1.0","1.0","1.0","75.27","44.04759477044092","2.7863278411449275","155.36734879116756"
"E-740","1-Acetylurea","InChI=1S/C3H6N2O2/c1-2(6)5-3(4)7/h1H3,(H3,4,5,6,7)","GKRZNOGGALENQJ-UHFFFAOYSA-N","O=C(NC(=O)C)N","-0.9","0.0","1","G1","102.093","-0.7988000000000002","23.400100000000002","7.0","2.0","2.0","4.0","0.0","40.0","0.0","0.0","0.0","0.0","72.19","40.68193233733105","3.318019590380522","87.10802962390817"
"E-742","Alloxan","InChI=1S/C4H2N2O4/c7-1-2(8)5-4(10)6-3(1)9/h(H2,5,6,8,9,10)","HIMXGTXNXJYFGB-UHFFFAOYSA-N","O=C(NC(=O)C(=O)C1=O)N1","-1.25","0.0","1","G1","142.07","-2.0785","26.6884","10.0","4.0","2.0","6.0","0.0","52.0","0.0","1.0","1.0","1.0","92.34","54.57405898488128","2.859596151921569","221.64214629221044"
"E-749","bis-(2.chloroethyl)-sulfone","InChI=1S/C3H6Cl2O2S/c4-1-2-8(6,7)3-5/h1-3H2","XEPMSXZCQZXKRP-UHFFFAOYSA-N","ClCCS(=O)(=O)CCl","-1.5","0.0","1","G1","177.052","0.8363","35.226800000000004","8.0","2.0","0.0","5.0","3.0","50.0","0.0","0.0","0.0","0.0","34.14","58.7010660921727","3.755111608192775","139.36241254975977"
"E-754","Orotic_Acid","InChI=1S/C5H4N2O4/c8-3-1-2(4(9)10)6-5(11)7-3/h1H,(H,9,10)(H2,6,7,8,11)","PXQPEWDEAKTCGB-UHFFFAOYSA-N","C1(=O)NC(=O)NC(C(=O)O)=C1","-1.93","0.0050000000000000044","2","G3","156.097","-1.2386000000000001","34.642700000000005","11.0","3.0","3.0","6.0","1.0","58.0","1.0","0.0","0.0","1.0","103.02","59.5144412481139","3.4206491066486358","359.7091580824157"
"E-760","5-Ethylhydantoin","InChI=1S/C5H8N2O2/c1-2-3-4(8)7-5(9)6-3/h3H,2H2,1H3,(H2,6,7,8,9)","RSBRXBZGVHQUJK-UHFFFAOYSA-N","CCC1NC(=O)NC1(=O)","-0.06","0.0","1","G1","128.131","-0.3956000000000001","30.753399999999992","9.0","2.0","2.0","4.0","1.0","50.0","0.0","1.0","1.0","1.0","58.2","52.615956899190365","2.5767695579280208","155.03698459046726"
"E-764","4,5,7-Trichloro-2,1,3-benzothiadiazole","InChI=1S/C6HCl3N2S/c7-2-1-3(8)5-6(4(2)9)11-12-10-5/h1H","SZYWFOPNFNROQB-UHFFFAOYSA-N","c1c(Cl)c(Cl)c2nsnc2c1Cl","-4.98","0.0","1","G1","239.514","3.6515000000000004","52.44500000000001","12.0","3.0","0.0","6.0","0.0","62.0","2.0","0.0","0.0","2.0","25.78","87.38470554207251","2.9683942176076923","439.530972839197"
"E-765","7-Chloropteridine","InChI=1S/C6H3ClN4/c7-5-2-9-6-4(11-5)1-8-3-10-6/h1-3H","YAVYBQFUSWPIQK-UHFFFAOYSA-N","c1c(Cl)nc2cncnc2n1","-0.87","0.12735000000000002","2","G3","166.571","1.0731999999999997","40.138000000000005","11.0","4.0","0.0","5.0","0.0","54.0","2.0","0.0","0.0","2.0","51.56","67.2949258018999","2.8289012156206965","388.99399634322515"
"E-768","7-Mercaptopteridine","InChI=1S/C6H4N4S/c11-5-2-8-6-4(10-5)1-7-3-9-6/h1-3H,(H,10,11)","LDLJGAYVPOULLZ-UHFFFAOYSA-N","c1c(S)nc2cncnc2n1","-2.71","0.0","1","G1","164.19299999999998","0.7084999999999999","42.38","11.0","5.0","1.0","5.0","0.0","54.0","2.0","0.0","0.0","2.0","51.56","68.14672623841994","2.8289012156206965","388.99399634322515"
"E-769","Urocanic_Acid","InChI=1S/C6H6N2O2/c9-6(10)2-1-5-3-7-4-8-5/h1-4H,(H,7,8)(H,9,10)","LOIYMIARKYCTBW-UHFFFAOYSA-N","O=C(O)C=CC(N=CN1)=C1","-1.96","0.0","1","G1","138.126","0.5075","35.2575","10.0","2.0","2.0","4.0","2.0","52.0","1.0","0.0","0.0","1.0","65.97999999999999","57.22119068470313","2.6373377790142882","238.26031184741805"
"E-773","Allicin","InChI=1S/C6H10OS2/c1-3-5-8-9(7)6-4-2/h3-4H,1-2,5-6H2","JDLKFOPOAOFWQN-UHFFFAOYSA-N","C=CCS(=O)SCC=C","-0.83","0.0","1","G1","162.27899999999997","1.7553","45.86140000000002","9.0","2.0","0.0","3.0","5.0","52.0","0.0","0.0","0.0","0.0","17.07","62.08208185073489","3.257569088361121","120.22626787690945"
"E-777","n-Amyl_Carbamate","InChI=1S/C6H13NO2/c1-2-3-4-5-9-6(7)8/h2-5H2,1H3,(H2,7,8)","MYDQAEQZZKVJSL-UHFFFAOYSA-N","NC(=O)OCCCCC","-1.47","0.0","1","G1","131.175","1.2719","35.0604","9.0","2.0","1.0","3.0","4.0","54.0","0.0","0.0","0.0","0.0","52.32000000000001","55.17891962637595","2.8288681349096856","83.12704561867443"
"E-778","tert-Amyl_Carbamate","InChI=1S/C6H13NO2/c1-6(2,3)4-9-5(7)8/h4H2,1-3H3,(H2,7,8)","AFQYFVWMIRMBAE-UHFFFAOYSA-N","NC(=O)OCC(C)(C)C","-0.8","0.0","1","G1","131.175","1.1278000000000001","34.9904","9.0","2.0","1.0","3.0","1.0","54.0","0.0","0.0","0.0","0.0","52.32000000000001","55.17891962637594","3.394970924416841","104.11571282193987"
"E-779","Sorbitol","InChI=1S/C6H14O6/c7-1-3(9)5(11)6(12)4(10)2-8/h3-12H,1-2H2","FBPFZTCFMRRESA-UHFFFAOYSA-N","OCC(O)C(O)C(O)C(O)CO","1.09","0.5345248608577529","4","G4","182.172","-3.5854000000000004","38.198800000000006","12.0","6.0","6.0","6.0","5.0","74.0","0.0","0.0","0.0","0.0","121.38000000000001","69.32936411298864","3.9851644508585786","104.6059378176129"
"E-786","7-Methylpteridine","InChI=1S/C7H6N4/c1-5-2-9-7-6(11-5)3-8-4-10-7/h2-4H,1H3","IQCHKMQERZPOIJ-UHFFFAOYSA-N","c1c(C)nc2cncnc2n1","0.06","0.0","1","G1","146.153","0.7282199999999999","39.865000000000016","11.0","4.0","0.0","4.0","0.0","54.0","2.0","0.0","0.0","2.0","51.56","63.35660168941483","2.8289012156206965","384.85228689314886"
"E-789","2-Methylthiopteridine","InChI=1S/C7H6N4S/c1-12-7-5-6(10-4-11-7)9-3-2-8-5/h2-4H,1H3","XKENOTHGZDIXRS-UHFFFAOYSA-N","c1cnc2c(SC)ncnc2n1","-1.76","0.3025000000000001","2","G3","178.22","1.1416999999999997","46.909000000000006","12.0","5.0","0.0","5.0","1.0","60.0","2.0","0.0","0.0","2.0","51.56","73.47971171478007","2.790967029739264","398.0334383297276"
"E-791","Salicylaldehyde","InChI=1S/C7H6O2/c8-5-6-3-1-2-4-7(6)9/h1-5,9H","SMQUZDBALVYZAC-UHFFFAOYSA-N","O=Cc(c(O)ccc1)c1","-0.86","0.26830069215","2","G3","122.12299999999995","1.2047","33.4943","9.0","2.0","1.0","2.0","1.0","46.0","1.0","0.0","0.0","1.0","37.3","52.75210108613335","3.147979130039752","217.91106510209755"
"E-793","Salicylamide","InChI=1S/C7H7NO2/c8-7(10)5-3-1-2-4-6(5)9/h1-4,9H,(H2,8,10)","SKZKKFZAGNVIMN-UHFFFAOYSA-N","O=C(N)c(c(O)ccc1)c1","-1.76","0.06086436089090622","5","G5","137.13799999999998","0.49110000000000004","36.62470000000002","10.0","2.0","2.0","3.0","1.0","52.0","1.0","0.0","0.0","1.0","63.32000000000001","58.09199178314606","3.1529414466808685","257.53794892648057"
"E-794","4-Phenylsemicarbazide","InChI=1S/C7H9N3O/c8-10-7(11)9-6-4-2-1-3-5-6/h1-5H,8H2,(H2,9,10,11)","MOCKWYUCPREFCZ-UHFFFAOYSA-N","c1ccccc1NC(=O)NN","-2.33","0.0","1","G1","151.16899999999998","0.6818","42.7838","11.0","2.0","3.0","4.0","1.0","58.0","1.0","0.0","0.0","1.0","67.15","64.36761841840112","2.5793022920073194","234.70081897264765"
"E-797","2-Methylcyclohexanone","InChI=1S/C7H12O/c1-6-4-2-3-5-7(6)8/h6H,2-5H2,1H3","LFSAPCRASZRSKS-UHFFFAOYSA-N","C1CCCC(C)C1=O","-0.94","0.0","1","G1","112.17199999999998","1.7656","32.63899999999998","8.0","1.0","0.0","1.0","0.0","46.0","0.0","1.0","1.0","1.0","17.07","50.084594660723724","2.392713577870926","96.55994821726517"
"E-798","n-Hexyl_Carbamate","InChI=1S/C7H15NO2/c1-2-3-4-5-6-10-7(8)9/h2-6H2,1H3,(H2,8,9)","ROASJEHPZNKHOF-UHFFFAOYSA-N","NC(=O)OCCCCCC","-1.92","0.0","1","G1","145.202","1.6620000000000001","39.67740000000001","10.0","2.0","1.0","3.0","5.0","60.0","0.0","0.0","0.0","0.0","52.32000000000001","61.54386174077256","2.838589121813916","93.60689651177816"
"E-806","Cyclohexanol_Acetate","InChI=1S/C8H14O2/c1-7(9)10-8-5-3-2-4-6-8/h8H,2-6H2,1H3","YYLLIJHXUHJATK-UHFFFAOYSA-N","C1CCCCC1OC(=O)C","-1.67","0.0","1","G1","142.19799999999998","1.8822","38.639","10.0","2.0","0.0","2.0","1.0","58.0","0.0","1.0","1.0","1.0","26.3","61.56308200462722","2.191916391200333","114.42599881712918"
"E-809","m-Aminoacetophenone","InChI=1S/C8H9NO/c1-6(10)7-3-2-4-8(9)5-7/h2-5H,9H2,1H3","CKQHAYFOPRIUOM-UHFFFAOYSA-N","c1ccc(N)cc1C(=O)C","-1.28","0.19157167790000001","2","G3","135.166","1.4714","40.85890000000001","10.0","2.0","1.0","2.0","1.0","52.0","1.0","0.0","0.0","1.0","43.09","59.66270014534666","3.0698992657592745","255.1894333808838"
"E-817","Chloralose","InChI=1S/C8H11Cl3O6/c9-8(10,11)7-16-5-3(14)4(2(13)1-12)15-6(5)17-7/h2-7,12-14H,1H2","OJYGBLRPYBAHRT-UHFFFAOYSA-N","O(C(OC(C1O)C(O)CO)C1O2)C2C(Cl)(Cl)Cl","-1.84","0.0","1","G1","309.529","-0.4628999999999994","57.796400000000034","17.0","6.0","3.0","9.0","2.0","100.0","0.0","2.0","2.0","2.0","88.38000000000001","111.915319147301","2.0121307465624216","284.92430642566427"
"E-819","2-Chloroallyl_Diethyldithiocarbamate","InChI=1S/C8H14ClNS2/c1-4-10(5-2)8(11)12-6-7(3)9/h3-6H2,1-2H3","XJCLWVXTCRQIDI-UHFFFAOYSA-N","CCN(CC)C(=S)SCC(Cl)=C","-3.39","0.020100000000000007","2","G3","223.79399999999998","3.0988000000000016","62.97000000000003","12.0","2.0","0.0","4.0","4.0","70.0","0.0","0.0","0.0","0.0","3.24","89.14923296607671","3.7662844846674624","166.44079551951012"
"E-820","2,4-Octadione","InChI=1S/C8H14O2/c1-3-4-5-8(10)6-7(2)9/h3-6H2,1-2H3","GJYXGIIWJFZCLN-UHFFFAOYSA-N","CCCCC(=O)CC(=O)C","-1.56","0.0","1","G1","142.19799999999998","1.7247999999999999","39.830000000000005","10.0","2.0","0.0","2.0","5.0","58.0","0.0","0.0","0.0","0.0","34.14","61.61689002869332","3.346959626471701","127.21928094887362"
"E-821","3-Propyl-2,4-pentadione","InChI=1S/C8H14O2/c1-4-5-8(6(2)9)7(3)10/h8H,4-5H2,1-3H3","AQGSZYZZVTYOMQ-UHFFFAOYSA-N","CC(=O)C(CCC)C(=O)C","-0.88","0.0","1","G1","142.198","1.5807","39.760000000000005","10.0","2.0","0.0","2.0","4.0","58.0","0.0","0.0","0.0","0.0","34.14","61.61689002869332","3.981406257698735","124.19301755138517"
"E-822","5,5-Dimethyl-2,4-hexadione","InChI=1S/C8H14O2/c1-6(9)5-7(10)8(2,3)4/h5H2,1-4H3","LCLCVVVHIPPHCG-UHFFFAOYSA-N","CC(C)(C)C(=O)CC(=O)C","-1.63","0.0","1","G1","142.19799999999998","1.5807","39.760000000000005","10.0","2.0","0.0","2.0","2.0","58.0","0.0","0.0","0.0","0.0","34.14","61.61689002869332","3.9907513544665614","151.13075145540296"
"E-829","n-Heptyl_Carbamate","InChI=1S/C8H17NO2/c1-2-3-4-5-6-7-11-8(9)10/h2-7H2,1H3,(H2,9,10)","AXMPFOXRWZXZFA-UHFFFAOYSA-N","NC(=O)OCCCCCCC","-2.62","0.0","1","G1","159.22899999999998","2.0521000000000003","44.294400000000024","11.0","2.0","1.0","3.0","6.0","66.0","0.0","0.0","0.0","0.0","52.32000000000001","67.90880385516917","2.849761282233442","104.26518047667868"
"E-831","Methazole","InChI=1S/C9H6Cl2N2O3/c1-12-8(14)13(16-9(12)15)5-2-3-6(10)7(11)4-5/h2-4H,1H3","LRUUNMYPIBZBQH-UHFFFAOYSA-N","CN2C(=O)ON(c1ccc(Cl)c(Cl)c1)C2=O","-2.82","1.2461557321975811","3","G4","261.064","1.4359999999999997","59.56600000000002","16.0","5.0","0.0","7.0","1.0","84.0","2.0","0.0","0.0","2.0","57.14","99.38794059873831","2.681256105615529","653.5042012265849"
"E-843","l-Camphoronic_Acid","InChI=1S/C9H14O6/c1-8(2,6(12)13)9(3,7(14)15)4-5(10)11/h4H2,1-3H3,(H,10,11)(H,12,13)(H,14,15)","MJCJFUJXVGIUOD-UHFFFAOYSA-N","OC(=O)CC(C)(C(=O)O)C(C)(C)C(=O)O","-0.29","0.0895","2","G3","218.20499999999998","0.6628","49.41240000000002","15.0","3.0","3.0","6.0","5.0","86.0","0.0","0.0","0.0","0.0","111.89999999999999","86.52605549972175","5.382759304174601","305.7244301608063"
"E-844","Ecgonine","InChI=1S/C9H15NO3/c1-10-5-2-3-6(10)8(9(12)13)7(11)4-5/h5-8,11H,2-4H2,1H3,(H,12,13)","PHMBVCPLDPDESM-UHFFFAOYSA-N","C1C(N2C)CC(O)C(C(=O)O)C2C1","-0.02","0.0","1","G1","185.22299999999996","-0.08539999999999975","46.32260000000002","13.0","3.0","2.0","4.0","1.0","74.0","0.0","2.0","2.0","2.0","60.769999999999996","77.15694891058311","2.2145938689633917","230.89970385530546"
"E-846","Thiofanox","InChI=1S/C9H18N2O2S/c1-9(2,3)7(6-14-5)11-13-8(12)10-4/h6H2,1-5H3,(H,10,12)","FZSVSABTBYGOQH-UHFFFAOYSA-N","O=C(ON=C(C(C)(C)C)CSC)NC","-1.62","0.0","1","G1","218.322","2.1075","60.812700000000035","14.0","4.0","1.0","5.0","3.0","82.0","0.0","0.0","0.0","0.0","50.69","89.45618846686443","4.411666570186102","221.34206892611422"
"E-847","n-Octyl_Carbamate","InChI=1S/C9H19NO2/c1-2-3-4-5-6-7-8-12-9(10)11/h2-8H2,1H3,(H2,10,11)","YPNZTHVEMNUDND-UHFFFAOYSA-N","CCCCCCCCOC(=O)N","-3.3","0.0","1","G1","173.256","2.4422","48.91140000000002","12.0","2.0","1.0","3.0","7.0","72.0","0.0","0.0","0.0","0.0","52.32","74.27374596956577","2.86138733944056","115.09616281328596"
"E-848","Chlordene","InChI=1S/C10H6Cl6/c11-6-7(12)9(14)5-3-1-2-4(5)8(6,13)10(9,15)16/h1-2,4-5H,3H2","XCJXQCUJXDUNDN-UHFFFAOYSA-N","ClC1=C(Cl)C(Cl)(C2(Cl)Cl)C3CC=CC3C12Cl","-5.64","0.125","2","G3","338.876","5.024200000000001","71.07400000000001","16.0","0.0","0.0","6.0","0.0","88.0","0.0","1.0","3.0","3.0","0.0","123.44662789373285","2.322732831937334","438.59020842548244"
"E-849","1-Hydroxychlordene","InChI=1S/C10H6Cl6O/c11-6-7(12)9(14)5-3(1-2-4(5)17)8(6,13)10(9,15)16/h1-5,17H","YQWCIPIEEBVRNY-UHFFFAOYSA-N","OC1C=CC2C1C3(Cl)C(=C(Cl)C2(Cl)C3(Cl)Cl)Cl","-5.46","0.0","1","G1","354.8749999999999","3.995","72.4638","17.0","1.0","1.0","7.0","0.0","94.0","0.0","1.0","3.0","3.0","20.23","128.24086164592885","2.317184279672631","471.4165812524358"
"E-855","Sulfapyrazine","InChI=1S/C10H10N4O2S/c11-8-1-3-9(4-2-8)17(15,16)14-10-7-12-5-6-13-10/h1-7H,11H2,(H,13,14)","YEAICDDXRUOCKJ-UHFFFAOYSA-N","c1cc(N)ccc1S(=O)(=O)Nc2cnccn2","-3.7","0.0","1","G1","250.283","0.8596000000000001","63.69490000000001","17.0","5.0","2.0","7.0","3.0","88.0","2.0","0.0","0.0","2.0","97.97","98.57832206048982","2.2855090743996462","595.9628413066204"
"E-859","Tranid","InChI=1S/C10H12ClN3O2/c1-13-10(15)16-14-9-7-3-5(8(9)11)2-6(7)4-12/h5-8H,2-3H2,1H3,(H,13,15)","QCQPGRMMDFIQMB-UHFFFAOYSA-N","CNC(=O)ON=C1C(C2)C(C#N)CC2C1Cl","-2.08","0.0","1","G1","241.678","1.48538","57.93370000000002","16.0","4.0","1.0","6.0","1.0","86.0","0.0","2.0","2.0","2.0","74.47999999999999","98.38220415718772","2.1003699858939844","376.75065664848245"
"E-863","Anethole","InChI=1S/C10H12O/c1-3-4-9-5-7-10(11-2)8-6-9/h3-8H,1-2H3","RUVINXPYWBROJD-UHFFFAOYSA-N","O(c(ccc(c1)C=CC)c1)C","-3.13","0.0","1","G1","148.20499999999998","2.728300000000001","47.70200000000003","11.0","1.0","0.0","1.0","2.0","58.0","1.0","0.0","0.0","1.0","9.23","67.31511377440602","2.8240417350315044","233.55461928814682"
"E-866","Dyphylline","InChI=1S/C10H14N4O4/c1-12-8-7(9(17)13(2)10(12)18)14(5-11-8)3-6(16)4-15/h5-6,15-16H,3-4H2,1-2H3","KSCFJBIXMNOVSH-UHFFFAOYSA-N","O=C(N(C(=O)C(N(C=N1)CC(O)CO)=C12)C)N2C","-0.17","0.1436","2","G3","254.24599999999998","-2.213099999999999","63.30760000000002","18.0","8.0","2.0","8.0","3.0","98.0","2.0","0.0","0.0","2.0","102.28","101.34730875133458","2.7364643675188978","696.1911960747241"
"E-870","Citral","InChI=1S/C10H16O/c1-9(2)5-4-6-10(3)7-8-11/h5,7-8H,4,6H2,1-3H3","WTEVQBCEXWBHNA-UHFFFAOYSA-N","O=CC=C(CCC=C(C)C)C","-2.06","0.0","1","G1","152.237","2.878000000000001","48.48600000000003","11.0","1.0","0.0","1.0","4.0","62.0","0.0","0.0","0.0","0.0","17.07","68.80604609307427","3.625759660368785","171.3117986128446"
"E-871","l-Dihydrocarvone","InChI=1S/C10H16O/c1-7(2)9-5-4-8(3)10(11)6-9/h8-9H,1,4-6H2,2-3H3","AZOCECCLWFDTAP-UHFFFAOYSA-N","O=C1C(C)CCC(C(C)=C)C1","-2.18","0.0","1","G1","152.23699999999997","2.567800000000001","46.32600000000002","11.0","1.0","0.0","1.0","1.0","62.0","0.0","1.0","1.0","1.0","17.07","68.4898179717293","2.527424900472302","181.3117986128446"
"E-872","d-Camphoric_Acid","InChI=1S/C10H16O4/c1-9(2)6(7(11)12)4-5-10(9,3)8(13)14/h6H,4-5H2,1-3H3,(H,11,12)(H,13,14)","LSPHULWDVZXLIL-UHFFFAOYSA-N","O=C(O)C(C(C(C(=O)O)C1)(C)C)(C1)C","-1.42","0.17505000000000004","2","G3","200.23399999999995","1.5980999999999996","49.88360000000003","14.0","2.0","2.0","4.0","2.0","80.0","0.0","1.0","1.0","1.0","74.6","82.92941060834934","3.0816750060746867","281.846585677332"
"E-878","Vasicinone","InChI=1S/C11H12N2O2/c14-9-5-6-13-10(9)12-8-4-2-1-3-7(8)11(13)15/h1-4,9,11,14-15H,5-6H2","AKRGPMZFCFDFQW-UHFFFAOYSA-N","c1ccc2C(O)N3CCC(O)C3=Nc2c1","-2.07","0.0","1","G1","204.229","0.7876999999999998","55.82660000000002","15.0","4.0","2.0","4.0","0.0","78.0","1.0","1.0","2.0","3.0","56.06","87.48807504487706","2.1432924005662612","430.3510275485296"
"E-880","Sulfapyridine","InChI=1S/C11H11N3O2S/c12-9-4-6-10(7-5-9)17(15,16)14-11-3-1-2-8-13-11/h1-8H,12H2,(H,13,14)","GECHUMIMRBOMGK-UHFFFAOYSA-N","O=S(=O)(Nc(nccc1)c1)c(ccc(N)c2)c2","-2.7","0.6942778758457516","3","G4","249.29500000000002","1.4646","65.89990000000002","17.0","4.0","2.0","6.0","3.0","88.0","2.0","0.0","0.0","2.0","85.08","99.35867407954336","2.2855090743996462","594.3734869483202"
"E-885","Sulfisoxazole","InChI=1S/C11H13N3O3S/c1-7-8(2)13-17-11(7)14-18(15,16)10-5-3-9(12)4-6-10/h3-6,14H,12H2,1-2H3","NHUHCSRWZMLRLA-UHFFFAOYSA-N","O=S(=O)(Nc(onc1C)c1C)c(ccc(N)c2)c2","-2.91","0.6023841520713065","3","G4","267.31","1.6744399999999997","67.63990000000003","18.0","5.0","2.0","7.0","3.0","96.0","2.0","0.0","0.0","2.0","98.22","104.83424387818273","2.327592361324992","659.3419266315426"
"E-886","Cytisine","InChI=1S/C11H14N2O/c14-11-3-1-2-10-9-4-8(5-12-6-9)7-13(10)11/h1-3,8-9,12H,4-7H2","ANJTVLIZGCUXLD-UHFFFAOYSA-N","C1=CC(=O)N2CC(C3)CNCC3C2=C1","0.36","0.0","1","G1","190.24599999999998","0.5549999999999997","54.41970000000003","14.0","3.0","1.0","3.0","0.0","74.0","1.0","1.0","2.0","3.0","34.03","82.75039725001179","2.1469341613539945","409.99371289415467"
"E-888","Formetanate","InChI=1S/C11H15N3O2/c1-12-11(15)16-10-6-4-5-9(7-10)13-8-14(2)3/h4-8H,1-3H3,(H,12,15)","RMFNNCGOSPBBAD-UHFFFAOYSA-N","CNC(=O)Oc1cccc(N=CN(C)C)c1","-2.34","0.3949999999999999","2","G3","221.26","1.6262","63.364700000000035","16.0","3.0","1.0","5.0","3.0","86.0","1.0","0.0","0.0","1.0","53.93","94.73619936070219","2.745753924524217","388.5709943614489"
"E-892","Fensulfothion","InChI=1S/C11H17O4PS2/c1-4-13-16(17,14-5-2)15-10-6-8-11(9-7-10)18(3)12/h6-9H,4-5H2,1-3H3","XDNBJTQLKCIJBV-UHFFFAOYSA-N","CCOP(=S)(OCC)Oc1ccc(cc1)S(C)=O","-2.3","0.05599999999999983","2","G3","308.36100000000005","3.1003000000000016","76.93940000000003","18.0","5.0","0.0","7.0","7.0","102.0","1.0","0.0","0.0","1.0","44.760000000000005","115.35093168678955","2.809298823967879","436.8613640932748"
"E-907","Carbetamide","InChI=1S/C12H16N2O3/c1-3-13-11(15)9(2)17-12(16)14-10-7-5-4-6-8-10/h4-9H,3H2,1-2H3,(H,13,15)(H,14,16)","AMRQXHFXNZFDCH-UHFFFAOYSA-N","CCNC(=O)C(C)OC(=O)Nc1ccccc1","-1.83","0.0","1","G1","236.27100000000002","1.7596999999999998","64.69140000000003","17.0","3.0","2.0","5.0","4.0","92.0","1.0","0.0","0.0","1.0","67.42999999999999","100.15736960268714","2.419926733388694","378.5969479612245"
"E-918","Acetyl_Sulfisoxazole","InChI=1S/C13H15N3O4S/c1-8-9(2)15-20-13(8)16(10(3)17)21(18,19)12-6-4-11(14)5-7-12/h4-7H,14H2,1-3H3","JFNWFXVFBDDWCX-UHFFFAOYSA-N","c1cc(N)ccc1S(=O)(=O)N(C(=O)C)c2onc(C)c2C","-3.59","0.0","1","G1","309.34700000000004","1.61544","77.17720000000003","21.0","6.0","1.0","8.0","3.0","112.0","2.0","0.0","0.0","2.0","106.5","121.93562169361502","2.59573559639163","778.2477490728091"
"E-919","Medinoterb_Acetate","InChI=1S/C13H16N2O6/c1-7-10(14(17)18)6-9(13(3,4)5)12(21-8(2)16)11(7)15(19)20/h6H,1-5H3","LWULXYSYLOIDQY-UHFFFAOYSA-N","CC(=O)Oc1c(N(=O)(=O))c(C)c(N(=O)(=O))cc1C(C)(C)C","-4.47","0.0","1","G1","296.27900000000005","3.0342200000000012","74.49680000000002","21.0","6.0","0.0","8.0","3.0","114.0","1.0","0.0","0.0","1.0","112.58000000000001","120.56701669482345","3.878099778667233","630.5291477180688"
"E-923","Methyl_Laurate","InChI=1S/C13H26O2/c1-3-4-5-6-7-8-9-10-11-12-13(14)15-2/h3-12H2,1-2H3","UQDUPQYQJKYHQI-UHFFFAOYSA-N","O=C(OC)CCCCCCCCCCC","-4.69","0.1243421450000004","2","G3","214.34899999999993","4.080300000000004","63.860000000000056","15.0","2.0","0.0","2.0","10.0","90.0","0.0","0.0","0.0","0.0","26.3","94.39362373013951","2.954539891476961","143.47137920080513"
"E-927","2-Phenyl-3,1-benzoxazin-4-one","InChI=1S/C14H9NO2/c16-13-11-8-4-5-9-12(11)17-14(15-13)10-6-2-1-3-7-10/h1-9H","GWDYJKXSUSPLEA-UHFFFAOYSA-N","c1ccc2C(=O)N=C(c3ccccc3)Oc2c1","-4.61","0.0","1","G1","223.23100000000002","2.8550000000000013","65.71500000000002","17.0","3.0","0.0","3.0","1.0","82.0","3.0","0.0","0.0","3.0","43.1","97.35614876229553","2.299992357076278","716.8737734683815"
"E-931","Gentisin","InChI=1S/C14H10O5/c1-18-8-5-10(16)13-12(6-8)19-11-3-2-7(15)4-9(11)14(13)17/h2-6,15-16H,1H3","XOXYHGOIRWABTC-UHFFFAOYSA-N","Oc1ccc2Oc3cc(OC)cc(O)c3C(=O)c2c1","-2.93","0.0","1","G1","258.229","2.3660000000000005","69.87160000000002","19.0","5.0","2.0","5.0","1.0","96.0","3.0","0.0","0.0","3.0","79.9","106.82802595531571","2.535625283895241","847.6893313378117"
"E-934","2-(4-Aminophenyl)-6-methyl-benzothiazole","InChI=1S/C14H12N2S/c1-9-2-7-12-13(8-9)17-14(16-12)10-3-5-11(15)6-4-10/h2-8H,15H2,1H3","XRTJYEIMLZALBD-UHFFFAOYSA-N","N(c(c(S1)cc(c2)C)c2)=C1c(ccc(N)c3)c3","-3.68","0.0","1","G1","240.331","3.8539200000000022","74.20540000000001","17.0","3.0","1.0","3.0","1.0","84.0","3.0","0.0","0.0","3.0","38.91","103.73500592006354","2.142938436784814","668.2549997559121"
"E-937","DL-1,2-Diphenylethanol","InChI=1S/C14H14O/c15-14(13-9-5-2-6-10-13)11-12-7-3-1-4-8-12/h1-10,14-15H,11H2","GBGXVCNOKWAMIP-UHFFFAOYSA-N","OC(c(cccc1)c1)Cc(cccc2)c2","-2.52","0.0","1","G1","198.26500000000001","2.9627000000000008","61.54780000000004","15.0","1.0","1.0","1.0","3.0","76.0","2.0","0.0","0.0","2.0","20.23","90.01261530655025","2.0784516078094573","394.1985815306015"
"E-942","Anisomycin","InChI=1S/C14H19NO4/c1-9(16)19-14-12(15-8-13(14)17)7-10-3-5-11(18-2)6-4-10/h3-6,12-15,17H,7-8H2,1-2H3","YKJYKKNCCRKFSL-UHFFFAOYSA-N","COc2ccc(CC1NCC(O)C1OC(C)=O)cc2","-1.61","0.0","1","G1","265.30899999999997","0.5020999999999994","70.04950000000004","19.0","5.0","2.0","5.0","4.0","104.0","1.0","1.0","1.0","2.0","67.78999999999999","112.07781737600222","2.0154233929330507","431.57703411778425"
"E-948","Liothyronine","InChI=1S/C15H12I3NO4/c16-9-6-8(1-2-13(9)20)23-14-10(17)3-7(4-11(14)18)5-12(19)15(21)22/h1-4,6,12,20H,5,19H2,(H,21,22)","AUYYCJSJGJYCDS-UHFFFAOYSA-N","NC(Cc2cc(I)c(Oc1ccc(O)c(I)c1)c(I)c2)C(O)=O","-5.22","0.0","1","G1","650.9760000000001","3.952700000000001","112.08900000000001","23.0","4.0","3.0","8.0","5.0","122.0","2.0","0.0","0.0","2.0","92.78","173.5722635628371","2.259938325868832","728.4921149657532"
"E-955","Santonin","InChI=1S/C15H18O3/c1-8-10-4-6-15(3)7-5-11(16)9(2)12(15)13(10)18-14(8)17/h5,7-8,10,13H,4,6H2,1-3H3","XJHDMGJURBVLLE-UHFFFAOYSA-N","O=C(OC(C(C(C=CC1=O)(CC2)C)=C1C)C23)C3C","-3.09","0.0","1","G1","246.30599999999995","2.419600000000001","66.72200000000004","18.0","3.0","0.0","3.0","0.0","96.0","0.0","2.0","3.0","3.0","43.370000000000005","106.88833053402026","2.0989565315857823","499.8681035469155"
"E-956","Acetohexamide","InChI=1S/C15H20N2O4S/c1-11(18)12-7-9-14(10-8-12)22(20,21)17-15(19)16-13-5-3-2-4-6-13/h7-10,13H,2-6H2,1H3,(H2,16,17,19)","VGZSUPCWNCWDAN-UHFFFAOYSA-N","O=C(NC(CCCC1)C1)NS(=O)(=O)c(ccc(c2)C(=O)C)c2","-2.06","0.0","1","G1","324.4020000000001","2.2098000000000004","82.17270000000003","22.0","4.0","2.0","7.0","4.0","120.0","1.0","1.0","1.0","2.0","92.34","129.89359545525593","1.9983584904180298","646.6249497468593"
"E-961","Sparteine","InChI=1S/C15H26N2/c1-3-7-16-11-13-9-12(14(16)5-1)10-17-8-4-2-6-15(13)17/h12-15H,1-11H2","SLRCCWJSBJZJBV-UHFFFAOYSA-N","C1CCN2CC(C3)C4CCCCN4CC3C2C1","-1.89","0.0","1","G1","234.38699999999994","2.3451000000000004","70.02100000000006","17.0","2.0","0.0","2.0","0.0","96.0","0.0","4.0","4.0","4.0","6.48","105.34478335567191","1.5611579447848867","262.6464070845272"
"E-969","Triflupromazine","InChI=1S/C18H19F3N2S/c1-22(2)10-5-11-23-14-6-3-4-7-16(14)24-17-9-8-13(12-15(17)23)18(19,20)21/h3-4,6-9,12H,5,10-11H2,1-2H3","XSCGXQMFQXDFCW-UHFFFAOYSA-N","CN(C)CCCN2c1ccccc1Sc3ccc(C(F)(F)F)cc23","-5.3","0.0","1","G1","352.42500000000007","5.259800000000004","92.18600000000005","24.0","3.0","0.0","6.0","4.0","128.0","2.0","0.0","1.0","3.0","6.48","143.8117024329621","1.9908169115994196","728.4440792646118"
"E-970","Piperine","InChI=1S/C17H19NO3/c19-17(18-10-4-1-5-11-18)7-3-2-6-14-8-9-15-16(12-14)21-13-20-15/h2-3,6-9,12H,1,4-5,10-11,13H2","MXXWOMGUGJBKIW-UHFFFAOYSA-N","O=C(N(CCCC1)C1)C=CC=Cc(ccc(OCO2)c23)c3","-3.46","0.0","1","G1","285.343","2.997200000000002","81.17000000000004","21.0","3.0","0.0","4.0","3.0","110.0","1.0","1.0","2.0","3.0","38.77","124.20334423569359","1.5596547149797813","571.3979945235308"
"E-980","Cyhexatin","InChI=1S/3C6H11.H2O.Sn/c3*1-2-4-6-5-3-1;;/h3*1H,2-6H2;1H2;","UGCNRZFAUBJVPT-UHFFFAOYSA-N","C1CCC(CC1)[Sn](C2CCCCC2)C3CCCCC3.O","-5.59","0.0","1","G1","386.18800000000033","5.659400000000007","89.87280000000005","20.0","0.0","0.0","2.0","3.0","117.0","0.0","3.0","3.0","3.0","31.5","132.8877042027419","1.4699989972507107e-06","207.3498494691417"
"E-984","Cinchonidine","InChI=1S/C19H22N2O/c1-2-13-12-21-10-8-14(13)11-18(21)19(22)16-7-9-20-17-6-4-3-5-15(16)17/h2-7,9,13-14,18-19,22H,1,8,10-12H2","KMPWYEUPVWOPIM-UHFFFAOYSA-N","OC(c(c(c(nc1)ccc2)c2)c1)C(N(CCC3C4C=C)C4)C3","-3.07","0.36468460054783264","3","G5","294.39800000000014","3.164600000000002","88.47480000000004","22.0","3.0","1.0","3.0","3.0","114.0","2.0","3.0","3.0","5.0","36.36000000000001","130.83493885930145","1.6692310274474262","693.399591111803"
"E-985","Mepazine","InChI=1S/C19H22N2S/c1-20-12-6-7-15(13-20)14-21-16-8-2-4-10-18(16)22-19-11-5-3-9-17(19)21/h2-5,8-11,15H,6-7,12-14H2,1H3","CBHCDHNUZWWAPP-UHFFFAOYSA-N","c1ccc2Sc3ccccc3N(CC4CN(C)CCC4)c2c1","-4.74","0.0","1","G1","310.46600000000007","4.6311000000000035","94.23400000000005","22.0","3.0","0.0","3.0","2.0","114.0","2.0","1.0","2.0","4.0","6.48","136.67420718505076","1.681833200918153","624.4896887450094"
"E-990","Androstane-17-one","InChI=1S/C19H30O/c1-18-11-4-3-5-13(18)6-7-14-15-8-9-17(20)19(15,2)12-10-16(14)18/h13-16H,3-12H2,1-2H3","YJDYCULVYZDESB-UHFFFAOYSA-N","O=C1C2(C(C3CCC4C(C3CC2)(C)CCCC4)CC1)C","-6.7","0.0","1","G1","274.448","4.988300000000005","81.35100000000006","20.0","1.0","0.0","1.0","0.0","112.0","0.0","4.0","4.0","4.0","17.07","123.44640657289534","1.6603653220215888","427.4821867333083"
"E-991","Androsterone","InChI=1S/C19H30O2/c1-18-9-7-13(20)11-12(18)3-4-14-15-5-6-17(21)19(15,2)10-8-16(14)18/h12-16,20H,3-11H2,1-2H3","QGXBDMJGAMFCBF-UHFFFAOYSA-N","C1C(O)CC2CCC3C4CCC(=O)C4(C)CCC3C2(C)C1","-4.4","0.1200000000000001","2","G3","290.447","3.959100000000003","82.74080000000006","21.0","2.0","1.0","2.0","0.0","118.0","0.0","4.0","4.0","4.0","37.3","128.24064032509136","1.6375393766570925","458.48270663634156"
"E-993","Methoprene","InChI=1S/C19H34O3/c1-15(2)22-18(20)14-17(4)11-8-10-16(3)12-9-13-19(5,6)21-7/h8,11,14-16H,9-10,12-13H2,1-7H3","NFGXHKASABOEEW-UHFFFAOYSA-N","COC(C)(C)CCCC(C)CC=CC(C)=CC(=O)OC(C)C","-5.19","0.0","1","G1","310.47800000000007","5.062000000000006","92.84500000000007","22.0","3.0","0.0","3.0","10.0","128.0","0.0","0.0","0.0","0.0","35.53","136.31761558165755","4.052073192620189","378.1415344089713"
"E-997","Ajmaline","InChI=1S/C20H26N2O2/c1-3-10-11-8-14-17-20(12-6-4-5-7-13(12)21(17)2)9-15(16(11)18(20)23)22(14)19(10)24/h4-7,10-11,14-19,23-24H,3,8-9H2,1-2H3","CJDRUOGAGYHKKD-UHFFFAOYSA-N","c1ccc2N(C)C3C4CC5C(CC)C(O)N4C(C56)CC3(C6O)c2c1","-2.82","0.0","1","G1","326.4400000000001","1.5545","91.73460000000004","24.0","4.0","2.0","4.0","1.0","128.0","1.0","5.0","6.0","7.0","46.94","142.61957179820206","1.5957233182051414","723.3453291572417"
"E-998","Cinmetacin","InChI=1S/C21H19NO4/c1-14-17(13-21(24)25)18-12-16(26-2)9-10-19(18)22(14)20(23)11-8-15-6-4-3-5-7-15/h3-12H,13H2,1-2H3,(H,24,25)","NKPPORKKCMYYTO-UHFFFAOYSA-N","c1c(OC)cc2c(CC(=O)O)c(C)n(C(=O)C=Cc3ccccc3)c2c1","-5.54","0.0","1","G1","349.386","3.939020000000003","100.66930000000002","26.0","4.0","1.0","5.0","5.0","132.0","3.0","0.0","0.0","3.0","68.53","150.68510871528824","2.0965375321775315","999.7730262931057"
"E-999","Permethrin","InChI=1S/C21H20Cl2O3/c1-21(2)17(12-18(22)23)19(21)20(24)25-13-14-7-6-10-16(11-14)26-15-8-4-3-5-9-15/h3-12,17,19H,13H2,1-2H3","RLLPVAHGXHCWKJ-UHFFFAOYSA-N","CC1(C)C(C=C(Cl)Cl)C1C(=O)OCc3cccc(Oc2ccccc2)c3","-6.29","0.7599999999999998","2","G2","391.2940000000001","6.113300000000004","103.30400000000002","26.0","3.0","0.0","5.0","6.0","136.0","2.0","1.0","1.0","3.0","35.53","163.07268718223784","1.5921835455133286","811.0157196010404"
"E-1000","Demeclocycline","InChI=1S/C21H21ClN2O8/c1-24(2)14-7-5-6-10(16(27)12-9(25)4-3-8(22)11(12)15(6)26)18(29)21(7,32)19(30)13(17(14)28)20(23)31/h3-4,6-7,14-15,25-26,28-29,32H,5H2,1-2H3,(H2,23,31)","FMTDIUIBLCQGJB-UHFFFAOYSA-N","c1cc(O)c2C(=O)C3=C(O)C4(O)C(=O)C(C(=O)N)=C(O)C(N(C)C)C4CC3C(O)c2c1Cl","-2.52","0.014999999999999902","2","G3","464.8580000000002","0.2649000000000002","109.93990000000002","32.0","9.0","6.0","11.0","2.0","170.0","1.0","0.0","3.0","4.0","181.62","186.36756096569903","2.022176210703223","1156.698917038136"
"E-1001","Pericyazine","InChI=1S/C21H23N3OS/c22-15-16-6-7-21-19(14-16)24(18-4-1-2-5-20(18)26-21)11-3-10-23-12-8-17(25)9-13-23/h1-2,4-7,14,17,25H,3,8-13H2","LUALIOATIOESLM-UHFFFAOYSA-N","c1ccc2Sc3ccc(C(#N))cc3N(CCCN4CCC(O)CC4)c2c1","-3.98","0.0","1","G1","365.5020000000001","4.007780000000002","105.02580000000005","26.0","5.0","1.0","5.0","4.0","134.0","2.0","1.0","2.0","4.0","50.5","158.59090484750874","1.5185917678650596","824.2461695923864"
"E-1002","Aldosterone","InChI=1S/C21H28O5/c1-20-7-6-12(23)8-11(20)2-3-13-14-4-5-15(16(24)10-22)21(14)9-17(18(13)20)26-19(21)25/h8,13-15,17-19,22,25H,2-7,9-10H2,1H3","QUQBHBRVKLEOEI-UHFFFAOYSA-N","C1C(=O)C=C2CCC3C4CCC(C(=O)CO)C4(C5O)CC(O5)C3C2(C)C1","-3.85","0.0","1","G1","360.4500000000001","2.0031","92.88160000000005","26.0","5.0","2.0","5.0","2.0","142.0","0.0","4.0","5.0","5.0","83.83000000000001","153.34439144991777","1.5726277301675073","698.5150061435747"
"E-1005","Pregnenolone","InChI=1S/C21H32O2/c1-13(22)17-6-7-18-16-5-4-14-12-15(23)8-10-20(14,2)19(16)9-11-21(17,18)3/h4,15-19,23H,5-12H2,1-3H3","ORNBQBCIOKFOEO-UHFFFAOYSA-N","C1C(O)CC2=CCC3C4CCC(C(=O)C)C4(C)CCC3C2(C)C1","-4.65","0.0","1","G1","316.48500000000007","4.515300000000004","91.88080000000006","23.0","2.0","1.0","2.0","1.0","128.0","0.0","3.0","4.0","4.0","37.3","140.28092152170035","1.6619631243467547","550.0448238342481"
"E-1006","Chlortetracycline","InChI=1S/C22H23ClN2O8/c1-21(32)7-6-8-15(25(2)3)17(28)13(20(24)31)19(30)22(8,33)18(29)11(7)16(27)12-10(26)5-4-9(23)14(12)21/h4-5,7-8,15,26,28-29,32-33H,6H2,1-3H3,(H2,24,31)","CYDMQBQPVICBEU-UHFFFAOYSA-N","O=C(N)C(=C(O)C(N(C)C)C(C1(O)C(O)=C(C2C(O)(c(c3c(O)cc4)c4Cl)C)C3=O)C2)C1=O","-2.88","0.0","1","G1","478.8850000000003","0.4390000000000013","114.55090000000004","33.0","9.0","6.0","11.0","2.0","176.0","1.0","0.0","3.0","4.0","181.62","192.73250308009563","2.0661759602853693","1201.0213895372199"
"E-1007","Noscapine","InChI=1S/C22H23NO7/c1-23-8-7-11-9-14-20(29-10-28-14)21(27-4)15(11)17(23)18-12-5-6-13(25-2)19(26-3)16(12)22(24)30-18/h5-6,9,17-18H,7-8,10H2,1-4H3","AKNNEGZIBPJZJG-UHFFFAOYSA-N","COc2ccc1C(OC(=O)c1c2OC)C4N(C)CCc5cc3OCOc3c(OC)c45","-3.14","0.41645","2","G3","413.4260000000003","2.881800000000001","105.89450000000005","30.0","8.0","0.0","8.0","4.0","158.0","2.0","0.0","3.0","5.0","75.69000000000001","173.72305215622788","1.6852290238580119","1034.8766093427325"
"E-1008","Doxycycline","InChI=1S/C22H24N2O8/c1-7-8-5-4-6-9(25)11(8)16(26)12-10(7)17(27)14-15(24(2)3)18(28)13(21(23)31)20(30)22(14,32)19(12)29/h4-7,10,14-15,17,25,27-29,32H,1-3H3,(H2,23,31)","JBIWCJUYHHGXTC-UHFFFAOYSA-N","CC3C2C(O)C1C(N(C)C)C(=C(C(N)=O)C(=O)C1(O)C(=C2C(=O)c4c(O)cccc34)O)O","-2.87","0.0","1","G1","444.44000000000017","-0.34759999999999863","109.77490000000002","32.0","9.0","6.0","10.0","2.0","170.0","1.0","0.0","3.0","4.0","181.61999999999998","182.42923685321395","2.060772795273567","1136.740039291983"
"E-1011","Phenothrin","InChI=1S/C23H26O3/c1-16(2)13-20-21(23(20,3)4)22(24)25-15-17-9-8-12-19(14-17)26-18-10-6-5-7-11-18/h5-14,20-21H,15H2,1-4H3","SBNFWQZLDJGRLK-UHFFFAOYSA-N","CC(C)=CC3C(C(=O)OCc2cccc(Oc1ccccc1)c2)C3(C)C","-5.24","1.15895","2","G2","350.4580000000001","5.760500000000005","102.94600000000005","26.0","3.0","0.0","3.0","6.0","136.0","2.0","1.0","1.0","3.0","35.53","155.19603895726775","1.5921835455133282","801.212460490083"
"E-1013","Thiopropazate","InChI=1S/C23H28ClN3O2S/c1-18(28)29-16-15-26-13-11-25(12-14-26)9-4-10-27-20-5-2-3-6-22(20)30-23-8-7-19(24)17-21(23)27/h2-3,5-8,17H,4,9-16H2,1H3","AIUHRQHVWSUTGJ-UHFFFAOYSA-N","CC(=O)OCCN4CCN(CCCN2c1ccccc1Sc3ccc(Cl)cc23)CC4","-4.7","0.0","1","G1","446.01600000000025","4.513500000000004","123.15300000000005","30.0","6.0","0.0","7.0","7.0","160.0","2.0","1.0","2.0","4.0","36.02","187.47214286927291","1.3073080351344695","886.5019796259413"
"E-1015","Glycocholic_Acid","InChI=1S/C26H43NO6/c1-14(4-7-22(31)27-13-23(32)33)17-5-6-18-24-19(12-21(30)26(17,18)3)25(2)9-8-16(28)10-15(25)11-20(24)29/h14-21,24,28-30H,4-13H2,1-3H3,(H,27,31)(H,32,33)","RFDAIACWWDREDC-UHFFFAOYSA-N","O=C(NCC(=O)O)CCC(C(C(C(C(C(C(C(C1)CC(O)C2)(C2)C)C3)C1O)C4)(C3O)C)C4)C","-5.15","0.0","1","G1","465.63100000000037","2.564899999999999","123.04690000000006","33.0","5.0","5.0","7.0","6.0","188.0","0.0","4.0","4.0","4.0","127.09000000000002","196.88932066610747","1.4868660433893968","759.0641407508059"
"E-1016","Rolitetracycline","InChI=1S/C21H23NO6/c1-20(27)11-7-5-4-6-10(11)18(25)16-12(20)8-13-17(22(2)3)14(23)9-15(24)21(13,28)19(16)26/h4-7,9,12-13,17,23,26-28H,8H2,1-3H3","QMSHUERTGDUVNN-UHFFFAOYSA-N","c12C(=O)C3=C(O)C4(O)C(=O)C=C(O)C(N(C)C)C4CC3C(O)(C)c1cccc2","-1.42","0.0","1","G1","385.4160000000001","1.2244999999999997","99.73870000000002","28.0","7.0","4.0","7.0","1.0","148.0","1.0","0.0","3.0","4.0","118.3","161.76864818956483","1.9951638946646422","959.3974235398198"
"E-1018","Natamycin","InChI=1S/C33H47NO13/c1-18-10-8-6-4-3-5-7-9-11-21(45-32-30(39)28(34)29(38)19(2)44-32)15-25-27(31(40)41)22(36)17-33(42,47-25)16-20(35)14-24-23(46-24)12-13-26(37)43-18/h3-9,11-13,18-25,27-30,32,35-36,38-39,42H,10,14-17,34H2,1-2H3,(H,40,41)","NCXMLFZGDNKEPB-UHFFFAOYSA-N","O1C(C)C(O)C(N)C(O)C1OC2C=CC=CC=CC=CCC(C)OC(=O)C=CC(O3)C3CC(O)CC4(O)OC(C(C(=O)O)C(O)C4)C2","-3.21","0.0","1","G1","665.7330000000004","0.11970000000000347","165.1591999999997","47.0","13.0","7.0","14.0","3.0","262.0","0.0","3.0","4.0","4.0","230.98999999999995","272.94212247129343","1.5819686859676918","1218.8303536686758"
"E-1026","ethylbenzene","InChI=1S/C8H10/c1-2-8-6-4-3-5-7-8/h3-7H,2H2,1H3","YNQLUTRBYVCPMQ-UHFFFAOYSA-N","c1ccccc1CC","-2.77","0.030126057960066847","3","G5","106.16799999999999","2.2490000000000006","35.82","8.0","0.0","0.0","0.0","1.0","42.0","1.0","0.0","0.0","1.0","0.0","50.16128734829018","2.8320858350070903","141.38429890473827"
"E-1036","naphthacene","InChI=1S/C18H12/c1-2-6-14-10-18-12-16-8-4-3-7-15(16)11-17(18)9-13(14)5-1/h1-12H","IFLREYGFSNHWGE-UHFFFAOYSA-N","c(c(cc(c1ccc2)c2)cc(c3ccc4)c4)(c1)c3","-8.6","0.22249357044393128","3","G5","228.29399999999998","5.146200000000003","78.96000000000004","18.0","0.0","0.0","0.0","0.0","84.0","4.0","0.0","0.0","4.0","0.0","105.47639671470262","2.1970695771462627","728.2526221384026"
"E-1038","1,7-phenantroline","InChI=1S/C12H8N2/c1-2-4-10-9(3-1)5-6-11-12(10)14-8-7-13-11/h1-8H","YUFRAQHYKKPYLH-UHFFFAOYSA-N","c1ccc2ccc3nccnc3c2c1","-2.68","0.0","1","G1","180.20999999999998","2.7830000000000013","57.04400000000003","14.0","2.0","0.0","2.0","0.0","66.0","3.0","0.0","0.0","3.0","25.78","81.2340281448604","2.6103186874159423","547.2925174892929"
"E-1042","tetrachloromethane","InChI=1S/CCl4/c2-1(3,4)5","VZGDMQKNWNREIO-UHFFFAOYSA-N","ClC(Cl)(Cl)Cl","-2.31","0.04221628785918044","4","G5","153.823","2.5529","26.143","5.0","0.0","0.0","4.0","0.0","32.0","0.0","0.0","0.0","0.0","0.0","49.952315935356246","3.0237157840738176","19.11941547876375"
"E-1053","1,2-dibromoethylene","InChI=1S/C2H2Br2/c3-1-2-4/h1-2H","UWTUEMKLYAGTNQ-UHFFFAOYSA-N","BrC=CBr","-1.32","0.0","1","G1","185.84599999999998","2.2474","26.993999999999996","4.0","0.0","0.0","2.0","0.0","24.0","0.0","0.0","0.0","0.0","0.0","42.14968532132462","2.549193338482967","19.219280948873624"
"E-1060","pentachlorobenzene","InChI=1S/C6HCl5/c7-2-1-3(8)5(10)6(11)4(2)9/h1H","CEOCDNVZRAIOQZ-UHFFFAOYSA-N","c1c(Cl)c(Cl)c(Cl)c(Cl)c1Cl","-5.65","0.22582304281597687","3","G5","250.339","4.9536","51.492000000000004","11.0","0.0","0.0","5.0","0.0","60.0","1.0","0.0","0.0","1.0","0.0","88.94773425390531","3.4555464838177836","267.2643837476986"
"E-1062","4-chlorobiphenyl","InChI=1S/C12H9Cl/c13-12-8-6-11(7-9-12)10-4-2-1-3-5-10/h1-9H","FPWNLURCHDRMHC-UHFFFAOYSA-N","c1ccccc1c2ccc(Cl)cc2","-5.2","0.030073835065643855","3","G5","188.65699999999998","4.007000000000002","56.88800000000003","13.0","0.0","0.0","1.0","1.0","64.0","2.0","0.0","0.0","2.0","0.0","82.79176355244266","2.4238559727704247","375.62904776215686"
"E-1064","2,2',5-PCB","InChI=1S/C12H7Cl3/c13-8-5-6-12(15)10(7-8)9-3-1-2-4-11(9)14/h1-7H","DCMURXAZTZQAFB-UHFFFAOYSA-N","c1cccc(Cl)c1c2c(Cl)ccc(Cl)c2","-6.02","0.10559999999999992","2","G3","257.547","5.313800000000002","66.90800000000002","15.0","0.0","0.0","3.0","1.0","76.0","2.0","0.0","0.0","2.0","0.0","103.39829600620601","2.635165317750569","491.9759470533523"
"E-1067","2,2',5,6'-PCB","InChI=1S/C12H6Cl4/c13-7-4-5-9(14)8(6-7)12-10(15)2-1-3-11(12)16/h1-6H","SFTUSTXGTCCSHX-UHFFFAOYSA-N","c1c(Cl)ccc(Cl)c1c2c(Cl)cccc2Cl","-6.8","0.006050000000000111","2","G3","291.99199999999996","5.967200000000002","71.918","16.0","0.0","0.0","4.0","1.0","82.0","2.0","0.0","0.0","2.0","0.0","113.70156223308769","2.7162794101137435","514.2871240740591"
"E-1077","2,3-dimethylbutanol","InChI=1S/C6H14O/c1-5(2)6(3)4-7/h5-7H,4H2,1-3H3","SXSWMAUXEHKFGX-UHFFFAOYSA-N","CC(C)C(C)CO","-0.39","0.010050000000000003","2","G3","102.17699999999999","1.2708","31.087799999999984","7.0","1.0","1.0","1.0","2.0","44.0","0.0","0.0","0.0","0.0","20.23","45.35819535200859","3.1442082073698243","41.444678358882754"
"E-1101","cinnamic_acid","InChI=1S/C9H8O2/c10-9(11)7-6-8-4-2-1-3-5-8/h1-7H,(H,10,11)","WBYWAXJHAXSJNI-UHFFFAOYSA-N","O=C(O)C=Cc(cccc1)c1","-2.48","0.0","1","G1","148.161","1.7844","43.11180000000002","11.0","1.0","1.0","2.0","2.0","56.0","1.0","0.0","0.0","1.0","37.3","64.79238228274231","2.7217735540687813","262.15103906059477"
"E-1106","ethyl_propionate","InChI=1S/C5H10O2/c1-3-5(6)7-4-2/h3-4H2,1-2H3","FKRCODPIKNYEAC-UHFFFAOYSA-N","O=C(OCC)CC","-0.66","0.035206243949999994","2","G3","102.133","0.9595","26.923999999999985","7.0","2.0","0.0","2.0","2.0","42.0","0.0","0.0","0.0","0.0","26.3","43.47408681496663","3.002590528674132","59.10049400592805"
"E-1116","anisole","InChI=1S/C7H8O/c1-8-7-5-3-2-4-6-7/h2-6H,1H3","RDOXTESZEPMUJZ-UHFFFAOYSA-N","c1ccccc1OC","-1.85","0.09246691008495828","3","G5","108.13999999999999","1.6952","32.99399999999999","8.0","1.0","0.0","1.0","1.0","42.0","1.0","0.0","0.0","1.0","9.23","48.90989046340046","2.8320858350070903","145.73281445033504"
"E-1118","2-butoxyethanol","InChI=1S/C6H14O2/c1-2-3-5-8-6-4-7/h7H,2-6H2,1H3","POAOYUHQDCAZBD-UHFFFAOYSA-N","CCCCOCCO","-0.42","0.67375","2","G2","118.17599999999999","0.7953999999999999","32.81279999999998","8.0","2.0","1.0","2.0","5.0","50.0","0.0","0.0","0.0","0.0","29.46","50.471740581515476","2.53006045688352","31.509775004326936"
"E-1121","deoxycorticosterone","InChI=1S/C21H30O3/c1-20-9-7-14(23)11-13(20)3-4-15-16-5-6-18(19(24)12-22)21(16,2)10-8-17(15)20/h11,15-18,22H,3-10,12H2,1-2H3","ZESRJSPZRDMNHY-UHFFFAOYSA-N","C1C(=O)C=C2CCC3C4CCC(C(=O)CO)C4(C)CCC3C2(C)C1","-3.75","0.1499999999999999","2","G3","330.46800000000013","3.6959000000000026","92.29280000000006","24.0","3.0","1.0","3.0","2.0","132.0","0.0","3.0","4.0","4.0","54.370000000000005","144.4424436217441","1.6460274623261237","606.2051148204893"
"E-1122","fludrocortisone","InChI=1S/C21H29FO5/c1-18-7-5-13(24)9-12(18)3-4-15-14-6-8-20(27,17(26)11-23)19(14,2)10-16(25)21(15,18)22/h9,14-16,23,25,27H,3-8,10-11H2,1-2H3","AAXVEMMRQDVLJB-UHFFFAOYSA-N","CC12CC(O)C3(F)C(CCC4=CC(=O)CCC43C)C2CCC1(O)C(=O)CO","-3.43","0.9415235879502258","3","G4","380.45600000000013","1.8737","95.49140000000003","27.0","5.0","3.0","6.0","2.0","150.0","0.0","3.0","4.0","4.0","94.83","158.19644652906234","1.7976551042621027","734.0836113882948"
"E-1123","salicylic_acid","InChI=1S/C7H6O3/c8-6-4-2-1-3-5(6)7(9)10/h1-4,8H,(H,9,10)","YGSDEFSMJLZEOE-UHFFFAOYSA-N","O=C(O)c(c(O)ccc1)c1","-1.82","0.036971503677817666","4","G5","138.12199999999999","1.0903999999999998","35.066100000000006","10.0","2.0","2.0","3.0","1.0","52.0","1.0","0.0","0.0","1.0","57.53","57.54633483832936","3.1529414466808685","254.78306142431708"
"E-1127","p-chlorobenzoic_acid","InChI=1S/C7H5ClO2/c8-6-3-1-5(2-4-6)7(9)10/h1-4H,(H,9,10)","XRHGYUZYPHTUJZ-UHFFFAOYSA-N","O=C(O)c(ccc(c1)Cl)c1","-3.31","0.013700000000000045","2","G3","156.56799999999998","2.0382","38.41130000000001","10.0","1.0","1.0","3.0","1.0","52.0","1.0","0.0","0.0","1.0","37.3","63.05536731301502","3.003400684579817","240.28794892648057"
"E-1129","hexylamine","InChI=1S/C6H15N/c1-2-3-4-5-6-7/h2-7H2,1H3","BMVXCPBXGZKUPN-UHFFFAOYSA-N","CCCCCCN","-1.1","0.4426154252655982","4","G5","101.19300000000001","1.5253999999999999","33.19639999999998","7.0","1.0","1.0","1.0","4.0","44.0","0.0","0.0","0.0","0.0","26.02","45.9038522968253","2.447472887876344","23.360990398949916"
"E-1130","n-octylamine","InChI=1S/C8H19N/c1-2-3-4-5-6-7-8-9/h2-9H2,1H3","IOQPZZOEVPZRBK-UHFFFAOYSA-N","CCCCCCCCN","-2.75","0.08561878480964712","3","G5","129.247","2.3056","42.430400000000006","9.0","1.0","1.0","1.0","6.0","56.0","0.0","0.0","0.0","0.0","26.02","58.633736525618524","2.595082706793886","37.832293921787276"
"E-1159","cycloheximide","InChI=1S/C15H23NO4/c1-8-3-9(2)15(20)11(4-8)12(17)5-10-6-13(18)16-14(19)7-10/h8-12,17H,3-7H2,1-2H3,(H,16,18,19)","YPHMISFOHDHNIV-UHFFFAOYSA-N","CC1CC(C)C(=O)C(C1)C(O)CC2CC(=O)NC(=O)C2","-1.13","0.0","1","G1","281.35200000000003","1.0414999999999999","72.55650000000004","20.0","4.0","2.0","5.0","3.0","112.0","0.0","2.0","2.0","2.0","83.47","118.66544055825898","1.9621955411559604","404.09657603487483"
"E-1171","4-nitrobenzoic_acid","InChI=1S/C7H5NO4/c9-7(10)5-1-3-6(4-2-5)8(11)12/h1-4H,(H,9,10)","OTLNPYWUJOZPPA-UHFFFAOYSA-N","O=C(O)c(ccc(N(=O)=O)c1)c1","-2.8","0.12099684663607803","5","G5","167.12","1.293","40.05570000000001","12.0","3.0","1.0","5.0","2.0","62.0","1.0","0.0","0.0","1.0","80.44","67.40507680863315","3.0061498337295456","283.68319020476093"
"E-1183","fenitrothion","InChI=1S/C9H12NO5PS/c1-7-6-8(4-5-9(7)10(11)12)15-16(17,13-2)14-3/h4-6H,1-3H3","ZNOLGFHPUIJIMJ-UHFFFAOYSA-N","COP(=S)(OC)Oc1ccc(N(=O)=O)c(C)c1","-4.04","0.17943591242186335","3","G5","277.238","2.7993200000000007","66.76440000000001","17.0","6.0","0.0","8.0","5.0","94.0","1.0","0.0","0.0","1.0","70.83000000000001","103.8997689769202","2.9896494871249084","470.4540594465827"
"E-1187","4-chloroacetanilide","InChI=1S/C8H8ClNO/c1-6(11)10-8-4-2-7(9)3-5-8/h2-5H,1H3,(H,10,11)","GGUOCFNAWIODMF-UHFFFAOYSA-N","O=C(Nc(ccc(c1)Cl)c1)C","-2.84","0.040000000000000036","2","G3","169.61099999999996","2.2984","45.75570000000002","11.0","1.0","1.0","3.0","1.0","58.0","1.0","0.0","0.0","1.0","29.1","70.17593785882366","2.736298072105655","255.2994975838911"
"E-1188","4-nitroacetanilide","InChI=1S/C8H8N2O3/c1-6(11)9-7-2-4-8(5-3-7)10(12)13/h2-5H,1H3,(H,9,11)","NQRLPDFELNCFHW-UHFFFAOYSA-N","O=C(Nc(ccc(c1)N(=O)=O)c1)C","-2.69","0.49577643707174657","3","G5","180.16299999999998","1.5532","47.400100000000016","13.0","3.0","1.0","5.0","2.0","68.0","1.0","0.0","0.0","1.0","72.24000000000001","74.52564735444179","2.809454194164694","331.74730523753374"
"E-1194","diallate","InChI=1S/C10H17Cl2NOS/c1-7(2)13(8(3)4)10(14)15-6-9(12)5-11/h5,7-8H,6H2,1-4H3","SPANOECCGNXGNR-UHFFFAOYSA-N","CC(C)N(C(C)C)C(=O)SCC(Cl)=CCl","-4.08","0.1021502161851199","3","G5","270.225","4.277400000000004","69.75400000000003","15.0","2.0","0.0","5.0","4.0","88.0","0.0","0.0","0.0","0.0","20.310000000000002","105.98512527459047","4.27920995877855","233.57688747399035"
"E-1200","coniine","InChI=1S/C7H15N/c1-2-7-5-3-4-6-8-7/h7-8H,2-6H2,1H3","QBBKKFZGCDJDQK-UHFFFAOYSA-N","N(C(CCC1)CC)C1","-1.5","0.0","1","G1","113.20400000000001","1.5385","35.9327","8.0","1.0","1.0","1.0","1.0","48.0","0.0","1.0","1.0","1.0","12.03","51.472934744288004","2.1250162554146717","55.407165571558394"
"E-1202","tetrachloroguaiacol","InChI=1S/C7H4Cl4O2/c1-13-7-5(11)3(9)2(8)4(10)6(7)12/h12H,1H3","YZZVKLJKDFFSFL-UHFFFAOYSA-N","Clc1c(Cl)c(Cl)c(Cl)c(O)c1OC","-4.02","0.3874500000000003","2","G3","261.919","4.0144","54.69880000000001","13.0","2.0","1.0","6.0","1.0","72.0","1.0","0.0","0.0","1.0","29.46","94.91718912312315","3.5637576760479117","321.83115827664017"
"E-1205","L-Asparagine","InChI=1S/C4H8N2O3/c5-2(4(8)9)1-3(6)7/h2H,1,5H2,(H2,6,7)(H,8,9)","DCXYFEDJOCDNAF-UHFFFAOYSA-N","O=C(O)C(N)CC(=O)N","-0.74","0.08085791093463085","4","G5","132.119","-1.7262999999999993","29.422600000000003","9.0","3.0","3.0","5.0","3.0","52.0","0.0","0.0","0.0","0.0","106.40999999999998","51.631136717328346","3.632432151939845","133.77443751081734"
"E-1216","7-Methylthiopteridine","InChI=1S/C7H6N4S/c1-12-6-3-9-7-5(11-6)2-8-4-10-7/h2-4H,1H3","PWBADUKEIVQTGV-UHFFFAOYSA-N","c1c(SC)nc2cncnc2n1","-1.55","0.0","1","G1","178.22","1.1417","46.90900000000002","12.0","5.0","0.0","5.0","1.0","60.0","2.0","0.0","0.0","2.0","51.56","73.47971171478007","2.6739964627615644","403.2834383297276"
"E-1224","6-Methyl-2,4-heptadione","InChI=1S/C8H14O2/c1-6(2)4-8(10)5-7(3)9/h6H,4-5H2,1-3H3","IGMOYJSFRIASIE-UHFFFAOYSA-N","CC(C)CC(=O)CC(=O)C","-1.6","0.0","1","G1","142.19799999999998","1.5807","39.760000000000005","10.0","2.0","0.0","2.0","4.0","58.0","0.0","0.0","0.0","0.0","34.14","61.61689002869332","3.543995267847109","136.1930175513852"
"E-1236","d-Fenchone","InChI=1S/C10H16O/c1-9(2)7-4-5-10(3,6-7)8(9)11/h7H,4-6H2,1-3H3","LHXDLQBQYFFVNW-UHFFFAOYSA-N","O=C(C(CC1C2)(C2)C)C1(C)C","-1.85","0.0","1","G1","152.237","2.401700000000001","44.23600000000002","11.0","1.0","0.0","1.0","0.0","62.0","0.0","2.0","2.0","2.0","17.07","68.17358985038432","2.4164285191788353","210.15777938858872"
"E-1237","l-Menthone","InChI=1S/C10H18O/c1-7(2)9-5-4-8(3)6-10(9)11/h7-9H,4-6H2,1-3H3","NFLGAXVYCFJBMK-UHFFFAOYSA-N","O=C(C(CCC1C)C(C)C)C1","-2.49","0.06967740950000012","2","G3","154.253","2.6477000000000013","46.35000000000002","11.0","1.0","0.0","1.0","1.0","64.0","0.0","1.0","1.0","1.0","17.07","69.17942100391355","2.5076939164331393","148.9517669080599"
"E-1240","Dimethyl_Carbate","InChI=1S/C11H14O4/c1-14-10(12)8-6-3-4-7(5-6)9(8)11(13)15-2/h3-4,6-9H,5H2,1-2H3","VGQLNJWOULYVFV-UHFFFAOYSA-N","C1=CC(C2)C(C(=O)OC)C(C(=O)OC)C12","-1.2","0.0","1","G1","210.22899999999998","0.7706999999999999","51.74900000000003","15.0","4.0","0.0","4.0","2.0","82.0","0.0","1.0","2.0","2.0","52.60000000000001","88.23754149165421","2.239559487959461","290.5496111291175"
"E-1241","Phenbutamide","InChI=1S/C11H16N2O3S/c1-2-3-9-12-11(14)13-17(15,16)10-7-5-4-6-8-10/h4-8H,2-3,9H2,1H3,(H2,12,13,14)","AFOGBLYPWJJVAL-UHFFFAOYSA-N","c1ccccc1S(=O)(=O)NC(=O)NCCCC","-3.05","0.0","1","G1","256.32699999999994","1.4746000000000001","65.07020000000003","17.0","3.0","2.0","6.0","5.0","94.0","1.0","0.0","0.0","1.0","75.27","101.27813605115496","2.588212768108255","456.8647044109757"
"E-1244","Quinhydrone","InChI=1S/C12H10O4/c13-8-3-5-12(16,6-4-8)10-7-9(14)1-2-11(10)15/h1-7,14-16H","KKIYXTAGNVTYLV-UHFFFAOYSA-N","O=C1C=CC(c2cc(ccc2O)O)(C=C1)O","-1.73","0.0","1","G1","218.20800000000003","0.9804999999999997","56.95540000000002","16.0","4.0","3.0","4.0","1.0","82.0","1.0","0.0","1.0","2.0","77.76","91.78024194461068","2.516042509829092","483.74026633825594"
"E-1247","Benfluralin","InChI=1S/C13H16F3N3O4/c1-3-5-6-17(4-2)12-10(18(20)21)7-9(13(14,15)16)8-11(12)19(22)23/h7-8H,3-6H2,1-2H3","SMDHCQAYESWHAE-UHFFFAOYSA-N","CCCCN(CC)c1c(cc(cc1N(=O)=O)C(F)(F)F)N(=O)=O","-5.53","1.1789648152322256","3","G4","335.28200000000004","4.148200000000004","77.54780000000001","23.0","5.0","0.0","10.0","7.0","128.0","1.0","0.0","0.0","1.0","89.51999999999998","129.54838924425488","3.6387215129773463","569.6129198986837"
"E-1251","Benzoin","InChI=1S/C13H10O2/c14-13(11-7-3-1-4-8-11)15-12-9-5-2-6-10-12/h1-10H","FCJSHPDYVMKCHI-UHFFFAOYSA-N","c1ccccc1C(=O)Oc2ccccc2","-2.85","0.0","1","G1","198.221","2.905800000000001","57.84250000000002","15.0","2.0","0.0","2.0","2.0","74.0","2.0","0.0","0.0","2.0","26.3","88.12850676950826","2.116421993117775","434.6078366577884"
"E-1261","Dienestrol","InChI=1S/C18H18O2/c1-3-17(13-5-9-15(19)10-6-13)18(4-2)14-7-11-16(20)12-8-14/h3-12,17-20H,1-2H2","UBEHJDYYBJLBAZ-UHFFFAOYSA-N","c1cc(O)ccc1C(C=C)C(C=C)c2ccc(O)cc2","-4.95","0.0","1","G1","266.34","4.337200000000004","82.08960000000003","20.0","2.0","2.0","2.0","5.0","102.0","2.0","0.0","0.0","2.0","40.46","118.88741145196418","2.366450641259731","526.3202167358058"
"E-1263","Hydrocinchonine","InChI=1S/C19H24N2O/c1-2-13-12-21-10-8-14(13)11-18(21)19(22)16-7-9-20-17-6-4-3-5-15(16)17/h3-7,9,13-14,18-19,22H,2,8,10-12H2,1H3","WFJNHVWTKZUUTR-UHFFFAOYSA-N","c12ccccc1nccc2C(O)C3N(C4)CCC(C4CC)C3","-2.63","0.020000000000000018","2","G3","296.4140000000001","3.388600000000002","88.56880000000004","22.0","3.0","1.0","3.0","3.0","116.0","2.0","3.0","3.0","5.0","36.36000000000001","131.52454189148568","1.6561006728803909","666.0376996839494"
"E-1267","Ethisterone","InChI=1S/C21H28O2/c1-4-21(23)12-9-18-16-6-5-14-13-15(22)7-10-19(14,2)17(16)8-11-20(18,21)3/h1,13,16-18,23H,5-12H2,2-3H3","CHNXZKVNWQUJIB-UHFFFAOYSA-N","C1C(=O)C=C2CCC3C4CCC(O)(C#C)C4(C)CCC3C2(C)C1","-5.66","0.029999999999999805","2","G3","312.4530000000001","3.8826000000000027","90.49280000000005","23.0","2.0","1.0","2.0","0.0","124.0","0.0","3.0","4.0","4.0","37.3","139.2801469135596","1.7024099249747302","626.2430525943431"
"E-1268","Ethyl_Biscoumacetate","InChI=1S/C22H16O8/c1-2-28-20(25)15(16-18(23)11-7-3-5-9-13(11)29-21(16)26)17-19(24)12-8-4-6-10-14(12)30-22(17)27/h3-10,15,23-24H,2H2,1H3","JCLHQFUTFHUXNN-UHFFFAOYSA-N","c1ccc2OC(=O)C(C(C(=O)OCC)C3=C(O)c4ccccc4OC3=O)=C(O)c2c1","-3.66","0.11499999999999999","2","G3","408.3620000000001","3.005600000000001","106.77360000000004","30.0","8.0","2.0","8.0","4.0","152.0","4.0","0.0","0.0","4.0","127.18000000000002","168.10780752866614","2.0893836866240267","1296.9342325074479"
"E-1269","Amikacin","InChI=1S/C22H43N5O13/c23-2-1-8(29)20(36)27-7-3-6(25)18(39-22-16(34)15(33)13(31)9(4-24)37-22)17(35)19(7)40-21-14(32)11(26)12(30)10(5-28)38-21/h6-19,21-22,28-35H,1-5,23-26H2,(H,27,36)","LKCWBDHBTVXHDL-UHFFFAOYSA-N","NCCC(O)C(=O)NC2CC(N)C(OC1OC(CN)C(O)C(O)C1O)C(O)C2OC3OC(CO)C(O)C(N)C3O","-0.5","0.0","1","G1","585.6080000000002","-8.424200000000015","131.42570000000003","40.0","17.0","13.0","18.0","10.0","234.0","0.0","3.0","3.0","3.0","331.93999999999994","229.26453997686886","1.847903728536342","815.0542713752033"
"E-1273","benzocaine","InChI=1S/C9H11NO2/c1-2-12-9(11)7-3-5-8(10)6-4-7/h3-6H,2,10H2,1H3","BLFLLBZGZJTVJG-UHFFFAOYSA-N","O=C(OCC)c(ccc(N)c1)c1","-2.32","0.17944464996204268","5","G5","165.19199999999998","1.4455","46.81090000000002","12.0","3.0","1.0","3.0","2.0","64.0","1.0","0.0","0.0","1.0","52.32","71.14118748925016","2.753742758109602","266.36195376207496"
"E-1274","acetylsalicylic_acid","InChI=1S/C9H8O4/c1-6(10)13-8-5-3-2-4-7(8)9(11)12/h2-5H,1H3,(H,11,12)","BSYNRYMUTXBXSQ-UHFFFAOYSA-N","O=C(Oc(c(ccc1)C(=O)O)c1)C","-1.72","0.06859968850195283","4","G5","180.15899999999996","1.3100999999999998","44.71030000000002","13.0","3.0","1.0","4.0","2.0","68.0","1.0","0.0","0.0","1.0","63.60000000000001","74.75705264447721","3.043527354634101","343.22286772671646"
"E-1280","phenytoin","InChI=1S/C15H12N2O2/c18-13-15(17-14(19)16-13,11-7-3-1-4-8-11)12-9-5-2-6-10-12/h1-10H,(H2,16,17,18,19)","CXOFVDLJLONNDW-UHFFFAOYSA-N","O=C1NC(=O)C(N1)(c2ccccc2)c3ccccc3","-3.99","0.08877332031641032","5","G5","252.27300000000002","1.7695999999999998","70.33840000000004","19.0","2.0","2.0","4.0","2.0","94.0","2.0","1.0","1.0","3.0","58.2","110.00026108252523","2.2308361050041703","583.608538383389"
"E-1289","prostaglandin_E2","InChI=1S/C20H32O5/c1-2-3-6-9-15(21)12-13-17-16(18(22)14-19(17)23)10-7-4-5-8-11-20(24)25/h4,7,12-13,15-17,19,21,23H,2-3,5-6,8-11,14H2,1H3,(H,24,25)","XEYBRNLFEZDVAW-UHFFFAOYSA-N","CCCCCC(O)C=CC1C(O)CC(=O)C1CC=CCCCC(=O)O","-2.47","0.0","1","G1","352.4710000000001","3.251100000000002","97.14340000000004","25.0","4.0","3.0","5.0","12.0","142.0","0.0","1.0","1.0","1.0","94.83","149.99385944014293","2.4772080498794105","468.7069712765646"
"F-1","spiro[5,6-dihydroimidazo[2,3-b][3]benzazepine-11,4'-piperidine]-3-carboxamide","InChI=1S/C17H20N4O/c18-15(22)14-11-20-16-17(6-8-19-9-7-17)13-4-2-1-3-12(13)5-10-21(14)16/h1-4,11,19H,5-10H2,(H2,18,22)","VQWGYPVNVICKFC-UHFFFAOYSA-N","NC(=O)C1=CN=C2N1CCC1=C(C=CC=C1)C21CCNCC1","-2.43","0.0","1","G1","296.374","1.2076","83.77460000000004","22.0","4.0","2.0","5.0","1.0","114.0","2.0","1.0","2.0","4.0","72.94","129.08642680289609","1.9702477989696767","728.0102103648205"
"F-2","4-[(10-Methyl-9-anthryl)methyl]morpholine","InChI=1S/C20H21NO/c1-15-16-6-2-4-8-18(16)20(14-21-10-12-22-13-11-21)19-9-5-3-7-17(15)19/h2-9H,10-14H2,1H3","CSRINNLYWLVQQE-UHFFFAOYSA-N","CC1=C2C=CC=CC2=C(CN2CCOCC2)C2=C1C=CC=C2","-4.4","0.0","1","G1","291.3939999999999","4.133620000000003","92.28700000000005","22.0","2.0","0.0","2.0","2.0","112.0","3.0","1.0","1.0","4.0","12.47","130.85193261552809","1.940227805611186","761.4148368204549"
"F-3","6-hydroxy-4a,5,5a,7,8,13a,15,15a,15b,16-decahydro-2H-4,6-methanoindolo[3,2,1-ij]oxepino[2,3,4-de]pyrrolo[2,3-h]quinoline-6-ium-14-one","InChI=1S/C21H23N2O3/c24-18-10-16-19-13-9-17-21(6-7-23(17,25)11-12(13)5-8-26-16)14-3-1-2-4-15(14)22(18)20(19)21/h1-5,13,16-17,19-20,25H,6-11H2/q+1","RMSRBUAAZSNQJZ-UHFFFAOYSA-N","C1C[N+]2(CC3=CCOC4CC(=O)N5C6C4C3CC2C61C7=CC=CC=C75)O","-1.28","0.0","1","G1","351.42600000000004","1.9964999999999997","93.61690000000006","26.0","3.0","1.0","5.0","0.0","134.0","1.0","4.0","6.0","7.0","49.769999999999996","151.93392329031315","1.5645079076489008","896.9973135338853"
"F-6","8-Phenyl-7H-purine","InChI=1S/C11H8N4/c1-2-4-8(5-3-1)10-14-9-6-12-7-13-11(9)15-10/h1-7,11H","HCBHHMUMLKPGQL-UHFFFAOYSA-N","C1=CC=C(C2=NC3N=CN=CC3=N2)C=C1","-3.07","0.0","1","G1","196.213","1.3266","61.186000000000014","15.0","4.0","0.0","4.0","1.0","72.0","1.0","0.0","2.0","3.0","49.44","86.82574132786203","2.009269630173918","496.5790235582741"
"F-7","6-chloro-2-(5-nitrofuran-2-yl)-1~{H}-benzimidazole","InChI=1S/C11H6ClN3O3/c12-6-1-2-7-8(5-6)14-11(13-7)9-3-4-10(18-9)15(16)17/h1-5H,(H,13,14)","XKTWHYDFCTZPQM-UHFFFAOYSA-N","C1=CC2=C(C=C1Cl)NC(=N2)C3=CC=C(O3)[N+](=O)[O-]","-4.82","0.0","1","G1","263.64","3.384500000000001","65.4601","18.0","4.0","1.0","7.0","2.0","90.0","3.0","0.0","0.0","3.0","84.96","105.34954147271533","2.098784508325308","746.914226334605"
"F-9","4-ethoxy-2-oxido-3-phenylsulfonyl-1,2,5-oxadiazol-2-ium","InChI=1S/C10H10N2O5S/c1-2-16-9-10(12(13)17-11-9)18(14,15)8-6-4-3-5-7-8/h3-7H,2H2,1H3","HWPOZMMTECRYLB-UHFFFAOYSA-N","CCOC1=NO[N+](=C1S(=O)(=O)C2=CC=CC=C2)[O-]","-4.24","0.0","1","G1","270.266","0.5395","58.52580000000003","18.0","6.0","0.0","8.0","4.0","96.0","2.0","0.0","0.0","2.0","96.34","103.05190674142553","2.5790241116799777","635.5425798551978"
"F-12","5-Phenylcyclohexane-1,3-dione","InChI=1S/C12H12O2/c13-11-6-10(7-12(14)8-11)9-4-2-1-3-5-9/h1-5,10H,6-8H2","UPPYKNLSSLIIAZ-UHFFFAOYSA-N","O=C1CC(=O)CC(C2=CC=CC=C2)C1","-2.51","0.0","1","G1","188.226","2.0923","53.04800000000003","14.0","2.0","0.0","2.0","1.0","72.0","1.0","1.0","1.0","2.0","34.14","82.93826885243492","2.189282688731858","337.8442955973681"
"F-15","N,N-dichloro-4-methylbenzenesulfonamide","InChI=1S/C7H7Cl2NO2S/c1-6-2-4-7(5-3-6)13(11,12)10(8)9/h2-5H,1H3","ARGDYOIRHYLIMT-UHFFFAOYSA-N","CC1=CC=C(S(=O)(=O)N(Cl)Cl)C=C1","-3.51","0.021999999999999797","2","G3","240.11100000000002","2.2933200000000005","51.90980000000002","13.0","2.0","0.0","6.0","2.0","72.0","1.0","0.0","0.0","1.0","37.38","87.1468289153814","3.1701177036068136","385.4584986761165"
"F-16","2-(2,4,6-trichlorophenoxy)acetic acid","InChI=1S/C8H5Cl3O3/c9-4-1-5(10)8(6(11)2-4)14-3-7(12)13/h1-2H,3H2,(H,12,13)","KZDCLQBOHGBWOI-UHFFFAOYSA-N","O=C(O)COC1=C(Cl)C=C(Cl)C=C1Cl","-3.23","0.10834999999999995","2","G3","255.484","3.1102000000000007","54.602800000000016","14.0","2.0","1.0","6.0","3.0","76.0","1.0","0.0","0.0","1.0","46.53","95.14038711068184","2.9081717759880226","341.8442913293867"
"F-17","1-ethyl-3-oxo-1~{H}-2-benzofuran-5-carbonitrile","InChI=1S/C11H9NO2/c1-2-10-8-4-3-7(6-12)5-9(8)11(13)14-10/h3-5,10H,2H2,1H3","RICNCRLQCBWINE-UHFFFAOYSA-N","CCC1OC(=O)C2=C1C=CC(C#N)=C2","-2.31","0.0","1","G1","187.19799999999998","2.17978","49.60450000000002","14.0","3.0","0.0","3.0","1.0","70.0","1.0","0.0","1.0","2.0","50.09","81.91792954897012","2.526708613655213","431.40393886846846"
"F-20","2,4-dimethyl-3H-1,5-benzodiazepine","InChI=1S/C11H12N2/c1-8-7-9(2)13-11-6-4-3-5-10(11)12-8/h3-6H,7H2,1-2H3","KSFDHSSNYJNHAN-UHFFFAOYSA-N","CC1=NC2=C(C=CC=C2)N=C(C)C1","-1.37","0.0","1","G1","172.23099999999994","3.275100000000002","56.59700000000003","13.0","2.0","0.0","2.0","0.0","66.0","1.0","0.0","1.0","2.0","24.72","78.04092750967102","2.598518602841364","351.8316817891566"
"F-21","5-methyl-1-benzothiophene 1,1-dioxide","InChI=1S/C9H8O2S/c1-7-2-3-9-8(6-7)4-5-12(9,10)11/h2-6H,1H3","RPLDGRKYEITQNQ-UHFFFAOYSA-N","CC1=CC2=C(C=C1)S(=O)(=O)C=C2","-2.65","0.0","1","G1","180.22799999999998","1.75302","47.398800000000016","12.0","2.0","0.0","3.0","0.0","62.0","1.0","0.0","1.0","2.0","34.14","71.45619365875989","2.783591299407891","455.41692140823983"
"F-22","Butyl 4-aminobenzoate","InChI=1S/C11H15NO2/c1-2-3-8-14-11(13)9-4-6-10(12)7-5-9/h4-7H,2-3,8,12H2,1H3","IUWVALYLNVXWKX-UHFFFAOYSA-N","CCCCOC(=O)C1=CC=C(N)C=C1","-3.06","0.1449338706962593","4","G5","193.24599999999998","2.2257","56.04490000000003","14.0","3.0","1.0","3.0","4.0","76.0","1.0","0.0","0.0","1.0","52.32","83.87107171804337","2.4810725342253392","292.66077056340794"
"F-23","6-methyl-3-oxa-13-azatetracyclo[7.7.1.0^{2,7}.0^{13,17}]heptadeca-1(17),2(7),5,8-tetraen-4-one","InChI=1S/C16H17NO2/c1-10-8-14(18)19-16-12-5-3-7-17-6-2-4-11(15(12)17)9-13(10)16/h8-9H,2-7H2,1H3","XHXMPURWMSJENN-UHFFFAOYSA-N","CC1=CC(=O)OC2=C3CCCN4CCCC(=C34)C=C12","-3.89","0.0","1","G1","255.31699999999992","2.8002200000000013","76.07600000000005","19.0","3.0","0.0","3.0","0.0","98.0","2.0","0.0","2.0","4.0","33.45","111.38217273920615","2.14843218216759","727.5868447946721"
"F-26","3-methyl-1-benzothiophene 1,1-dioxide","InChI=1S/C9H8O2S/c1-7-6-12(10,11)9-5-3-2-4-8(7)9/h2-6H,1H3","DCAZNDCIMXHKOS-UHFFFAOYSA-N","CC1=CS(=O)(=O)C2=C1C=CC=C2","-2.67","0.0","1","G1","180.228","1.8347000000000002","47.278800000000025","12.0","2.0","0.0","3.0","0.0","62.0","1.0","0.0","1.0","2.0","34.14","71.4561936587599","2.856172547684259","455.17180891040334"
"F-27","(2,2-dimethyl-1,3-dithiolan-4-yl)methyl carbamate","InChI=1S/C7H13NO2S2/c1-7(2)11-4-5(12-7)3-10-6(8)9/h5H,3-4H2,1-2H3,(H2,8,9)","NVMAYDSQOSXSJU-UHFFFAOYSA-N","CC1(C)SCC(COC(N)=O)S1","-2.22","0.0","1","G1","207.32","1.6664","53.45140000000002","12.0","4.0","1.0","5.0","2.0","70.0","0.0","1.0","1.0","1.0","52.32","80.78425063797381","2.239733735665236","184.24518934974515"
"F-29","1,4-dioxaspiro[4.5]decan-2-ylmethyl carbamate","InChI=1S/C10H17NO4/c11-9(12)13-6-8-7-14-10(15-8)4-2-1-3-5-10/h8H,1-7H2,(H2,11,12)","RDESHSVNCKVUPO-UHFFFAOYSA-N","NC(=O)OCC1COC2(CCCCC2)O1","-1.89","0.0","1","G1","215.24899999999994","1.1574999999999995","52.17640000000003","15.0","4.0","1.0","5.0","2.0","86.0","0.0","2.0","2.0","2.0","70.78000000000002","88.85411623591769","1.798703941709042","237.57688747399033"
"F-30","1,4-dithiaspiro[4.5]decan-2-ylmethyl carbamate","InChI=1S/C10H17NO2S2/c11-9(12)13-6-8-7-14-10(15-8)4-2-1-3-5-10/h8H,1-7H2,(H2,11,12)","XGIRBWKKCPENLG-UHFFFAOYSA-N","NC(=O)OCC1CSC2(CCCCC2)S1","-3.52","0.0","1","G1","247.38499999999993","2.590700000000001","65.18840000000003","15.0","4.0","1.0","5.0","2.0","86.0","0.0","2.0","2.0","2.0","52.32000000000001","98.8732458276344","1.798703941709042","241.57688747399033"
"F-32","2,5-dimethylpyrano[5,6-f][1]benzoxol-7-one","InChI=1S/C13H10O3/c1-7-3-13(14)16-12-6-11-9(5-10(7)12)4-8(2)15-11/h3-6H,1-2H3","GJYYXSDOKGEWNX-UHFFFAOYSA-N","CC1=CC2=CC3=C(C=C2O1)OC(=O)C=C3C","-5.23","0.0","1","G1","214.21999999999997","3.1560400000000017","61.73000000000002","16.0","3.0","0.0","3.0","0.0","80.0","3.0","0.0","0.0","3.0","43.35","91.28528459989025","2.5459040503212442","746.7890689968458"
"F-33","2,3-dimethylquinolin-8-ol","InChI=1S/C11H11NO/c1-7-6-9-4-3-5-10(13)11(9)12-8(7)2/h3-6,13H,1-2H3","ZBLCWYDHYTWUSK-UHFFFAOYSA-N","CC1=CC2=CC=CC(O)=C2N=C1C","-3.32","0.0","1","G1","173.21499999999997","2.557240000000001","52.88180000000003","13.0","2.0","1.0","2.0","0.0","66.0","2.0","0.0","0.0","2.0","33.120000000000005","76.85683361316791","2.885144967316768","462.842086728023"
"F-36","9H-Pyrido[3,4-B]indole","InChI=1S/C11H8N2/c1-2-4-10-8(3-1)9-5-6-12-7-11(9)13-10/h1-7,13H","AIFRHYZBTHREPW-UHFFFAOYSA-N","C1=CC2=C(C=C1)C1=C(C=NC=C1)N2","-3.73","0.0","1","G1","168.199","2.7161","53.59970000000001","13.0","1.0","1.0","2.0","0.0","62.0","3.0","0.0","0.0","3.0","28.68","75.2235405849282","2.642438259907001","515.8499381135529"
"F-37","N,N-dibromobenzenesulfonamide","InChI=1S/C6H5Br2NO2S/c7-9(8)12(10,11)6-4-2-1-3-5-6/h1-5H","OTVPURYEWXIAKH-UHFFFAOYSA-N","O=S(=O)(C1=CC=CC=C1)N(Br)Br","-3.28","0.0","1","G1","314.986","2.2971000000000004","53.32080000000001","12.0","2.0","0.0","6.0","2.0","66.0","1.0","0.0","0.0","1.0","37.38","88.10739348868358","3.16629713733958","349.0706517015425"
"F-38","4-oxa-1-thiaspiro[4.5]decan-3-ylmethyl carbamate","InChI=1S/C10H17NO3S/c11-9(12)13-6-8-7-15-10(14-8)4-2-1-3-5-10/h8H,1-7H2,(H2,11,12)","WXAUMUJAOKGUCL-UHFFFAOYSA-N","NC(=O)OCC1CSC2(CCCCC2)O1","-2.82","0.0","1","G1","231.31699999999992","1.8741","58.68240000000003","15.0","4.0","1.0","5.0","2.0","86.0","0.0","2.0","2.0","2.0","61.55000000000001","93.86368103177605","1.798703941709042","240.82199997182687"
"F-42","3,9-di(propan-2-yl)-2,4,8,10-tetraoxaspiro[5.5]undecane","InChI=1S/C13H24O4/c1-9(2)11-14-5-13(6-15-11)7-16-12(10(3)4)17-8-13/h9-12H,5-8H2,1-4H3","NEBWHJITDZAZPU-UHFFFAOYSA-N","CC(C)C1OCC2(CO1)COC(C(C)C)OC2","-3.11","0.0","1","G1","244.33099999999996","2.0305999999999997","63.49300000000005","17.0","4.0","0.0","4.0","2.0","100.0","0.0","2.0","2.0","2.0","36.92","103.56107501155788","1.8395350525623633","206.29424230443146"
"F-43","1,3,5-Trimethoxybenzene","InChI=1S/C9H12O3/c1-10-7-4-8(11-2)6-9(5-7)12-3/h4-6H,1-3H3","LKUDPHPHKOZXCD-UHFFFAOYSA-N","COC1=CC(OC)=CC(OC)=C1","-2.68","0.0","1","G1","168.19199999999998","1.7124","46.09800000000003","12.0","3.0","0.0","3.0","3.0","66.0","1.0","0.0","0.0","1.0","27.69","71.86686515120742","3.011257354290591","202.71789302834418"
"F-48","3-(2-oxopyridin-1-yl)propanoic acid","InChI=1S/C8H9NO3/c10-7-3-1-2-5-9(7)6-4-8(11)12/h1-3,5H,4,6H2,(H,11,12)","FGXRKDZZPDMPAQ-UHFFFAOYSA-N","O=C(O)CCN1C=CC=CC1=O","-0.6","0.0","1","G1","167.164","0.32299999999999995","42.95480000000002","12.0","3.0","1.0","4.0","3.0","64.0","1.0","0.0","0.0","1.0","59.3","69.07312688251217","2.697082485062572","329.0748996548373"
"F-53","5,5-dimethyl-2-phenyl-3H-imidazol-4-one","InChI=1S/C11H12N2O/c1-11(2)10(14)12-9(13-11)8-6-4-3-5-7-8/h3-7H,1-2H3,(H,12,13,14)","DEXSTSSPGXRLRY-UHFFFAOYSA-N","CC1(C)N=C(C2=CC=CC=C2)NC1=O","-0.85","0.0","1","G1","188.23","1.3416000000000001","55.200700000000026","14.0","2.0","1.0","3.0","1.0","72.0","1.0","0.0","1.0","2.0","41.46","82.85698930746271","2.3616415417199583","393.0083754006452"
"F-54","(6-nitro-1,3-benzodioxol-5-yl)methanol","InChI=1S/C8H7NO5/c10-3-5-1-7-8(14-4-13-7)2-6(5)9(11)12/h1-2,10H,3-4H2","XSKQKDTZQNFCCB-UHFFFAOYSA-N","C1OC2=C(O1)C=C(C(=C2)CO)[N+](=O)[O-]","-3.06","0.0","1","G1","197.14599999999996","0.8157999999999999","45.14220000000002","14.0","5.0","1.0","6.0","2.0","74.0","1.0","0.0","1.0","2.0","81.83","78.8297561284705","2.540229729128903","389.5631830986654"
"F-56","N-benzyl-5-oxahexacyclo[5.4.1.0^{2,6}.0^{3,10}.0^{4,8}.0^{9,12}]dodecan-4-amine","InChI=1S/C18H19NO/c1-2-4-8(5-3-1)7-19-18-15-10-6-9-11-12(10)16(18)14(11)17(20-18)13(9)15/h1-5,9-17,19H,6-7H2","AVESFRBKERIICX-UHFFFAOYSA-N","C1=CC=C(CNC23OC4C5C6CC(C7C6C4C72)C53)C=C1","-3.4","0.0","1","G1","265.356","2.2590000000000003","73.42270000000003","20.0","2.0","1.0","2.0","3.0","102.0","1.0","7.0","7.0","8.0","21.259999999999998","118.4391289841958","1.2925560098195636","619.5652100646425"
"F-59","1,1-dimethyl-3-oxo-2-benzofuran-5-carbonitrile","InChI=1S/C11H9NO2/c1-11(2)9-4-3-7(6-12)5-8(9)10(13)14-11/h3-5H,1-2H3","SHMZHRUWYIKGBF-UHFFFAOYSA-N","CC1(C)OC(=O)C2=C1C=CC(C#N)=C2","-2.91","0.0","1","G1","187.198","1.96378","49.59850000000003","14.0","3.0","0.0","3.0","0.0","70.0","1.0","0.0","1.0","2.0","50.09","81.91792954897012","2.64865280205476","454.8456027322138"
"F-62","7-prop-2-enylquinazolin-8-ol","InChI=1S/C11H10N2O/c1-2-3-8-4-5-9-6-12-7-13-10(9)11(8)14/h2,4-7,14H,1,3H2","RSUANXGCNJOXOI-UHFFFAOYSA-N","C=CCC1=CC=C2C=NC=NC2=C1O","-3.62","0.0","1","G1","186.21399999999997","2.0639","55.10380000000003","14.0","3.0","1.0","3.0","2.0","70.0","2.0","0.0","0.0","2.0","46.010000000000005","81.75182067632677","2.6803956725095546","479.6712678948352"
"F-67","10H-Phenothiazine","InChI=1S/C12H9NS/c1-3-7-11-9(5-1)13-10-6-2-4-8-12(10)14-11/h1-8,13H","WJFKNYWRSNBZNX-UHFFFAOYSA-N","C1=CC2=C(C=C1)SC1=C(C=CC=C1)N2","-5.59","0.4753713593526444","3","G5","199.27800000000002","3.894800000000002","60.289700000000025","14.0","2.0","1.0","2.0","0.0","68.0","2.0","0.0","1.0","3.0","12.03","87.15563838100506","2.124918321677156","391.75287485739244"
"F-70","1-Methyl-9H-pyrido[3,4-b]indole","InChI=1S/C12H10N2/c1-8-12-10(6-7-13-8)9-4-2-3-5-11(9)14-12/h2-7,14H,1H3","PSFDQSOCUJVVGF-UHFFFAOYSA-N","CC1=NC=CC2=C1NC1=C2C=CC=C1","-3.79","0.0","1","G1","182.226","3.0245200000000008","58.33670000000002","14.0","1.0","1.0","2.0","0.0","68.0","3.0","0.0","0.0","3.0","28.68","81.58848269932481","2.632728847245612","607.8208026305191"
"F-72","3,3-diethylpiperidine-2,6-dione","InChI=1S/C9H15NO2/c1-3-9(4-2)6-5-7(11)10-8(9)12/h3-6H2,1-2H3,(H,10,11,12)","CKCSUNHTSMNWOK-UHFFFAOYSA-N","CCC1(CC)CCC(=O)NC1=O","-4.53","0.0","1","G1","169.224","1.2293999999999998","45.39870000000002","12.0","2.0","1.0","3.0","2.0","68.0","0.0","1.0","1.0","1.0","46.17","72.52586317316877","2.770404971927327","206.57407497429568"
"F-73","ethyl 2-sulfanylidene-1~{H}-pyrimidine-5-carboxylate","InChI=1S/C7H8N2O2S/c1-2-11-6(10)5-3-8-7(12)9-4-5/h3-4H,2H2,1H3,(H,8,9,12)","XNHZQTRMBMPMTM-UHFFFAOYSA-N","CCOC(=O)C1=CNC(=S)N=C1","-1.74","0.0","1","G1","184.22","1.31589","45.378200000000014","12.0","4.0","1.0","5.0","2.0","64.0","1.0","0.0","0.0","1.0","54.980000000000004","74.59937300133532","2.8227171636208075","313.9283027025974"
"F-74","Dibenzothiophene 5,5-dioxide","InChI=1S/C12H8O2S/c13-15(14)11-7-3-1-5-9(11)10-6-2-4-8-12(10)15/h1-8H","IKJFYINYNJYDTA-UHFFFAOYSA-N","O=S1(=O)C2=C(C=CC=C2)C2=C1C=CC=C2","-4.57","0.0","1","G1","216.261","2.4998000000000005","57.329800000000034","15.0","2.0","0.0","3.0","0.0","74.0","2.0","0.0","1.0","3.0","34.14","88.10806455381837","2.531619996295538","590.6766248158908"
"F-80","3,6-diethyl-3,6-dimethylpiperazine-2,5-dione","InChI=1S/C10H18N2O2/c1-5-9(3)7(13)12-10(4,6-2)8(14)11-9/h5-6H2,1-4H3,(H,11,14)(H,12,13)","MRMALBRVIWCMRT-UHFFFAOYSA-N","CCC1(C)NC(=O)C(C)(CC)NC1=O","-1.92","0.0","1","G1","198.26599999999996","0.5697999999999996","53.677400000000034","14.0","2.0","2.0","4.0","2.0","80.0","0.0","1.0","1.0","1.0","58.2","84.44066747117341","2.931527247678635","249.29556359515868"
"F-81","phenothiazin-3-one","InChI=1S/C12H7NOS/c14-8-5-6-10-12(7-8)15-11-4-2-1-3-9(11)13-10/h1-7H","YKGCCFHSXQHWIG-UHFFFAOYSA-N","O=C1C=CC2=NC3=C(C=CC=C3)SC2=C1","-3.72","0.0","1","G1","213.26100000000002","2.761300000000001","62.51200000000002","15.0","3.0","0.0","3.0","0.0","72.0","1.0","0.0","2.0","3.0","29.96","90.18120764876575","2.4916469171013595","659.1254784392335"
"F-85","2-(4-methylphenyl)-1,3-benzothiazole","InChI=1S/C14H11NS/c1-10-6-8-11(9-7-10)14-15-12-4-2-3-5-13(12)16-14/h2-9H,1H3","JVPGYYNQTPWXGE-UHFFFAOYSA-N","CC1=CC=C(C2=NC3=C(C=CC=C3)S2)C=C1","-4.35","0.0","1","G1","225.31600000000003","4.271720000000002","69.79300000000003","16.0","2.0","0.0","2.0","1.0","78.0","3.0","0.0","0.0","3.0","12.89","98.39511522305084","2.150228179083263","589.535314052272"
"F-86","furo[3,2-g]chromen-7-one","InChI=1S/C11H6O3/c12-11-2-1-7-5-8-3-4-13-9(8)6-10(7)14-11/h1-6H","ZCCUUQDIBDJBTK-UHFFFAOYSA-N","O=C1C=CC2=C(C=C3OC=CC3=C2)O1","-3.74","0.0","1","G1","186.166","2.5392","52.25600000000002","14.0","3.0","0.0","3.0","0.0","68.0","3.0","0.0","0.0","3.0","43.35","78.55540037109702","2.564584551206422","660.6550392395076"
"F-87","3-hydroxy-2-methyl-1-phenylpyridin-4-one","InChI=1S/C12H11NO2/c1-9-12(15)11(14)7-8-13(9)10-5-3-2-4-6-10/h2-8,15H,1H3","BNXSABDYGOUQQI-UHFFFAOYSA-N","CC1=C(O)C(=O)C=CN1C1=CC=CC=C1","-2.03","0.0","1","G1","201.22500000000002","1.8515199999999998","58.44080000000003","15.0","3.0","1.0","3.0","1.0","76.0","2.0","0.0","0.0","2.0","42.23","87.23881475973921","2.654835820566775","529.0635373782367"
"F-88","3-hydroxy-2-methyl-1-(4-methylphenyl)pyridin-4-one","InChI=1S/C13H13NO2/c1-9-3-5-11(6-4-9)14-8-7-12(15)13(16)10(14)2/h3-8,16H,1-2H3","YKWMYPVOGWWSKR-UHFFFAOYSA-N","CC1=CC=C(N2C=CC(=O)C(O)=C2C)C=C1","-3.22","0.0","1","G1","215.252","2.1599399999999997","63.177800000000026","16.0","3.0","1.0","3.0","1.0","82.0","2.0","0.0","0.0","2.0","42.230000000000004","93.60375687413583","2.609573383003629","567.4767324017565"
"F-90","N-heptylpyridine-3-carboxamide","InChI=1S/C13H20N2O/c1-2-3-4-5-6-10-15-13(16)12-8-7-9-14-11-12/h7-9,11H,2-6,10H2,1H3,(H,15,16)","RHOBXEURCPVOGO-UHFFFAOYSA-N","CCCCCCCNC(=O)C1=CN=CC=C1","-3.2","0.0","1","G1","220.31600000000003","2.7818000000000005","65.32920000000004","16.0","2.0","1.0","3.0","7.0","88.0","1.0","0.0","0.0","1.0","41.99","97.28197229926815","2.116728158652159","298.0607206259411"
"F-93","2-Methyl-4,6-dioxo-1H-pyrimidine-5-carboxamide","InChI=1S/C6H7N3O3/c1-2-8-5(11)3(4(7)10)6(12)9-2/h3H,1H3,(H2,7,10)(H,8,9,11,12)","PWFVEUKVVSDJDO-UHFFFAOYSA-N","CC1=NC(=O)C(C(N)=O)C(=O)N1","-2.41","0.0","1","G1","169.14","-1.8373","38.9431","12.0","3.0","2.0","6.0","1.0","64.0","0.0","0.0","1.0","1.0","101.62","67.82777211289552","2.9836631464280323","294.41343573651113"
"F-96","7,9-dihydro-3H-purine-2,6,8-trione","InChI=1S/C5H4N4O3/c10-3-1-2(7-4(11)6-1)8-5(12)9-3/h(H4,6,7,8,9,10,11,12)","LEHOTFFKMJEONL-UHFFFAOYSA-N","O=C1NC(=O)C2=C(N1)NC(=O)N2","-3.62","0.20677588713387265","4","G5","168.112","-1.7672000000000003","40.16079999999999","12.0","3.0","4.0","7.0","0.0","62.0","2.0","0.0","0.0","2.0","114.36999999999998","63.46573831521731","3.183503280694596","582.7396315828354"
"F-97","6-sulfanylidene-7,9-dihydro-3H-purine-2,8-dione","InChI=1S/C5H4N4O2S/c10-4-6-1-2(7-4)8-5(11)9-3(1)12/h(H4,6,7,8,9,10,11,12)","SXHQUGJSTGOXMD-UHFFFAOYSA-N","O=C1NC(=S)C2=C(N1)NC(=O)N2","-4.04","0.0","1","G1","184.18","-0.39791000000000015","44.72479999999999","12.0","3.0","4.0","7.0","0.0","62.0","2.0","0.0","0.0","2.0","97.29999999999998","69.66299646237842","3.183503280694596","585.4945190849988"
"F-98","3,4-Dihydro-1H-1,4-benzodiazepine-2,5-dione","InChI=1S/C9H8N2O2/c12-8-5-10-9(13)6-3-1-2-4-7(6)11-8/h1-4H,5H2,(H,10,13)(H,11,12)","AZHGGDCFQPMANU-UHFFFAOYSA-N","O=C1CNC(=O)C2=C(C=CC=C2)N1","-2.85","0.0","1","G1","176.175","0.36850000000000027","47.40490000000001","13.0","2.0","2.0","4.0","0.0","66.0","1.0","0.0","1.0","2.0","58.2","74.94316687646118","2.49159521876861","373.6323805179054"
"F-100","N-(3-oxo-1H-2-benzofuran-5-yl)acetamide","InChI=1S/C10H9NO3/c1-6(12)11-8-3-2-7-5-14-10(13)9(7)4-8/h2-4H,5H2,1H3,(H,11,12)","CLPDGZLMLHDCOY-UHFFFAOYSA-N","CC(=O)NC1=CC2=C(C=C1)COC2=O","-2.6","0.0","1","G1","191.18599999999995","1.3154","49.865200000000016","14.0","3.0","1.0","4.0","1.0","72.0","1.0","0.0","1.0","2.0","55.4","80.87179203675663","2.3454754330381142","411.82817975029144"
"F-103","10-methylacridin-9-one","InChI=1S/C14H11NO/c1-15-12-8-4-2-6-10(12)14(16)11-7-3-5-9-13(11)15/h2-9H,1H3","XUVKSPPGPPFPQN-UHFFFAOYSA-N","CN1C2=C(C=CC=C2)C(=O)C2=C1C=CC=C2","-4.46","0.0","1","G1","209.24799999999996","2.691700000000001","66.69500000000004","16.0","2.0","0.0","2.0","0.0","78.0","3.0","0.0","0.0","3.0","22.0","92.75081586494962","2.726471456479917","680.3897192103879"
"F-107","3-Amino-2-phenyl-1H-1,2,4-triazol-5-one","InChI=1S/C8H8N4O/c9-7-10-8(13)11-12(7)6-4-2-1-3-5-6/h1-5H,(H3,9,10,11,13)","ZJPDGJGMGLILIS-UHFFFAOYSA-N","NC1=NC(=O)NN1C1=CC=CC=C1","-1.7","0.0","1","G1","176.179","0.14279999999999943","48.597100000000005","13.0","4.0","2.0","5.0","1.0","66.0","2.0","0.0","0.0","2.0","76.69999999999999","73.81679156052485","2.589634770118386","456.4963077594637"
"F-108","5,5-Bis[(E)-but-2-enyl]-1,3-diazinane-2,4,6-trione","InChI=1S/C12H16N2O3/c1-3-5-7-12(8-6-4-2)9(15)13-11(17)14-10(12)16/h3-6H,7-8H2,1-2H3,(H2,13,14,15,16,17)","OJXLDQJJHBLYOT-UHFFFAOYSA-N","CC=CCC1(CC=CC)C(=O)NC(=O)NC1=O","-2.2","0.0","1","G1","236.271","1.2711999999999999","62.97640000000003","17.0","3.0","2.0","5.0","4.0","92.0","0.0","1.0","1.0","1.0","75.27000000000001","99.9528677356419","3.0501135124751375","360.55492181215095"
"F-109","5-amino-2-phenyl-4~{H}-1,2,4-triazol-3-one","InChI=1S/C8H8N4O/c9-7-10-8(13)12(11-7)6-4-2-1-3-5-6/h1-5H,(H3,9,10,11,13)","UEWQTRNYJJIPSF-UHFFFAOYSA-N","NC1=NC(=O)N(C2=CC=CC=C2)N1","-2.47","0.0","1","G1","176.179","0.14279999999999965","48.597100000000005","13.0","4.0","2.0","5.0","1.0","66.0","2.0","0.0","0.0","2.0","76.69999999999999","73.81679156052485","2.593240566041836","456.4963077594637"
"F-113","5,5-diethyl-2-sulfanylidene-1,3-diazinane-4,6-dione","InChI=1S/C8H12N2O2S/c1-3-8(4-2)5(11)9-7(13)10-6(8)12/h3-4H2,1-2H3,(H2,9,10,11,12,13)","QGVNJRROSLYGKF-UHFFFAOYSA-N","CCC1(CC)C(=O)NC(=S)NC1=O","-2.32","0.020000000000000018","2","G3","200.26299999999998","0.32369999999999977","51.89840000000002","13.0","3.0","2.0","5.0","2.0","72.0","0.0","1.0","1.0","1.0","58.2","82.0695634895851","3.0073639750208327","249.31759197105998"
"F-117","2-(1,5-dimethylpyrazol-3-yl)oxypyridine","InChI=1S/C10H11N3O/c1-8-7-10(12-13(8)2)14-9-5-3-4-6-11-9/h3-7H,1-2H3","RSIACKNMAYEADD-UHFFFAOYSA-N","CC1=CC(OC2=CC=CC=N2)=NN1C","-0.98","0.0","1","G1","189.218","1.9158199999999994","52.25600000000003","14.0","4.0","0.0","4.0","2.0","72.0","2.0","0.0","0.0","2.0","39.940000000000005","82.15880822176845","2.19238146525715","402.6870839955985"
"F-118","4-(5-amino-1,3,4-oxadiazol-2-yl)phenol","InChI=1S/C8H7N3O2/c9-8-11-10-7(13-8)5-1-3-6(12)4-2-5/h1-4,12H,(H2,9,11)","IEQCJAQNEVFLQV-UHFFFAOYSA-N","NC1=NN=C(C2=CC=C(O)C=C2)O1","-0.77","0.0","1","G1","177.16299999999998","1.0243999999999998","45.811200000000014","13.0","5.0","2.0","5.0","1.0","66.0","2.0","0.0","0.0","2.0","85.17","73.8247005691443","2.411915221174502","407.5824177083131"
"F-119","methyl 5,9-dimethyl-7-oxopyrano[3,2-f][1]benzoxole-2-carboxylate","InChI=1S/C15H12O5/c1-7-4-12(16)20-14-8(2)13-9(5-10(7)14)6-11(19-13)15(17)18-3/h4-6H,1-3H3","QHXFAIJMLLYLES-UHFFFAOYSA-N","COC(=O)C1=CC2=CC3=C(OC(=O)C=C3C)C(C)=C2O1","-5.16","0.0","1","G1","272.256","2.9426400000000017","73.06950000000002","20.0","5.0","0.0","5.0","1.0","102.0","3.0","0.0","0.0","3.0","69.65","113.29023615823411","2.4336506585616235","897.894377767959"
"F-121","1,5-dimethyl-2,4,6,8-tetrazabicyclo[3.3.1]nonane-3,7-dione","InChI=1S/C7H12N4O2/c1-6-3-7(2,10-4(12)8-6)11-5(13)9-6/h3H2,1-2H3,(H2,8,10,12)(H2,9,11,13)","QFMIBLGAFJGHNN-UHFFFAOYSA-N","CC12CC(C)(NC(=O)N1)NC(=O)N2","-2.09","0.0","1","G1","184.199","-0.5654999999999994","44.76180000000001","13.0","2.0","4.0","6.0","0.0","72.0","0.0","2.0","2.0","2.0","82.26","75.43973434167044","2.3150933251114965","244.21712959883018"
"F-122","3,3,6,6-tetraethylpiperazine-2,5-dione","InChI=1S/C12H22N2O2/c1-5-11(6-2)9(15)14-12(7-3,8-4)10(16)13-11/h5-8H2,1-4H3,(H,13,16)(H,14,15)","TVVFKLAMNNXRRT-UHFFFAOYSA-N","CCC1(CC)NC(=O)C(CC)(CC)NC1=O","-2.31","0.0","1","G1","226.31999999999996","1.3499999999999996","62.91140000000004","16.0","2.0","2.0","4.0","4.0","92.0","0.0","1.0","1.0","1.0","58.2","97.17055169996662","3.021326666289327","261.39388572785725"
"F-123","2-(4-methyl-2,6-dioxo-3H-pyrimidin-5-yl)acetic acid","InChI=1S/C7H8N2O4/c1-3-4(2-5(10)11)6(12)9-7(13)8-3/h2H2,1H3,(H,10,11)(H2,8,9,12,13)","GFWWREGOTNQVGC-UHFFFAOYSA-N","CC1=C(CC(=O)O)C(=O)NC(=O)N1","-2.31","0.0","1","G1","184.15099999999998","-1.0012800000000002","43.76019999999999","13.0","3.0","3.0","6.0","2.0","70.0","1.0","0.0","0.0","1.0","103.01999999999998","72.24432547690711","3.292172550652373","442.5411437451006"
"F-128","N-diethylsulfinamoyl-N-ethylethanamine","InChI=1S/C8H20N2OS/c1-5-9(6-2)12(11)10(7-3)8-4/h5-8H2,1-4H3","BVVRZSKVUVJJAJ-UHFFFAOYSA-N","CCN(CC)S(=O)N(CC)CC","-1.28","0.0","1","G1","192.32799999999997","1.2487","53.98440000000004","12.0","1.0","0.0","4.0","6.0","74.0","0.0","0.0","0.0","0.0","23.550000000000004","78.45852239384544","4.12243352441181","119.01955000865388"
"F-129","2-(2-cyanoethylamino)-3-methylbutanoic acid","InChI=1S/C8H14N2O2/c1-6(2)7(8(11)12)10-5-3-4-9/h6-7,10H,3,5H2,1-2H3,(H,11,12)","RXNXODTWPQTIHO-UHFFFAOYSA-N","CC(C)C(NCCC#N)C(=O)O","-1.12","0.0","1","G1","170.212","0.5988799999999999","44.494500000000016","12.0","3.0","2.0","4.0","5.0","68.0","0.0","0.0","0.0","0.0","73.12","72.19204354592235","3.81901097661859","183.98710676103488"
"F-130","2-(2-cyanoethylamino)-3-methylpentanoic acid","InChI=1S/C9H16N2O2/c1-3-7(2)8(9(12)13)11-6-4-5-10/h7-8,11H,3-4,6H2,1-2H3,(H,12,13)","SYLKPFKVJHIHES-UHFFFAOYSA-N","CCC(C)C(NCCC#N)C(=O)O","-0.98","0.0","1","G1","184.23899999999998","0.9889800000000002","49.11150000000003","13.0","3.0","2.0","4.0","6.0","74.0","0.0","0.0","0.0","0.0","73.12","78.55698566031897","3.9634978170458863","198.28160753856756"
"F-131","2-(bis(2-cyanoethyl)amino)propanoic acid","InChI=1S/C9H13N3O2/c1-8(9(13)14)12(6-2-4-10)7-3-5-11/h8H,2-3,6-7H2,1H3,(H,13,14)","LLIQJKREYJVRFV-UHFFFAOYSA-N","CC(C(=O)O)N(CCC#N)CCC#N","-0.17","0.0","1","G1","195.22199999999998","0.5888600000000002","49.13080000000003","14.0","4.0","1.0","5.0","6.0","76.0","0.0","0.0","0.0","0.0","88.12","83.159536828383","4.172050436496847","246.2110820202341"
"F-135","hydroxy-[4-[hydroxy(oxo)azaniumyl]oxybutoxy]-oxoazanium","InChI=1S/C4H10N2O6/c7-5(8)11-3-1-2-4-12-6(9)10/h1-4H2,(H,7,8)(H,9,10)/q+2","YGKFPOVIXWPUAJ-UHFFFAOYSA-N","C(CCO[N+](=O)O)CO[N+](=O)O","-1.68","0.0","1","G1","182.132","-0.0339999999999997","31.965799999999994","12.0","4.0","2.0","8.0","7.0","70.0","0.0","0.0","0.0","0.0","99.08000000000001","67.27519627398868","3.0073056362946593","141.6270750562502"
"F-136","Tributyl phosphate","InChI=1S/C12H27O4P/c1-4-7-10-14-17(13,15-11-8-5-2)16-12-9-6-3/h4-12H2,1-3H3","STCOOQWBFONSKY-UHFFFAOYSA-N","CCCCOP(=O)(OCCCC)OCCCC","-2.85","0.06410000000000005","2","G3","266.3179999999999","4.544600000000004","70.18650000000007","17.0","4.0","0.0","5.0","12.0","104.0","0.0","0.0","0.0","0.0","44.760000000000005","105.64386064918796","3.998982972846674","175.3980969974987"
"F-137","hydroxy-[4-[hydroxy(oxo)azaniumyl]oxybutan-2-yloxy]-oxoazanium","InChI=1S/C4H10N2O6/c1-4(12-6(9)10)2-3-11-5(7)8/h4H,2-3H2,1H3,(H,7,8)(H,9,10)/q+2","RUGZMHYBSQOFLR-UHFFFAOYSA-N","CC(CCO[N+](=O)O)O[N+](=O)O","-1.66","0.0","1","G1","182.132","-0.035599999999999965","31.943799999999992","12.0","4.0","2.0","8.0","6.0","70.0","0.0","0.0","0.0","0.0","99.08000000000001","67.27519627398868","3.37081563688415","170.93102051518318"
"F-138","2-[[2-[(2-aminoacetyl)amino]acetyl]amino]acetic acid","InChI=1S/C6H11N3O4/c7-1-4(10)8-2-5(11)9-3-6(12)13/h1-3,7H2,(H,8,10)(H,9,11)(H,12,13)","XKUKSGPZAADMRA-UHFFFAOYSA-N","NCC(=O)NCC(=O)NCC(=O)O","-0.53","0.010149999999999992","2","G3","189.17099999999996","-2.737899999999999","42.70960000000001","13.0","4.0","4.0","7.0","5.0","74.0","0.0","0.0","0.0","0.0","121.52","74.2823767163687","3.515971525738806","215.9249038079664"
"F-139","hydroxy-[4-[hydroxy(oxo)azaniumyl]oxypentan-2-yloxy]-oxoazanium","InChI=1S/C5H12N2O6/c1-4(12-6(8)9)3-5(2)13-7(10)11/h4-5H,3H2,1-2H3,(H,8,9)(H,10,11)/q+2","YMLQURXMZDMOFD-UHFFFAOYSA-N","CC(CC(C)O[N+](=O)O)O[N+](=O)O","-2.22","0.0","1","G1","196.15900000000002","0.3529000000000001","36.538799999999995","13.0","4.0","2.0","8.0","6.0","76.0","0.0","0.0","0.0","0.0","99.08000000000001","73.64013838838528","3.703430004336246","175.4636326137784"
"F-140","hydroxy-[5-[hydroxy(oxo)azaniumyl]oxypentoxy]-oxoazanium","InChI=1S/C5H12N2O6/c8-6(9)12-4-2-1-3-5-13-7(10)11/h1-5H2,(H,8,9)(H,10,11)/q+2","XYXJYNMWAQDFCL-UHFFFAOYSA-N","C(CCO[N+](=O)O)CCO[N+](=O)O","-2.19","0.0","1","G1","196.159","0.3561000000000002","36.5828","13.0","4.0","2.0","8.0","8.0","76.0","0.0","0.0","0.0","0.0","99.08000000000001","73.64013838838528","2.9961049979124525","154.4075463679267"
"F-141","N,N-Bis(2-cyanoethyl)leucine","InChI=1S/C12H19N3O2/c1-10(2)9-11(12(16)17)15(7-3-5-13)8-4-6-14/h10-11H,3-4,7-9H2,1-2H3,(H,16,17)","MJPVXUCPOHIGDM-UHFFFAOYSA-N","CC(C)CC(C(=O)O)N(CCC#N)CCC#N","-1.14","0.0","1","G1","237.3029999999999","1.6150600000000002","62.911800000000035","17.0","4.0","1.0","5.0","8.0","94.0","0.0","0.0","0.0","0.0","88.12","102.25436317157282","4.619432191469112","296.69288078178454"
"F-142","hydroxy-[5-[hydroxy(oxo)azaniumyl]oxyhexan-2-yloxy]-oxoazanium","InChI=1S/C6H14N2O6/c1-5(13-7(9)10)3-4-6(2)14-8(11)12/h5-6H,3-4H2,1-2H3,(H,9,10)(H,11,12)/q+2","BNKYXIYUCSAIFP-UHFFFAOYSA-N","CC(CCC(C)O[N+](=O)O)O[N+](=O)O","-2.68","0.0","1","G1","210.186","0.7429999999999999","41.155800000000006","14.0","4.0","2.0","8.0","7.0","82.0","0.0","0.0","0.0","0.0","99.08000000000001","80.0050805027819","3.5991688863717752","186.49841012019368"
"F-144","(2E)-2-(2,3,4,5-Tetrahydroxyhexylidene)hydrazinecarboxamide","InChI=1S/C7H15N3O5/c1-3(11)5(13)6(14)4(12)2-9-10-7(8)15/h2-6,11-14H,1H3,(H3,8,10,15)","BCQKJGFEDOLLJL-UHFFFAOYSA-N","CC(O)C(O)C(O)C(O)C=NNC(N)=O","-0.7","0.0","1","G1","221.213","-2.896000000000001","50.91230000000002","15.0","6.0","6.0","8.0","5.0","88.0","0.0","0.0","0.0","0.0","148.4","86.02257220975287","4.13856315901519","232.66554653773983"
"F-146","2-amino-3-[2-(2-amino-3-hydroxy-3-oxopropyl)sulfanylethylsulfanyl]propanoic acid","InChI=1S/C8H16N2O4S2/c9-5(7(11)12)3-15-1-2-16-4-6(10)8(13)14/h5-6H,1-4,9-10H2,(H,11,12)(H,13,14)","MJARHCRAWLXDKO-UHFFFAOYSA-N","NC(CSCCSCC(N)C(=O)O)C(=O)O","-2.85","0.0","1","G1","268.35999999999996","-0.7233999999999987","65.87240000000001","16.0","6.0","4.0","8.0","9.0","94.0","0.0","0.0","0.0","0.0","126.64","102.1313589778413","3.3428792696282237","216.07820003461555"
"F-147","2-amino-3-[3-(2-amino-3-hydroxy-3-oxopropyl)sulfanylpropylsulfanyl]propanoic acid","InChI=1S/C9H18N2O4S2/c10-6(8(12)13)4-16-2-1-3-17-5-7(11)9(14)15/h6-7H,1-5,10-11H2,(H,12,13)(H,14,15)","SCEZRAOBEAEWPA-UHFFFAOYSA-N","NC(CSCCCSCC(N)C(=O)O)C(=O)O","-2.49","0.0","1","G1","282.387","-0.3332999999999991","70.48940000000002","17.0","6.0","4.0","8.0","10.0","100.0","0.0","0.0","0.0","0.0","126.64","108.49630109223791","3.2992882911681427","229.1503527770112"
"F-148","2-amino-3-[4-(2-amino-3-hydroxy-3-oxopropyl)sulfanylbutylsulfanyl]propanoic acid","InChI=1S/C10H20N2O4S2/c11-7(9(13)14)5-17-3-1-2-4-18-6-8(12)10(15)16/h7-8H,1-6,11-12H2,(H,13,14)(H,15,16)","SSJLDPRNDPUJAU-UHFFFAOYSA-N","NC(CSCCCCSCC(N)C(=O)O)C(=O)O","-3.62","0.0","1","G1","296.41400000000004","0.05680000000000052","75.10640000000002","18.0","6.0","4.0","8.0","11.0","106.0","0.0","0.0","0.0","0.0","126.64","114.86124320663451","3.264300200687926","240.26223442042485"
"F-150","2-amino-3-[5-(2-amino-3-hydroxy-3-oxopropyl)sulfanylpentylsulfanyl]propanoic acid","InChI=1S/C11H22N2O4S2/c12-8(10(14)15)6-18-4-2-1-3-5-19-7-9(13)11(16)17/h8-9H,1-7,12-13H2,(H,14,15)(H,16,17)","ATZQWAYWRBSTCE-UHFFFAOYSA-N","NC(CSCCCCCSCC(N)C(=O)O)C(=O)O","-2.91","0.0","1","G1","310.44100000000003","0.4469000000000003","79.72340000000003","19.0","6.0","4.0","8.0","12.0","112.0","0.0","0.0","0.0","0.0","126.64","121.22618532103112","3.235917135517901","253.42080006724512"
"F-151","2-amino-3-[6-(2-amino-3-hydroxy-3-oxopropyl)sulfanylhexylsulfanyl]propanoic acid","InChI=1S/C12H24N2O4S2/c13-9(11(15)16)7-19-5-3-1-2-4-6-20-8-10(14)12(17)18/h9-10H,1-8,13-14H2,(H,15,16)(H,17,18)","LKJMQGLNYBMDEF-UHFFFAOYSA-N","NC(CSCCCCCCSCC(N)C(=O)O)C(=O)O","-2.77","0.0","1","G1","324.468","0.837","84.34040000000003","20.0","6.0","4.0","8.0","13.0","118.0","0.0","0.0","0.0","0.0","126.64","127.59112743542774","3.212678161849479","264.6308875243192"
"F-152","2,8-Dihydroxyadenine","InChI=1S/C5H5N5O2/c6-2-1-3(9-4(11)7-1)10-5(12)8-2/h(H5,6,7,8,9,10,11,12)","XFBOJHLYDJZYSP-UHFFFAOYSA-N","NC1=C2NC(=O)N=C2NC(=O)N1","-3.46","0.0","1","G1","167.12800000000001","-1.5267000000000004","40.86349999999998","12.0","4.0","4.0","7.0","0.0","62.0","0.0","0.0","2.0","2.0","120.41999999999999","64.99856146665066","2.969548295041432","491.48854406429615"
"F-154","2-[[2-[2-[(2-aminoacetyl)amino]propanoylamino]-4-methylpentanoyl]amino]-3-methylbutanoic acid","InChI=1S/C16H30N4O5/c1-8(2)6-11(15(23)20-13(9(3)4)16(24)25)19-14(22)10(5)18-12(21)7-17/h8-11,13H,6-7,17H2,1-5H3,(H,18,21)(H,19,22)(H,20,23)(H,24,25)","PAPARZBEAJESED-UHFFFAOYSA-N","CC(C)CC(NC(=O)C(C)NC(=O)CN)C(=O)NC(C(=O)O)C(C)C","-2.13","0.0","1","G1","358.439","-0.7938999999999963","92.44930000000005","25.0","5.0","5.0","9.0","10.0","144.0","0.0","0.0","0.0","0.0","150.61999999999998","147.64318214398665","5.0446303447773495","492.9167467100136"
"F-156","hexyl 2-hydroxypropanoate","InChI=1S/C9H18O3/c1-3-4-5-6-7-12-9(11)8(2)10/h8,10H,3-7H2,1-2H3","KDPXOGYCOOUWOS-UHFFFAOYSA-N","CCCCCCOC(=O)C(C)O","-1.14","0.0","1","G1","174.24","1.4907","46.781800000000025","12.0","3.0","1.0","3.0","6.0","72.0","0.0","0.0","0.0","0.0","46.53","73.72808902474905","3.143237500372718","120.94205536176516"
"F-159","2-acetamido-3-methylpentanoic acid","InChI=1S/C8H15NO3/c1-4-5(2)7(8(11)12)9-6(3)10/h5,7H,4H2,1-3H3,(H,9,10)(H,11,12)","JDTWZSUNGHMMJM-UHFFFAOYSA-N","CCC(C)C(NC(C)=O)C(=O)O","-0.69","0.2469446028464684","4","G5","173.212","0.6218000000000001","44.69550000000001","12.0","2.0","2.0","4.0","4.0","70.0","0.0","0.0","0.0","0.0","66.4","71.9609859644974","4.2241727825466","179.1417863019849"
"F-160","hydroxy-[3-[hydroxy(oxo)azaniumyl]oxybutan-2-yloxy]-oxoazanium","InChI=1S/C4H10N2O6/c1-3(11-5(7)8)4(2)12-6(9)10/h3-4H,1-2H3,(H,7,8)(H,9,10)/q+2","NRIAWHNANBCNBY-UHFFFAOYSA-N","CC(C(C)O[N+](=O)O)O[N+](=O)O","-1.89","0.0","1","G1","182.132","-0.03719999999999979","31.921799999999994","12.0","4.0","2.0","8.0","5.0","70.0","0.0","0.0","0.0","0.0","99.08000000000001","67.27519627398868","3.8336591607261026","162.38689879982144"
"F-162","2-(carbamoylamino)hexanoic acid","InChI=1S/C7H14N2O3/c1-2-3-4-5(6(10)11)9-7(8)12/h5H,2-4H2,1H3,(H,10,11)(H3,8,9,12)","CRTBNFJSWPZSQM-UHFFFAOYSA-N","CCCCC(NC(N)=O)C(=O)O","-2.16","0.0","1","G1","174.2","0.2980999999999999","43.6679","12.0","2.0","3.0","5.0","5.0","70.0","0.0","0.0","0.0","0.0","92.42","70.9359345471135","3.8654245531887197","170.0344235629434"
"F-163","2-acetamido-4-methylsulfanylbutanoic acid","InChI=1S/C7H13NO3S/c1-5(9)8-6(7(10)11)3-4-12-2/h6H,3-4H2,1-2H3,(H,8,9)(H,10,11)","XUYPXLNMDZIRQH-UHFFFAOYSA-N","CSCCC(NC(C)=O)C(=O)O","0.03","0.08775","2","G3","191.25199999999998","0.3288","48.23950000000002","12.0","3.0","2.0","5.0","5.0","70.0","0.0","0.0","0.0","0.0","66.4","75.71915387546603","3.8654245531887197","172.0344235629434"
"F-164","1,2-bis(2-chloroethylsulfinyl)ethane","InChI=1S/C6H12Cl2O2S2/c7-1-3-11(9)5-6-12(10)4-2-8/h1-6H2","NSCXMOJHKQIMKA-UHFFFAOYSA-N","O=S(CCCl)CCS(=O)CCCl","-2.04","0.0","1","G1","251.2","0.9614","57.19280000000003","12.0","2.0","0.0","6.0","7.0","74.0","0.0","0.0","0.0","0.0","34.14","87.91900246072775","3.402570682630092","145.6270750562502"
"F-165","2-(1-hydroxy-1-oxopropan-2-yl)disulfanylpropanoic acid","InChI=1S/C6H10O4S2/c1-3(5(7)8)11-12-4(2)6(9)10/h3-4H,1-2H3,(H,7,8)(H,9,10)","UTDRPUGFHHVEDG-UHFFFAOYSA-N","CC(SSC(C)C(=O)O)C(=O)O","-0.62","0.0","1","G1","210.27599999999998","1.3139999999999998","49.37760000000001","12.0","4.0","2.0","6.0","5.0","70.0","0.0","0.0","0.0","0.0","74.6","78.12165544137228","3.6806583316694943","162.38689879982144"
"F-166","2-[(2-aminoacetyl)amino]-4-methylpentanoic acid","InChI=1S/C8H16N2O3/c1-5(2)3-6(8(12)13)10-7(11)4-9/h5-6H,3-4,9H2,1-2H3,(H,10,11)(H,12,13)","DKEXFJVMVGETOO-UHFFFAOYSA-N","CC(C)CC(NC(=O)CN)C(=O)O","-0.43","0.0","1","G1","188.22699999999998","-0.43939999999999874","48.07590000000001","13.0","3.0","3.0","5.0","5.0","76.0","0.0","0.0","0.0","0.0","92.42","77.30087666151012","4.099242403625175","191.82816059037867"
"F-167","2-(1-hydroxy-1-oxobutan-2-yl)sulfanylbutanoic acid","InChI=1S/C8H14O4S/c1-3-5(7(9)10)13-6(4-2)8(11)12/h5-6H,3-4H2,1-2H3,(H,9,10)(H,11,12)","IQJONTHXEYNKMB-UHFFFAOYSA-N","CCC(SC(CC)C(=O)O)C(=O)O","-0.71","0.0","1","G1","206.26299999999998","1.446","51.020600000000016","13.0","3.0","2.0","5.0","6.0","76.0","0.0","0.0","0.0","0.0","74.6","81.32846755845063","4.1902509574435856","172.58304809254213"
"F-168","2-[(1-hydroxy-1-oxopropan-2-yl)sulfanylmethylsulfanyl]propanoic acid","InChI=1S/C7H12O4S2/c1-4(6(8)9)12-3-13-5(2)7(10)11/h4-5H,3H2,1-2H3,(H,8,9)(H,10,11)","MWRZTYMWLMGRRT-UHFFFAOYSA-N","CC(SCSC(C)C(=O)O)C(=O)O","-1.82","0.0","1","G1","224.303","1.3564999999999998","54.24460000000001","13.0","4.0","2.0","6.0","6.0","76.0","0.0","0.0","0.0","0.0","74.6","85.08663546941925","3.559599938256415","174.93156363813893"
"F-169","3,4-Dideoxy-2,5-di-S-methyl-2,5-dithiohexaric acid","InChI=1S/C8H14O4S2/c1-13-5(7(9)10)3-4-6(14-2)8(11)12/h5-6H,3-4H2,1-2H3,(H,9,10)(H,11,12)","LOXRKSOJHDUMJE-UHFFFAOYSA-N","CSC(CCC(SC)C(=O)O)C(=O)O","-2.89","0.0","1","G1","238.32999999999998","1.399","59.111600000000024","14.0","4.0","2.0","6.0","7.0","82.0","0.0","0.0","0.0","0.0","74.6","91.45157758381588","3.9991719994220065","185.51796012884756"
"F-170","2-[(2-amino-3-methylbutanoyl)amino]-3-methylbutanoic acid","InChI=1S/C10H20N2O3/c1-5(2)7(11)9(13)12-8(6(3)4)10(14)15/h5-8H,11H2,1-4H3,(H,12,13)(H,14,15)","KRNYOVHEKOBTEF-UHFFFAOYSA-N","CC(C)C(N)C(=O)NC(C(=O)O)C(C)C","-0.4","0.0","1","G1","216.28099999999998","0.19510000000000027","57.21790000000003","15.0","3.0","3.0","5.0","5.0","88.0","0.0","0.0","0.0","0.0","92.42","90.03076089030331","4.425354612608196","238.82199997182687"
"F-171","2-amino-3-(2-amino-3-hydroxy-3-oxopropyl)sulfanylpropanoic acid","InChI=1S/C6H12N2O4S/c7-3(5(9)10)1-13-2-4(8)6(11)12/h3-4H,1-2,7-8H2,(H,9,10)(H,11,12)","DWPCPZJAHOETAG-UHFFFAOYSA-N","NC(CSCC(N)C(=O)O)C(=O)O","-2.56","0.0","1","G1","208.239","-1.456599999999999","48.547399999999996","13.0","5.0","4.0","7.0","6.0","76.0","0.0","0.0","0.0","0.0","126.64","79.27836472368281","3.559599938256415","179.07327308821522"
"F-172","2-[(2-amino-4-methylpentanoyl)amino]-3-methylbutanoic acid","InChI=1S/C11H22N2O3/c1-6(2)5-8(12)10(14)13-9(7(3)4)11(15)16/h6-9H,5,12H2,1-4H3,(H,13,14)(H,15,16)","MDSUKZSLOATHMH-UHFFFAOYSA-N","CC(C)CC(N)C(=O)NC(C(=O)O)C(C)C","-0.17","0.0","1","G1","230.308","0.5851999999999999","61.83490000000003","16.0","3.0","3.0","5.0","6.0","94.0","0.0","0.0","0.0","0.0","92.42","96.39570300469993","4.348588568760844","251.61423003616312"
"F-173","2-acetamidopentanedioic acid","InChI=1S/C7H11NO5/c1-4(9)8-5(7(12)13)2-3-6(10)11/h5H,2-3H2,1H3,(H,8,9)(H,10,11)(H,12,13)","RFMMMVDNIPUKGG-UHFFFAOYSA-N","CC(=O)NC(CCC(=O)O)C(=O)O","-0.71","0.0","1","G1","189.167","-0.5594999999999994","42.1103","13.0","3.0","3.0","6.0","5.0","74.0","0.0","0.0","0.0","0.0","103.7","74.55179970234056","4.023176700858032","224.9227914416097"
"F-174","D-Xylose, (aminocarbonyl)hydrazone","InChI=1S/C6H13N3O5/c7-6(14)9-8-1-3(11)5(13)4(12)2-10/h1,3-5,10-13H,2H2,(H3,7,9,14)","HJUOUZOJKPIETD-UHFFFAOYSA-N","NC(=O)NN=CC(O)C(O)C(O)CO","0.02","0.0","1","G1","207.186","-3.2845","46.31730000000002","14.0","6.0","6.0","8.0","5.0","82.0","0.0","0.0","0.0","0.0","148.4","79.65763009535625","3.9938304188992175","209.6436571479203"
"F-175","2-ethylsulfanylcarbothioyloxybutanedioic acid","InChI=1S/C7H10O5S2/c1-2-14-7(13)12-4(6(10)11)3-5(8)9/h4H,2-3H2,1H3,(H,8,9)(H,10,11)","RUJQWWFINDNZLG-UHFFFAOYSA-N","CCSC(=S)OC(CC(=O)O)C(=O)O","-1.29","0.0","1","G1","238.28599999999997","0.9689000000000001","55.49160000000001","14.0","5.0","2.0","7.0","5.0","80.0","0.0","0.0","0.0","0.0","83.83","90.43585092076577","4.156857495504796","240.23465346870267"
"F-176","4-Amino-2-[(ethoxycarbonothioyl)sulfanyl]-4-oxobutanoic acid","InChI=1S/C7H11NO4S2/c1-2-12-7(13)14-4(6(10)11)3-5(8)9/h4H,2-3H2,1H3,(H2,8,9)(H,10,11)","VWGMZPHYCBJJHN-UHFFFAOYSA-N","CCOC(=S)SC(CC(N)=O)C(=O)O","-1.7","0.0","1","G1","237.302","0.3696000000000002","57.05020000000001","14.0","5.0","2.0","7.0","5.0","80.0","0.0","0.0","0.0","0.0","89.62","90.98150786558249","4.156857495504796","243.8442939431395"
"F-177","2-ethoxycarbothioylsulfanylbutanedioic acid","InChI=1S/C7H10O5S2/c1-2-12-7(13)14-4(6(10)11)3-5(8)9/h4H,2-3H2,1H3,(H,8,9)(H,10,11)","CACCMDSRNBZWGQ-UHFFFAOYSA-N","CCOC(=S)SC(CC(=O)O)C(=O)O","-1.19","0.09744999999999998","2","G3","238.286","0.9689000000000001","55.49160000000001","14.0","5.0","2.0","7.0","5.0","80.0","0.0","0.0","0.0","0.0","83.83","90.43585092076579","4.156857495504796","240.23465346870267"
"F-179","3,4-Dideoxy-2,5-di-S-ethyl-2,5-dithiohexaric acid","InChI=1S/C10H18O4S2/c1-3-15-7(9(11)12)5-6-8(10(13)14)16-4-2/h7-8H,3-6H2,1-2H3,(H,11,12)(H,13,14)","BCUWMWRGIOYNAU-UHFFFAOYSA-N","CCSC(CCC(SCC)C(=O)O)C(=O)O","-1.36","0.0","1","G1","266.38399999999996","2.1792","68.34560000000005","16.0","4.0","2.0","6.0","9.0","94.0","0.0","0.0","0.0","0.0","74.6","104.18146181260909","4.139033706260658","208.8589190857419"
"F-180","2-[(2-amino-4-methylpentanoyl)amino]-4-methylpentanoic acid","InChI=1S/C12H24N2O3/c1-7(2)5-9(13)11(15)14-10(12(16)17)6-8(3)4/h7-10H,5-6,13H2,1-4H3,(H,14,15)(H,16,17)","LCPYQJIKPJDLLB-UHFFFAOYSA-N","CC(C)CC(N)C(=O)NC(CC(C)C)C(=O)O","-0.69","0.0","1","G1","244.33499999999998","0.9753000000000005","66.45190000000004","17.0","3.0","3.0","5.0","7.0","100.0","0.0","0.0","0.0","0.0","92.42","102.76064511909654","4.345631850465278","264.47635590726577"
"F-181","2-amino-4-(3-amino-4-hydroxy-4-oxobutyl)disulfanylbutanoic acid","InChI=1S/C8H16N2O4S2/c9-5(7(11)12)1-3-15-16-4-2-6(10)8(13)14/h5-6H,1-4,9-10H2,(H,11,12)(H,13,14)","ZTVZLYBCZNMWCF-UHFFFAOYSA-N","NC(CCSSCCC(N)C(=O)O)C(=O)O","-3.12","0.0","1","G1","268.35999999999996","-0.028200000000000114","65.37240000000001","16.0","6.0","4.0","8.0","9.0","94.0","0.0","0.0","0.0","0.0","126.64","101.53132106419096","3.3428792696282237","216.07820003461555"
"F-182","2,5-Di-S-allyl-3,4-dideoxy-2,5-dithiohexaric acid","InChI=1S/C12H18O4S2/c1-3-7-17-9(11(13)14)5-6-10(12(15)16)18-8-4-2/h3-4,9-10H,1-2,5-8H2,(H,13,14)(H,15,16)","WOINBLKRRRAPGG-UHFFFAOYSA-N","C=CCSC(CCC(SCC=C)C(=O)O)C(=O)O","-2.2","0.0","1","G1","290.406","2.5113999999999996","77.39160000000004","18.0","4.0","2.0","6.0","11.0","102.0","0.0","0.0","0.0","0.0","74.6","115.53213997703381","4.259778941266711","274.45253575381884"
"F-183","2-[[2-[(2-amino-4-methylpentanoyl)amino]acetyl]amino]acetic acid","InChI=1S/C10H19N3O4/c1-6(2)3-7(11)10(17)13-4-8(14)12-5-9(15)16/h6-7H,3-5,11H2,1-2H3,(H,12,14)(H,13,17)(H,15,16)","VWHGTYCRDRBSFI-UHFFFAOYSA-N","CC(C)CC(N)C(=O)NCC(=O)NCC(=O)O","0.31","0.0","1","G1","245.27899999999997","-1.3231999999999977","61.08560000000002","17.0","4.0","4.0","7.0","7.0","98.0","0.0","0.0","0.0","0.0","121.52","99.74214517395515","3.827406376406721","291.27559756761787"
"F-184","N-(2-Bromo-4-methylpentanoyl)alanylalanine","InChI=1S/C12H21BrN2O4/c1-6(2)5-9(13)11(17)14-7(3)10(16)15-8(4)12(18)19/h6-9H,5H2,1-4H3,(H,14,17)(H,15,16)(H,18,19)","FELVZCWCSXALEG-UHFFFAOYSA-N","CC(C)CC(Br)C(=O)NC(C)C(=O)NC(C)C(=O)O","-1.43","0.0","1","G1","337.21400000000006","0.8899999999999997","75.01520000000004","19.0","3.0","3.0","7.0","7.0","110.0","0.0","0.0","0.0","0.0","95.50000000000001","120.999686311377","4.286202045456432","346.62108462443217"
"F-185","2-[[2-[(2-aminoacetyl)amino]acetyl]amino]-4-methylpentanoic acid","InChI=1S/C10H19N3O4/c1-6(2)3-7(10(16)17)13-9(15)5-12-8(14)4-11/h6-7H,3-5,11H2,1-2H3,(H,12,14)(H,13,15)(H,16,17)","XPJBQTCXPJNIFE-UHFFFAOYSA-N","CC(C)CC(NC(=O)CNC(=O)CN)C(=O)O","-0.11","0.0","1","G1","245.27899999999997","-1.3231999999999973","61.08560000000002","17.0","4.0","4.0","7.0","7.0","98.0","0.0","0.0","0.0","0.0","121.52","99.74214517395515","4.126835331307914","291.27559756761787"
"F-186","(1,2,4,5-tetraacetyloxy-1-methoxypentan-3-yl) acetate","InChI=1S/C16H24O11/c1-8(17)23-7-13(24-9(2)18)14(25-10(3)19)15(26-11(4)20)16(22-6)27-12(5)21/h13-16H,7H2,1-6H3","UFMJMAPQIWYKER-UHFFFAOYSA-N","COC(OC(C)=O)C(OC(C)=O)C(OC(C)=O)C(COC(C)=O)OC(C)=O","-1.82","0.0","1","G1","392.3570000000002","-0.1197999999999988","85.85800000000005","27.0","11.0","0.0","11.0","10.0","154.0","0.0","0.0","0.0","0.0","140.73000000000002","155.7022646210388","5.963686692978927","556.569779476694"
"F-189","5-nitrothiophene-2-carbohydrazide","InChI=1S/C5H5N3O3S/c6-7-5(9)3-1-2-4(12-3)8(10)11/h1-2H,6H2,(H,7,9)","HYYOPSIKJXWRID-UHFFFAOYSA-N","C1=C(SC(=C1)[N+](=O)[O-])C(=O)NN","-1.97","0.0","1","G1","187.17999999999998","0.2598000000000002","42.627","12.0","5.0","2.0","7.0","2.0","64.0","1.0","0.0","0.0","1.0","98.25999999999999","71.11109522770435","2.9120812188252145","321.4932758561917"
"F-192","1,3-benzothiazole-2-sulfonamide","InChI=1S/C7H6N2O2S2/c8-13(10,11)7-9-5-3-1-2-4-6(5)12-7/h1-4H,(H2,8,10,11)","SDYMYAFSQACTQP-UHFFFAOYSA-N","NS(=O)(=O)C1=NC2=C(C=CC=C2)S1","-2.63","0.0","1","G1","214.27100000000002","0.9437000000000003","50.993200000000016","13.0","4.0","1.0","6.0","1.0","68.0","2.0","0.0","0.0","2.0","73.05000000000001","79.07374549201798","2.7670721155053037","511.3728135904681"
"F-193","octanebis(thioic S-acid)","InChI=1S/C8H14O2S2/c9-7(11)5-3-1-2-4-6-8(10)12/h1-6H2,(H,9,11)(H,10,12)","OITULTNTMHGRLX-UHFFFAOYSA-N","OC(=S)CCCCCCC(O)=S","-2.24","0.0","1","G1","206.332","3.097800000000001","58.15560000000003","12.0","2.0","2.0","4.0","7.0","70.0","0.0","0.0","0.0","0.0","40.46","83.5998738274076","3.0073056362946593","139.1368500605771"
"F-195","N'-butanoylbutanehydrazide","InChI=1S/C8H16N2O2/c1-3-5-7(11)9-10-8(12)6-4-2/h3-6H2,1-2H3,(H,9,11)(H,10,12)","YSGWZHXCNJWCBN-UHFFFAOYSA-N","CCCC(=O)NNC(=O)CCC","-1.0","0.0","1","G1","172.22799999999995","0.7339999999999997","46.10140000000002","12.0","2.0","2.0","4.0","4.0","70.0","0.0","0.0","0.0","0.0","58.2","72.68675041614439","3.402570682630092","139.1368500605771"
"F-197","N-(diethylsulfamoyl)-N-ethylethanamine","InChI=1S/C8H20N2O2S/c1-5-9(6-2)13(11,12)10(7-3)8-4/h5-8H2,1-4H3","IYIAWAACGTUPCC-UHFFFAOYSA-N","CCN(CC)S(=O)(=O)N(CC)CC","-1.14","0.0","1","G1","208.32699999999997","0.9148000000000001","54.761800000000044","13.0","2.0","0.0","5.0","6.0","80.0","0.0","0.0","0.0","0.0","40.620000000000005","81.70966657205612","4.7062848573553","200.29852582457042"
"F-199","decyl 2-hydroxypropanoate","InChI=1S/C13H26O3/c1-3-4-5-6-7-8-9-10-11-16-13(15)12(2)14/h12,14H,3-11H2,1-2H3","FUGCGCXGFWNOSY-UHFFFAOYSA-N","CCCCCCCCCCOC(=O)C(C)O","-3.06","0.0","1","G1","230.34799999999998","3.051100000000002","65.24980000000005","16.0","3.0","1.0","3.0","10.0","96.0","0.0","0.0","0.0","0.0","46.53","99.18785748233553","3.06855151382054","166.56064167285857"
"F-200","6-(carbamoylamino)hexanoic acid","InChI=1S/C7H14N2O3/c8-7(12)9-5-3-1-2-4-6(10)11/h1-5H2,(H,10,11)(H3,8,9,12)","BQNWWHFSEXYHKU-UHFFFAOYSA-N","NC(=O)NCCCCCC(=O)O","-2.16","0.0","1","G1","174.2","0.2996999999999996","43.68990000000002","12.0","2.0","3.0","5.0","6.0","70.0","0.0","0.0","0.0","0.0","92.42","70.9359345471135","3.0073056362946593","140.73047810401042"
"F-201","nonanebis(thioic S-acid)","InChI=1S/C9H16O2S2/c10-8(12)6-4-2-1-3-5-7-9(11)13/h1-7H2,(H,10,12)(H,11,13)","FUCIMTBKFFVPSB-UHFFFAOYSA-N","OC(=S)CCCCCCCC(O)=S","-2.39","0.0","1","G1","220.35899999999998","3.4879000000000024","62.77260000000003","13.0","2.0","2.0","4.0","8.0","76.0","0.0","0.0","0.0","0.0","40.46","89.96481594180422","2.9961049979124525","150.99763683370963"
"F-203","decanebis(thioic S-acid)","InChI=1S/C10H18O2S2/c11-9(13)7-5-3-1-2-4-6-8-10(12)14/h1-8H2,(H,11,13)(H,12,14)","OUADDINWGRXMJO-UHFFFAOYSA-N","OC(=S)CCCCCCCCC(O)=S","-3.07","0.0","1","G1","234.38599999999997","3.878000000000003","67.38960000000004","14.0","2.0","2.0","4.0","9.0","82.0","0.0","0.0","0.0","0.0","40.46","96.32975805620083","2.9895441287192144","160.96081175542733"
"F-209","methyl 2-cyano-5-methyl-3-oxohexanoate","InChI=1S/C9H13NO3/c1-6(2)4-8(11)7(5-10)9(12)13-3/h6-7H,4H2,1-3H3","BOSPLJJRCJCRHX-UHFFFAOYSA-N","COC(=O)C(C#N)C(=O)CC(C)C","-2.73","0.0","1","G1","183.207","0.9143799999999999","45.581000000000024","13.0","4.0","0.0","4.0","4.0","72.0","0.0","0.0","0.0","0.0","67.16","77.48795705406553","4.348051779244475","239.7345941596998"
"F-210","N-pentanoylpentanehydrazide","InChI=1S/C10H20N2O2/c1-3-5-7-9(13)11-12-10(14)8-6-4-2/h3-8H2,1-2H3,(H,11,13)(H,12,14)","UMNBCVIEWOTTAP-UHFFFAOYSA-N","CCCCC(=O)NNC(=O)CCCC","-2.16","0.0","1","G1","200.28199999999995","1.5141999999999993","55.335400000000035","14.0","2.0","2.0","4.0","6.0","82.0","0.0","0.0","0.0","0.0","58.2","85.41663464493762","3.408993122474107","160.96081175542733"
"F-212","ethyl 2-[[(~{E})-4-oxopent-2-en-2-yl]amino]acetate","InChI=1S/C9H15NO3/c1-4-13-9(12)6-10-7(2)5-8(3)11/h5,10H,4,6H2,1-3H3","GZHCYRZFDQBRLU-UHFFFAOYSA-N","CCOC(=O)CNC(C)=CC(C)=O","-0.59","0.0","1","G1","185.22299999999998","0.6318999999999999","49.073700000000024","13.0","4.0","1.0","4.0","5.0","74.0","0.0","0.0","0.0","0.0","55.4","77.95563652402062","3.7555562308759023","220.89970385530543"
"F-213","5,5-dimethyl-3-(phenylmethyl)imidazolidine-2,4-dione","InChI=1S/C12H14N2O2/c1-12(2)10(15)14(11(16)13-12)8-9-6-4-3-5-7-9/h3-7H,8H2,1-2H3,(H,13,16)","DSBMOVYUOIIPDK-UHFFFAOYSA-N","CC1(C)NC(=O)N(CC2=CC=CC=C2)C1=O","-1.8","0.0","1","G1","218.25600000000003","1.5170000000000001","59.60270000000003","16.0","2.0","1.0","4.0","2.0","84.0","1.0","1.0","1.0","2.0","49.410000000000004","94.24796470624635","2.1775725291699066","425.9047177646722"
"F-220","hydroxy-[1-[hydroxy(oxo)azaniumyl]oxybutan-2-yloxy]-oxoazanium","InChI=1S/C4H10N2O6/c1-2-4(12-6(9)10)3-11-5(7)8/h4H,2-3H2,1H3,(H,7,8)(H,9,10)/q+2","DVQIFYFNGGBKPZ-UHFFFAOYSA-N","CCC(CO[N+](=O)O)O[N+](=O)O","-1.89","0.0","1","G1","182.132","-0.035599999999999965","31.943799999999992","12.0","4.0","2.0","8.0","6.0","70.0","0.0","0.0","0.0","0.0","99.08000000000001","67.27519627398868","3.671168212828241","170.93102051518318"
"F-221","octyl 2-acetyloxypropanoate","InChI=1S/C13H24O4/c1-4-5-6-7-8-9-10-16-13(15)11(2)17-12(3)14/h11H,4-10H2,1-3H3","UMNCSZZKGJUPKA-UHFFFAOYSA-N","CCCCCCCCOC(=O)C(C)OC(C)=O","-3.39","0.0","1","G1","244.331","2.8417000000000012","65.56300000000005","17.0","4.0","0.0","4.0","9.0","100.0","0.0","0.0","0.0","0.0","52.6","103.66869105969013","3.4122207748065994","225.4593520000371"
"F-222","7-Methoxy-1-methyl-9H-pyrido[3,4-b]indole","InChI=1S/C13H12N2O/c1-8-13-11(5-6-14-8)10-4-3-9(16-2)7-12(10)15-13/h3-7,15H,1-2H3","BXNJHAXVSOCGBA-UHFFFAOYSA-N","COC1=CC2=C(C=C1)C1=C(N2)C(C)=NC=C1","-4.48","0.0","1","G1","212.252","3.033120000000001","64.88870000000001","16.0","2.0","1.0","3.0","1.0","80.0","3.0","0.0","0.0","3.0","37.91","93.06697004322828","2.452576266702656","670.0549893020406"
"F-223","[2-(carbamoyloxymethyl)-2-methylpentyl] carbamate","InChI=1S/C9H18N2O4/c1-3-4-9(2,5-14-7(10)12)6-15-8(11)13/h3-6H2,1-2H3,(H2,10,12)(H2,11,13)","NPPQSCRMBWNHMW-UHFFFAOYSA-N","CCCC(C)(COC(N)=O)COC(N)=O","-1.74","0.06157354850095941","4","G5","218.25299999999996","0.9834000000000005","54.08580000000003","15.0","4.0","2.0","6.0","6.0","88.0","0.0","0.0","0.0","0.0","104.63999999999999","88.88870399612915","4.16560476512675","212.1522339557625"
"F-227","[(~{Z})-[(1~{Z})-1-(carbamoylhydrazinylidene)propan-2-ylidene]amino]urea","InChI=1S/C5H10N6O2/c1-3(9-11-5(7)13)2-8-10-4(6)12/h2H,1H3,(H3,6,10,12)(H3,7,11,13)","IMWQMZMZPWIQBE-UHFFFAOYSA-N","CC(C=NNC(N)=O)=NNC(N)=O","-1.95","0.0","1","G1","186.175","-1.3152999999999997","47.0392","13.0","4.0","4.0","8.0","3.0","72.0","0.0","0.0","0.0","0.0","134.95999999999998","74.03248645893522","3.905414078723889","257.7502259738977"
"F-229","N-butylsulfonylbutane-1-sulfonamide","InChI=1S/C8H19NO4S2/c1-3-5-7-14(10,11)9-15(12,13)8-6-4-2/h9H,3-8H2,1-2H3","USMKZCJHQPVMTB-UHFFFAOYSA-N","CCCCS(=O)(=O)NS(=O)(=O)CCCC","-0.76","0.0","1","G1","257.37699999999995","0.8357999999999999","60.525300000000044","15.0","4.0","1.0","7.0","8.0","92.0","0.0","0.0","0.0","0.0","80.31","92.36525979704399","4.316456425246369","322.10290799067"
"F-232","2-hydroxy-N-[6-(2-hydroxypropanoylamino)hexyl]propanamide","InChI=1S/C12H24N2O4/c1-9(15)11(17)13-7-5-3-4-6-8-14-12(18)10(2)16/h9-10,15-16H,3-8H2,1-2H3,(H,13,17)(H,14,18)","ADXAXAXRYZPBNQ-UHFFFAOYSA-N","CC(O)C(=O)NCCCCCCNC(=O)C(C)O","-0.7","0.0","1","G1","260.33399999999995","-0.4591999999999998","67.84900000000003","18.0","4.0","4.0","6.0","9.0","106.0","0.0","0.0","0.0","0.0","98.66000000000001","107.7648503578879","3.2669993160610646","228.46196536064457"
"F-233","4-nitro-2,6,7-trioxa-1$l^{5}-phosphabicyclo[2.2.2]octane 1-oxide","InChI=1S/C4H6NO6P/c6-5(7)4-1-9-12(8,10-2-4)11-3-4/h1-3H2","BZJFTOLYBXIQHS-UHFFFAOYSA-N","C1C2(COP(=O)(O1)OC2)[N+](=O)[O-]","-0.81","0.0","1","G1","195.06699999999998","0.18699999999999983","35.187900000000006","12.0","6.0","0.0","8.0","1.0","68.0","0.0","3.0","3.0","3.0","87.9","67.36563714945643","2.2507215855398695","245.43743812440843"
"F-237","N-hexylsulfonylhexane-1-sulfonamide","InChI=1S/C12H27NO4S2/c1-3-5-7-9-11-18(14,15)13-19(16,17)12-10-8-6-4-2/h13H,3-12H2,1-2H3","CKPIWBTXNLQELX-UHFFFAOYSA-N","CCCCCCS(=O)(=O)NS(=O)(=O)CCCCCC","-2.2","0.0","1","G1","313.4850000000001","2.3962000000000003","78.99330000000006","19.0","4.0","1.0","7.0","12.0","116.0","0.0","0.0","0.0","0.0","80.31","117.82502825463044","4.087626468227054","375.0103371254571"
"F-238","1,2,2-triacetyloxyethyl acetate","InChI=1S/C10H14O8/c1-5(11)15-9(16-6(2)12)10(17-7(3)13)18-8(4)14/h9-10H,1-4H3","IXUDSZCEDKQCIV-UHFFFAOYSA-N","CC(=O)OC(OC(C)=O)C(OC(C)=O)OC(C)=O","-2.1","1.2099999999999997","2","G2","262.214","-0.10899999999999999","54.64000000000003","18.0","8.0","0.0","8.0","5.0","102.0","0.0","0.0","0.0","0.0","105.20000000000002","103.12399937560163","4.902631972550417","281.78684228211114"
"F-239","2-hydroxyethyl N-[6-(2-hydroxyethoxycarbonylamino)hexyl]carbamate","InChI=1S/C12H24N2O6/c15-7-9-19-11(17)13-5-3-1-2-4-6-14-12(18)20-10-8-16/h15-16H,1-10H2,(H,13,17)(H,14,18)","MUFHLECIHYAUAE-UHFFFAOYSA-N","O=C(NCCCCCCNC(=O)OCCO)OCCO","-0.92","0.0","1","G1","292.33200000000005","-0.016200000000000048","71.34100000000002","20.0","6.0","4.0","8.0","11.0","118.0","0.0","0.0","0.0","0.0","117.12000000000002","117.99194081690166","3.2021078902925706","236.33210222810328"
"F-240","dihexyl decanedioate","InChI=1S/C22H42O4/c1-3-5-7-15-19-25-21(23)17-13-11-9-10-12-14-18-22(24)26-20-16-8-6-4-2/h3-20H2,1-2H3","GQIDSVPVVYHXAP-UHFFFAOYSA-N","CCCCCCOC(=O)CCCCCCCCC(=O)OCCCCCC","-4.57","0.0","1","G1","370.5740000000002","6.354200000000008","107.13800000000009","26.0","4.0","0.0","4.0","19.0","154.0","0.0","0.0","0.0","0.0","52.60000000000001","160.95317008925966","3.2481651723113236","296.10393706164785"
"F-241","1-[bis(propylsulfonyl)methylsulfonyl]propane","InChI=1S/C10H22O6S3/c1-4-7-17(11,12)10(18(13,14)8-5-2)19(15,16)9-6-3/h10H,4-9H2,1-3H3","ZROFIZIVWGDNCA-UHFFFAOYSA-N","CCCS(=O)(=O)C(S(=O)(=O)CCC)S(=O)(=O)CCC","-1.95","0.0","1","G1","334.4810000000001","0.7443999999999997","76.02140000000004","19.0","6.0","0.0","9.0","9.0","116.0","0.0","0.0","0.0","0.0","102.41999999999999","115.89992520275877","5.943739524601896","485.1665544947763"
"F-247","4-hydroxybutyl N-[6-(4-hydroxybutoxycarbonylamino)hexyl]carbamate","InChI=1S/C16H32N2O6/c19-11-5-7-13-23-15(21)17-9-3-1-2-4-10-18-16(22)24-14-8-6-12-20/h19-20H,1-14H2,(H,17,21)(H,18,22)","XXVXIPPJGSLKSX-UHFFFAOYSA-N","O=C(NCCCCCCNC(=O)OCCCCO)OCCCCO","-1.93","0.0","1","G1","348.44000000000017","1.5441999999999996","89.80900000000004","24.0","6.0","4.0","8.0","15.0","142.0","0.0","0.0","0.0","0.0","117.12000000000002","143.45170927448808","3.2401387407628253","284.94276074949187"
"F-248","1-[bis(butylsulfonyl)methylsulfonyl]butane","InChI=1S/C13H28O6S3/c1-4-7-10-20(14,15)13(21(16,17)11-8-5-2)22(18,19)12-9-6-3/h13H,4-12H2,1-3H3","BNLKXFUYFIBLHN-UHFFFAOYSA-N","CCCCS(=O)(=O)C(S(=O)(=O)CCCC)S(=O)(=O)CCCC","-2.97","0.0","1","G1","376.5620000000001","1.9146999999999998","89.87240000000007","22.0","6.0","0.0","9.0","12.0","134.0","0.0","0.0","0.0","0.0","102.41999999999999","134.9947515459486","5.798944336859725","526.3437158413707"
"F-251","2-amino-1,8-dihydropteridine-4,7-dione","InChI=1S/C6H5N5O2/c7-6-10-4-3(5(13)11-6)8-1-2(12)9-4/h1H,(H4,7,9,10,11,12,13)","GLKCOBIIZKYKFN-UHFFFAOYSA-N","NC1=NC2=C(N=CC(=O)N2)C(=O)N1","-4.55","0.0","1","G1","179.13899999999998","-1.4114000000000007","45.191799999999986","13.0","5.0","3.0","7.0","0.0","66.0","2.0","0.0","0.0","2.0","117.51999999999998","70.65459447211846","3.0317172747849592","568.9816990130837"
"F-252","6-methyl-3,8-dihydropteridine-4,7-dione","InChI=1S/C7H6N4O2/c1-3-6(12)11-5-4(10-3)7(13)9-2-8-5/h2H,1H3,(H2,8,9,11,12,13)","QAMLXSWNZSGVKP-UHFFFAOYSA-N","CC1=NC2=C(N=CNC2=O)NC1=O","-2.15","0.025000000000000133","2","G3","178.15099999999998","-0.6851800000000001","45.5164","13.0","4.0","2.0","6.0","0.0","66.0","2.0","0.0","0.0","2.0","91.5","71.67964588950235","3.056453769285695","568.4496300374442"
"F-254","4-chloro-3-[(4-hydroxyphenyl)diazenyl]benzoic acid","InChI=1S/C13H9ClN2O3/c14-11-6-1-8(13(18)19)7-12(11)16-15-9-2-4-10(17)5-3-9/h1-7,17H,(H,18,19)","IDLIBMYXWLTILR-UHFFFAOYSA-N","O=C(O)C1=CC(N=NC2=CC=C(O)C=C2)=C(Cl)C=C1","-4.08","0.0","1","G1","276.67900000000003","4.159200000000001","70.69410000000002","19.0","4.0","2.0","6.0","3.0","96.0","2.0","0.0","0.0","2.0","82.25","113.35347311576417","2.292398455996235","638.8366309730286"
"F-255","(2~{Z})-2-(1,3-thiazole-2-carbonylhydrazinylidene)propanoic acid","InChI=1S/C7H7N3O3S/c1-4(7(12)13)9-10-5(11)6-8-2-3-14-6/h2-3H,1H3,(H,10,11)(H,12,13)","XOYLOFFMDZQQKI-UHFFFAOYSA-N","CC(=NNC(=O)C1=NC=CS1)C(=O)O","-1.93","0.0","1","G1","213.218","0.33340000000000003","50.32500000000001","14.0","5.0","2.0","7.0","3.0","74.0","1.0","0.0","0.0","1.0","91.65","83.28378147042808","2.5913656211865432","371.5415557122915"
"F-257","1,5-dihydropteridine-2,4,6-trione","InChI=1S/C6H4N4O3/c11-2-1-7-4-3(8-2)5(12)10-6(13)9-4/h1H,(H,8,11)(H2,7,9,10,12,13)","ICUZHLHSYKJAGS-UHFFFAOYSA-N","O=C1C=NC2=C(N1)C(=O)NC(=O)N2","-3.13","0.0","1","G1","180.123","-1.7003000000000004","43.605099999999986","13.0","4.0","3.0","7.0","0.0","66.0","2.0","0.0","0.0","2.0","111.47","69.47622587514951","3.1242702639097737","619.7924608906916"
"F-260","3-[(4-hydroxyphenyl)diazenyl]benzoic acid","InChI=1S/C13H10N2O3/c16-12-6-4-10(5-7-12)14-15-11-3-1-2-9(8-11)13(17)18/h1-8,16H,(H,17,18)","MGQRCDWAEYGOIZ-UHFFFAOYSA-N","O=C(O)C1=CC=CC(N=NC2=CC=C(O)C=C2)=C1","-3.85","0.0","1","G1","242.234","3.5058000000000016","65.68410000000003","18.0","4.0","2.0","5.0","3.0","90.0","2.0","0.0","0.0","2.0","82.25","103.0502068888825","2.2036530882590504","591.4402812878075"
"F-261","2-[(4-hydroxyphenyl)diazenyl]benzoic acid","InChI=1S/C13H10N2O3/c16-10-7-5-9(6-8-10)14-15-12-4-2-1-3-11(12)13(17)18/h1-8,16H,(H,17,18)","DWQOTEPNRWVUDA-UHFFFAOYSA-N","O=C(O)C1=C(N=NC2=CC=C(O)C=C2)C=CC=C1","-3.33","0.0","1","G1","242.23400000000004","3.5058000000000016","65.68410000000003","18.0","4.0","2.0","5.0","3.0","90.0","2.0","0.0","0.0","2.0","82.25","103.05020688888251","2.285443216774549","591.4402812878077"
"F-262","4-(methyl-octylamino)diazenylbenzoic acid","InChI=1S/C16H25N3O2/c1-3-4-5-6-7-8-13-19(2)18-17-15-11-9-14(10-12-15)16(20)21/h9-12H,3-8,13H2,1-2H3,(H,20,21)","UQEZFSBOXDPODJ-UHFFFAOYSA-N","CCCCCCCCN(C)N=NC1=CC=C(C(=O)O)C=C1","-3.77","0.0","1","G1","291.39500000000004","4.675800000000004","83.92330000000005","21.0","3.0","1.0","5.0","10.0","116.0","1.0","0.0","0.0","1.0","65.26","126.21332765063028","2.2635909271140444","443.3402402485141"
"F-263","5-Chloro-2-[(E)-(4-hydroxyphenyl)diazenyl]benzoic acid","InChI=1S/C13H9ClN2O3/c14-8-1-6-12(11(7-8)13(18)19)16-15-9-2-4-10(17)5-3-9/h1-7,17H,(H,18,19)","PFFPKQRMYJXVMY-UHFFFAOYSA-N","O=C(O)C1=C(N=NC2=CC=C(O)C=C2)C=CC(Cl)=C1","-3.86","0.0","1","G1","276.67900000000003","4.159200000000001","70.69410000000002","19.0","4.0","2.0","6.0","3.0","96.0","2.0","0.0","0.0","2.0","82.25","113.35347311576417","2.324624183282462","638.8366309730286"
"F-265","(2~{Z})-2-(pyridine-4-carbonylhydrazinylidene)propanoic acid","InChI=1S/C9H9N3O3/c1-6(9(14)15)11-12-8(13)7-2-4-10-5-3-7/h2-5H,1H3,(H,12,13)(H,14,15)","ZGGPNDKKJIWQJU-UHFFFAOYSA-N","CC(=NNC(=O)C1=CC=NC=C1)C(=O)O","-3.31","0.0","1","G1","207.18899999999996","0.27189999999999975","52.448000000000015","15.0","4.0","2.0","6.0","3.0","78.0","1.0","0.0","0.0","1.0","91.65","85.64341820001661","2.657324561802512","400.3234132136691"
"F-266","9-methyl-3,7-dihydropurine-2,6,8-trione","InChI=1S/C6H6N4O3/c1-10-3-2(7-6(10)13)4(11)9-5(12)8-3/h1H3,(H,7,13)(H2,8,9,11,12)","XJEJWDFDVPDMAS-UHFFFAOYSA-N","CN1C(=O)NC2=C1NC(=O)NC2=O","-3.94","0.0","1","G1","182.13899999999998","-1.7568000000000001","44.781099999999995","13.0","4.0","3.0","7.0","0.0","68.0","2.0","0.0","0.0","2.0","103.50999999999999","70.04065191620926","3.2151027662177287","625.5923872590881"
"F-267","4-Amino-6,7-dimethoxy-2-benzofuran-1(3H)-one","InChI=1S/C10H11NO4/c1-13-7-3-6(11)5-4-15-10(12)8(5)9(7)14-2/h3H,4,11H2,1-2H3","TZIOSYAVRCFFSO-UHFFFAOYSA-N","COC1=C(OC)C2=C(COC2=O)C(N)=C1","-2.08","0.0","1","G1","209.20099999999996","0.9563999999999999","53.077900000000014","15.0","5.0","1.0","5.0","2.0","80.0","1.0","0.0","1.0","2.0","70.78","86.72738890913129","2.711829829027141","427.9208318981759"
"F-268","2,2,2-Trifluoro-1-phenylethanone","InChI=1S/C8H5F3O/c9-8(10,11)7(12)6-4-2-1-3-5-6/h1-5H","KZJRKRQSDZGHEC-UHFFFAOYSA-N","O=C(C1=CC=CC=C1)C(F)(F)F","-1.16","0.0","1","G1","174.12099999999995","2.4316000000000004","36.82750000000001","12.0","1.0","0.0","4.0","1.0","64.0","1.0","0.0","0.0","1.0","17.07","66.81941565711264","2.944341945159363","276.1044889322695"
"F-270","1-Nitronaphthalene","InChI=1S/C10H7NO2/c12-11(13)10-7-3-5-8-4-1-2-6-9(8)10/h1-7H","RJKGJBPXVHTNJL-UHFFFAOYSA-N","C1=CC=C2C(=C1)C=CC=C2[N+](=O)[O-]","-3.71","0.31445026457118597","3","G5","173.17099999999994","2.748000000000001","50.60240000000001","13.0","2.0","0.0","3.0","1.0","64.0","2.0","0.0","0.0","2.0","43.14","74.76604337373196","2.830975658367671","459.9363285884866"
"F-272","2-chloro-1-(4-hydroxy-2-methyl-5-propan-2-ylphenyl)ethanone","InChI=1S/C12H15ClO2/c1-7(2)9-5-10(12(15)6-13)8(3)4-11(9)14/h4-5,7,14H,6H2,1-3H3","KJLQNABOFYSCRN-UHFFFAOYSA-N","CC1=C(C(=O)CCl)C=C(C(C)C)C(O)=C1","-2.58","0.0","1","G1","226.703","3.2455200000000017","61.983300000000035","15.0","2.0","1.0","3.0","3.0","82.0","1.0","0.0","0.0","1.0","37.3","94.88007788499806","3.293116522698558","383.4536635897697"
"F-276","3,4,5,6-tetrachlorobenzene-1,2-diol","InChI=1S/C6H2Cl4O2/c7-1-2(8)4(10)6(12)5(11)3(1)9/h11-12H","RRBMVWQICIXSEO-UHFFFAOYSA-N","OC1=C(Cl)C(Cl)=C(Cl)C(Cl)=C1O","-3.55","0.7064500000000002","2","G2","247.892","3.7114000000000003","49.81160000000001","12.0","2.0","2.0","6.0","0.0","66.0","1.0","0.0","0.0","1.0","40.46","88.23293553141569","3.6035674514745475","231.81286524684438"
"F-277","1-Methoxy-4-nitronaphthalene","InChI=1S/C11H9NO3/c1-15-11-7-6-10(12(13)14)8-4-2-3-5-9(8)11/h2-7H,1H3","YFJKGPRYPHFGQD-UHFFFAOYSA-N","COC1=CC=C(C2=CC=CC=C21)[N+](=O)[O-]","-4.36","0.0","1","G1","203.19699999999997","2.7566000000000015","57.15440000000002","15.0","3.0","0.0","4.0","2.0","76.0","2.0","0.0","0.0","2.0","52.370000000000005","86.24453071763546","2.827610513054405","522.2220028116267"
"F-278","hydroxy-[7-[hydroxy(oxo)azaniumyl]oxyheptoxy]-oxoazanium","InChI=1S/C7H16N2O6/c10-8(11)14-6-4-2-1-3-5-7-15-9(12)13/h1-7H2,(H,10,11)(H,12,13)/q+2","SYNWQVFZXSMWCS-UHFFFAOYSA-N","C(CCCO[N+](=O)O)CCCO[N+](=O)O","-3.4","0.0","1","G1","224.21299999999997","1.1362999999999999","45.81680000000002","15.0","4.0","2.0","8.0","10.0","88.0","0.0","0.0","0.0","0.0","99.08000000000001","86.37002261717852","2.9860783761566463","177.91943123210555"
"F-279","2-NITRO-9H-FLUORENE","InChI=1S/C13H9NO2/c15-14(16)11-5-6-13-10(8-11)7-9-3-1-2-4-12(9)13/h1-6,8H,7H2","XFOHWECQTFIEIX-UHFFFAOYSA-N","C1C2=CC=CC=C2C3=C1C=C(C=C3)[N+](=O)[O-]","-4.72","0.6351500000000003","2","G2","211.21999999999997","3.166000000000002","61.338400000000014","16.0","2.0","0.0","3.0","1.0","78.0","2.0","0.0","1.0","3.0","43.14","92.50058400892817","2.1753580684432077","590.2365074060834"
"F-281","hydroxy-[8-[hydroxy(oxo)azaniumyl]oxyoctoxy]-oxoazanium","InChI=1S/C8H18N2O6/c11-9(12)15-7-5-3-1-2-4-6-8-16-10(13)14/h1-8H2,(H,11,12)(H,13,14)/q+2","PTXHFDHJEHDTON-UHFFFAOYSA-N","C(CCCCO[N+](=O)O)CCCO[N+](=O)O","-4.14","0.0","1","G1","238.23999999999998","1.5263999999999998","50.43380000000003","16.0","4.0","2.0","8.0","11.0","94.0","0.0","0.0","0.0","0.0","99.08000000000001","92.73496473157512","2.9847083013580864","188.70521621571416"
"F-291","[(~{Z})-2-chloro-1-(2,4,5-trichlorophenyl)ethenyl] dimethyl phosphate","InChI=1S/C10H9Cl4O4P/c1-16-19(15,17-2)18-10(5-11)6-3-8(13)9(14)4-7(6)12/h3-5H,1-2H3","UBCKGWBNUIFUST-UHFFFAOYSA-N","COP(=O)(OC)OC(=CCl)C1=C(Cl)C=C(Cl)C(Cl)=C1","-4.52","0.0","1","G1","365.96400000000006","5.601500000000002","78.01150000000001","19.0","4.0","0.0","9.0","5.0","106.0","1.0","0.0","0.0","1.0","44.760000000000005","130.30487981542154","3.1950692192678933","538.5763442423939"
"F-292","Ethyl 4-carbamoyl-2,5-dimethyl-1-piperazinecarboxylate","InChI=1S/C10H19N3O3/c1-4-16-10(15)13-6-7(2)12(9(11)14)5-8(13)3/h7-8H,4-6H2,1-3H3,(H2,11,14)","OIYNUXGBWMDNGC-UHFFFAOYSA-N","CCOC(=O)N1CC(C)N(C(N)=O)CC1C","-0.55","0.0","1","G1","229.27999999999997","0.6162","58.94140000000004","16.0","3.0","1.0","6.0","1.0","92.0","0.0","1.0","1.0","1.0","75.87","95.31404637088366","2.660172459491479","282.4828196820253"
"F-293","(4-nitrophenyl) diphenyl phosphate","InChI=1S/C18H14NO6P/c20-19(21)15-11-13-18(14-12-15)25-26(22,23-16-7-3-1-4-8-16)24-17-9-5-2-6-10-17/h1-14H","UJNGLGOZLJRNNN-UHFFFAOYSA-N","C1=CC=C(C=C1)OP(=O)(OC2=CC=CC=C2)OC3=CC=C(C=C3)[N+](=O)[O-]","-4.96","0.0","1","G1","371.2850000000001","5.239700000000003","95.47090000000004","26.0","6.0","0.0","8.0","7.0","132.0","3.0","0.0","0.0","3.0","87.9","149.0888136171206","1.862638588600869","869.9309477393995"
"F-294","9-hydroxyfuro[3,2-g]chromen-7-one","InChI=1S/C11H6O4/c12-8-2-1-6-5-7-3-4-14-10(7)9(13)11(6)15-8/h1-5,13H","JWVYQQGERKEAHW-UHFFFAOYSA-N","O=C1C=CC2=C(O1)C(O)=C1OC=CC1=C2","-3.22","0.0","1","G1","202.165","2.2447999999999997","53.920800000000014","15.0","4.0","1.0","4.0","0.0","74.0","3.0","0.0","0.0","3.0","63.58","83.34963412329306","2.6359589424576035","705.2482129059665"
"F-295","4-Bromo-5-(4-bromophenyl)dihydro-2,3-furandione","InChI=1S/C10H6Br2O3/c11-6-3-1-5(2-4-6)9-7(12)8(13)10(14)15-9/h1-4,7,9H","FNUXIDAXTMVGMS-UHFFFAOYSA-N","O=C1OC(C2=CC=C(Br)C=C2)C(Br)C1=O","-3.05","0.0","1","G1","333.963","2.3796","60.69700000000001","15.0","3.0","0.0","5.0","1.0","78.0","1.0","1.0","1.0","2.0","43.370000000000005","103.05702506443131","2.29132157407674","413.18060690250275"
"F-296","(5~{Z})-5-[(3,4-dihydroxyphenyl)methylidene]-2-sulfanylidene-1,3-thiazolidin-4-one","InChI=1S/C10H7NO3S2/c12-6-2-1-5(3-7(6)13)4-8-9(14)11-10(15)16-8/h1-4,12-13H,(H,11,14,15)","WVCFNVNKWVWZFT-UHFFFAOYSA-N","O=C1NC(=S)SC1=CC1=CC(O)=C(O)C=C1","-3.34","0.0","1","G1","253.30400000000003","1.5865999999999998","66.08030000000001","16.0","5.0","3.0","6.0","1.0","82.0","1.0","1.0","1.0","2.0","69.56","100.9774794519839","2.324389840337293","510.7856478958728"
"F-299","4-Methoxycarbonylbenzoic acid","InChI=1S/C9H8O4/c1-13-9(12)7-4-2-6(3-5-7)8(10)11/h2-5H,1H3,(H,10,11)","REIDAMBAPLIATC-UHFFFAOYSA-N","COC(=O)C1=CC=C(C(=O)O)C=C1","-2.97","0.0","1","G1","180.159","1.1714","44.740800000000014","13.0","3.0","1.0","4.0","2.0","68.0","1.0","0.0","0.0","1.0","63.60000000000001","74.75705264447721","2.9340419411151166","325.9728677267164"
"F-301","hydroxy-[6-[hydroxy(oxo)azaniumyl]oxyhexoxy]-oxoazanium","InChI=1S/C6H14N2O6/c9-7(10)13-5-3-1-2-4-6-14-8(11)12/h1-6H2,(H,9,10)(H,11,12)/q+2","QXEBBSABZKCXDL-UHFFFAOYSA-N","C(CCCO[N+](=O)O)CCO[N+](=O)O","-2.77","0.0","1","G1","210.18599999999998","0.7462","41.1998","14.0","4.0","2.0","8.0","9.0","82.0","0.0","0.0","0.0","0.0","99.08000000000001","80.00508050278191","2.989544128719214","165.16054269564708"
"F-302","Methyl 4-nitrobenzoate","InChI=1S/C8H7NO4/c1-13-8(10)6-2-4-7(5-3-6)9(11)12/h2-5H,1H3","YOJAHJGBFDPSDI-UHFFFAOYSA-N","COC(=O)C1=CC=C(C=C1)[N+](=O)[O-]","-3.04","0.0","1","G1","181.147","1.3814","44.43590000000002","13.0","4.0","0.0","5.0","2.0","68.0","1.0","0.0","0.0","1.0","69.44","74.08933040034061","2.934041941115117","330.5021927396972"
"F-306","3-hydroxy-13-methyl-7,8,9,11,12,14,15,16-octahydro-6H-cyclopenta[a]phenanthren-17-one","InChI=1S/C18H22O2/c1-18-9-8-14-13-5-3-12(19)10-11(13)2-4-15(14)16(18)6-7-17(18)20/h3,5,10,14-16,19H,2,4,6-9H2,1H3","DNXHEGUUPJUMQT-UHFFFAOYSA-N","CC12CCC3C4=C(C=C(O)C=C4)CCC3C1CCC2=O","-5.11","0.5750000000000002","2","G2","270.37199999999996","3.817400000000002","77.73080000000004","20.0","2.0","1.0","2.0","0.0","106.0","1.0","2.0","3.0","4.0","37.3","119.74897088390837","1.7284412573952113","576.7809963203815"
"F-310","1,3-Benzodioxole-5-carbohydrazide","InChI=1S/C8H8N2O3/c9-10-8(11)5-1-2-6-7(3-5)13-4-12-6/h1-3H,4,9H2,(H,10,11)","RAXBGBHBUFGWPG-UHFFFAOYSA-N","NNC(=O)C1=CC2=C(C=C1)OCO2","-0.6","0.0","1","G1","180.16299999999995","0.018799999999999928","44.218600000000016","13.0","4.0","2.0","5.0","1.0","68.0","1.0","0.0","1.0","2.0","73.58","74.4039576546742","2.3569411406420855","351.2424177353703"
"F-314","7-diethylamino-4-methylchromen-2-one","InChI=1S/C14H17NO2/c1-4-15(5-2)11-6-7-12-10(3)8-14(16)17-13(12)9-11/h6-9H,4-5H2,1-3H3","AFYCEAFSNDLKSX-UHFFFAOYSA-N","CCN(CC)C1=CC2=C(C=C1)C(C)=CC(=O)O2","-4.0","0.0","1","G1","231.295","2.9476200000000015","70.78200000000002","17.0","3.0","0.0","3.0","3.0","90.0","2.0","0.0","0.0","2.0","33.45","100.6639508174714","2.6074872794308894","582.2821705947141"
"F-315","5-aminoquinoline-8-sulfonic acid","InChI=1S/C9H8N2O3S/c10-7-3-4-8(15(12,13)14)9-6(7)2-1-5-11-9/h1-5H,10H2,(H,12,13,14)","AFVRYMPIZFJJIL-UHFFFAOYSA-N","NC1=C2C=CC=NC2=C(S(=O)(=O)O)C=C1","-2.71","0.0","1","G1","224.24099999999999","1.0637","55.97000000000001","15.0","4.0","2.0","6.0","1.0","78.0","2.0","0.0","0.0","2.0","93.28","86.30124233923202","2.961958871524338","622.2901034889852"
"F-316","5-aminoquinoline-6-sulfonic acid","InChI=1S/C9H8N2O3S/c10-9-6-2-1-5-11-7(6)3-4-8(9)15(12,13)14/h1-5H,10H2,(H,12,13,14)","RSLYDUZZJLDOKH-UHFFFAOYSA-N","NC1=C(S(=O)(=O)O)C=CC2=C1C=CC=N2","-2.5","0.0","1","G1","224.241","1.0637","55.97000000000001","15.0","4.0","2.0","6.0","1.0","78.0","2.0","0.0","0.0","2.0","93.28","86.30124233923202","2.8818096234329795","622.290103488985"
"F-317","3-chloro-2,6-dimethoxyphenol","InChI=1S/C8H9ClO3/c1-11-6-4-3-5(9)8(12-2)7(6)10/h3-4,10H,1-2H3","WYEMCZZCZXKDNC-UHFFFAOYSA-N","COC1=CC=C(Cl)C(OC)=C1O","-1.56","0.0","1","G1","188.60999999999999","2.0628000000000006","46.22080000000002","12.0","3.0","1.0","4.0","2.0","66.0","1.0","0.0","0.0","1.0","38.69","75.48587778638162","3.2389887029448077","285.8766162685654"
"F-319","2-Methyl-1-nitronaphthalene","InChI=1S/C11H9NO2/c1-8-6-7-9-4-2-3-5-10(9)11(8)12(13)14/h2-7H,1H3","IZNWACYOILBFEG-UHFFFAOYSA-N","CC1=C(C2=CC=CC=C2C=C1)[N+](=O)[O-]","-4.27","0.0","1","G1","187.19799999999995","3.056420000000002","55.33940000000002","14.0","2.0","0.0","3.0","1.0","70.0","2.0","0.0","0.0","2.0","43.14","81.13098548812857","2.8951601769882984","505.61373284730047"
"F-320","5-ethyl-5-(2-hydroxyethyl)-2-sulfanylidene-1,3-diazinane-4,6-dione","InChI=1S/C8H12N2O3S/c1-2-8(3-4-11)5(12)9-7(14)10-6(8)13/h11H,2-4H2,1H3,(H2,9,10,12,13,14)","ORQISITYMWGFKX-UHFFFAOYSA-N","CCC1(CCO)C(=O)NC(=S)NC1=O","-1.47","0.0","1","G1","216.262","-0.7039000000000004","53.310200000000016","14.0","4.0","3.0","6.0","3.0","78.0","0.0","1.0","1.0","1.0","78.43","86.8637972417811","2.973421401450698","270.3109791240422"
"F-321","4-methoxyfuro[3,2-g]chromen-7-one","InChI=1S/C12H8O4/c1-14-12-7-2-3-11(13)16-10(7)6-9-8(12)4-5-15-9/h2-6H,1H3","BGEBZHIAGXMEMV-UHFFFAOYSA-N","COC1=C2C=COC2=CC2=C1C=CC(=O)O2","-3.6","0.0","1","G1","216.19199999999995","2.5478000000000005","58.80800000000002","16.0","4.0","0.0","4.0","1.0","80.0","3.0","0.0","0.0","3.0","52.58","90.03388771500053","2.58457779785679","720.536095789931"
"F-322","4-Amino-N-(3H-pyrrol-2-yl)benzenesulfonamide","InChI=1S/C10H11N3O2S/c11-8-3-5-9(6-4-8)16(14,15)13-10-2-1-7-12-10/h1,3-7H,2,11H2,(H,12,13)","OMEARAGPSRSYJZ-UHFFFAOYSA-N","NC1=CC=C(S(=O)(=O)N=C2CC=CN2)C=C1","-1.69","0.0","1","G1","237.28400000000002","0.8630000000000001","62.36790000000001","16.0","3.0","2.0","6.0","2.0","84.0","1.0","0.0","1.0","2.0","84.55000000000001","93.74158865026588","2.3200209241555396","533.9318034997223"
"F-323","9-methoxyfuro[3,2-g]chromen-7-one","InChI=1S/C12H8O4/c1-14-12-10-8(4-5-15-10)6-7-2-3-9(13)16-11(7)12/h2-6H,1H3","QXKHYNVANLEOEG-UHFFFAOYSA-N","COC1=C2OC=CC2=CC2=C1OC(=O)C=C2","-3.52","0.06879999999999997","2","G3","216.19199999999995","2.5478000000000005","58.80800000000002","16.0","4.0","0.0","4.0","1.0","80.0","3.0","0.0","0.0","3.0","52.580000000000005","90.03388771500052","2.596039059902241","720.5360957899311"
"F-324","2-(Ethylamino)-2-oxoethyl benzoate","InChI=1S/C14H11NO2/c1-9-8-13(16)15(17)12-7-6-10-4-2-3-5-11(10)14(9)12/h2-8,17H,1H3","VEGOTYLRTWVOFW-UHFFFAOYSA-N","CC1=CC(=O)N(O)C2=C1C1=C(C=CC=C1)C=C2","-4.0","0.0","1","G1","225.247","2.700420000000001","67.63550000000002","17.0","3.0","1.0","3.0","0.0","84.0","3.0","0.0","0.0","3.0","42.230000000000004","97.49908811662361","2.68147023429201","787.1736821736661"
"F-329","2-(phenylmethoxycarbothioylsulfanyl)acetic acid","InChI=1S/C10H10O3S2/c11-9(12)7-15-10(14)13-6-8-4-2-1-3-5-8/h1-5H,6-7H2,(H,11,12)","RMBPSDLEKNOOSI-UHFFFAOYSA-N","O=C(O)CSC(=S)OCC1=CC=CC=C1","-2.68","0.0","1","G1","242.321","2.3059000000000003","63.92280000000003","15.0","4.0","1.0","5.0","4.0","80.0","1.0","0.0","0.0","1.0","46.53","97.44236293140018","2.255272093867067","337.7805543891172"
"F-331","hydroxy-[1-[hydroxy(oxo)azaniumyl]oxydecan-2-yloxy]-oxoazanium","InChI=1S/C10H22N2O6/c1-2-3-4-5-6-7-8-10(18-12(15)16)9-17-11(13)14/h10H,2-9H2,1H3,(H,13,14)(H,15,16)/q+2","ZDDUHNKTNDBKLW-UHFFFAOYSA-N","CCCCCCCCC(CO[N+](=O)O)O[N+](=O)O","-5.72","0.0","1","G1","266.294","2.3049999999999997","59.64580000000004","18.0","4.0","2.0","8.0","12.0","106.0","0.0","0.0","0.0","0.0","99.08000000000001","105.46484896036834","3.7149538196008858","248.52240356149724"
"F-333","5,5-dipropyl-1,3-diazinane-2,4,6-trione","InChI=1S/C10H16N2O3/c1-3-5-10(6-4-2)7(13)11-9(15)12-8(10)14/h3-6H2,1-2H3,(H2,11,12,13,14,15)","RCOUWKSZRXJXLA-UHFFFAOYSA-N","CCCC1(CCC)C(=O)NC(=O)NC1=O","-2.53","0.009350000000000191","2","G3","212.249","0.9389999999999998","53.93040000000002","15.0","3.0","2.0","5.0","4.0","84.0","0.0","1.0","1.0","1.0","75.27000000000001","88.6021895712172","2.9704426490634592","271.0426262196018"
"F-334","2-methyl-6-nitro-1H-quinazolin-4-one","InChI=1S/C9H7N3O3/c1-5-10-8-3-2-6(12(14)15)4-7(8)9(13)11-5/h2-4H,1H3,(H,10,11,13)","VZHXAPYAFDFUSD-UHFFFAOYSA-N","CC1=NC(=O)C2=C(N1)C=CC(=C2)[N+](=O)[O-]","-2.22","0.0","1","G1","205.17299999999997","1.1397199999999998","53.755100000000006","15.0","4.0","1.0","6.0","1.0","76.0","2.0","0.0","0.0","2.0","88.89","83.73180355006535","2.826109336029514","603.0643255901988"
"F-335","dipentyl benzene-1,2-dicarboxylate","InChI=1S/C18H26O4/c1-3-5-9-13-21-17(19)15-11-7-8-12-16(15)18(20)22-14-10-6-4-2/h7-8,11-12H,3-6,9-10,13-14H2,1-2H3","IPKKHRVROFYTEK-UHFFFAOYSA-N","CCCCCOC(=O)C1=C(C(=O)OCCCCC)C=CC=C1","-3.49","0.0","1","G1","306.40199999999993","4.380600000000004","86.05700000000006","22.0","4.0","0.0","4.0","10.0","122.0","1.0","0.0","0.0","1.0","52.60000000000001","132.36084315135759","2.5983251157200424","424.90988971896695"
"F-338","phenylmethyl N-[2-[(2-amino-2-oxoethyl)amino]-2-oxoethyl]carbamate","InChI=1S/C12H15N3O4/c13-10(16)6-14-11(17)7-15-12(18)19-8-9-4-2-1-3-5-9/h1-5H,6-8H2,(H2,13,16)(H,14,17)(H,15,18)","DAJXGDMBDLXAAP-UHFFFAOYSA-N","NC(=O)CNC(=O)CNC(=O)OCC1=CC=CC=C1","-2.35","0.0","1","G1","265.26899999999995","-0.4856999999999998","66.83380000000001","19.0","4.0","3.0","7.0","6.0","102.0","1.0","0.0","0.0","1.0","110.52","109.6587823997436","2.1748555846581983","447.5475346190978"
"F-339","arildone","InChI=1S/C20H29ClO4/c1-4-18(22)16(19(23)5-2)10-8-6-7-9-13-25-20-12-11-15(24-3)14-17(20)21/h11-12,14,16H,4-10,13H2,1-3H3","DIXRMZGIJNJUGL-UHFFFAOYSA-N","CCC(=O)C(CCCCCCOC1=C(Cl)C=C(OC)C=C1)C(=O)CC","-5.27","0.0","1","G1","368.9010000000001","5.252300000000005","100.67000000000007","25.0","4.0","0.0","5.0","13.0","140.0","1.0","0.0","0.0","1.0","52.6","155.39399360703246","2.2313731675229156","540.6271769381298"
"F-340","5-butyl-5-ethyl-1,3-diazinane-2,4,6-trione","InChI=1S/C10H16N2O3/c1-3-5-6-10(4-2)7(13)11-9(15)12-8(10)14/h3-6H2,1-2H3,(H2,11,12,13,14,15)","STDBAQMTJLUMFW-UHFFFAOYSA-N","CCCCC1(CC)C(=O)NC(=O)NC1=O","-1.67","0.020548046676563275","3","G5","212.249","0.9389999999999998","53.93040000000002","15.0","3.0","2.0","5.0","4.0","84.0","0.0","1.0","1.0","1.0","75.27000000000001","88.6021895712172","2.891339554138367","279.04262621960174"
"F-344","5-acetyl-6-methylpyridine-3,4-dicarboxylic acid","InChI=1S/C10H9NO5/c1-4-7(5(2)12)8(10(15)16)6(3-11-4)9(13)14/h3H,1-2H3,(H,13,14)(H,15,16)","PASDDGVAXYKJAW-UHFFFAOYSA-N","CC(=O)C1=C(C(=O)O)C(C(=O)O)=CN=C1C","-1.35","0.0","1","G1","223.18399999999997","0.98902","52.89710000000001","16.0","4.0","2.0","6.0","3.0","84.0","1.0","0.0","0.0","1.0","104.56","90.54879547694982","3.697752368793182","492.22791062493184"
"F-345","(4E)-4-[(1,3-Thiazol-2-ylcarbonyl)hydrazono]pentanoic acid","InChI=1S/C9H11N3O3S/c1-6(2-3-7(13)14)11-12-8(15)9-10-4-5-16-9/h4-5H,2-3H2,1H3,(H,12,15)(H,13,14)","GMRLYFSSMHOUNB-UHFFFAOYSA-N","CC(CCC(=O)O)=NNC(=O)C1=NC=CS1","-1.73","0.0","1","G1","241.27200000000002","1.1135999999999997","59.55900000000002","16.0","5.0","2.0","7.0","5.0","86.0","1.0","0.0","0.0","1.0","91.64999999999999","96.01366569922128","2.404971737487154","400.141526297928"
"F-347","1,5-dimethyl-2-phenyl-4-propan-2-ylpyrazol-3-one","InChI=1S/C14H18N2O/c1-10(2)13-11(3)15(4)16(14(13)17)12-8-6-5-7-9-12/h5-10H,1-4H3","PXWLVJLKJGVOKE-UHFFFAOYSA-N","CC1=C(C(C)C)C(=O)N(C2=CC=CC=C2)N1C","-1.91","0.0","1","G1","230.31100000000004","2.607820000000001","69.83600000000003","17.0","3.0","0.0","3.0","2.0","90.0","2.0","0.0","0.0","2.0","26.93","101.291934941144","2.73026047273788","576.2599451429834"
"F-348","2-Nitronaphthalene","InChI=1S/C10H7NO2/c12-11(13)10-6-5-8-3-1-2-4-9(8)7-10/h1-7H","ZJYJZEAJZXVAMF-UHFFFAOYSA-N","C1=CC=C2C=C(C=CC2=C1)[N+](=O)[O-]","-3.82","0.22640000000000016","2","G3","173.17099999999994","2.748000000000001","50.60240000000002","13.0","2.0","0.0","3.0","1.0","64.0","2.0","0.0","0.0","2.0","43.14","74.76604337373196","2.686034663876991","465.18632858848656"
"F-349","(~{N}~{Z})-~{N}-[(1~{Z})-1-hydroxyimino-1-phenylpropan-2-ylidene]hydroxylamine","InChI=1S/C9H10N2O2/c1-7(10-12)9(11-13)8-5-3-2-4-6-8/h2-6,12-13H,1H3","OHOFOAMRUFMQPH-UHFFFAOYSA-N","CC(=NO)C(=NO)C1=CC=CC=C1","-2.3","0.0","1","G1","178.191","1.7149999999999999","49.661000000000016","13.0","4.0","2.0","4.0","2.0","68.0","1.0","0.0","0.0","1.0","65.18","75.81341893775502","3.0711411718537973","330.7277552288799"
"F-351","3-(2-methoxyphenoxy)propane-1,2-diol","InChI=1S/C10H14O4/c1-13-9-4-2-3-5-10(9)14-7-8(12)6-11/h2-5,8,11-12H,6-7H2,1H3","HSRJKNPTNIJEKV-UHFFFAOYSA-N","COC1=C(OCC(O)CO)C=CC=C1","-0.73","0.06590000000000001","2","G3","198.218","0.42720000000000014","51.58160000000004","14.0","4.0","2.0","4.0","5.0","78.0","1.0","0.0","0.0","1.0","58.92","82.70672954048919","2.5695217573242997","274.5794377388136"
"F-352","2-[3-(2-hydroxyethoxy)phenoxy]ethanol","InChI=1S/C10H14O4/c11-4-6-13-9-2-1-3-10(8-9)14-7-5-12/h1-3,8,11-12H,4-7H2","IAXFZZHBFXRZMT-UHFFFAOYSA-N","OCCOC1=CC=CC(OCCO)=C1","-1.02","0.0","1","G1","198.21799999999996","0.4287999999999999","51.603600000000036","14.0","4.0","2.0","4.0","6.0","78.0","1.0","0.0","0.0","1.0","58.92","82.70672954048919","2.5001926242792023","238.80384039194297"
"F-354","4-[2-(4-oxopentan-2-ylideneamino)ethylimino]pentan-2-one","InChI=1S/C12H20N2O2/c1-9(7-11(3)15)13-5-6-14-10(2)8-12(4)16/h5-8H2,1-4H3","PZRFMNQRPVQCIT-UHFFFAOYSA-N","CC(=O)CC(C)=NCCN=C(C)CC(C)=O","-2.83","0.0","1","G1","224.30399999999997","1.8664","66.54800000000004","16.0","4.0","0.0","4.0","7.0","90.0","0.0","0.0","0.0","0.0","58.86","96.86730345800001","3.8932427215096763","284.9804499913461"
"F-355","N-Hydroxy-4-nitrobenzamide","InChI=1S/C7H6N2O4/c10-7(8-11)5-1-3-6(4-2-5)9(12)13/h1-4,11H,(H,8,10)","NORABPMBUQMZLT-UHFFFAOYSA-N","C1=CC(=CC=C1C(=O)NO)[N+](=O)[O-]","-1.94","0.0","1","G1","182.135","0.7138000000000002","42.3491","13.0","4.0","2.0","6.0","2.0","68.0","1.0","0.0","0.0","1.0","92.47","72.90897749171916","2.9340419411151166","332.85070828529405"
"F-357","N-hydroxy-N-methyl-4-nitrobenzamide","InChI=1S/C8H8N2O4/c1-9(12)8(11)6-2-4-7(5-3-6)10(13)14/h2-5,12H,1H3","ZNDZIKKLULYHLG-UHFFFAOYSA-N","CN(C(=O)C1=CC=C(C=C1)[N+](=O)[O-])O","-2.87","0.0","1","G1","196.16199999999998","1.0559999999999998","46.97640000000001","14.0","4.0","1.0","6.0","2.0","74.0","1.0","0.0","0.0","1.0","83.68","79.48389109271109","2.9399537189703024","358.1089581038585"
"F-358","2'-Hydroxy-4-methoxychalcone","InChI=1S/C16H14O3/c1-19-13-9-6-12(7-10-13)8-11-16(18)14-4-2-3-5-15(14)17/h2-11,17H,1H3","NXBNYUSXDBHELA-UHFFFAOYSA-N","COC1=CC=C(C=CC(=O)C2=C(O)C=CC=C2)C=C1","-5.7","0.0","1","G1","254.285","3.2969000000000017","74.46530000000003","19.0","3.0","1.0","3.0","4.0","96.0","2.0","0.0","0.0","2.0","46.53","111.32796383270986","2.136217054344883","597.6460401172849"
"F-359","N-Methoxy-4-nitrobenzamide","InChI=1S/C8H8N2O4/c1-14-9-8(11)6-2-4-7(5-3-6)10(12)13/h2-5H,1H3,(H,9,11)","HIJYJXGWKHLZPA-UHFFFAOYSA-N","CONC(=O)C1=CC=C(C=C1)[N+](=O)[O-]","-2.28","0.0","1","G1","196.16199999999998","0.8860000000000001","47.57160000000001","14.0","4.0","1.0","6.0","3.0","74.0","1.0","0.0","0.0","1.0","81.47","79.59323108342663","2.8270220393427357","346.86384133804063"
"F-360","2-(1,5-dimethylpyrazol-3-yl)oxy-4,6-dimethylpyrimidine","InChI=1S/C11H14N4O/c1-7-5-8(2)13-11(12-7)16-10-6-9(3)15(4)14-10/h5-6H,1-4H3","LBFLLEWQPRGUHX-UHFFFAOYSA-N","CC1=CC(C)=NC(OC2=NN(C)C(C)=C2)=N1","-1.52","0.0","1","G1","218.26","1.92766","59.52500000000003","16.0","5.0","0.0","5.0","2.0","84.0","2.0","0.0","0.0","2.0","52.830000000000005","94.1083404315082","2.261644695920815","478.9482688001515"
"F-361","phenylmethyl N-(2-amino-2-oxoethyl)carbamate","InChI=1S/C10H12N2O3/c11-9(13)6-12-10(14)15-7-8-4-2-1-3-5-8/h1-5H,6-7H2,(H2,11,13)(H,12,14)","HQYMUNCIMNFLDT-UHFFFAOYSA-N","NC(=O)CNC(=O)OCC1=CC=CC=C1","-1.88","0.0","1","G1","208.21699999999998","0.39809999999999907","53.824100000000016","15.0","3.0","2.0","5.0","4.0","80.0","1.0","0.0","0.0","1.0","81.42","87.21751388729858","2.255272093867067","337.7805543891172"
"F-363","N-[2-(5-methoxy-1H-indol-3-yl)ethyl]acetamide","InChI=1S/C13H16N2O2/c1-9(16)14-6-5-10-8-15-13-4-3-11(17-2)7-12(10)13/h3-4,7-8,15H,5-6H2,1-2H3,(H,14,16)","DRLFMBDRBRZALE-UHFFFAOYSA-N","COC1=CC2=C(C=C1)NC=C2CCNC(C)=O","-5.09","0.0","1","G1","232.28299999999996","1.8551","67.23840000000003","17.0","2.0","2.0","4.0","4.0","90.0","2.0","0.0","0.0","2.0","54.12","99.97186815738822","2.1868759175925643","531.1990260144933"
"F-367","9-hydroxy-10,13-dimethyl-1,2,6,7,8,11,12,14,15,16-decahydrocyclopenta[a]phenanthrene-3,17-dione","InChI=1S/C19H26O3/c1-17-9-10-19(22)15(14(17)5-6-16(17)21)4-3-12-11-13(20)7-8-18(12,19)2/h11,14-15,22H,3-10H2,1-2H3","SNMVJSSWZSJOGL-UHFFFAOYSA-N","CC12CCC3(O)C(CCC4=CC(=O)CCC43C)C1CCC2=O","-2.68","0.0","1","G1","302.4140000000001","3.202300000000002","83.17680000000004","22.0","3.0","1.0","3.0","0.0","120.0","0.0","3.0","4.0","4.0","54.37","131.71255939295088","1.7753667159229276","591.4877160391027"
"F-369","(4Z)-4-(Pyridine-4-carbonylhydrazinylidene)pentanoic acid","InChI=1S/C11H13N3O3/c1-8(2-3-10(15)16)13-14-11(17)9-4-6-12-7-5-9/h4-7H,2-3H2,1H3,(H,14,17)(H,15,16)","VOXWRPFVWYTAMA-UHFFFAOYSA-N","CC(CCC(=O)O)=NNC(=O)C1=CC=NC=C1","-1.59","0.0","1","G1","235.24300000000002","1.0521","61.68200000000002","17.0","4.0","2.0","6.0","5.0","90.0","1.0","0.0","0.0","1.0","91.64999999999999","98.37330242880981","2.471010023367562","428.84761326524466"
"F-374","vinbarbital","InChI=1S/C11H16N2O3/c1-4-6-7(3)11(5-2)8(14)12-10(16)13-9(11)15/h6H,4-5H2,1-3H3,(H2,12,13,14,15,16)","RAFOHKSPUDGZPR-UHFFFAOYSA-N","CCC=C(C)C1(CC)C(=O)NC(=O)NC1=O","-2.31","0.0","1","G1","224.26","1.1050999999999997","58.45340000000003","16.0","3.0","2.0","5.0","3.0","88.0","0.0","1.0","1.0","1.0","75.27000000000001","94.27752865342954","3.2037805931017176","351.42596479667276"
"F-375","5-(2-Hydroxyethyl)-5-isobutyl-2-thioxodihydro-4,6(1H,5H)-pyrimidinedione","InChI=1S/C10H16N2O3S/c1-6(2)5-10(3-4-13)7(14)11-9(16)12-8(10)15/h6,13H,3-5H2,1-2H3,(H2,11,12,14,15,16)","TWFAUAOSZJCOQV-UHFFFAOYSA-N","CC(C)CC1(CCO)C(=O)NC(=S)NC1=O","-2.62","0.0","1","G1","244.316","-0.06779999999999992","62.474200000000025","16.0","4.0","3.0","6.0","4.0","90.0","0.0","1.0","1.0","1.0","78.43","99.59368147057431","3.0097689230426714","308.0258315489629"
"F-378","cyclohexylsulfonylcyclohexane","InChI=1S/C12H22O2S/c13-15(14,11-7-3-1-4-8-11)12-9-5-2-6-10-12/h11-12H,1-10H2","MZUPWNMULGRONZ-UHFFFAOYSA-N","O=S(=O)(C1CCCCC1)C1CCCCC1","-2.06","0.0","1","G1","230.3729999999999","3.066600000000002","62.66580000000005","15.0","2.0","0.0","3.0","2.0","88.0","0.0","2.0","2.0","2.0","34.14","93.3673503609204","2.0292756366693627","258.7439801694602"
"F-379","5-(2-hydroxyethyl)-5-propyl-2-sulfanylidene-1,3-diazinane-4,6-dione","InChI=1S/C9H14N2O3S/c1-2-3-9(4-5-12)6(13)10-8(15)11-7(9)14/h12H,2-5H2,1H3,(H2,10,11,13,14,15)","QCWBDMSQWLNWJC-UHFFFAOYSA-N","CCCC1(CCO)C(=O)NC(=S)NC1=O","-1.61","0.0","1","G1","230.28900000000002","-0.3138","57.92720000000002","15.0","4.0","3.0","6.0","4.0","84.0","0.0","1.0","1.0","1.0","78.43","93.2287393561777","2.9704426490634592","275.7325821554946"
"F-380","4-(6-methoxynaphthalen-2-yl)butan-2-one","InChI=1S/C15H16O2/c1-11(16)3-4-12-5-6-14-10-15(17-2)8-7-13(14)9-12/h5-10H,3-4H2,1-2H3","BLXXJMDCKKHMKV-UHFFFAOYSA-N","COC1=CC=C2C=C(CCC(C)=O)C=CC2=C1","-1.46","0.0","1","G1","228.29099999999997","3.370000000000002","69.50200000000004","17.0","2.0","0.0","2.0","4.0","88.0","2.0","0.0","0.0","2.0","26.3","101.21284555276587","2.2794935782808614","543.6131589013072"
"F-381","2-(benzoylamino)-2-methylpropanoic acid","InChI=1S/C11H13NO3/c1-11(2,10(14)15)12-9(13)8-6-4-3-5-7-8/h3-7H,1-2H3,(H,12,13)(H,14,15)","AXAMLHJXUICVAY-UHFFFAOYSA-N","CC(C)(NC(=O)C1=CC=CC=C1)C(=O)O","-0.76","0.0","1","G1","207.22899999999998","1.2796","55.623000000000026","15.0","2.0","2.0","4.0","3.0","80.0","1.0","0.0","0.0","1.0","66.4","87.92325382737161","2.770474696152145","370.67924079774014"
"F-383","6,7-Dimethoxy-1-oxo-1,3-dihydro-2-benzofuran-4-carbonitrile","InChI=1S/C11H9NO4/c1-14-8-3-6(4-12)7-5-16-11(13)9(7)10(8)15-2/h3H,5H2,1-2H3","PDOMWZKAOUMKFZ-UHFFFAOYSA-N","COC1=C(OC)C2=C(COC2=O)C(C#N)=C1","-3.48","0.0","1","G1","219.19599999999997","1.2458799999999999","53.38050000000002","16.0","5.0","0.0","5.0","2.0","82.0","1.0","0.0","1.0","2.0","68.55000000000001","92.1450200079839","2.7656285324365593","501.68651853324565"
"F-391","2-(4-Hydroxybenzoyl)benzoic acid","InChI=1S/C14H10O4/c15-10-7-5-9(6-8-10)13(16)11-3-1-2-4-12(11)14(17)18/h1-8,15H,(H,17,18)","YGTUPRIZNBMOFV-UHFFFAOYSA-N","O=C(O)C1=C(C(=O)C2=CC=C(O)C=C2)C=CC=C1","-2.73","0.07325000000000004","2","G3","242.23000000000002","2.3214000000000006","64.94060000000003","18.0","3.0","2.0","4.0","3.0","90.0","2.0","0.0","0.0","2.0","74.6","103.12989325883379","2.459795907470056","599.4459859811755"
"F-393","(4-aminophenyl)sulfonylurea","InChI=1S/C7H9N3O3S/c8-5-1-3-6(4-2-5)14(12,13)10-7(9)11/h1-4H,8H2,(H3,9,10,11)","WVAKABMNNSMCDK-UHFFFAOYSA-N","NC(=O)NS(=O)(=O)C1=CC=C(N)C=C1","-1.97","0.0","1","G1","215.234","-0.3742000000000003","50.7593","14.0","4.0","3.0","7.0","2.0","76.0","1.0","0.0","0.0","1.0","115.27999999999999","80.9482868039859","3.047486126365013","437.75275358498425"
"F-394","ethyl 2-(benzoylamino)-2-methylpropanoate","InChI=1S/C13H17NO3/c1-4-17-12(16)13(2,3)14-11(15)10-8-6-5-7-9-10/h5-9H,4H2,1-3H3,(H,14,15)","MJXAXRPQNZPQSV-UHFFFAOYSA-N","CCOC(=O)C(C)(C)NC(=O)C1=CC=CC=C1","-1.19","0.0","1","G1","235.28300000000002","1.7581","64.62020000000004","17.0","3.0","1.0","4.0","4.0","92.0","1.0","0.0","0.0","1.0","55.4","100.97244953347568","2.7121747219841184","398.38541876010714"
"F-395","(4-acetamidophenyl) ethyl carbonate","InChI=1S/C11H13NO4/c1-3-15-11(14)16-10-6-4-9(5-7-10)12-8(2)13/h4-7H,3H2,1-2H3,(H,12,13)","AXHGKAOXRWHBIF-UHFFFAOYSA-N","CCOC(=O)OC1=CC=C(NC(C)=O)C=C1","-2.67","0.15999999999999992","2","G3","223.22799999999998","2.1803","58.395700000000026","16.0","4.0","1.0","5.0","3.0","86.0","1.0","0.0","0.0","1.0","64.63","93.35611053418936","2.571316213442423","372.0758818636124"
"F-396","6,7-dihydroxy-1-methyl-3,4-dihydro-2H-isoquinoline-1-carboxylic acid","InChI=1S/C11H13NO4/c1-11(10(15)16)7-5-9(14)8(13)4-6(7)2-3-12-11/h4-5,12-14H,2-3H2,1H3,(H,15,16)","XHGLVMDBZZZXDP-UHFFFAOYSA-N","CC1(C(=O)O)NCCC2=C1C=C(O)C(O)=C2","-0.75","0.0","1","G1","223.228","0.5432999999999999","56.466100000000026","16.0","4.0","4.0","5.0","1.0","86.0","1.0","0.0","1.0","2.0","89.79","92.34436807819064","2.6251768032371907","457.54293906298625"
"F-397","2-(1,3-dioxoisoindol-2-yl)-2-methylbutanoic acid","InChI=1S/C13H13NO4/c1-3-13(2,12(17)18)14-10(15)8-6-4-5-7-9(8)11(14)16/h4-7H,3H2,1-2H3,(H,17,18)","DRAGYQKESAIJPL-UHFFFAOYSA-N","CCC(C)(C(=O)O)N1C(=O)C2=C(C=CC=C2)C1=O","-1.91","0.0","1","G1","247.24999999999997","1.5359000000000003","63.27380000000002","18.0","3.0","1.0","5.0","3.0","94.0","1.0","0.0","1.0","2.0","74.68","104.0188004892747","2.548843170401105","516.6771552837998"
"F-401","1-(4-methoxyphenyl)-2-phenylethane-1,2-diol","InChI=1S/C15H16O3/c1-18-13-9-7-12(8-10-13)15(17)14(16)11-5-3-2-4-6-11/h2-10,14-17H,1H3","JDBJGKZPEUFETH-UHFFFAOYSA-N","COC1=CC=C(C(O)C(O)C2=CC=CC=C2)C=C1","-1.39","0.0","1","G1","244.29000000000002","2.4622","69.35560000000004","18.0","3.0","2.0","3.0","4.0","94.0","2.0","0.0","0.0","2.0","49.69","106.28533640264975","2.1709591552769054","478.8517175824324"
"F-402","N-Acetyl-O-benzoylserine","InChI=1S/C12H13NO5/c1-8(14)13-10(11(15)16)7-18-12(17)9-5-3-2-4-6-9/h2-6,10H,7H2,1H3,(H,13,14)(H,15,16)","RXFPBLZANMSMKQ-UHFFFAOYSA-N","CC(=O)NC(COC(=O)C1=CC=CC=C1)C(=O)O","-3.22","0.0","1","G1","251.238","0.43269999999999936","61.965000000000025","18.0","4.0","2.0","6.0","5.0","96.0","1.0","0.0","0.0","1.0","92.7","103.56326327131887","2.5484018065353693","443.04080891735794"
"F-403","2-[[2-amino-3-(4-hydroxyphenyl)propanoyl]amino]acetic acid","InChI=1S/C11H14N2O4/c12-9(11(17)13-6-10(15)16)5-7-1-3-8(14)4-2-7/h1-4,9,14H,5-6,12H2,(H,13,17)(H,15,16)","HPYDSVWYXXKHRD-UHFFFAOYSA-N","NC(CC1=CC=C(O)C=C1)C(=O)NCC(=O)O","-1.1","0.0","1","G1","238.24299999999997","-0.5372000000000001","60.43170000000002","17.0","4.0","4.0","6.0","5.0","92.0","1.0","0.0","0.0","1.0","112.64999999999999","98.05737827658034","2.476930736094679","402.43738729093104"
"F-404","5-[(4-methoxyphenyl)methyl]-3-methylimidazolidine-2,4-dione","InChI=1S/C12H14N2O3/c1-14-11(15)10(13-12(14)16)7-8-3-5-9(17-2)6-4-8/h3-6,10H,7H2,1-2H3,(H,13,16)","YLDXEYAVVSHKFZ-UHFFFAOYSA-N","COC1=CC=C(CC2NC(=O)N(C)C2=O)C=C1","-0.89","0.0","1","G1","234.255","0.7878999999999996","61.78770000000003","17.0","3.0","1.0","5.0","3.0","90.0","1.0","1.0","1.0","2.0","58.64","99.36150993575323","2.0586688912297055","441.568892662762"
"F-405","2,2-bis(2-chlorophenoxy)acetic acid","InChI=1S/C14H10Cl2O4/c15-9-5-1-3-7-11(9)19-14(13(17)18)20-12-8-4-2-6-10(12)16/h1-8,14H,(H,17,18)","XBYHGNVNQLXAGB-UHFFFAOYSA-N","O=C(O)C(OC1=C(Cl)C=CC=C1)OC1=C(Cl)C=CC=C1","-2.83","0.0","1","G1","313.136","3.861900000000002","75.58380000000004","20.0","3.0","1.0","6.0","5.0","104.0","2.0","0.0","0.0","2.0","55.760000000000005","125.00776031937112","2.186211361061708","568.1278280887842"
"F-406","4-(2,4-Dichlorophenoxy)-2-methoxy-1-nitrobenzene","InChI=1S/C13H9Cl2NO4/c1-19-13-7-9(3-4-11(13)16(17)18)20-12-5-2-8(14)6-10(12)15/h2-7H,1H3","DXXVCXKMSWHGTF-UHFFFAOYSA-N","COC1=C(C=CC(=C1)OC2=C(C=C(C=C2)Cl)Cl)[N+](=O)[O-]","-5.91","0.054999999999999716","2","G3","314.124","4.702500000000002","76.18440000000002","20.0","4.0","0.0","7.0","4.0","104.0","2.0","0.0","0.0","2.0","61.599999999999994","124.34003807523449","2.3196573099384548","660.8145701153476"
"F-408","ethyl 4-(ethylcarbamothioyl)piperazine-1-carboxylate","InChI=1S/C10H19N3O2S/c1-3-11-9(16)12-5-7-13(8-6-12)10(14)15-4-2/h3-8H2,1-2H3,(H,11,16)","XBLAEBYYJMOIDO-UHFFFAOYSA-N","CCNC(=S)N1CCN(C(=O)OCC)CC1","-1.79","0.0","1","G1","245.34799999999996","0.6549","66.44270000000003","16.0","3.0","1.0","6.0","2.0","92.0","0.0","1.0","1.0","1.0","44.81","101.7212760046401","2.3310803559126754","226.44869689229975"
"F-409","N-[(4-chlorophenyl)carbamoyl]-2,6-difluorobenzamide","InChI=1S/C14H9ClF2N2O2/c15-8-4-6-9(7-5-8)18-14(21)19-13(20)12-10(16)2-1-3-11(12)17/h1-7H,(H2,18,19,20,21)","QQQYTWIFVNKMRW-UHFFFAOYSA-N","O=C(NC(=O)C1=C(F)C=CC=C1F)NC1=CC=C(Cl)C=C1","-6.54","0.2598613476452396","3","G5","310.687","3.5801000000000016","74.29490000000001","21.0","2.0","2.0","7.0","2.0","108.0","2.0","0.0","0.0","2.0","58.2","123.27548715439198","2.0556514127195276","669.6234048767685"
"F-410","1-methyl-3-(2,4,6-trioxo-1,3-diazinan-5-yl)thiourea","InChI=1S/C6H8N4O3S/c1-7-6(14)8-2-3(11)9-5(13)10-4(2)12/h2H,1H3,(H2,7,8,14)(H2,9,10,11,12,13)","XRHHRWNNXLLWNB-UHFFFAOYSA-N","CNC(=S)NC1C(=O)NC(=O)NC1=O","-0.46","0.0","1","G1","216.222","-2.1851000000000003","50.262800000000006","14.0","4.0","4.0","8.0","1.0","76.0","0.0","1.0","1.0","1.0","99.32999999999998","84.60092572805172","2.677125720374499","296.1984776463023"
"F-411","2-(9H-fluoren-9-ylmethoxycarbonylamino)-4-methylpentanoic acid","InChI=1S/C21H23NO4/c1-13(2)11-19(20(23)24)22-21(25)26-12-18-16-9-5-3-7-14(16)15-8-4-6-10-17(15)18/h3-10,13,18-19H,11-12H2,1-2H3,(H,22,25)(H,23,24)","CBPJQFCAFFNICX-UHFFFAOYSA-N","CC(C)CC(NC(=O)OCC1C2=C(C=CC=C2)C2=C1C=CC=C2)C(=O)O","-3.74","0.0","1","G1","353.41800000000006","4.024400000000002","99.08350000000006","26.0","3.0","2.0","5.0","6.0","136.0","2.0","0.0","1.0","3.0","75.63","152.54783056699972","1.6967732094106398","769.6633058580652"
"F-412","2-[[4-(acetylsulfamoyl)phenyl]carbamoyl]benzoic acid","InChI=1S/C16H14N2O6S/c1-10(19)18-25(23,24)12-8-6-11(7-9-12)17-15(20)13-4-2-3-5-14(13)16(21)22/h2-9H,1H3,(H,17,20)(H,18,19)(H,21,22)","SNWQKAWITMVCQW-UHFFFAOYSA-N","CC(=O)NS(=O)(=O)C1=CC=C(NC(=O)C2=C(C(=O)O)C=CC=C2)C=C1","-2.52","0.0","1","G1","362.36300000000006","1.4619000000000002","88.79900000000002","25.0","5.0","3.0","9.0","5.0","130.0","2.0","0.0","0.0","2.0","129.64","143.08756609510593","2.2098230343017944","935.3522310151856"
"F-413","3,3-diethyl-6-nitro-2-benzofuran-1-one","InChI=1S/C12H13NO4/c1-3-12(4-2)10-6-5-8(13(15)16)7-9(10)11(14)17-12/h5-7H,3-4H2,1-2H3","BWXSXZAIQQSFPW-UHFFFAOYSA-N","CCC1(C2=C(C=C(C=C2)[N+](=O)[O-])C(=O)O1)CC","-3.66","0.0","1","G1","235.23899999999992","2.780500000000001","60.77190000000003","17.0","4.0","0.0","5.0","3.0","90.0","1.0","0.0","1.0","2.0","69.44","98.54326770439783","2.5798507557946713","491.2790378430076"
"F-415","2,2-Dibutyl-N-hydroxyhexanamide","InChI=1S/C14H29NO2/c1-4-7-10-14(11-8-5-2,12-9-6-3)13(16)15-17/h17H,4-12H2,1-3H3,(H,15,16)","SYBUTYMIJPIFDK-UHFFFAOYSA-N","CCCCC(CCCC)(CCCC)C(=O)NO","-4.16","0.0","1","G1","243.39099999999996","4.048800000000002","70.93720000000005","17.0","2.0","2.0","3.0","10.0","102.0","0.0","0.0","0.0","0.0","49.33","105.94315505031128","4.696861172883415","182.62445310167308"
"F-416","Methyl 4-dimethylaminobenzoate","InChI=1S/C10H13NO2/c1-11(2)9-6-4-8(5-7-9)10(12)13-3/h4-7H,1-3H3","DBQGARDMYOMOOS-UHFFFAOYSA-N","COC(=O)C1=CC=C(N(C)C)C=C1","-3.05","0.125","2","G3","179.219","1.5392","52.10850000000003","13.0","3.0","0.0","3.0","2.0","70.0","1.0","0.0","0.0","1.0","29.54","77.92607257683741","2.870929838146898","290.2979848465724"
"F-417","2,3-DIMETHOXYBENZOIC ACID","InChI=1S/C9H10O4/c1-12-7-5-3-4-6(9(10)11)8(7)13-2/h3-5H,1-2H3,(H,10,11)","FODBVCSYJKNBLO-UHFFFAOYSA-N","COC1=CC=CC(C(=O)O)=C1OC","-2.14","0.0","1","G1","182.17499999999998","1.402","46.50530000000002","13.0","3.0","1.0","4.0","3.0","70.0","1.0","0.0","0.0","1.0","55.760000000000005","75.70907577394033","3.2663671721113827","319.3907822709722"
"F-418","4-(Hydroxyamino)benzenesulfonamide","InChI=1S/C6H8N2O3S/c7-12(10,11)6-3-1-5(8-9)2-4-6/h1-4,8-9H,(H2,7,10,11)","JLGHCFNZJKVXAE-UHFFFAOYSA-N","NS(=O)(=O)C1=CC=C(NO)C=C1","-0.84","0.0","1","G1","188.208","0.1351000000000001","43.2244","12.0","4.0","3.0","6.0","2.0","66.0","1.0","0.0","0.0","1.0","92.42","69.83020414420679","3.0904610347343535","356.8845171707862"
"F-419","dibenzofuran-2-sulfonic acid","InChI=1S/C12H8O4S/c13-17(14,15)8-5-6-12-10(7-8)9-3-1-2-4-11(9)16-12/h1-7H,(H,13,14,15)","JANFYPHFIPGYTQ-UHFFFAOYSA-N","O=S(=O)(O)C1=CC2=C(C=C1)OC1=C2C=CC=C1","-0.47","0.0","1","G1","248.259","2.832700000000001","63.53460000000003","17.0","3.0","1.0","5.0","1.0","86.0","3.0","0.0","0.0","3.0","67.51","97.21769745708485","2.457301107429124","814.759358516294"
"F-420","N-Hydroxy-N-phenylbenzamide","InChI=1S/C13H11NO2/c15-13(11-7-3-1-4-8-11)14(16)12-9-5-2-6-10-12/h1-10,16H","YLYIXDZITBMCIW-UHFFFAOYSA-N","O=C(C1=CC=CC=C1)N(O)C1=CC=CC=C1","-2.73","0.0","1","G1","213.23600000000002","2.722600000000001","61.480000000000025","16.0","2.0","1.0","3.0","2.0","80.0","2.0","0.0","0.0","2.0","40.540000000000006","93.52306746187874","2.2393989303204465","467.8059718006981"
"F-421","2-acetamido-3-phenylpropanoic acid","InChI=1S/C11H13NO3/c1-8(13)12-10(11(14)15)7-9-5-3-2-4-6-9/h2-6,10H,7H2,1H3,(H,12,13)(H,14,15)","CBQJSKKFNMDLON-UHFFFAOYSA-N","CC(=O)NC(CC1=CC=CC=C1)C(=O)O","-1.41","0.0","1","G1","207.22899999999998","0.8183999999999998","55.38650000000002","15.0","2.0","2.0","4.0","4.0","80.0","1.0","0.0","0.0","1.0","66.4","87.92325382737161","2.6701465380280394","348.11048355835163"
"F-422","1,1-dimethyl-3-(4-propan-2-ylphenyl)urea","InChI=1S/C12H18N2O/c1-9(2)10-5-7-11(8-6-10)13-12(15)14(3)4/h5-9H,1-4H3,(H,13,15)","PUIYMUZLKQOUOZ-UHFFFAOYSA-N","CC(C)C1=CC=C(NC(=O)N(C)C)C=C1","-3.5","0.02710756352016907","3","G5","206.289","2.903500000000001","63.23670000000004","15.0","1.0","1.0","3.0","2.0","82.0","1.0","0.0","0.0","1.0","32.34","91.09227375973178","2.685768989393265","327.9802853293369"
"F-426","ethyl 2-acetamido-3-phenylpropanoate","InChI=1S/C13H17NO3/c1-3-17-13(16)12(14-10(2)15)9-11-7-5-4-6-8-11/h4-8,12H,3,9H2,1-2H3,(H,14,15)","YIVZYFDBEPMPNL-UHFFFAOYSA-N","CCOC(=O)C(CC1=CC=CC=C1)NC(C)=O","-1.86","0.0","1","G1","235.28300000000002","1.2969","64.38370000000003","17.0","3.0","1.0","4.0","5.0","92.0","1.0","0.0","0.0","1.0","55.4","100.97244953347568","2.695351301044562","375.5107816340442"
"F-427","2-diethylamino-N-(2,6-dimethylphenyl)acetamide","InChI=1S/C14H22N2O/c1-5-16(6-2)10-13(17)15-14-11(3)8-7-9-12(14)4/h7-9H,5-6,10H2,1-4H3,(H,15,17)","NNJVILVZKWQKPM-UHFFFAOYSA-N","CCN(CC)CC(=O)NC1=C(C)C=CC=C1C","-1.78","0.013771226040794834","3","G5","234.343","2.5837400000000006","72.33370000000005","17.0","2.0","1.0","3.0","5.0","94.0","1.0","0.0","0.0","1.0","32.34","103.82215798852502","2.680267656047493","363.55864155890856"
"F-428","2-[3-(benzoyl)phenyl]propanoic acid","InChI=1S/C16H14O3/c1-11(16(18)19)13-8-5-9-14(10-13)15(17)12-6-3-2-4-7-12/h2-11H,1H3,(H,18,19)","DKYWVDODHFEZIM-UHFFFAOYSA-N","CC(C(=O)O)C1=CC=CC(C(=O)C2=CC=CC=C2)=C1","-3.47","0.733690562991117","3","G4","254.285","3.1057000000000015","72.36730000000003","19.0","2.0","1.0","3.0","4.0","96.0","2.0","0.0","0.0","2.0","54.37","111.06554373543099","2.3400417314396122","602.4009276194483"
"F-429","2,5,9-trimethylpyrano[5,6-f][1]benzoxol-7-one","InChI=1S/C14H12O3/c1-7-4-12(15)17-14-9(3)13-10(6-11(7)14)5-8(2)16-13/h4-6H,1-3H3","FMHHVULEAZTJMA-UHFFFAOYSA-N","CC1=CC2=CC3=C(OC(=O)C=C3C)C(C)=C2O1","-5.28","0.0","1","G1","228.24699999999996","3.4644600000000025","66.46700000000003","17.0","3.0","0.0","3.0","0.0","86.0","3.0","0.0","0.0","3.0","43.35","97.65022671428683","2.6263242915513256","790.4241010504397"
"F-432","ethyl 2-(benzoylamino)-3-(4-hydroxyphenyl)propanoate","InChI=1S/C18H19NO4/c1-2-23-18(22)16(12-13-8-10-15(20)11-9-13)19-17(21)14-6-4-3-5-7-14/h3-11,16,20H,2,12H2,1H3,(H,19,21)","SRLROPAFMUDDRC-UHFFFAOYSA-N","CCOC(=O)C(CC1=CC=C(O)C=C1)NC(=O)C1=CC=CC=C1","-3.33","0.0","1","G1","313.353","2.2964","86.14000000000004","23.0","4.0","2.0","5.0","6.0","120.0","2.0","0.0","0.0","2.0","75.63","134.4588353773391","2.118742322058921","652.481619998317"
"F-433","2-[(4-methylphenyl)sulfonylamino]pentanedioic acid","InChI=1S/C12H15NO6S/c1-8-2-4-9(5-3-8)20(18,19)13-10(12(16)17)6-7-11(14)15/h2-5,10,13H,6-7H2,1H3,(H,14,15)(H,16,17)","KKOZKXBAPIYWAT-UHFFFAOYSA-N","CC1=CC=C(S(=O)(=O)NC(CCC(=O)O)C(=O)O)C=C1","-0.93","0.0","1","G1","301.32","0.5913199999999995","69.79410000000003","20.0","4.0","3.0","8.0","7.0","110.0","1.0","0.0","0.0","1.0","120.77","115.84320558637933","2.8819379231636817","592.8784917606743"
"F-435","2-(3,5-dibromo-4-oxopyridin-1-yl)-~{N},~{N}-diethylacetamide","InChI=1S/C11H14Br2N2O2/c1-3-15(4-2)10(16)7-14-5-8(12)11(17)9(13)6-14/h5-6H,3-4,7H2,1-2H3","CVIOXIJACLUKFU-UHFFFAOYSA-N","CCN(CC)C(=O)CN1C=C(Br)C(=O)C(Br)=C1","-2.31","0.0","1","G1","366.053","2.2417","74.03000000000003","17.0","3.0","0.0","6.0","4.0","94.0","1.0","0.0","0.0","1.0","42.31","116.86864835499205","2.891921427698019","440.77950212466317"
"F-436","2-(3,5-diiodo-4-oxopyridin-1-yl)-~{N},~{N}-diethylacetamide","InChI=1S/C11H14I2N2O2/c1-3-15(4-2)10(16)7-14-5-8(12)11(17)9(13)6-14/h5-6H,3-4,7H2,1-2H3","CSQURMUDBHVSKP-UHFFFAOYSA-N","CCN(CC)C(=O)CN1C=C(I)C(=O)C(I)=C1","-3.18","0.0","1","G1","460.05300000000005","1.9259000000000002","84.06400000000002","17.0","3.0","0.0","6.0","4.0","94.0","1.0","0.0","0.0","1.0","42.31","127.65722938579664","2.891921427698019","440.77950212466317"
"F-437","8-hydroxy-7-iodoquinoline-5-sulfonic acid","InChI=1S/C9H6INO4S/c10-6-4-7(16(13,14)15)5-2-1-3-11-8(5)9(6)12/h1-4,12H,(H,13,14,15)","ZBJWWKFMHOAPNS-UHFFFAOYSA-N","O=S(=O)(O)C1=C2C=CC=NC2=C(O)C(I)=C1","-2.2","0.0","1","G1","351.121","1.7916999999999998","65.9394","16.0","4.0","2.0","7.0","1.0","84.0","2.0","0.0","0.0","2.0","87.49000000000001","105.01742351545896","3.0238914262815753","668.5084752482783"
"F-438","5-pentan-2-yl-5-prop-2-enyl-1,3-diazinane-2,4,6-trione","InChI=1S/C12H18N2O3/c1-4-6-8(3)12(7-5-2)9(15)13-11(17)14-10(12)16/h5,8H,2,4,6-7H2,1,3H3,(H2,13,14,15,16,17)","KQPKPCNLIDLUMF-UHFFFAOYSA-N","C=CCC1(C(C)CCC)C(=O)NC(=O)NC1=O","-2.36","0.10999999999999988","2","G3","238.28699999999998","1.3510999999999997","63.000400000000035","17.0","3.0","2.0","5.0","5.0","94.0","0.0","1.0","1.0","1.0","75.27000000000001","100.64247076782617","3.1136488912232765","342.76224197658604"
"F-439","2,2,4-triethyl-n-hydroxyoctanamide","InChI=1S/C14H29NO2/c1-5-9-10-12(6-2)11-14(7-3,8-4)13(16)15-17/h12,17H,5-11H2,1-4H3,(H,15,16)","OPOPTXYBSHDZOM-UHFFFAOYSA-N","CCCCC(CC)CC(CC)(CC)C(=O)NO","-3.35","0.0","1","G1","243.39099999999996","3.904700000000002","70.86720000000005","17.0","2.0","2.0","3.0","9.0","102.0","0.0","0.0","0.0","0.0","49.33","105.94315505031125","4.645063519138499","212.26774937107191"
"F-440","2,2-diethyl-n-hydroxydecanamide","InChI=1S/C14H29NO2/c1-4-7-8-9-10-11-12-14(5-2,6-3)13(16)15-17/h17H,4-12H2,1-3H3,(H,15,16)","HAKJTBOWCJGLKF-UHFFFAOYSA-N","CCCCCCCCC(CC)(CC)C(=O)NO","-5.22","0.0","1","G1","243.391","4.048800000000002","70.93720000000005","17.0","2.0","2.0","3.0","10.0","102.0","0.0","0.0","0.0","0.0","49.33","105.94315505031126","3.968280989116984","200.3988906124904"
"F-441","N-hydroxy-4-methyl-2,2-bis(2-methylpropyl)pentanamide","InChI=1S/C14H29NO2/c1-10(2)7-14(8-11(3)4,9-12(5)6)13(16)15-17/h10-12,17H,7-9H2,1-6H3,(H,15,16)","BTQMNEKPMOZIDW-UHFFFAOYSA-N","CC(C)CC(CC(C)C)(CC(C)C)C(=O)NO","-4.0","0.0","1","G1","243.391","3.616500000000001","70.72720000000005","17.0","2.0","2.0","3.0","7.0","102.0","0.0","0.0","0.0","0.0","49.33","105.94315505031125","5.111892617927922","207.84738386820476"
"F-442","N-hydroxy-2,2-dipropyloctanamide","InChI=1S/C14H29NO2/c1-4-7-8-9-12-14(10-5-2,11-6-3)13(16)15-17/h17H,4-12H2,1-3H3,(H,15,16)","VOGKEZAPBBRLPB-UHFFFAOYSA-N","CCCCCCC(CCC)(CCC)C(=O)NO","-2.82","0.0","1","G1","243.391","4.048800000000002","70.93720000000005","17.0","2.0","2.0","3.0","10.0","102.0","0.0","0.0","0.0","0.0","49.33","105.94315505031126","4.476004912113441","198.39889061249042"
"F-443","N-hydroxy-2,2-dimethyldodecanamide","InChI=1S/C14H29NO2/c1-4-5-6-7-8-9-10-11-12-14(2,3)13(16)15-17/h17H,4-12H2,1-3H3,(H,15,16)","OLVPZKMXZBVFAM-UHFFFAOYSA-N","CCCCCCCCCCC(C)(C)C(=O)NO","-4.8","0.0","1","G1","243.391","4.048800000000002","70.93720000000005","17.0","2.0","2.0","3.0","10.0","102.0","0.0","0.0","0.0","0.0","49.33","105.94315505031128","3.4157968676204886","202.39889061249036"
"F-445","2-Hydroxy-1-(4-hydroxy-3-methoxyphenyl)ethanone","InChI=1S/C9H10O4/c1-13-9-4-6(8(12)5-10)2-3-7(9)11/h2-4,10-11H,5H2,1H3","QNMANLUEFQNQCX-UHFFFAOYSA-N","COC1=C(O)C=CC(C(=O)CO)=C1","-1.78","0.0","1","G1","182.17499999999995","0.5757999999999999","46.07510000000002","13.0","4.0","2.0","4.0","3.0","70.0","1.0","0.0","0.0","1.0","66.76","75.38976429662947","3.058597780928501","319.3907822709721"
"F-446","5-butyl-5-(2-hydroxyethyl)-2-sulfanylidene-1,3-diazinane-4,6-dione","InChI=1S/C10H16N2O3S/c1-2-3-4-10(5-6-13)7(14)11-9(16)12-8(10)15/h13H,2-6H2,1H3,(H2,11,12,14,15,16)","YVBQKDHVODLDMZ-UHFFFAOYSA-N","CCCCC1(CCO)C(=O)NC(=S)NC1=O","-2.17","0.0","1","G1","244.316","0.07629999999999998","62.544200000000025","16.0","4.0","3.0","6.0","5.0","90.0","0.0","1.0","1.0","1.0","78.43","99.59368147057431","2.9151151890852645","297.1860027929492"
"F-448","2-(3-hydroxy-2,5-dioxo-1-phenylpyrrolidin-3-yl)acetic acid","InChI=1S/C12H11NO5/c14-9-6-12(18,7-10(15)16)11(17)13(9)8-4-2-1-3-5-8/h1-5,18H,6-7H2,(H,15,16)","SBUJOYSGTMYVDY-UHFFFAOYSA-N","O=C(O)CC1(O)CC(=O)N(C2=CC=CC=C2)C1=O","-0.68","0.0","1","G1","249.222","0.15569999999999995","60.754600000000025","18.0","4.0","2.0","6.0","3.0","94.0","1.0","1.0","1.0","2.0","94.91","102.4480921270741","2.332408243356345","512.4588719720275"
"F-449","2-Ethyl-N-hydroxy-2-(4-methylbenzyl)butanamide","InChI=1S/C14H21NO2/c1-4-14(5-2,13(16)15-17)10-12-8-6-11(3)7-9-12/h6-9,17H,4-5,10H2,1-3H3,(H,15,16)","HHDJWYOCRHVJHS-UHFFFAOYSA-N","CCC(CC)(CC1=CC=C(C)C=C1)C(=O)NO","-3.35","0.0","1","G1","235.327","2.8493199999999996","67.82720000000003","17.0","2.0","2.0","3.0","5.0","94.0","1.0","0.0","0.0","1.0","49.33","102.81059656999565","2.9341341829250545","366.31352906107196"
"F-451","2-(benzoylamino)-3-hydroxypropanoic acid","InChI=1S/C10H11NO4/c12-6-8(10(14)15)11-9(13)7-4-2-1-3-5-7/h1-5,8,12H,6H2,(H,11,13)(H,14,15)","MWCDMTCWMZHVAQ-UHFFFAOYSA-N","O=C(NC(CO)C(=O)O)C1=CC=CC=C1","-0.91","0.0","1","G1","209.20100000000002","-0.13810000000000033","52.41780000000002","15.0","3.0","3.0","5.0","4.0","80.0","1.0","0.0","0.0","1.0","86.63000000000001","86.352545465171","2.6701025905153655","349.69983791665175"
"F-453","(2,4-dioxo-1H-pyrimidin-5-yl)sulfamic acid","InChI=1S/C4H5N3O5S/c8-3-2(7-13(10,11)12)1-5-4(9)6-3/h1,7H,(H,10,11,12)(H2,5,6,8,9)","ZZRMMIWUJLCXPF-UHFFFAOYSA-N","O=C1NC=C(NS(=O)(=O)O)C(=O)N1","-1.77","0.0","1","G1","207.167","-1.7221000000000002","42.85469999999999","13.0","4.0","4.0","9.0","2.0","72.0","1.0","0.0","0.0","1.0","132.12","71.50761898575466","3.19083002925997","511.07130329290976"
"F-454","N-Hydroxy-2-phenyl-2-propylpentanamide","InChI=1S/C14H21NO2/c1-3-10-14(11-4-2,13(16)15-17)12-8-6-5-7-9-12/h5-9,17H,3-4,10-11H2,1-2H3,(H,15,16)","HTXPRECVNAFGMW-UHFFFAOYSA-N","CCCC(CCC)(C(=O)NO)C1=CC=CC=C1","-2.89","0.0","1","G1","235.32700000000003","3.030000000000001","67.86520000000004","17.0","2.0","2.0","3.0","6.0","94.0","1.0","0.0","0.0","1.0","49.33","102.81059656999565","3.185585782008004","342.4996593238469"
"F-455","N-Hydroxy-3-mesityl-2,2-dimethylpropanamide","InChI=1S/C14H21NO2/c1-9-6-10(2)12(11(3)7-9)8-14(4,5)13(16)15-17/h6-7,17H,8H2,1-5H3,(H,15,16)","WQWMWDWQMVRGRP-UHFFFAOYSA-N","CC1=CC(C)=C(CC(C)(C)C(=O)NO)C(C)=C1","-3.52","0.0","1","G1","235.327","2.6859600000000006","68.06720000000003","17.0","2.0","2.0","3.0","3.0","94.0","1.0","0.0","0.0","1.0","49.33","102.81059656999564","3.0747876297204177","412.843504659285"
"F-456","2-(methyl-(phenylmethylsulfanylcarbothioyl)amino)acetic acid","InChI=1S/C11H13NO2S2/c1-12(7-10(13)14)11(15)16-8-9-5-3-2-4-6-9/h2-6H,7-8H2,1H3,(H,13,14)","XRJDITBTRULNOY-UHFFFAOYSA-N","CN(CC(=O)O)C(=S)SCC1=CC=CC=C1","-3.23","0.0","1","G1","255.364","2.2211","70.60080000000004","16.0","3.0","1.0","5.0","4.0","86.0","1.0","0.0","0.0","1.0","40.540000000000006","104.45359348649329","2.379845003260588","367.50712889220523"
"F-457","4,4-diethyl-1-methyl-2-phenylpyrazolidine-3,5-dione","InChI=1S/C14H18N2O2/c1-4-14(5-2)12(17)15(3)16(13(14)18)11-9-7-6-8-10-11/h6-10H,4-5H2,1-3H3","NUQJZLKRNLGSRH-UHFFFAOYSA-N","CCC1(CC)C(=O)N(C)N(C2=CC=CC=C2)C1=O","-2.69","0.0","1","G1","246.31","2.213","69.71300000000004","18.0","2.0","0.0","4.0","3.0","96.0","1.0","1.0","1.0","2.0","40.620000000000005","107.15795644186989","2.468694876231188","465.9421525340489"
"F-459","dipropyl benzene-1,2-dicarboxylate","InChI=1S/C14H18O4/c1-3-9-17-13(15)11-7-5-6-8-12(11)14(16)18-10-4-2/h5-8H,3-4,9-10H2,1-2H3","MQHNKCZKNAJROC-UHFFFAOYSA-N","CCCOC(=O)C1=C(C(=O)OCCC)C=CC=C1","-3.82","0.2274999999999998","2","G3","250.29399999999995","2.8202000000000016","67.58900000000004","18.0","4.0","0.0","4.0","6.0","98.0","1.0","0.0","0.0","1.0","52.60000000000001","106.90107469377114","2.845947495997722","373.0099479118407"
"F-460","diheptyl benzene-1,2-dicarboxylate","InChI=1S/C22H34O4/c1-3-5-7-9-13-17-25-21(23)19-15-11-12-16-20(19)22(24)26-18-14-10-8-6-4-2/h11-12,15-16H,3-10,13-14,17-18H2,1-2H3","JQCXWCOOWVGKMT-UHFFFAOYSA-N","CCCCCCCOC(=O)C1=C(C(=O)OCCCCCCC)C=CC=C1","-8.56","0.0","1","G1","362.5100000000001","5.941000000000007","104.52500000000006","26.0","4.0","0.0","4.0","14.0","146.0","1.0","0.0","0.0","1.0","52.60000000000001","157.82061160894398","2.4196837376231763","477.62846198864105"
"F-462","3-(octylamino)propane-1,2-diol","InChI=1S/C11H25NO2/c1-2-3-4-5-6-7-8-12-9-11(14)10-13/h11-14H,2-10H2,1H3","SABZADASYUNNOZ-UHFFFAOYSA-N","CCCCCCCCNCC(O)CO","-2.22","0.0","1","G1","203.326","1.2896999999999998","59.338300000000054","14.0","3.0","3.0","3.0","10.0","86.0","0.0","0.0","0.0","0.0","52.489999999999995","87.5270018597957","2.916821983653843","109.46065377546459"
"F-463","3-(nonylamino)propane-1,2-diol","InChI=1S/C12H27NO2/c1-2-3-4-5-6-7-8-9-13-10-12(15)11-14/h12-15H,2-11H2,1H3","QCZQSNXGKVXFGS-UHFFFAOYSA-N","CCCCCCCCCNCC(O)CO","-2.64","0.0","1","G1","217.353","1.6797999999999997","63.95530000000006","15.0","3.0","3.0","3.0","11.0","92.0","0.0","0.0","0.0","0.0","52.489999999999995","93.89194397419232","2.9241178417559626","120.1897467430868"
"F-464","3-(decylamino)propane-1,2-diol","InChI=1S/C13H29NO2/c1-2-3-4-5-6-7-8-9-10-14-11-13(16)12-15/h13-16H,2-12H2,1H3","UIEJEXBQVZLMGC-UHFFFAOYSA-N","CCCCCCCCCCNCC(O)CO","-3.11","0.0","1","G1","231.38","2.0699","68.57230000000006","16.0","3.0","3.0","3.0","12.0","98.0","0.0","0.0","0.0","0.0","52.489999999999995","100.25688608858894","2.9312161038265176","131.10100153242138"
"F-465","4-(1-hydroxy-2-methylaminoethyl)benzene-1,2-diol","InChI=1S/C9H13NO3/c1-10-5-9(13)6-2-3-7(11)8(12)4-6/h2-4,9-13H,5H2,1H3","UCTWMZQNUQWSLP-UHFFFAOYSA-N","CNCC(O)C1=CC(O)=C(O)C=C1","-0.96","0.8900000000000001","2","G2","183.207","0.35060000000000013","48.658100000000026","13.0","4.0","4.0","4.0","3.0","72.0","1.0","0.0","0.0","1.0","72.72","76.45879290288288","2.835168262488178","288.1883450849283"
"F-470","5-(2-hydroxyethyl)-5-(3-methylbutyl)-2-sulfanylidene-1,3-diazinane-4,6-dione","InChI=1S/C11H18N2O3S/c1-7(2)3-4-11(5-6-14)8(15)12-10(17)13-9(11)16/h7,14H,3-6H2,1-2H3,(H2,12,13,15,16,17)","ODBYBGYTXPHFFZ-UHFFFAOYSA-N","CC(C)CCC1(CCO)C(=O)NC(=S)NC1=O","-2.56","0.0","1","G1","258.343","0.3223","67.09120000000003","17.0","4.0","3.0","6.0","5.0","96.0","0.0","1.0","1.0","1.0","78.43","105.95862358497091","2.9094058913238343","321.6082448717399"
"F-471","5-(2-Hydroxyethyl)-5-pentyl-2-thioxodihydro-4,6(1H,5H)-pyrimidinedione","InChI=1S/C11H18N2O3S/c1-2-3-4-5-11(6-7-14)8(15)12-10(17)13-9(11)16/h14H,2-7H2,1H3,(H2,12,13,15,16,17)","XGVHRUPAYMKJBO-UHFFFAOYSA-N","CCCCCC1(CCO)C(=O)NC(=S)NC1=O","-2.38","0.0","1","G1","258.343","0.46639999999999987","67.16120000000002","17.0","4.0","3.0","6.0","6.0","96.0","0.0","1.0","1.0","1.0","78.43","105.95862358497091","2.8325050579279742","310.678232994082"
"F-472","2-(5-benzyl-2,4-dioxoimidazolidin-1-yl)acetic acid","InChI=1S/C12H12N2O4/c15-10(16)7-14-9(11(17)13-12(14)18)6-8-4-2-1-3-5-8/h1-5,9H,6-7H2,(H,15,16)(H,13,17,18)","JTNIWQBZJHVWRR-UHFFFAOYSA-N","O=C(O)CN1C(=O)NC(=O)C1CC1=CC=CC=C1","-1.79","0.0","1","G1","248.238","0.2341000000000002","61.814500000000024","18.0","3.0","2.0","6.0","4.0","94.0","1.0","1.0","1.0","2.0","86.71000000000001","103.20372055848613","2.1554560519158077","486.11059457204044"
"F-474","N-[4-nitro-2-(phenoxy)phenyl]methanesulfonamide","InChI=1S/C13H12N2O5S/c1-21(18,19)14-12-8-7-10(15(16)17)9-13(12)20-11-5-3-2-4-6-11/h2-9,14H,1H3","HYWYRSMBCFDLJT-UHFFFAOYSA-N","CS(=O)(=O)NC1=C(C=C(C=C1)[N+](=O)[O-])OC2=CC=CC=C2","-4.49","1.4200000000000002","2","G2","308.315","2.7586000000000004","78.07890000000003","21.0","5.0","1.0","8.0","5.0","110.0","2.0","0.0","0.0","2.0","98.54","120.93059846798741","2.4291766926242557","759.3860166888998"
"F-477","5-(carbamoylamino)-4,5-dihydroxy-2-oxoimidazolidine-4-carboxylic acid","InChI=1S/C5H8N4O6/c6-2(12)7-5(15)4(14,1(10)11)8-3(13)9-5/h14-15H,(H,10,11)(H3,6,7,12)(H2,8,9,13)","DQFKPWNIZHSCFJ-UHFFFAOYSA-N","NC(=O)NC1(O)NC(=O)NC1(O)C(=O)O","-0.37","0.0","1","G1","220.141","-3.6131999999999986","41.921899999999994","15.0","5.0","7.0","10.0","2.0","84.0","0.0","1.0","1.0","1.0","174.01","82.04993313644293","3.0926357040204806","344.413955333022"
"F-478","5-(2-hydroxyethyl)-5-(2-methylpentyl)-2-sulfanylidene-1,3-diazinane-4,6-dione","InChI=1S/C12H20N2O3S/c1-3-4-8(2)7-12(5-6-15)9(16)13-11(18)14-10(12)17/h8,15H,3-7H2,1-2H3,(H2,13,14,16,17,18)","OBOCPCMQRKCAJW-UHFFFAOYSA-N","CCCC(C)CC1(CCO)C(=O)NC(=S)NC1=O","-3.09","0.0","1","G1","272.37000000000006","0.7123999999999999","71.70820000000002","18.0","4.0","3.0","6.0","6.0","102.0","0.0","1.0","1.0","1.0","78.43","112.32356569936753","2.933600887630194","337.23168572016743"
"F-479","5-(2-Ethylbutyl)-5-(2-hydroxyethyl)-2-thioxodihydro-4,6(1H,5H)-pyrimidinedione","InChI=1S/C12H20N2O3S/c1-3-8(4-2)7-12(5-6-15)9(16)13-11(18)14-10(12)17/h8,15H,3-7H2,1-2H3,(H2,13,14,16,17,18)","MXIUSHZGPUCUIF-UHFFFAOYSA-N","CCC(CC)CC1(CCO)C(=O)NC(=S)NC1=O","-3.14","0.0","1","G1","272.37000000000006","0.7123999999999999","71.70820000000002","18.0","4.0","3.0","6.0","6.0","102.0","0.0","1.0","1.0","1.0","78.43","112.32356569936753","3.001931440549662","333.23168572016743"
"F-481","4-Amino-N-(6-iodo-3-pyridinyl)benzenesulfonamide","InChI=1S/C11H10IN3O2S/c12-11-6-3-9(7-14-11)15-18(16,17)10-4-1-8(13)2-5-10/h1-7,15H,13H2","FDHQEJALNMUUDH-UHFFFAOYSA-N","NC1=CC=C(S(=O)(=O)NC2=CN=C(I)C=C2)C=C1","-1.81","0.0","1","G1","375.19100000000003","2.0692","78.6169","18.0","4.0","2.0","7.0","3.0","94.0","2.0","0.0","0.0","2.0","85.08","118.62051220058699","2.2671419224709672","638.9934722515916"
"F-482","(1,5-dimethyl-3-oxo-2-phenylpyrazol-4-yl)urea","InChI=1S/C12H14N4O2/c1-8-10(14-12(13)18)11(17)16(15(8)2)9-6-4-3-5-7-9/h3-7H,1-2H3,(H3,13,14,18)","NIXHNSPZZPUXPV-UHFFFAOYSA-N","CC1=C(NC(N)=O)C(=O)N(C2=CC=CC=C2)N1C","-1.52","0.0","1","G1","246.27","0.97502","68.95310000000002","18.0","4.0","2.0","6.0","2.0","94.0","2.0","0.0","0.0","2.0","82.05000000000001","103.61332569301531","2.639046255684776","640.0872887633639"
"F-483","13-methyl-6,7,8,9,11,12,14,15,16,17-decahydrocyclopenta[a]phenanthrene-3,16,17-triol","InChI=1S/C18H24O3/c1-18-7-6-13-12-5-3-11(19)8-10(12)2-4-14(13)15(18)9-16(20)17(18)21/h3,5,8,13-17,19-21H,2,4,6-7,9H2,1H3","PROQIPRRNZUXQM-UHFFFAOYSA-N","CC12CCC3C4=C(C=C(O)C=C4)CCC3C1CC(O)C2O","-4.0","0.4750000000000001","2","G3","288.387","2.5800000000000005","80.12040000000005","21.0","3.0","3.0","3.0","0.0","114.0","1.0","2.0","3.0","4.0","60.69","125.17591628825662","1.7102706989281617","569.5819082919402"
"F-485","2,3,4-trichloro-6-methoxyphenol","InChI=1S/C7H5Cl3O2/c1-12-4-2-3(8)5(9)6(10)7(4)11/h2,11H,1H3","NIAJPNQTKGWEOI-UHFFFAOYSA-N","COC1=CC(Cl)=C(Cl)C(Cl)=C1O","-3.66","0.0","1","G1","227.47400000000002","3.361","49.688800000000015","12.0","2.0","1.0","5.0","1.0","66.0","1.0","0.0","0.0","1.0","29.46","84.61392289624149","3.387046329011766","312.0100650052086"
"F-486","5-(1-cyclohexenyl)-1,5-dimethyl-1,3-diazinane-2,4,6-trione","InChI=1S/C12H16N2O3/c1-12(8-6-4-3-5-7-8)9(15)13-11(17)14(2)10(12)16/h6H,3-5,7H2,1-2H3,(H,13,15,17)","UYXAWHWODHRRMR-UHFFFAOYSA-N","CN1C(=O)NC(=O)C(C)(C2=CCCCC2)C1=O","-2.91","0.1290222921630213","4","G5","236.27099999999993","1.2012999999999998","60.966700000000024","17.0","3.0","1.0","5.0","1.0","92.0","0.0","1.0","2.0","2.0","66.48","99.84661110089225","2.4001206158943686","427.4666783814275"
"F-487","2-(2-chlorophenoxy)-3-oxobutanoic acid","InChI=1S/C10H9ClO4/c1-6(12)9(10(13)14)15-8-5-3-2-4-7(8)11/h2-5,9H,1H3,(H,13,14)","KDAWJQRXGKJCOJ-UHFFFAOYSA-N","CC(=O)C(OC1=C(Cl)C=CC=C1)C(=O)O","-2.1","0.0","1","G1","228.63100000000003","1.761","54.18480000000002","15.0","3.0","1.0","5.0","4.0","80.0","1.0","0.0","0.0","1.0","63.60000000000001","91.42526098575551","2.883562581206699","374.7637076538769"
"F-489","1-nitrosonaphthalen-2-ol","InChI=1S/C10H7NO2/c12-9-6-5-7-3-1-2-4-8(7)10(9)11-13/h1-6,13H","CAQHPYSDQFDJAL-UHFFFAOYSA-N","O=C1C=CC2=C(C=CC=C2)C1=NO","-2.94","0.0","1","G1","173.171","1.4607999999999999","48.80650000000001","13.0","3.0","1.0","3.0","0.0","64.0","1.0","0.0","1.0","2.0","49.66","75.00085422894777","2.670687492607174","418.68785180637263"
"F-491","N-(2-sulfamoyl-1,3-benzothiazol-6-yl)acetamide","InChI=1S/C9H9N3O3S2/c1-5(13)11-6-2-3-7-8(4-6)16-9(12-7)17(10,14)15/h2-4H,1H3,(H,11,13)(H2,10,14,15)","RPVVBRXMFQZDHZ-UHFFFAOYSA-N","CC(=O)NC1=CC2=C(C=C1)N=C(S(N)(=O)=O)S2","-3.16","0.0","1","G1","271.323","0.9021000000000001","65.29690000000002","17.0","5.0","2.0","8.0","2.0","90.0","2.0","0.0","0.0","2.0","102.15","101.51501400446298","2.5168060355285142","690.5740327924013"
"F-494","3-(carboxymethylsulfanyl)-3-phenylpropanoic acid","InChI=1S/C11H12O4S/c12-10(13)6-9(16-7-11(14)15)8-4-2-1-3-5-8/h1-5,9H,6-7H2,(H,12,13)(H,14,15)","GIITZCIPVGXMHH-UHFFFAOYSA-N","O=C(O)CSC(CC(=O)O)C1=CC=CC=C1","-1.55","0.0","1","G1","240.28000000000003","2.0202","61.52960000000003","16.0","3.0","2.0","5.0","6.0","86.0","1.0","0.0","0.0","1.0","74.6","97.29073542132484","2.707385864799922","363.5071288922052"
"F-495","2'-Hydroxy-5'-methoxychalcone","InChI=1S/C16H14O3/c1-19-13-8-10-16(18)14(11-13)15(17)9-7-12-5-3-2-4-6-12/h2-11,18H,1H3","IFYSEURGMQKWJS-UHFFFAOYSA-N","COC1=CC(C(=O)C=CC2=CC=CC=C2)=C(O)C=C1","-6.0","0.0","1","G1","254.28500000000003","3.2969000000000017","74.46530000000003","19.0","3.0","1.0","3.0","4.0","96.0","2.0","0.0","0.0","2.0","46.53","111.32796383270986","2.2266790414871718","600.6460401172849"
"F-500","methyl 3-bromo-4-hydroxybenzoate","InChI=1S/C8H7BrO3/c1-12-8(11)5-2-3-7(10)6(9)4-5/h2-4,10H,1H3","RKUNSPWAQIUGEZ-UHFFFAOYSA-N","COC(=O)C1=CC(Br)=C(O)C=C1","-3.17","0.0","1","G1","231.045","1.9412999999999996","47.14630000000002","12.0","3.0","1.0","4.0","1.0","64.0","1.0","0.0","0.0","1.0","46.53","78.09813603567821","3.0455637915397915","309.1713244639388"
"F-501","4-amino-N-(5-ethyl-1,3,4-thiadiazol-2-yl)benzenesulfonamide","InChI=1S/C10H12N4O2S2/c1-2-9-12-13-10(17-9)14-18(15,16)8-5-3-7(11)4-6-8/h3-6H,2,11H2,1H3,(H,13,14)","SVYBEBLNQGDRHF-UHFFFAOYSA-N","CCC1=NN=C(NS(=O)(=O)C2=CC=C(N)C=C2)S1","-3.12","0.5900000000000001","2","G2","284.366","1.4835","70.94990000000003","18.0","6.0","2.0","8.0","4.0","96.0","2.0","0.0","0.0","2.0","97.97","108.91702312809932","2.2365806023871997","634.1522203296346"
"F-503","2-[2-(2-carboxybenzoyl)oxyethoxycarbonyl]benzoic acid","InChI=1S/C18H14O8/c19-15(20)11-5-1-3-7-13(11)17(23)25-9-10-26-18(24)14-8-4-2-6-12(14)16(21)22/h1-8H,9-10H2,(H,19,20)(H,21,22)","KJDIOINTBBPCAD-UHFFFAOYSA-N","O=C(O)C1=C(C(=O)OCCOC(=O)C2=C(C(=O)O)C=CC=C2)C=CC=C1","-2.83","0.0","1","G1","358.30199999999996","2.0968","87.36760000000002","26.0","6.0","2.0","8.0","7.0","134.0","2.0","0.0","0.0","2.0","127.2","147.13979637552148","1.914909321044272","784.2745275041749"
"F-507","6,7-Dimethoxy-4-nitro-2-benzofuran-1(3H)-one","InChI=1S/C10H9NO6/c1-15-7-3-6(11(13)14)5-4-17-10(12)8(5)9(7)16-2/h3H,4H2,1-2H3","ZPEFPSJMGSVLKW-UHFFFAOYSA-N","COc1cc(c2COC(=O)c2c1OC)[N+]([O-])=O","-3.21","0.0","1","G1","239.18299999999996","1.2824","55.31990000000001","17.0","6.0","0.0","7.0","3.0","90.0","1.0","0.0","1.0","2.0","87.9","96.04047393461836","2.767411076626991","510.0078536906381"
"F-509","4-(4-hydroxyphenyl)iminopentan-2-one","InChI=1S/C11H13NO2/c1-8(7-9(2)13)12-10-3-5-11(14)6-4-10/h3-6,14H,7H2,1-2H3","GXBTYOQGQXQWOE-UHFFFAOYSA-N","CC(=O)CC(C)=NC1=CC=C(O)C=C1","-3.59","0.0","1","G1","191.23000000000002","2.4637000000000002","56.173800000000035","14.0","3.0","1.0","3.0","3.0","74.0","1.0","0.0","0.0","1.0","49.66","83.10719202957992","2.757267842814972","352.0552102988481"
"F-511","4,4-Diethyl-5-oxo-1-phenyl-4,5-dihydro-1H-pyrazol-3-yl acetate","InChI=1S/C15H18N2O3/c1-4-15(5-2)13(20-11(3)18)16-17(14(15)19)12-9-7-6-8-10-12/h6-10H,4-5H2,1-3H3","SEPAGOPNRMITGC-UHFFFAOYSA-N","CCC1(CC)C(=O)N(C2=CC=CC=C2)N=C1OC(C)=O","-3.54","0.0","1","G1","274.32","2.7162000000000015","76.14400000000003","20.0","4.0","0.0","5.0","3.0","106.0","1.0","0.0","1.0","2.0","58.970000000000006","117.77193260143012","2.447833684871614","547.4968704074944"
"F-513","methyl 3,5-dihydroxy-4-methoxybenzoate","InChI=1S/C9H10O5/c1-13-8-6(10)3-5(4-7(8)11)9(12)14-2/h3-4,10-11H,1-2H3","SUGIJIFASYORQN-UHFFFAOYSA-N","COC(=O)C1=CC(O)=C(OC)C(O)=C1","-1.6","0.0","1","G1","198.17399999999998","0.8929999999999998","47.66310000000002","14.0","5.0","2.0","5.0","2.0","76.0","1.0","0.0","0.0","1.0","75.99000000000001","80.50330952613635","3.2018062998707224","335.215100846296"
"F-514","2-amino-5-hydroxynaphthalene-1-sulfonic acid","InChI=1S/C10H9NO4S/c11-8-5-4-6-7(2-1-3-9(6)12)10(8)16(13,14)15/h1-5,12H,11H2,(H,13,14,15)","VNIRTZCEEXVSGC-UHFFFAOYSA-N","NC1=CC=C2C(O)=CC=CC2=C1S(=O)(=O)O","-2.06","0.0","1","G1","239.25199999999998","1.3743000000000003","59.83980000000001","16.0","4.0","3.0","6.0","1.0","84.0","2.0","0.0","0.0","2.0","100.62","91.8758281104815","3.029062156070062","663.8185193123855"
"F-519","7-aminonaphthalene-1-sulfonic acid","InChI=1S/C10H9NO3S/c11-8-5-4-7-2-1-3-10(9(7)6-8)15(12,13)14/h1-6H,11H2,(H,12,13,14)","FYVOTMMSGKWFPK-UHFFFAOYSA-N","NC1=CC2=C(S(=O)(=O)O)C=CC=C2C=C1","-2.54","0.014999999999999902","2","G3","223.25300000000001","1.6687000000000003","58.17500000000002","15.0","3.0","2.0","5.0","1.0","78.0","2.0","0.0","0.0","2.0","80.39","87.08159435828551","2.9228020392601675","619.6001475530924"
"F-521","2-acetamido-3-(4-hydroxyphenyl)propanoic acid","InChI=1S/C11H13NO4/c1-7(13)12-10(11(15)16)6-8-2-4-9(14)5-3-8/h2-5,10,14H,6H2,1H3,(H,12,13)(H,15,16)","CAHKINHBCWCHCF-UHFFFAOYSA-N","CC(=O)NC(CC1=CC=C(O)C=C1)C(=O)O","0.01","0.0","1","G1","223.22799999999998","0.5239999999999998","57.05130000000002","16.0","3.0","3.0","5.0","4.0","86.0","1.0","0.0","0.0","1.0","86.63000000000001","92.71748757956762","2.712342256751654","385.4759654533223"
"F-524","2-[(2-aminoacetyl)amino]-3-(4-hydroxyphenyl)propanoic acid","InChI=1S/C11H14N2O4/c12-6-10(15)13-9(11(16)17)5-7-1-3-8(14)4-2-7/h1-4,9,14H,5-6,12H2,(H,13,15)(H,16,17)","XBGGUPMXALFZOT-UHFFFAOYSA-N","NCC(=O)NC(CC1=CC=C(O)C=C1)C(=O)O","-0.73","0.0","1","G1","238.243","-0.5371999999999997","60.43170000000002","17.0","4.0","4.0","6.0","5.0","92.0","1.0","0.0","0.0","1.0","112.65000000000002","98.05737827658034","2.69541709424604","402.43738729093104"
"F-526","4-(2-hydroxyphenyl)iminopentan-2-one","InChI=1S/C11H13NO2/c1-8(7-9(2)13)12-10-5-3-4-6-11(10)14/h3-6,14H,7H2,1-2H3","RQKRHXNIJJNDGM-UHFFFAOYSA-N","CC(=O)CC(C)=NC1=C(O)C=CC=C1","-3.55","0.0","1","G1","191.23000000000002","2.4637000000000002","56.173800000000035","14.0","3.0","1.0","3.0","3.0","74.0","1.0","0.0","0.0","1.0","49.66","83.10719202957992","2.8599492733131004","369.3052102988483"
"F-531","2-[(2-aminophenyl)methylideneamino]phenol","InChI=1S/C13H12N2O/c14-11-6-2-1-5-10(11)9-15-12-7-3-4-8-13(12)16/h1-9,16H,14H2","ODTBAYMRNMZGQX-UHFFFAOYSA-N","NC1=C(C=NC2=C(O)C=CC=C2)C=CC=C1","-3.64","0.0","1","G1","212.252","2.7250000000000005","66.21520000000002","16.0","3.0","2.0","3.0","2.0","80.0","2.0","0.0","0.0","2.0","58.61","93.88288637502646","2.28803107215856","473.3459730554756"
"F-533","4-methoxysulfonylbenzoic acid","InChI=1S/C8H8O5S/c1-13-14(11,12)7-4-2-6(3-5-7)8(9)10/h2-5H,1H3,(H,9,10)","IOOIOUOLXVONAC-UHFFFAOYSA-N","COS(=O)(=O)C1=CC=C(C(=O)O)C=C1","-3.05","0.0","1","G1","216.214","0.7199000000000002","47.596100000000014","14.0","4.0","1.0","6.0","3.0","76.0","1.0","0.0","0.0","1.0","80.67","81.06499068788146","3.124476768182015","431.3043725692778"
"F-534","Cinnamyl anthranilate","InChI=1S/C16H15NO2/c17-15-11-5-4-10-14(15)16(18)19-12-6-9-13-7-2-1-3-8-13/h1-11H,12,17H2","GABQNAFEZZDSCM-UHFFFAOYSA-N","NC1=C(C(=O)OCC=CC2=CC=CC=C2)C=CC=C1","-6.04","0.0","1","G1","253.30100000000002","3.139000000000002","76.61290000000004","19.0","3.0","1.0","3.0","4.0","96.0","2.0","0.0","0.0","2.0","52.32000000000001","111.87362077752655","1.8818538387339276","576.3126215016729"
"F-535","2-[(2-amino-2-phenylacetyl)amino]acetic acid","InChI=1S/C10H12N2O3/c11-9(7-4-2-1-3-5-7)10(15)12-6-8(13)14/h1-5,9H,6,11H2,(H,12,15)(H,13,14)","LJXOMNKURQBXLP-UHFFFAOYSA-N","NC(C(=O)NCC(=O)O)C1=CC=CC=C1","-1.41","0.0","1","G1","208.217","-0.11279999999999957","54.015900000000016","15.0","3.0","3.0","5.0","4.0","80.0","1.0","0.0","0.0","1.0","92.42","86.8982024099877","2.5721007351655616","350.94495041448823"
"F-537","4-[4-(4-oxopentan-2-ylideneamino)phenyl]iminopentan-2-one","InChI=1S/C16H20N2O2/c1-11(9-13(3)19)17-15-5-7-16(8-6-15)18-12(2)10-14(4)20/h5-8H,9-10H2,1-4H3","OZPNAHBGWVFYIF-UHFFFAOYSA-N","CC(=O)CC(C)=NC1=CC=C(N=C(C)CC(C)=O)C=C1","-1.89","0.0","1","G1","272.34799999999996","3.829600000000003","82.57600000000004","20.0","4.0","0.0","4.0","6.0","106.0","1.0","0.0","0.0","1.0","58.86","119.19451343527084","2.7864450696085092","503.34453384850667"
"F-540","2-(phenyl-(phenylmethylsulfanylcarbothioyl)amino)acetic acid","InChI=1S/C16H15NO2S2/c18-15(19)11-17(14-9-5-2-6-10-14)16(20)21-12-13-7-3-1-4-8-13/h1-10H,11-12H2,(H,18,19)","QJYFZGZQJOGQTO-UHFFFAOYSA-N","O=C(O)CN(C(=S)SCC1=CC=CC=C1)C1=CC=CC=C1","-3.92","0.0","1","G1","317.435","3.7959000000000023","91.75880000000002","21.0","3.0","1.0","5.0","5.0","108.0","2.0","0.0","0.0","2.0","40.54","133.14574557816076","2.0603369865098737","602.1887457467012"
"F-543","4-[(1-methoxy-1-oxo-3-phenylpropan-2-yl)amino]-4-oxo-3-[(2,2,2-trifluoroacetyl)amino]butanoic acid","InChI=1S/C16H17F3N2O6/c1-27-14(25)11(7-9-5-3-2-4-6-9)20-13(24)10(8-12(22)23)21-15(26)16(17,18)19/h2-6,10-11H,7-8H2,1H3,(H,20,24)(H,21,26)(H,22,23)","CSFFTSRVLXCIIG-UHFFFAOYSA-N","COC(=O)C(CC1=CC=CC=C1)NC(=O)C(CC(=O)O)NC(=O)C(F)(F)F","-2.66","0.0","1","G1","390.314","0.40869999999999923","84.33120000000004","27.0","5.0","3.0","11.0","8.0","148.0","1.0","0.0","0.0","1.0","121.80000000000001","151.23102222133582","2.9404105926271744","693.1460679530386"
"F-544","4-aminonaphthalene-1,2-dione","InChI=1S/C10H7NO2/c11-8-5-9(12)10(13)7-4-2-1-3-6(7)8/h1-5H,11H2","IGONFFFOEMASIA-UHFFFAOYSA-N","NC1=CC(=O)C(=O)C2=C1C=CC=C2","-3.84","0.0","1","G1","173.17100000000002","0.7516","47.94390000000001","13.0","3.0","1.0","3.0","0.0","64.0","1.0","0.0","1.0","2.0","60.160000000000004","74.85867228847015","2.7179085954703854","432.3058156581232"
"F-547","N-(9H-Fluoren-2-yl)acetamide","InChI=1S/C15H13NO/c1-10(17)16-13-6-7-15-12(9-13)8-11-4-2-3-5-14(11)15/h2-7,9H,8H2,1H3,(H,16,17)","CZIHNRWJTSTCEX-UHFFFAOYSA-N","CC(=O)NC1=CC2=C(C=C1)C1=C(C=CC=C1)C2","-4.24","0.1924999999999999","2","G3","223.27499999999998","3.2162000000000015","68.98770000000003","17.0","1.0","1.0","2.0","1.0","84.0","2.0","0.0","1.0","3.0","29.1","100.28887679887342","2.0368668949211246","601.6208569648081"
"F-548","N-(5-chloro-2-nitrophenyl)acetamide","InChI=1S/C8H7ClN2O3/c1-5(12)10-7-4-6(9)2-3-8(7)11(13)14/h2-4H,1H3,(H,10,12)","YWANGSCDWBUSBK-UHFFFAOYSA-N","CC(=O)NC1=C(C=CC(=C1)Cl)[N+](=O)[O-]","-0.99","0.0","1","G1","214.60799999999998","2.2066","52.41010000000001","14.0","3.0","1.0","6.0","2.0","74.0","1.0","0.0","0.0","1.0","72.24","84.82891358132345","3.151960315242852","392.1728235731022"
"F-549","2-(2-cyanoethylamino)-3-phenylpropanoic acid","InChI=1S/C12H14N2O2/c13-7-4-8-14-11(12(15)16)9-10-5-2-1-3-6-10/h1-3,5-6,11,14H,4,8-9H2,(H,15,16)","RDEPSYXOVXRWGR-UHFFFAOYSA-N","N#CCCNC(CC1=CC=CC=C1)C(=O)O","-1.49","0.0","1","G1","218.256","1.18558","59.80250000000002","16.0","3.0","2.0","4.0","6.0","84.0","1.0","0.0","0.0","1.0","73.12","94.51925352319317","2.5206951904685395","370.35519215780533"
"F-550","4-(Dipropylsulfamoyl)benzoic acid","InChI=1S/C13H19NO4S/c1-3-9-14(10-4-2)19(17,18)12-7-5-11(6-8-12)13(15)16/h5-8H,3-4,9-10H2,1-2H3,(H,15,16)","DBABZHXKTCFAPX-UHFFFAOYSA-N","CCCN(CCC)S(=O)(=O)C1=CC=C(C(=O)O)C=C1","-4.02","0.8300000000000001","2","G2","285.36499999999995","2.1955","72.74210000000005","19.0","3.0","1.0","6.0","7.0","106.0","1.0","0.0","0.0","1.0","74.68","113.46236333513149","3.0653305378819273","516.0791280132663"
"F-555","1-(1,5-dimethyl-3-oxo-2-phenylpyrazol-4-yl)-3-ethylurea","InChI=1S/C14H18N4O2/c1-4-15-14(20)16-12-10(2)17(3)18(13(12)19)11-8-6-5-7-9-11/h5-9H,4H2,1-3H3,(H2,15,16,20)","CCCTUMZHWVZMQA-UHFFFAOYSA-N","CCNC(=O)NC1=C(C)N(C)N(C2=CC=CC=C2)C1=O","-1.83","0.0","1","G1","274.324","1.6258200000000003","78.44240000000002","20.0","4.0","2.0","6.0","3.0","106.0","2.0","0.0","0.0","2.0","68.06","116.55318140840386","2.471491534642712","670.4726173995319"
"F-559","N-(4-Chlorophenyl)-n-hydroxy-4-methylbenzamide","InChI=1S/C14H12ClNO2/c1-10-2-4-11(5-3-10)14(17)16(18)13-8-6-12(15)7-9-13/h2-9,18H,1H3","IBCDULLCLULASH-UHFFFAOYSA-N","CC1=CC=C(C(=O)N(O)C2=CC=C(Cl)C=C2)C=C1","-4.42","0.0","1","G1","261.708","3.684420000000002","71.22700000000003","18.0","2.0","1.0","4.0","2.0","92.0","2.0","0.0","0.0","2.0","40.540000000000006","110.19127580315701","2.228964048698001","549.0116041712566"
"F-562","4-[(4-carboxyphenyl)-phenylphosphoryl]benzoic acid","InChI=1S/C20H15O5P/c21-19(22)14-6-10-17(11-7-14)26(25,16-4-2-1-3-5-16)18-12-8-15(9-13-18)20(23)24/h1-13H,(H,21,22)(H,23,24)","UVTXHAOLTBFLDL-UHFFFAOYSA-N","O=C(O)C1=CC=C(P(=O)(C2=CC=CC=C2)C2=CC=C(C(=O)O)C=C2)C=C1","-6.01","0.0","1","G1","366.3090000000001","2.7224000000000004","99.75310000000005","26.0","3.0","2.0","6.0","5.0","130.0","3.0","0.0","0.0","3.0","91.67","149.4765873649912","2.1848615832074536","931.1362389795286"
"F-563","2-(4-oxo-1H-quinazolin-2-yl)benzenesulfonamide","InChI=1S/C14H11N3O3S/c15-21(19,20)12-8-4-2-6-10(12)13-16-11-7-3-1-5-9(11)14(18)17-13/h1-8H,(H2,15,19,20)(H,16,17,18)","OSBLXHNHXUZTPI-UHFFFAOYSA-N","NS(=O)(=O)C1=C(C2=NC3=C(C=CC=C3)C(=O)N2)C=CC=C1","-3.08","0.0","1","G1","301.327","1.2375000000000005","79.17290000000001","21.0","4.0","2.0","7.0","2.0","106.0","3.0","0.0","0.0","3.0","105.91","119.87164650866082","2.3468722359062495","993.5169078599786"
"F-564","3-(propan-2-ylideneamino)-1-(9H-xanthen-9-yl)urea","InChI=1S/C17H17N3O2/c1-11(2)19-20-17(21)18-16-12-7-3-5-9-14(12)22-15-10-6-4-8-13(15)16/h3-10,16H,1-2H3,(H2,18,20,21)","UOTJSUSNUMZRJG-UHFFFAOYSA-N","CC(C)=NNC(=O)NC1C2=C(C=CC=C2)OC2=C1C=CC=C2","-4.17","0.0","1","G1","295.342","3.5767000000000015","85.25140000000003","22.0","3.0","2.0","5.0","2.0","112.0","2.0","0.0","1.0","3.0","62.72","128.54762694687668","1.927282613741502","690.6888387258248"
"F-565","6-aminocyclohexane-1,2,3,4,5-pentol","InChI=1S/C6H13NO5/c7-1-2(8)4(10)6(12)5(11)3(1)9/h1-6,8-12H,7H2","JXAOTICXQLILTC-UHFFFAOYSA-N","NC1C(O)C(O)C(O)C(O)C1O","-1.41","0.0","1","G1","179.172","-3.8682000000000003","38.00940000000001","12.0","6.0","6.0","6.0","0.0","72.0","0.0","1.0","1.0","1.0","127.17000000000002","68.86918990427611","2.7602520756252087","107.48810956883254"
"F-566","Fumaranilic acid","InChI=1S/C10H9NO3/c12-9(6-7-10(13)14)11-8-4-2-1-3-5-8/h1-7H,(H,11,12)(H,13,14)","WHZLCOICKHIPRL-UHFFFAOYSA-N","O=C(O)C=CC(=O)NC1=CC=CC=C1","-2.72","0.0","1","G1","191.18600000000004","1.2658999999999998","51.84750000000002","14.0","2.0","2.0","4.0","3.0","72.0","1.0","0.0","0.0","1.0","66.39999999999999","80.86870868079075","2.5403535849792562","356.88967715498495"
"F-567","4-(hydroxy-phenylphosphoryl)benzoic acid","InChI=1S/C13H11O4P/c14-13(15)10-6-8-12(9-7-10)18(16,17)11-4-2-1-3-5-11/h1-9H,(H,14,15)(H,16,17)","BFSMULOSYIQCGJ-UHFFFAOYSA-N","O=C(O)C1=CC=C(P(=O)(O)C2=CC=CC=C2)C=C1","-4.07","0.0","1","G1","262.201","1.6059999999999999","68.93660000000003","18.0","2.0","2.0","5.0","3.0","92.0","2.0","0.0","0.0","2.0","74.6","103.97969920261404","2.421622727726618","604.6481876443656"
"F-568","N-[4-[(4-methyl-1,3-thiazol-2-yl)sulfamoyl]phenyl]acetamide","InChI=1S/C12H13N3O3S2/c1-8-7-19-12(13-8)15-20(17,18)11-5-3-10(4-6-11)14-9(2)16/h3-7H,1-2H3,(H,13,15)(H,14,16)","UTTXCVWQZVYQRZ-UHFFFAOYSA-N","CC(=O)NC1=CC=C(S(=O)(=O)NC2=NC(C)=CS2)C=C1","-4.15","0.0","1","G1","311.388","2.2107200000000002","78.40520000000002","20.0","5.0","2.0","8.0","4.0","106.0","2.0","0.0","0.0","2.0","88.16","120.46535727978373","2.187893752522556","720.6607514647217"
"F-570","4-amino-N-(5,6,7,8-tetrahydroquinazolin-2-yl)benzenesulfonamide","InChI=1S/C14H16N4O2S/c15-11-5-7-12(8-6-11)21(19,20)18-14-16-9-10-3-1-2-4-13(10)17-14/h5-9H,1-4,15H2,(H,16,17,18)","IPDKSGJFMBIZJI-UHFFFAOYSA-N","NC1=CC=C(S(=O)(=O)NC2=NC3=C(C=N2)CCCC3)C=C1","-3.65","0.0","1","G1","304.37500000000006","1.7384","80.33690000000003","21.0","5.0","2.0","7.0","3.0","110.0","2.0","0.0","1.0","3.0","97.97","123.03225936454707","1.866855268868068","757.0435170882008"
"F-571","2-[5-[(4-hydroxyphenyl)methyl]-3-methyl-2,4-dioxoimidazolidin-1-yl]acetic acid","InChI=1S/C13H14N2O5/c1-14-12(19)10(15(13(14)20)7-11(17)18)6-8-2-4-9(16)5-3-8/h2-5,10,16H,6-7H2,1H3,(H,17,18)","UBWHIRFNXZLVKF-UHFFFAOYSA-N","CN1C(=O)C(CC2=CC=C(O)C=C2)N(CC(=O)O)C1=O","-0.05","0.0","1","G1","278.264","0.28189999999999976","68.10660000000003","20.0","4.0","2.0","7.0","4.0","106.0","1.0","1.0","1.0","2.0","98.15","114.57286791167408","2.2179984326610893","554.3848725313509"
"F-572","2-[(2-amino-4-methylpentanoyl)amino]-3-(4-hydroxyphenyl)propanoic acid","InChI=1S/C15H22N2O4/c1-9(2)7-12(16)14(19)17-13(15(20)21)8-10-3-5-11(18)6-4-10/h3-6,9,12-13,18H,7-8,16H2,1-2H3,(H,17,19)(H,20,21)","LHSGPCFBGJHPCY-UHFFFAOYSA-N","CC(C)CC(N)C(=O)NC(CC1=CC=C(O)C=C1)C(=O)O","-1.58","0.0","1","G1","294.35100000000006","0.8774999999999995","78.80770000000004","21.0","4.0","4.0","6.0","7.0","116.0","1.0","0.0","0.0","1.0","112.65000000000002","123.51714673416679","2.673148668807994","484.95191399679527"
"F-573","1-cyclohexyl-3-(2-dimethylaminoethyl)urea","InChI=1S/C11H23N3O/c1-14(2)9-8-12-11(15)13-10-6-4-3-5-7-10/h10H,3-9H2,1-2H3,(H2,12,13,15)","NZEDGSZBHQVOJM-UHFFFAOYSA-N","CN(C)CCNC(=O)NC1CCCCC1","-0.66","0.0","1","G1","213.32499999999993","1.1798999999999997","61.96140000000004","15.0","2.0","2.0","4.0","4.0","88.0","0.0","1.0","1.0","1.0","44.370000000000005","92.40392115572962","2.0631539775049768","188.27205538366195"
"F-574","1-diethylaminopropan-2-yl 4-aminobenzoate","InChI=1S/C14H22N2O2/c1-4-16(5-2)10-11(3)18-14(17)12-6-8-13(15)9-7-12/h6-9,11H,4-5,10,15H2,1-3H3","ZUNAJHZCXSUXGT-UHFFFAOYSA-N","CCN(CC)CC(C)OC(=O)C1=CC=C(N)C=C1","-2.35","0.0","1","G1","250.34199999999998","2.1559","73.51990000000004","18.0","4.0","1.0","4.0","6.0","100.0","1.0","0.0","0.0","1.0","55.56","108.72573173143658","2.510459435961105","371.88531078577785"
"F-575","2-diethylaminopropyl 4-aminobenzoate","InChI=1S/C14H22N2O2/c1-4-16(5-2)11(3)10-18-14(17)12-6-8-13(15)9-7-12/h6-9,11H,4-5,10,15H2,1-3H3","AAKAAFFHKNBIKB-UHFFFAOYSA-N","CCN(CC)C(C)COC(=O)C1=CC=C(N)C=C1","-2.38","0.0","1","G1","250.34199999999998","2.1559","73.51990000000004","18.0","4.0","1.0","4.0","6.0","100.0","1.0","0.0","0.0","1.0","55.56","108.72573173143657","2.4804620482578987","371.88531078577785"
"F-576","2-[[2-amino-3-(4-hydroxyphenyl)propanoyl]amino]-4-methylpentanoic acid","InChI=1S/C15H22N2O4/c1-9(2)7-13(15(20)21)17-14(19)12(16)8-10-3-5-11(18)6-4-10/h3-6,9,12-13,18H,7-8,16H2,1-2H3,(H,17,19)(H,20,21)","AUEJLPRZGVVDNU-UHFFFAOYSA-N","CC(C)CC(NC(=O)C(N)CC1=CC=C(O)C=C1)C(=O)O","-2.07","0.0","1","G1","294.351","0.8774999999999995","78.80770000000004","21.0","4.0","4.0","6.0","7.0","116.0","1.0","0.0","0.0","1.0","112.65000000000002","123.51714673416679","2.5995644708324352","484.95191399679527"
"F-578","1-butyl-3-(1,5-dimethyl-3-oxo-2-phenylpyrazol-4-yl)urea","InChI=1S/C16H22N4O2/c1-4-5-11-17-16(22)18-14-12(2)19(3)20(15(14)21)13-9-7-6-8-10-13/h6-10H,4-5,11H2,1-3H3,(H2,17,18,22)","PQFDUCZWWSHNBL-UHFFFAOYSA-N","CCCCNC(=O)NC1=C(C)N(C)N(C2=CC=CC=C2)C1=O","-1.63","0.0","1","G1","302.37800000000004","2.4060200000000007","87.67640000000004","22.0","4.0","2.0","6.0","5.0","118.0","2.0","0.0","0.0","2.0","68.06","129.28306563719707","2.2732218923072174","700.9261524708671"
"F-580","[4-(furan-2-carbonyl)-2-oxido-1,2,5-oxadiazol-2-ium-3-yl]-furan-2-ylmethanone","InChI=1S/C12H6N2O6/c15-11(7-3-1-5-18-7)9-10(14(17)20-13-9)12(16)8-4-2-6-19-8/h1-6H","CFCYEMMQXVMYQE-UHFFFAOYSA-N","C1=COC(=C1)C(=O)C2=NO[N+](=C2C(=O)C3=CC=CO3)[O-]","-3.85","0.0","1","G1","274.18800000000005","0.956","59.74400000000001","20.0","7.0","0.0","8.0","4.0","100.0","3.0","0.0","0.0","3.0","113.39","110.28176006443728","2.0634177228860215","754.0878252529661"
"F-582","5,8-dihydroxy-1-methyl-3,4,4a,5,6,7,8,8a-octahydro-1H-naphthalen-2-one","InChI=1S/C11H18O3/c1-6-8(12)3-2-7-9(13)4-5-10(14)11(6)7/h6-7,9-11,13-14H,2-5H2,1H3","KRJWIJLMVAUQTI-UHFFFAOYSA-N","CC1C(=O)CCC2C(O)CCC(O)C12","-0.3","0.0","1","G1","198.26199999999997","0.7333999999999998","51.63260000000004","14.0","3.0","2.0","3.0","0.0","80.0","0.0","2.0","2.0","2.0","57.53","84.12699946917294","2.1913953630741974","238.6871430903689"
"F-585","(~{N}~{Z})-~{N}-[(2~{Z})-2-hydroxyimino-4-(2,4,4-trimethylpentan-2-yl)cyclohexylidene]hydroxylamine","InChI=1S/C14H26N2O2/c1-13(2,3)9-14(4,5)10-6-7-11(15-17)12(8-10)16-18/h10,17-18H,6-9H2,1-5H3/b15-11-,16-12-","OQMVJRGYOSUMIM-NFLUSIDLSA-N","CC(C)(C)CC(C)(C)C1CC/C(=N/O)/C(=N\O)/C1","-6.41","0.0","1","G1","254.37399999999997","3.9093000000000027","73.63700000000003","18.0","4.0","2.0","4.0","2.0","104.0","0.0","1.0","1.0","1.0","65.18","109.76485683652444","2.8050508857792265","351.29571729897583"
"F-586","3-(3,4-dihydroxyphenyl)-2-methylaminopropanoic acid","InChI=1S/C10H13NO4/c1-11-7(10(14)15)4-6-2-3-8(12)9(13)5-6/h2-3,5,7,11-13H,4H2,1H3,(H,14,15)","QZIWDCLHLOADPK-UHFFFAOYSA-N","CNC(CC1=CC(O)=C(O)C=C1)C(=O)O","-1.02","0.0","1","G1","211.21699999999998","0.3128999999999996","53.95910000000002","15.0","4.0","4.0","5.0","4.0","82.0","1.0","0.0","0.0","1.0","89.79","86.98525711732326","2.7964471929115553","364.44006291232483"
"F-588","2-acetamido-3-(3,4-dichlorophenyl)sulfanylpropanoic acid","InChI=1S/C11H11Cl2NO3S/c1-6(15)14-10(11(16)17)5-18-7-2-3-8(12)9(13)4-7/h2-4,10H,5H2,1H3,(H,14,15)(H,16,17)","JYWAYDDGOPHFIS-UHFFFAOYSA-N","CC(=O)NC(CSC1=CC(Cl)=C(Cl)C=C1)C(=O)O","-2.89","0.0","1","G1","308.18600000000004","2.6748000000000003","72.42650000000003","18.0","3.0","2.0","7.0","5.0","98.0","1.0","0.0","0.0","1.0","66.4","118.65289630650018","2.635165496145983","467.6015890889479"
"F-589","3-[(4-nitrophenyl)carbamoylamino]propanoic acid","InChI=1S/C10H11N3O5/c14-9(15)5-6-11-10(16)12-7-1-3-8(4-2-7)13(17)18/h1-4H,5-6H2,(H,14,15)(H2,11,12,16)","MYMZLBHZVRWYRE-UHFFFAOYSA-N","C1=CC(=CC=C1NC(=O)NCCC(=O)O)[N+](=O)[O-]","-2.7","0.0","1","G1","253.21399999999994","1.1909999999999998","62.370599999999996","18.0","4.0","3.0","8.0","5.0","96.0","1.0","0.0","0.0","1.0","121.57000000000002","101.76114961908284","2.4418166888882142","457.0858852353957"
"F-590","2-acetamido-3-(2,6-dichlorophenyl)sulfanylpropanoic acid","InChI=1S/C11H11Cl2NO3S/c1-6(15)14-9(11(16)17)5-18-10-7(12)3-2-4-8(10)13/h2-4,9H,5H2,1H3,(H,14,15)(H,16,17)","DQJMRHANOSWXOV-UHFFFAOYSA-N","CC(=O)NC(CSC1=C(Cl)C=CC=C1Cl)C(=O)O","-2.31","0.0","1","G1","308.18600000000004","2.6748000000000003","72.42650000000003","18.0","3.0","2.0","7.0","5.0","98.0","1.0","0.0","0.0","1.0","66.4","118.65289630650018","2.7275543083256304","447.35158908894795"
"F-591","2-[bis(2-cyanoethyl)amino]-3-(4-hydroxyphenyl)propanoic acid","InChI=1S/C15H17N3O3/c16-7-1-9-18(10-2-8-17)14(15(20)21)11-12-3-5-13(19)6-4-12/h3-6,14,19H,1-2,9-11H2,(H,20,21)","QGZBWVROTIMWPF-UHFFFAOYSA-N","N#CCCN(CCC#N)C(CC1=CC=C(O)C=C1)C(=O)O","-1.68","0.0","1","G1","287.319","1.51726","75.26760000000003","21.0","5.0","2.0","6.0","8.0","110.0","1.0","0.0","0.0","1.0","108.35000000000001","123.01086478664307","2.846922292190751","524.7676493751201"
"F-592","4-[(10,13-dimethyl-3-oxo-1,2,6,7,8,9,11,12,14,15,16,17-dodecahydrocyclopenta[a]phenanthren-17-yl)oxy]-4-oxobutanoic acid","InChI=1S/C23H32O5/c1-22-11-9-15(24)13-14(22)3-4-16-17-5-6-19(23(17,2)12-10-18(16)22)28-21(27)8-7-20(25)26/h13,16-19H,3-12H2,1-2H3,(H,25,26)","CJQNBXFUHQZFOE-UHFFFAOYSA-N","CC12CCC(=O)C=C1CCC1C2CCC2(C)C(OC(=O)CCC(=O)O)CCC12","-5.08","0.0","1","G1","388.50400000000025","4.294900000000004","103.45980000000007","28.0","4.0","1.0","5.0","4.0","154.0","0.0","3.0","4.0","4.0","80.67","166.44739518008794","1.4928198973634466","724.5043275365367"
"F-594","2-(5-benzyl-2,4-dioxo-3-phenylimidazolidin-1-yl)acetic acid","InChI=1S/C18H16N2O4/c21-16(22)12-19-15(11-13-7-3-1-4-8-13)17(23)20(18(19)24)14-9-5-2-6-10-14/h1-10,15H,11-12H2,(H,21,22)","YJLSYXATLKWVRI-UHFFFAOYSA-N","O=C(O)CN1C(=O)N(C2=CC=CC=C2)C(=O)C1CC1=CC=CC=C1","-2.91","0.0","1","G1","324.33600000000007","2.1511000000000005","87.59980000000004","24.0","3.0","1.0","6.0","5.0","122.0","2.0","1.0","1.0","3.0","77.92","138.47078625114548","1.9366135212226196","761.1029326164897"
"F-595","4,4-dimethylbicyclo[3.2.1]octane-2,3-dione","InChI=1S/C10H14O2/c1-10(2)7-4-3-6(5-7)8(11)9(10)12/h6-7H,3-5H2,1-2H3","UHONRUDDOVMSCJ-UHFFFAOYSA-N","CC1(C)C(=O)C(=O)C2CCC1C2","-1.52","0.0","1","G1","166.21999999999997","1.5807","44.62600000000002","12.0","2.0","0.0","2.0","0.0","66.0","0.0","2.0","2.0","2.0","34.14","72.33511195042809","2.3895253075604588","252.56419417660757"
"F-596","ethyl 2-hydroxy-2-phenylacetate","InChI=1S/C10H12O3/c1-2-13-10(12)9(11)8-6-4-3-5-7-8/h3-7,9,11H,2H2,1H3","SAXHIDRUJXPDOD-UHFFFAOYSA-N","CCOC(=O)C(O)C1=CC=CC=C1","-1.26","0.0","1","G1","180.203","1.2831000000000001","48.03480000000003","13.0","3.0","1.0","3.0","3.0","70.0","1.0","0.0","0.0","1.0","46.53","76.96047265883006","2.679169490343547","268.7581641533625"
"F-597","1,7-dimethyl-2-oxobicyclo[2.2.1]heptane-7-carboxylic acid","InChI=1S/C10H14O3/c1-9-4-3-6(5-7(9)11)10(9,2)8(12)13/h6H,3-5H2,1-2H3,(H,12,13)","LGEPPIZTYFKCQZ-UHFFFAOYSA-N","CC12CCC(CC1=O)C2(C)C(=O)O","-1.78","0.0","1","G1","182.219","1.4664","46.197800000000015","13.0","2.0","1.0","3.0","1.0","72.0","0.0","2.0","2.0","2.0","54.370000000000005","77.12934570262411","2.525216014527263","296.5449836213082"
"F-598","(~{N}~{E})-~{N}-[(3~{Z})-3-hydroxyimino-1,7,7-trimethyl-2-bicyclo[2.2.1]heptanylidene]hydroxylamine","InChI=1S/C10H16N2O2/c1-9(2)6-4-5-10(9,3)8(12-14)7(6)11-13/h6,13-14H,4-5H2,1-3H3","JCFJSQZXNOMXCP-UHFFFAOYSA-N","CC12CCC(C(=NO)C1=NO)C2(C)C","-2.52","0.0","1","G1","196.24999999999997","2.1029","53.05500000000002","14.0","4.0","2.0","4.0","0.0","78.0","0.0","2.0","2.0","2.0","65.18","83.29925722540878","2.6048659893501664","333.01369983759076"
"F-599","2-phenylsulfonylpropanoic acid","InChI=1S/C9H10O4S/c1-7(9(10)11)14(12,13)8-5-3-2-4-6-8/h2-7H,1H3,(H,10,11)","WIQURXUWPJLEDJ-UHFFFAOYSA-N","CC(C(=O)O)S(=O)(=O)C1=CC=CC=C1","-0.89","0.0","1","G1","214.24200000000002","0.9334","50.72560000000003","14.0","3.0","1.0","5.0","3.0","76.0","1.0","0.0","0.0","1.0","71.44","82.10738369671317","3.162187480939587","421.38499327031263"
"F-600","2-(benzoylamino)-3-hydroxybutanoic acid","InChI=1S/C11H13NO4/c1-7(13)9(11(15)16)12-10(14)8-5-3-2-4-6-8/h2-7,9,13H,1H3,(H,12,14)(H,15,16)","IOQIWWTVXOPYQR-UHFFFAOYSA-N","CC(O)C(NC(=O)C1=CC=CC=C1)C(=O)O","-1.23","0.0","1","G1","223.228","0.2503999999999999","57.01280000000003","16.0","3.0","3.0","5.0","4.0","86.0","1.0","0.0","0.0","1.0","86.63000000000001","92.71748757956762","2.7354196990238284","374.83076936577584"
"F-601","2-(carboxymethylsulfanyl)-2-phenylacetic acid","InChI=1S/C10H10O4S/c11-8(12)6-15-9(10(13)14)7-4-2-1-3-5-7/h1-5,9H,6H2,(H,11,12)(H,13,14)","AIUNWFBYULOSRS-UHFFFAOYSA-N","O=C(O)CSC(C(=O)O)C1=CC=CC=C1","-1.23","0.03705000000000003","2","G3","226.25300000000001","1.6301","56.912600000000026","15.0","3.0","2.0","5.0","5.0","80.0","1.0","0.0","0.0","1.0","74.6","90.92579330692821","2.7504014279867066","349.69983791665175"
"F-602","2-methyl-4-oxo-4-(phenylamino)butanoic acid","InChI=1S/C11H13NO3/c1-8(11(14)15)7-10(13)12-9-5-3-2-4-6-9/h2-6,8H,7H2,1H3,(H,12,13)(H,14,15)","WOTSYQVYXBEKOX-UHFFFAOYSA-N","CC(CC(=O)NC1=CC=CC=C1)C(=O)O","0.39","0.0","1","G1","207.22899999999998","1.7359","56.48850000000002","15.0","2.0","2.0","4.0","4.0","80.0","1.0","0.0","0.0","1.0","66.4","87.92325382737161","2.468361621306757","348.11048355835163"
"F-604","N,N-Dimethyl-2-(phenylsulfonyl)propanamide","InChI=1S/C11H15NO3S/c1-9(11(13)12(2)3)16(14,15)10-7-5-4-6-8-10/h4-9H,1-3H3","OFPHVMUTNZBKLX-UHFFFAOYSA-N","CC(C(=O)N(C)C)S(=O)(=O)C1=CC=CC=C1","-0.87","0.0","1","G1","241.312","0.9369999999999997","61.78380000000004","16.0","3.0","0.0","5.0","3.0","88.0","1.0","0.0","0.0","1.0","54.45","95.80286784351375","3.0918683572038965","465.2628592475589"
"F-605","2-(benzoylamino)-3-methoxybutanoic acid","InChI=1S/C12H15NO4/c1-8(17-2)10(12(15)16)13-11(14)9-6-4-3-5-7-9/h3-8,10H,1-2H3,(H,13,14)(H,15,16)","ZRRFZADKYTXPJU-UHFFFAOYSA-N","COC(C)C(NC(=O)C1=CC=CC=C1)C(=O)O","-1.74","0.0","1","G1","237.25500000000002","0.9044999999999999","61.803000000000026","17.0","3.0","2.0","5.0","5.0","92.0","1.0","0.0","0.0","1.0","75.63","99.40174117127512","2.7484567111037683","390.75191905309794"
"F-606","2-(carboxymethylamino)-3-phenylpropanoic acid","InChI=1S/C11H13NO4/c13-10(14)7-12-9(11(15)16)6-8-4-2-1-3-5-8/h1-5,9,12H,6-7H2,(H,13,14)(H,15,16)","FVQDAMVODWHNOJ-UHFFFAOYSA-N","O=C(O)CNC(CC1=CC=CC=C1)C(=O)O","-2.16","0.0","1","G1","223.228","0.35649999999999954","57.20830000000002","16.0","3.0","3.0","5.0","6.0","86.0","1.0","0.0","0.0","1.0","86.63000000000001","92.71748757956762","2.5805999385186738","363.50712889220523"
"F-607","2-(2,4,5-trichlorophenoxy)propanoic acid","InChI=1S/C9H7Cl3O3/c1-4(9(13)14)15-8-3-6(11)5(10)2-7(8)12/h2-4H,1H3,(H,13,14)","ZLSWBLPERHFHIS-UHFFFAOYSA-N","CC(OC1=C(Cl)C=C(Cl)C(Cl)=C1)C(=O)O","-3.55","0.014650000000000052","2","G3","269.51099999999997","3.4987000000000013","59.197800000000015","15.0","2.0","1.0","6.0","3.0","82.0","1.0","0.0","0.0","1.0","46.53","101.50532922507848","2.952681123248563","392.4341135811158"
"F-608","2-[(3-nitrobenzoyl)amino]propanoic acid","InChI=1S/C10H10N2O5/c1-6(10(14)15)11-9(13)7-3-2-4-8(5-7)12(16)17/h2-6H,1H3,(H,11,13)(H,14,15)","CDBXKLYOJGRINM-UHFFFAOYSA-N","CC(C(=O)O)NC(=O)C1=CC(=CC=C1)[N+](=O)[O-]","-1.8","0.0","1","G1","238.199","0.7976999999999999","57.66040000000001","17.0","4.0","2.0","7.0","4.0","90.0","1.0","0.0","0.0","1.0","109.54000000000002","96.21128743547477","2.8576841289478523","471.51899101285335"
"F-609","2-(carboxymethylamino)-3-(4-hydroxyphenyl)propanoic acid","InChI=1S/C11H13NO5/c13-8-3-1-7(2-4-8)5-9(11(16)17)12-6-10(14)15/h1-4,9,12-13H,5-6H2,(H,14,15)(H,16,17)","RNMSZIWXOVWGMI-UHFFFAOYSA-N","O=C(O)CNC(CC1=CC=C(O)C=C1)C(=O)O","-2.59","0.0","1","G1","239.227","0.06209999999999982","58.87310000000002","17.0","4.0","4.0","6.0","6.0","92.0","1.0","0.0","0.0","1.0","106.86","97.51172133176364","2.628516125878083","400.8277468164942"
"F-610","(2Z,4Z,2'E,4'E)-4,4'-[(1S,2S)-1,2-Cyclohexanediyldinitrilo]bis(2-penten-2-ol)","InChI=1S/C16H26N2O2/c1-11(9-13(3)19)17-15-7-5-6-8-16(15)18-12(2)10-14(4)20/h9-10,15-18H,5-8H2,1-4H3","QNIPROSCSFQJIO-UHFFFAOYSA-N","CC(=O)C=C(C)NC1CCCCC1NC(C)=CC(C)=O","-2.11","0.0","1","G1","278.396","2.4624000000000006","81.19140000000004","20.0","4.0","2.0","4.0","6.0","112.0","0.0","1.0","1.0","1.0","58.2","121.25111409318455","2.6692005996549084","384.19280948873626"
"F-611","(5E)-5-(Diphenylhydrazono)-1,2,3,4-pentanetetrol","InChI=1S/C17H20N2O4/c20-12-16(22)17(23)15(21)11-18-19(13-7-3-1-4-8-13)14-9-5-2-6-10-14/h1-11,15-17,20-23H,12H2","IHTGGLAKTYJQIY-UHFFFAOYSA-N","OCC(O)C(O)C(O)C=NN(C1=CC=CC=C1)C1=CC=CC=C1","-3.1","0.0","1","G1","316.357","0.8854999999999997","88.62120000000003","23.0","6.0","4.0","6.0","7.0","122.0","2.0","0.0","0.0","2.0","96.52","134.11543508262656","2.2366243247931594","567.0051365564027"
"F-612","17-hydroxy-17-(1-hydroxyethyl)-10,13-dimethyl-2,6,7,8,9,11,12,14,15,16-decahydro-1H-cyclopenta[a]phenanthren-3-one","InChI=1S/C21H32O3/c1-13(22)21(24)11-8-18-16-5-4-14-12-15(23)6-9-19(14,2)17(16)7-10-20(18,21)3/h12-13,16-18,22,24H,4-11H2,1-3H3","MASCESDECGBIBB-UHFFFAOYSA-N","CC(O)C1(O)CCC2C3CCC4=CC(=O)CCC4(C)C3CCC21C","-4.16","0.0","1","G1","332.4840000000001","3.630200000000003","93.34060000000005","24.0","3.0","2.0","3.0","1.0","134.0","0.0","3.0","4.0","4.0","57.53","145.07515527389634","1.6853550808712794","593.891277323464"
"F-613","1-(4-fluorophenyl)-4-[4-hydroxy-4-(4-methylphenyl)piperidin-1-yl]butan-1-one","InChI=1S/C22H26FNO2/c1-17-4-8-19(9-5-17)22(26)12-15-24(16-13-22)14-2-3-21(25)18-6-10-20(23)11-7-18/h4-11,26H,2-3,12-16H2,1H3","AGAHNABIDCTLHW-UHFFFAOYSA-N","CC1=CC=C(C2(O)CCN(CCCC(=O)C3=CC=C(F)C=C3)CC2)C=C1","-4.35","0.0","1","G1","355.4530000000001","4.080620000000003","100.71430000000004","26.0","3.0","1.0","4.0","6.0","138.0","2.0","1.0","1.0","3.0","40.54","154.01321224136723","1.4445792101332056","731.7424939622124"
"F-614","4-(3,6-dihydroxy-10,13-dimethyl-2,3,4,5,6,7,8,9,11,12,14,15,16,17-tetradecahydro-1H-cyclopenta[a]phenanthren-17-yl)pentanoic acid","InChI=1S/C24H40O4/c1-14(4-7-22(27)28)17-5-6-18-16-13-21(26)20-12-15(25)8-10-24(20,3)19(16)9-11-23(17,18)2/h14-21,25-26H,4-13H2,1-3H3,(H,27,28)","DGABKXLVXPYZII-UHFFFAOYSA-N","CC(CCC(=O)O)C1CCC2C3CC(O)C4CC(O)CCC4(C)C3CCC12C","-4.82","0.0349999999999997","2","G3","392.5800000000002","4.477900000000004","108.64740000000008","28.0","3.0","3.0","4.0","4.0","160.0","0.0","4.0","4.0","4.0","77.76","169.65381840146642","1.545749264394475","605.412568486979"
"F-617","2,2'-(1,2-Ethanediyldisulfanediyl)bis(phenylacetic acid)","InChI=1S/C18H18O4S2/c19-17(20)15(13-7-3-1-4-8-13)23-11-12-24-16(18(21)22)14-9-5-2-6-10-14/h1-10,15-16H,11-12H2,(H,19,20)(H,21,22)","UAFWZTUMPCUHHG-UHFFFAOYSA-N","O=C(O)C(SCCSC(C(=O)O)C1=CC=CC=C1)C1=CC=CC=C1","-3.41","0.0","1","G1","362.4720000000001","4.104600000000003","98.55360000000003","24.0","4.0","2.0","6.0","9.0","126.0","2.0","0.0","0.0","2.0","74.6","148.8358817671507","1.900700189196723","601.733682528477"
"F-618","2-[[2-[[2-amino-3-(4-hydroxyphenyl)propanoyl]amino]acetyl]amino]acetic acid","InChI=1S/C13H17N3O5/c14-10(5-8-1-3-9(17)4-2-8)13(21)16-6-11(18)15-7-12(19)20/h1-4,10,17H,5-7,14H2,(H,15,18)(H,16,21)(H,19,20)","HIINQLBHPIQYHN-UHFFFAOYSA-N","NC(CC1=CC=C(O)C=C1)C(=O)NCC(=O)NCC(=O)O","-1.47","0.0","1","G1","295.295","-1.420999999999999","73.44140000000003","21.0","5.0","5.0","8.0","7.0","114.0","1.0","0.0","0.0","1.0","141.74999999999997","120.49864678902537","2.3529995364413367","515.0429464929127"
"F-619","1-(1,5-dimethyl-3-oxo-2-phenylpyrazol-4-yl)-3-phenylurea","InChI=1S/C18H18N4O2/c1-13-16(20-18(24)19-14-9-5-3-6-10-14)17(23)22(21(13)2)15-11-7-4-8-12-15/h3-12H,1-2H3,(H2,19,20,24)","MHDYKXPQKDDFFZ-UHFFFAOYSA-N","CC1=C(NC(=O)NC2=CC=CC=C2)C(=O)N(C2=CC=CC=C2)N1C","-2.3","0.0","1","G1","322.36800000000005","3.128420000000001","94.83040000000001","24.0","4.0","2.0","6.0","3.0","122.0","3.0","0.0","0.0","3.0","68.06","138.8803913856747","1.8957785399330218","911.4418611155023"
"F-621","1-(4-hydroxy-3-methylphenyl)-3-methylbutan-1-one","InChI=1S/C12H16O2/c1-8(2)6-12(14)10-4-5-11(13)9(3)7-10/h4-5,7-8,13H,6H2,1-3H3","KDSZUDODQQARLW-UHFFFAOYSA-N","CC1=C(O)C=CC(C(=O)CC(C)C)=C1","-1.98","0.0","1","G1","192.25799999999998","2.9294200000000012","56.629300000000036","14.0","2.0","1.0","2.0","3.0","76.0","1.0","0.0","0.0","1.0","37.3","84.57681165811638","2.8604835348547297","340.17500780185213"
"F-622","(1Z,2E)-N,N'-Dihydroxy-3,6-dimethyl-1,2-cyclohexanediimine","InChI=1S/C8H14N2O2/c1-5-3-4-6(2)8(10-12)7(5)9-11/h5-6,11-12H,3-4H2,1-2H3","WXZGEDBTCQOLCM-UHFFFAOYSA-N","CC1CCC(C)C(=NO)C1=NO","-1.32","0.0","1","G1","170.212","1.7127999999999999","46.00500000000002","12.0","4.0","2.0","4.0","0.0","68.0","0.0","1.0","1.0","1.0","65.18","71.5752041501448","2.912808929599128","199.0977500432694"
"F-623","(1E,2Z)-4-Ethyl-N,N'-dihydroxy-1,2-cyclohexanediimine","InChI=1S/C8H14N2O2/c1-2-6-3-4-7(9-11)8(5-6)10-12/h6,11-12H,2-5H2,1H3","GBAJQUQTRTUWDV-UHFFFAOYSA-N","CCC1CCC(=NO)C(=NO)C1","-1.83","0.0","1","G1","170.212","1.8568999999999998","46.07500000000002","12.0","4.0","2.0","4.0","1.0","68.0","0.0","1.0","1.0","1.0","65.18","71.5752041501448","2.6666807294053543","211.10339998727648"
"F-624","7-hydroxy-2-(4-hydroxyphenyl)-5-methoxy-8-(3-methylbut-2-enyl)chroman-4-one","InChI=1S/C21H22O5/c1-12(2)4-9-15-16(23)10-19(25-3)20-17(24)11-18(26-21(15)20)13-5-7-14(22)8-6-13/h4-8,10,18,22-23H,9,11H2,1-3H3","YKGCBLWILMDSAV-UHFFFAOYSA-N","COC1=CC(O)=C(CC=C(C)C)C2=C1C(=O)CC(C1=CC=C(O)C=C1)O2","-5.44","0.0","1","G1","354.40200000000004","4.3216000000000045","98.21710000000003","26.0","5.0","2.0","5.0","4.0","136.0","2.0","0.0","1.0","3.0","75.99000000000001","152.05462223286654","2.0931591727486865","860.9604422024913"
"F-625","ethyl 3-bromo-4-hydroxybenzoate","InChI=1S/C9H9BrO3/c1-2-13-9(12)6-3-4-8(11)7(10)5-6/h3-5,11H,2H2,1H3","CMXRBHNFKLKRFS-UHFFFAOYSA-N","CCOC(=O)C1=CC(Br)=C(O)C=C1","-3.39","0.0","1","G1","245.07199999999997","2.3314000000000004","51.76330000000002","13.0","3.0","1.0","4.0","2.0","70.0","1.0","0.0","0.0","1.0","46.53","84.46307815007482","2.9029492111309563","322.6358947688087"
"F-626","2-(4-phenylphenyl)acetamide","InChI=1S/C14H13NO/c15-14(16)10-11-6-8-13(9-7-11)12-4-2-1-3-5-12/h1-9H,10H2,(H2,15,16)","JJLKXBIUMBGNNY-UHFFFAOYSA-N","NC(=O)CC1=CC=C(C2=CC=CC=C2)C=C1","-3.33","0.0","1","G1","211.264","2.3814","64.77640000000002","16.0","1.0","1.0","2.0","3.0","80.0","2.0","0.0","0.0","2.0","43.09","94.71979435141071","2.228677125948167","473.84834508395556"
"F-627","propyl 3-chloro-4-hydroxybenzoate","InChI=1S/C10H11ClO3/c1-2-5-14-10(13)7-3-4-9(12)8(11)6-7/h3-4,6,12H,2,5H2,1H3","BSIHCYCJEOIHQZ-UHFFFAOYSA-N","CCCOC(=O)C1=CC(Cl)=C(O)C=C1","-3.38","0.0","1","G1","214.648","2.612400000000001","53.69030000000003","14.0","3.0","1.0","4.0","3.0","76.0","1.0","0.0","0.0","1.0","46.53","87.26373888571175","2.755619609872736","336.13903760611623"
"F-628","propyl 3-bromo-4-hydroxybenzoate","InChI=1S/C10H11BrO3/c1-2-5-14-10(13)7-3-4-9(12)8(11)6-7/h3-4,6,12H,2,5H2,1H3","HLGLZIHUZLGLGS-UHFFFAOYSA-N","CCCOC(=O)C1=CC(Br)=C(O)C=C1","-3.51","0.0","1","G1","259.09899999999993","2.7215000000000007","56.38030000000003","14.0","3.0","1.0","4.0","3.0","76.0","1.0","0.0","0.0","1.0","46.53","90.82802026447143","2.755619609872736","336.13903760611623"
"F-629","4-[3-(4-hydroxyphenyl)-1,1-dioxobenzo[c]oxathiol-3-yl]phenol","InChI=1S/C19H14O5S/c20-15-9-5-13(6-10-15)19(14-7-11-16(21)12-8-14)17-3-1-2-4-18(17)25(22,23)24-19/h1-12,20-21H","BELBBZDIHDAJOR-UHFFFAOYSA-N","O=S1(=O)OC(C2=CC=C(O)C=C2)(C2=CC=C(O)C=C2)C2=C1C=CC=C2","-3.07","0.0","1","G1","354.3830000000001","3.108600000000001","90.8084","25.0","5.0","2.0","6.0","2.0","126.0","3.0","0.0","1.0","4.0","83.83000000000001","144.44111748423592","2.081243977967117","992.4323800368251"
"F-630","5-nitro-2-prop-2-enoxyaniline","InChI=1S/C9H10N2O3/c1-2-5-14-9-4-3-7(11(12)13)6-8(9)10/h2-4,6H,1,5,10H2","FLPHVXHNKUPMTF-UHFFFAOYSA-N","C=CCOC1=C(C=C(C=C1)[N+](=O)[O-])N","-2.8","0.0","1","G1","194.18999999999997","1.7417999999999998","53.20080000000001","14.0","4.0","1.0","5.0","4.0","74.0","1.0","0.0","0.0","1.0","78.39","80.94303807952193","2.891182708072889","363.0747413207328"
"F-631","1-(4-methoxyphenyl)-1-methylurea","InChI=1S/C9H12N2O2/c1-11(9(10)12)7-3-5-8(13-2)6-4-7/h3-6H,1-2H3,(H2,10,12)","FMZVAQGPUASACA-UHFFFAOYSA-N","COC1=CC=C(N(C)C(N)=O)C=C1","-1.16","0.0","1","G1","180.207","1.2101","50.98040000000002","13.0","2.0","1.0","4.0","2.0","70.0","1.0","0.0","0.0","1.0","55.56","76.90102115945353","2.8531570402611086","294.98794078246516"
"F-633","1-(4-Ethoxyphenyl)-1-methylurea","InChI=1S/C9H17N3O2/c10-9(13)12-11-6-7-14-8-4-2-1-3-5-8/h6,8H,1-5,7H2,(H3,10,12,13)","OEXXJWUGCIYXEF-UHFFFAOYSA-N","NC(=O)NN=CCOC1CCCCC1","-1.74","0.0","1","G1","199.25399999999993","0.9897999999999993","54.036100000000026","14.0","3.0","2.0","5.0","4.0","80.0","0.0","1.0","1.0","1.0","76.71000000000001","83.68323550573969","2.016950806431727","200.23374761370326"
"F-634","1-(4-ethoxyphenyl)-1-methylurea","InChI=1S/C10H14N2O2/c1-3-14-9-6-4-8(5-7-9)12(2)10(11)13/h4-7H,3H2,1-2H3,(H2,11,13)","RXJIGRPQCMIWMF-UHFFFAOYSA-N","CCOC1=CC=C(N(C)C(N)=O)C=C1","-1.66","0.0","1","G1","194.23399999999998","1.6002","55.59740000000003","14.0","2.0","1.0","4.0","3.0","76.0","1.0","0.0","0.0","1.0","55.56","83.26596327385013","2.7715870204276314","308.4029664102151"
"F-635","2-butoxy-5-nitroaniline","InChI=1S/C10H14N2O3/c1-2-3-6-15-10-5-4-8(12(13)14)7-9(10)11/h4-5,7H,2-3,6,11H2,1H3","ZQTPOMUMEJTURV-UHFFFAOYSA-N","CCCCOC1=C(C=C(C=C1)[N+](=O)[O-])N","-3.82","0.0","1","G1","210.23299999999998","2.3559","57.911800000000014","15.0","4.0","1.0","5.0","5.0","82.0","1.0","0.0","0.0","1.0","78.39","87.99758322610279","2.702776850352066","352.5207793847902"
"F-636","2-methoxy-5-methylbenzenesulfonamide","InChI=1S/C8H11NO3S/c1-6-3-4-7(12-2)8(5-6)13(9,10)11/h3-5H,1-2H3,(H2,9,10,11)","NNBCTZQYASZPPO-UHFFFAOYSA-N","COC1=C(S(N)(=O)=O)C=C(C)C=C1","-1.53","0.0","1","G1","201.247","0.6510199999999999","49.10420000000002","13.0","3.0","1.0","5.0","2.0","72.0","1.0","0.0","0.0","1.0","69.39","77.37549916722487","3.4145482653385226","411.39735775091935"
"F-637","butyl 3-chloro-4-hydroxybenzoate","InChI=1S/C11H13ClO3/c1-2-3-6-15-11(14)8-4-5-10(13)9(12)7-8/h4-5,7,13H,2-3,6H2,1H3","ZYXCFLLLKGPMBJ-UHFFFAOYSA-N","CCCCOC(=O)C1=CC(Cl)=C(O)C=C1","-3.51","0.0","1","G1","228.67499999999998","3.0025000000000013","58.30730000000003","15.0","3.0","1.0","4.0","4.0","82.0","1.0","0.0","0.0","1.0","46.53","93.62868100010834","2.6180849583030543","349.6863125286536"
"F-638","butyl 3-bromo-4-hydroxybenzoate","InChI=1S/C11H13BrO3/c1-2-3-6-15-11(14)8-4-5-10(13)9(12)7-8/h4-5,7,13H,2-3,6H2,1H3","WDMQSFJGWOROIN-UHFFFAOYSA-N","CCCCOC(=O)C1=CC(Br)=C(O)C=C1","-3.67","0.0","1","G1","273.126","3.111600000000002","60.99730000000003","15.0","3.0","1.0","4.0","4.0","82.0","1.0","0.0","0.0","1.0","46.53","97.19296237886803","2.6180849583030543","349.6863125286536"
"F-639","2-(4-chloro-2-methylphenoxy)ethanethioic S-acid","InChI=1S/C9H9ClO2S/c1-6-4-7(10)2-3-8(6)12-5-9(11)13/h2-4H,5H2,1H3,(H,11,13)","OELWFMFENYNUQY-UHFFFAOYSA-N","CC1=C(OCC(O)=S)C=CC(Cl)=C1","-3.16","0.0","1","G1","216.68900000000002","2.9126200000000004","56.91080000000002","13.0","2.0","1.0","4.0","3.0","70.0","1.0","0.0","0.0","1.0","29.46","87.09605491847623","2.719441518462691","325.3907822709721"
"F-640","Pentyl 3-chloro-4-hydroxybenzoate","InChI=1S/C12H15ClO3/c1-2-3-4-7-16-12(15)9-5-6-11(14)10(13)8-9/h5-6,8,14H,2-4,7H2,1H3","RNGWSERDYBOYRH-UHFFFAOYSA-N","CCCCCOC(=O)C1=CC(Cl)=C(O)C=C1","-3.95","0.0","1","G1","242.702","3.3926000000000025","62.92430000000004","16.0","3.0","1.0","4.0","5.0","88.0","1.0","0.0","0.0","1.0","46.53","99.99362311450494","2.495637892079632","363.2815474162533"
"F-641","Pentyl 3-bromo-4-hydroxybenzoate","InChI=1S/C12H15BrO3/c1-2-3-4-7-16-12(15)9-5-6-11(14)10(13)8-9/h5-6,8,14H,2-4,7H2,1H3","FXNNQKLPLOXENK-UHFFFAOYSA-N","CCCCCOC(=O)C1=CC(Br)=C(O)C=C1","-4.1","0.0","1","G1","287.15299999999996","3.5017000000000023","65.61430000000003","16.0","3.0","1.0","4.0","5.0","88.0","1.0","0.0","0.0","1.0","46.53","103.55790449326463","2.495637892079632","363.2815474162533"
"F-642","pentyl 4-hydroxy-3-iodobenzoate","InChI=1S/C12H15IO3/c1-2-3-4-7-16-12(15)9-5-6-11(14)10(13)8-9/h5-6,8,14H,2-4,7H2,1H3","JGHBBCHMWWSORJ-UHFFFAOYSA-N","CCCCCOC(=O)C1=CC(I)=C(O)C=C1","-4.22","0.0","1","G1","334.153","3.3438000000000025","70.63130000000002","16.0","3.0","1.0","4.0","5.0","88.0","1.0","0.0","0.0","1.0","46.53","108.95219500866692","2.495637892079632","363.2815474162533"
"F-643","5-nitro-2-propan-2-yloxyaniline","InChI=1S/C9H12N2O3/c1-6(2)14-9-4-3-7(11(12)13)5-8(9)10/h3-6H,10H2,1-2H3","NIHHCJZYYQHCHJ-UHFFFAOYSA-N","CC(C)OC1=C(C=C(C=C1)[N+](=O)[O-])N","-2.66","0.0","1","G1","196.206","1.9642000000000002","53.27280000000002","14.0","4.0","1.0","5.0","3.0","76.0","1.0","0.0","0.0","1.0","78.39","81.63264111170618","2.9535218149664164","349.9103452953617"
"F-644","4-nitro-3-phenylphenol","InChI=1S/C12H9NO3/c14-10-6-7-12(13(15)16)11(8-10)9-4-2-1-3-5-9/h1-8,14H","LHJUVPXOXCFLCH-UHFFFAOYSA-N","C1=CC=C(C=C1)C2=C(C=CC(=C2)O)[N+](=O)[O-]","-3.63","0.0","1","G1","215.20799999999997","2.967400000000002","60.19720000000002","16.0","3.0","1.0","4.0","2.0","80.0","2.0","0.0","0.0","2.0","63.370000000000005","91.9357068002568","2.6301356992221194","523.0420115762224"
"F-645","2-phenylsulfonylpropanamide","InChI=1S/C9H11NO3S/c1-7(9(10)11)14(12,13)8-5-3-2-4-6-8/h2-7H,1H3,(H2,10,11)","SFNCEGFOAIRTAL-UHFFFAOYSA-N","CC(C(N)=O)S(=O)(=O)C1=CC=CC=C1","-1.64","0.0","1","G1","213.258","0.33409999999999973","52.28420000000003","14.0","3.0","1.0","5.0","3.0","76.0","1.0","0.0","0.0","1.0","77.23","82.65304064152987","3.162187480939587","424.6301057681491"
"F-646","2-nitro-3-phenylphenol","InChI=1S/C12H9NO3/c14-11-8-4-7-10(12(11)13(15)16)9-5-2-1-3-6-9/h1-8,14H","DRGIJTNVBHIOFB-UHFFFAOYSA-N","C1=CC=C(C=C1)C2=C(C(=CC=C2)O)[N+](=O)[O-]","-3.95","0.0","1","G1","215.20799999999997","2.967400000000002","60.19720000000002","16.0","3.0","1.0","4.0","2.0","80.0","2.0","0.0","0.0","2.0","63.370000000000005","91.9357068002568","2.6610023155292555","523.0420115762224"
"F-647","1-(4-ethoxyphenyl)-1-ethylurea","InChI=1S/C11H16N2O2/c1-3-13(11(12)14)9-5-7-10(8-6-9)15-4-2/h5-8H,3-4H2,1-2H3,(H2,12,14)","XLHOPKWSUMNBQP-UHFFFAOYSA-N","CCOC1=CC=C(N(CC)C(N)=O)C=C1","-1.85","0.0","1","G1","208.261","1.9903","60.21440000000003","15.0","2.0","1.0","4.0","4.0","82.0","1.0","0.0","0.0","1.0","55.56","89.63090538824676","2.818160239141558","321.86473577962784"
"F-648","2-(2,4-dichlorophenoxy)ethanethioic S-acid","InChI=1S/C8H6Cl2O2S/c9-5-1-2-7(6(10)3-5)12-4-8(11)13/h1-3H,4H2,(H,11,13)","YLINLVDPMKICLO-UHFFFAOYSA-N","OC(=S)COC1=C(Cl)C=C(Cl)C=C1","-2.69","0.0","1","G1","237.10700000000003","3.257600000000001","57.18380000000002","13.0","2.0","1.0","5.0","3.0","70.0","1.0","0.0","0.0","1.0","29.46","91.0343790309613","2.719441518462691","327.9201072839529"
"F-649","hexyl 3-chloro-4-hydroxybenzoate","InChI=1S/C13H17ClO3/c1-2-3-4-5-8-17-13(16)10-6-7-12(15)11(14)9-10/h6-7,9,15H,2-5,8H2,1H3","XYGOUWSAVDEPBE-UHFFFAOYSA-N","CCCCCCOC(=O)C1=CC(Cl)=C(O)C=C1","-4.09","0.0","1","G1","256.729","3.782700000000003","67.54130000000004","17.0","3.0","1.0","4.0","6.0","94.0","1.0","0.0","0.0","1.0","46.53","106.35856522890155","2.389110610031822","376.9273661561467"
"F-650","Hexyl 3-bromo-4-hydroxybenzoate","InChI=1S/C13H17BrO3/c1-2-3-4-5-8-17-13(16)10-6-7-12(15)11(14)9-10/h6-7,9,15H,2-5,8H2,1H3","VXNRGULEPUZZIY-UHFFFAOYSA-N","CCCCCCOC(=O)C1=CC(Br)=C(O)C=C1","-4.22","0.0","1","G1","301.18","3.8918000000000035","70.23130000000003","17.0","3.0","1.0","4.0","6.0","94.0","1.0","0.0","0.0","1.0","46.53","109.92284660766124","2.389110610031822","376.9273661561467"
"F-651","hexyl 4-hydroxy-3-iodobenzoate","InChI=1S/C13H17IO3/c1-2-3-4-5-8-17-13(16)10-6-7-12(15)11(14)9-10/h6-7,9,15H,2-5,8H2,1H3","NXBCOPCQMVFRPQ-UHFFFAOYSA-N","CCCCCCOC(=O)C1=CC(I)=C(O)C=C1","-4.43","0.0","1","G1","348.18000000000006","3.733900000000003","75.24830000000003","17.0","3.0","1.0","4.0","6.0","94.0","1.0","0.0","0.0","1.0","46.53","115.31713712306352","2.389110610031822","376.9273661561467"
"F-652","3-(2,3-dimethoxyphenoxy)propane-1,2-diol","InChI=1S/C11H16O5/c1-14-9-4-3-5-10(11(9)15-2)16-7-8(13)6-12/h3-5,8,12-13H,6-7H2,1-2H3","OLYIDXAKNMPQMJ-UHFFFAOYSA-N","COC1=CC=CC(OCC(O)CO)=C1OC","-3.0","0.0","1","G1","228.24399999999997","0.43579999999999985","58.13360000000004","16.0","5.0","2.0","5.0","6.0","90.0","1.0","0.0","0.0","1.0","68.15","94.18521688439267","2.782687582506619","326.15100266867165"
"F-653","3,4,5-Trichloro-2,6-dimethoxyphenol","InChI=1S/C8H7Cl3O3/c1-13-7-4(10)3(9)5(11)8(14-2)6(7)12/h12H,1-2H3","ZZCSBXFJFLSDRR-UHFFFAOYSA-N","COC1=C(O)C(OC)=C(Cl)C(Cl)=C1Cl","-3.41","0.0","1","G1","257.5","3.369600000000001","56.24080000000002","14.0","3.0","1.0","6.0","2.0","78.0","1.0","0.0","0.0","1.0","38.69","96.09241024014496","3.5553379241657654","334.3345163250598"
"F-654","4-dimethylaminobenzene-1,3-dicarboxylic acid","InChI=1S/C10H11NO4/c1-11(2)8-4-3-6(9(12)13)5-7(8)10(14)15/h3-5H,1-2H3,(H,12,13)(H,14,15)","CASPLZGZWQCJGG-UHFFFAOYSA-N","CN(C)C1=C(C(=O)O)C=C(C(=O)O)C=C1","-2.02","0.0","1","G1","209.20099999999996","1.149","54.68760000000002","15.0","3.0","2.0","5.0","3.0","80.0","1.0","0.0","0.0","1.0","77.84","86.56251695176634","3.3316097508085614","411.8834572777762"
"F-655","Heptyl 3-chloro-4-hydroxybenzoate","InChI=1S/C14H19ClO3/c1-2-3-4-5-6-9-18-14(17)11-7-8-13(16)12(15)10-11/h7-8,10,16H,2-6,9H2,1H3","BJEHUIBLBDLXCQ-UHFFFAOYSA-N","CCCCCCCOC(=O)C1=CC(Cl)=C(O)C=C1","-4.23","0.0","1","G1","270.756","4.172800000000003","72.15830000000004","18.0","3.0","1.0","4.0","7.0","100.0","1.0","0.0","0.0","1.0","46.53","112.72350734329817","2.297403074550861","390.62553578145094"
"F-656","Heptyl 3-bromo-4-hydroxybenzoate","InChI=1S/C14H19BrO3/c1-2-3-4-5-6-9-18-14(17)11-7-8-13(16)12(15)10-11/h7-8,10,16H,2-6,9H2,1H3","ATNJUVPMRFIJJA-UHFFFAOYSA-N","CCCCCCCOC(=O)C1=CC(Br)=C(O)C=C1","-4.42","0.0","1","G1","315.207","4.281900000000005","74.84830000000004","18.0","3.0","1.0","4.0","7.0","100.0","1.0","0.0","0.0","1.0","46.53","116.28778872205785","2.297403074550861","390.62553578145094"
"F-657","heptyl 4-hydroxy-3-iodobenzoate","InChI=1S/C14H19IO3/c1-2-3-4-5-6-9-18-14(17)11-7-8-13(16)12(15)10-11/h7-8,10,16H,2-6,9H2,1H3","MBJIQNDBGMOBLT-UHFFFAOYSA-N","CCCCCCCOC(=O)C1=CC(I)=C(O)C=C1","-4.56","0.0","1","G1","362.207","4.124000000000003","79.86530000000003","18.0","3.0","1.0","4.0","7.0","100.0","1.0","0.0","0.0","1.0","46.53","121.68207923746013","2.297403074550861","390.62553578145094"
"F-658","4-hydroxy-5-methoxyphthalic acid","InChI=1S/C9H8O6/c1-15-7-3-5(9(13)14)4(8(11)12)2-6(7)10/h2-3,10H,1H3,(H,11,12)(H,13,14)","OFECJXVRRIHUSC-UHFFFAOYSA-N","COC1=CC(C(=O)O)=C(C(=O)O)C=C1O","-1.21","0.0","1","G1","212.15699999999998","0.7971999999999999","48.57740000000001","15.0","4.0","3.0","6.0","3.0","80.0","1.0","0.0","0.0","1.0","104.06","84.34552014886924","3.452382789635045","422.85590033190516"
"F-659","2-(3-hydroxyphenyl)sulfonylphenol","InChI=1S/C12H10O4S/c13-9-4-3-5-10(8-9)17(15,16)12-7-2-1-6-11(12)14/h1-8,13-14H","AQHJGSVRTSBTKR-UHFFFAOYSA-N","O=S(=O)(C1=CC(O)=CC=C1)C1=C(O)C=CC=C1","-2.29","0.0","1","G1","250.275","1.9305999999999996","61.665400000000034","17.0","4.0","2.0","5.0","2.0","88.0","2.0","0.0","0.0","2.0","74.60000000000001","98.70236321173964","2.625691211948666","647.0601341830188"
"F-660","3-(3-hydroxyphenyl)sulfonylphenol","InChI=1S/C12H10O4S/c13-9-3-1-5-11(7-9)17(15,16)12-6-2-4-10(14)8-12/h1-8,13-14H","OQYYLPLRBBDFLA-UHFFFAOYSA-N","O=S(=O)(C1=CC(O)=CC=C1)C1=CC(O)=CC=C1","-2.33","0.0","1","G1","250.275","1.9305999999999999","61.665400000000034","17.0","4.0","2.0","5.0","2.0","88.0","2.0","0.0","0.0","2.0","74.60000000000001","98.70236321173964","2.578165751302208","595.5601341830188"
"F-661","N-Methylsulfonylcyclohexanesulfonamide","InChI=1S/C7H15NO4S2/c1-13(9,10)8-14(11,12)7-5-3-2-4-6-7/h7-8H,2-6H2,1H3","CWLZDZVLPBXMKF-UHFFFAOYSA-N","CS(=O)(=O)NS(=O)(=O)C1CCCCC1","-0.33","0.0","1","G1","241.33399999999995","0.19809999999999972","53.77230000000003","14.0","4.0","1.0","7.0","3.0","84.0","0.0","1.0","1.0","1.0","80.31","84.99448652911819","2.740373646205912","377.9128575256586"
"F-662","octyl 3-chloro-4-hydroxybenzoate","InChI=1S/C15H21ClO3/c1-2-3-4-5-6-7-10-19-15(18)12-8-9-14(17)13(16)11-12/h8-9,11,17H,2-7,10H2,1H3","LSRAKNSQYCAYKS-UHFFFAOYSA-N","CCCCCCCCOC(=O)C1=CC(Cl)=C(O)C=C1","-4.38","0.0","1","G1","284.783","4.562900000000005","76.77530000000004","19.0","3.0","1.0","4.0","8.0","106.0","1.0","0.0","0.0","1.0","46.53","119.08844945769478","2.2187369019288843","404.377202075306"
"F-663","Octyl 3-bromo-4-hydroxybenzoate","InChI=1S/C15H21BrO3/c1-2-3-4-5-6-7-10-19-15(18)12-8-9-14(17)13(16)11-12/h8-9,11,17H,2-7,10H2,1H3","DSRZQIDFVZUCGM-UHFFFAOYSA-N","CCCCCCCCOC(=O)C1=CC(Br)=C(O)C=C1","-4.52","0.0","1","G1","329.23400000000004","4.672000000000005","79.46530000000004","19.0","3.0","1.0","4.0","8.0","106.0","1.0","0.0","0.0","1.0","46.53","122.65273083645447","2.2187369019288843","404.377202075306"
"F-664","octyl 4-hydroxy-3-iodobenzoate","InChI=1S/C15H21IO3/c1-2-3-4-5-6-7-10-19-15(18)12-8-9-14(17)13(16)11-12/h8-9,11,17H,2-7,10H2,1H3","LEFFMFUNHSGTAE-UHFFFAOYSA-N","CCCCCCCCOC(=O)C1=CC(I)=C(O)C=C1","-4.67","0.0","1","G1","376.23400000000004","4.514100000000005","84.48230000000004","19.0","3.0","1.0","4.0","8.0","106.0","1.0","0.0","0.0","1.0","46.53","128.04702135185673","2.2187369019288843","404.377202075306"
"F-665","Butyl 4-acetamidobenzoate","InChI=1S/C15H24N2O2/c1-5-17(6-2)11(3)12(4)19-15(18)13-7-9-14(16)10-8-13/h7-12H,5-6,16H2,1-4H3","TWIQYLUQWRZKNE-UHFFFAOYSA-N","CCN(CC)C(C)C(C)OC(=O)C1=CC=C(N)C=C1","-3.42","0.0","1","G1","264.36899999999997","2.5444000000000004","78.11490000000005","19.0","4.0","1.0","4.0","6.0","106.0","1.0","0.0","0.0","1.0","55.56","115.09067384583318","2.6296615730690105","399.1115306159859"
"F-667","2-(2,4,5-trichlorophenoxy)ethanethioic S-acid","InChI=1S/C8H5Cl3O2S/c9-4-1-6(11)7(2-5(4)10)13-3-8(12)14/h1-2H,3H2,(H,12,14)","VRXPNZQIJMKYQY-UHFFFAOYSA-N","OC(=S)COC1=C(Cl)C=C(Cl)C(Cl)=C1","-2.96","0.0","1","G1","271.552","3.9110000000000005","62.19380000000002","14.0","2.0","1.0","6.0","3.0","76.0","1.0","0.0","0.0","1.0","29.46","101.33764525784296","2.866629468975875","367.8491788315501"
"F-668","[5-(2,2-dimethyl-1,3-dioxolan-4-yl)-2,2-dimethyl-3a,5,6,6a-tetrahydrofuro[4,5-d][1,3]dioxol-6-yl] acetate","InChI=1S/C14H22O7/c1-7(15)17-10-9(8-6-16-13(2,3)19-8)18-12-11(10)20-14(4,5)21-12/h8-12H,6H2,1-5H3","QZKDRLZSJSWQPS-UHFFFAOYSA-N","CC(=O)OC1C(C2COC(C)(C)O2)OC2OC(C)(C)OC21","-1.52","0.0","1","G1","302.323","0.9459999999999991","69.15600000000005","21.0","7.0","0.0","7.0","2.0","120.0","0.0","3.0","3.0","3.0","72.45000000000002","123.30879853148278","1.7669203352360854","433.03846010613347"
"F-669","2-Hydroxy-3-phenoxy-N-phenylpropanamide","InChI=1S/C15H15NO3/c17-14(11-19-13-9-5-2-6-10-13)15(18)16-12-7-3-1-4-8-12/h1-10,14,17H,11H2,(H,16,18)","WCTKZGMVCGDGLZ-UHFFFAOYSA-N","O=C(NC1=CC=CC=C1)C(O)COC1=CC=CC=C1","-2.41","0.0","1","G1","257.289","2.065","73.01550000000003","19.0","3.0","2.0","4.0","5.0","98.0","2.0","0.0","0.0","2.0","58.56","111.20248693410552","1.828294309614078","513.4286004105037"
"F-670","2-ethoxy-N-hydroxy-N-phenylbenzamide","InChI=1S/C15H15NO3/c1-2-19-14-11-7-6-10-13(14)15(17)16(18)12-8-4-3-5-9-12/h3-11,18H,2H2,1H3","XWTBEINGILORHZ-UHFFFAOYSA-N","CCOC1=C(C(=O)N(O)C2=CC=CC=C2)C=CC=C1","-3.37","0.0","1","G1","257.28900000000004","3.1213000000000015","72.64900000000003","19.0","3.0","1.0","4.0","4.0","98.0","2.0","0.0","0.0","2.0","49.769999999999996","111.36649692017885","2.29200286366169","554.3269618203303"
"F-671","N-[4-(4-aminophenyl)sulfonylphenyl]ethane-1,2-diamine","InChI=1S/C14H17N3O2S/c15-9-10-17-12-3-7-14(8-4-12)20(18,19)13-5-1-11(16)2-6-13/h1-8,17H,9-10,15-16H2","MDPYJIRMYGKJHU-UHFFFAOYSA-N","NCCNC1=CC=C(S(=O)(=O)C2=CC=C(N)C=C2)C=C1","-2.35","0.0","1","G1","291.376","1.4721999999999995","80.29230000000004","20.0","5.0","3.0","6.0","5.0","106.0","2.0","0.0","0.0","2.0","98.21","118.0734235137743","2.27490503347506","664.5701333426623"
"F-673","4-amino-~{N}-[1,3-dihydroxy-2-(hydroxymethyl)propan-2-yl]benzenesulfonamide","InChI=1S/C10H16N2O5S/c11-8-1-3-9(4-2-8)18(16,17)12-10(5-13,6-14)7-15/h1-4,12-15H,5-7,11H2","ANADDXJINIYFJZ-UHFFFAOYSA-N","NC1=CC=C(S(=O)(=O)NC(CO)(CO)CO)C=C1","-1.4","0.0","1","G1","276.31399999999996","-1.7372","65.16430000000003","18.0","6.0","5.0","8.0","6.0","102.0","1.0","0.0","0.0","1.0","132.88","104.92440160670729","3.0414109952842874","473.2297699452341"
"F-674","N-(N-Methylcarbamimidoyl)-2-naphthalenesulfonamide","InChI=1S/C12H13N3O2S/c1-14-12(13)15-18(16,17)11-7-6-9-4-2-3-5-10(9)8-11/h2-8H,1H3,(H3,13,14,15)","HNNWFOKEOYHSCW-UHFFFAOYSA-N","CNC(=N)NS(=O)(=O)C1=CC2=C(C=CC=C2)C=C1","-3.1","0.0","1","G1","263.322","1.2722699999999998","71.05590000000004","18.0","3.0","3.0","6.0","2.0","94.0","2.0","0.0","0.0","2.0","82.05000000000001","105.38880313892138","2.445616715780262","695.2896699856509"
"F-675","2-[(2-benzamido-2-methylpropanoyl)amino]acetic acid","InChI=1S/C13H16N2O4/c1-13(2,12(19)14-8-10(16)17)15-11(18)9-6-4-3-5-7-9/h3-7H,8H2,1-2H3,(H,14,19)(H,15,18)(H,16,17)","XREZZEFPCQPYDJ-UHFFFAOYSA-N","CC(C)(NC(=O)C1=CC=CC=C1)C(=O)NCC(=O)O","-0.56","0.0","1","G1","264.28099999999995","0.3957999999999997","68.63270000000004","19.0","3.0","3.0","6.0","5.0","102.0","1.0","0.0","0.0","1.0","95.50000000000001","110.36452233981665","2.6579687334040036","482.67640097432655"
"F-676","2-Chloro-6-[(E)-(4-hydroxyphenyl)diazenyl]benzoic acid","InChI=1S/C13H9ClN2O3/c14-10-2-1-3-11(12(10)13(18)19)16-15-8-4-6-9(17)7-5-8/h1-7,17H,(H,18,19)","LHLCXSQOCYXPTJ-UHFFFAOYSA-N","O=C(O)C1=C(N=NC2=CC=C(O)C=C2)C=CC=C1Cl","-3.0","0.0","1","G1","276.67900000000003","4.159200000000001","70.69410000000002","19.0","4.0","2.0","6.0","3.0","96.0","2.0","0.0","0.0","2.0","82.25","113.35347311576417","2.355750585367034","638.8366309730286"
"F-678","Ethyl (2-{[(4-aminophenyl)sulfonyl]amino}-4-methyl-1,3-thiazol-5-yl)acetate","InChI=1S/C14H17N3O4S2/c1-3-21-13(18)8-12-9(2)16-14(22-12)17-23(19,20)11-6-4-10(15)5-7-11/h4-7H,3,8,15H2,1-2H3,(H,16,17)","BCUDENMQYSKCLW-UHFFFAOYSA-N","CCOC(=O)CC1=C(C)N=C(NS(=O)(=O)C2=CC=C(N)C=C2)S1","-2.88","0.0","1","G1","355.44100000000003","1.9401199999999998","88.85090000000002","23.0","7.0","2.0","9.0","6.0","124.0","2.0","0.0","0.0","2.0","111.37999999999998","138.09881525148853","2.167068100392494","797.9299140220292"
"F-679","4-Amino-N-(2-methyl-1-naphthyl)benzenesulfonamide","InChI=1S/C17H16N2O2S/c1-12-6-7-13-4-2-3-5-16(13)17(12)19-22(20,21)15-10-8-14(18)9-11-15/h2-11,19H,18H2,1H3","CTYGQWCPJMPEBS-UHFFFAOYSA-N","CC1=C(NS(=O)(=O)C2=CC=C(N)C=C2)C2=C(C=CC=C2)C=C1","-4.5","0.0","1","G1","312.394","3.531220000000001","90.34790000000002","22.0","3.0","2.0","5.0","3.0","112.0","3.0","0.0","0.0","3.0","72.19","129.18563274472868","2.093043167763109","932.5350953815597"
"F-680","2,2-dihydroxy-N,N'-bis(4-methylphenyl)propanediamide","InChI=1S/C17H18N2O4/c1-11-3-7-13(8-4-11)18-15(20)17(22,23)16(21)19-14-9-5-12(2)6-10-14/h3-10,22-23H,1-2H3,(H,18,20)(H,19,21)","YHKFVRLNISKKFY-UHFFFAOYSA-N","CC1=CC=C(NC(=O)C(O)(O)C(=O)NC2=CC=C(C)C=C2)C=C1","-3.1","0.0","1","G1","314.34100000000007","1.5615399999999995","86.78600000000002","23.0","4.0","4.0","6.0","4.0","120.0","2.0","0.0","0.0","2.0","98.66","133.32444396923967","2.059045742388285","644.878155607279"
"F-681","2-[5-[(2-hydroxy-2-oxo-1-phenylethyl)amino]pentylamino]-2-phenylacetic acid","InChI=1S/C21H26N2O4/c24-20(25)18(16-10-4-1-5-11-16)22-14-8-3-9-15-23-19(21(26)27)17-12-6-2-7-13-17/h1-2,4-7,10-13,18-19,22-23H,3,8-9,14-15H2,(H,24,25)(H,26,27)","RYJPNIRLUSZYIB-UHFFFAOYSA-N","O=C(O)C(NCCCCCNC(C(=O)O)C1=CC=CC=C1)C1=CC=CC=C1","-2.02","0.0","1","G1","370.44900000000007","2.987700000000001","103.49400000000004","27.0","4.0","4.0","6.0","12.0","144.0","2.0","0.0","0.0","2.0","98.66000000000001","158.7842124268261","1.6765080096269132","645.1362509663061"
"F-683","2-amino-9-[4-(hydroxymethyl)-1-cyclopent-2-enyl]-3H-purin-6-one","InChI=1S/C11H13N5O2/c12-11-14-9-8(10(18)15-11)13-5-16(9)7-2-1-6(3-7)4-17/h1-2,5-7,17H,3-4H2,(H3,12,14,15,18)","XSSYCIGJYCVRRK-UHFFFAOYSA-N","NC1=NC2=C(N=CN2C2C=CC(CO)C2)C(O)=N1","-2.3","0.0","1","G1","247.25799999999998","0.2235999999999997","64.77000000000001","18.0","7.0","3.0","7.0","2.0","94.0","2.0","0.0","1.0","3.0","110.08","102.61372020375224","2.0591072149378546","621.1662520578448"
"F-684","4-(4-hydroxyphenyl)sulfonylfuran-2-sulfonamide","InChI=1S/C10H9NO6S2/c11-19(15,16)10-5-9(6-17-10)18(13,14)8-3-1-7(12)2-4-8/h1-6,12H,(H2,11,15,16)","NKPDCGFEJUINIK-UHFFFAOYSA-N","NS(=O)(=O)C1=CC(S(=O)(=O)C2=CC=C(O)C=C2)=CO1","-2.4","0.0","1","G1","303.317","0.46540000000000054","63.63980000000002","19.0","6.0","2.0","9.0","3.0","102.0","2.0","0.0","0.0","2.0","127.67000000000002","108.80312531304827","2.514489003333819","801.9597008029627"
"F-685","4-(4-hydroxyphenyl)sulfonylthiophene-2-sulfonamide","InChI=1S/C10H9NO5S3/c11-19(15,16)10-5-9(6-17-10)18(13,14)8-3-1-7(12)2-4-8/h1-6,12H,(H2,11,15,16)","IGEMDIAQXSOCKX-UHFFFAOYSA-N","NS(=O)(=O)C1=CC(S(=O)(=O)C2=CC=C(O)C=C2)=CS1","-3.03","0.0","1","G1","319.385","0.9339000000000006","69.25080000000001","19.0","6.0","2.0","9.0","3.0","102.0","2.0","0.0","0.0","2.0","114.53000000000002","113.6491593193829","2.514489003333819","803.1049478306894"
"F-686","4-(4-methoxyphenyl)sulfonylfuran-2-sulfonamide","InChI=1S/C11H11NO6S2/c1-17-8-2-4-9(5-3-8)19(13,14)10-6-11(18-7-10)20(12,15)16/h2-7H,1H3,(H2,12,15,16)","VXLVYFXPZGPXCT-UHFFFAOYSA-N","COC1=CC=C(S(=O)(=O)C2=COC(S(N)(=O)=O)=C2)C=C1","-3.02","0.0","1","G1","317.34400000000005","0.7684000000000001","68.52700000000003","20.0","6.0","1.0","9.0","4.0","108.0","2.0","0.0","0.0","2.0","116.66999999999999","115.48737890475572","2.4644017037166734","818.0532334418965"
"F-687","4-(4-methoxyphenyl)sulfonylthiophene-2-sulfonamide","InChI=1S/C11H11NO5S3/c1-17-8-2-4-9(5-3-8)19(13,14)10-6-11(18-7-10)20(12,15)16/h2-7H,1H3,(H2,12,15,16)","VDAMAZDKFJYVCT-UHFFFAOYSA-N","COC1=CC=C(S(=O)(=O)C2=CSC(S(N)(=O)=O)=C2)C=C1","-4.22","0.0","1","G1","333.4120000000001","1.2369","74.13800000000003","20.0","6.0","1.0","9.0","4.0","108.0","2.0","0.0","0.0","2.0","103.53","120.33341291109035","2.4644017037166734","819.1984804696232"
"F-688","4-(3-hydroxyphenyl)sulfonylthiophene-2-sulfonamide","InChI=1S/C10H9NO5S3/c11-19(15,16)10-5-9(6-17-10)18(13,14)8-3-1-2-7(12)4-8/h1-6,12H,(H2,11,15,16)","LRQUYRADZABVMX-UHFFFAOYSA-N","NS(=O)(=O)C1=CC(S(=O)(=O)C2=CC(O)=CC=C2)=CS1","-2.72","0.0","1","G1","319.385","0.9339000000000006","69.25080000000003","19.0","6.0","2.0","9.0","3.0","102.0","2.0","0.0","0.0","2.0","114.53000000000002","113.6491593193829","2.549475348885524","820.3549478306894"
"F-690","2-Amino-6-(9H-fluoren-9-ylmethoxycarbonylamino)hexanoic acid","InChI=1S/C21H24N2O4/c22-19(20(24)25)11-5-6-12-23-21(26)27-13-18-16-9-3-1-7-14(16)15-8-2-4-10-17(15)18/h1-4,7-10,18-19H,5-6,11-13,22H2,(H,23,26)(H,24,25)","RAQBUPMYCNRBCQ-UHFFFAOYSA-N","NC(CCCCNC(=O)OCC1C2=C(C=CC=C2)C2=C1C=CC=C2)C(=O)O","-3.0","0.0","1","G1","368.4330000000001","3.1073000000000013","102.53390000000005","27.0","4.0","3.0","6.0","8.0","142.0","2.0","0.0","1.0","3.0","101.64999999999999","157.88772126401238","1.4750998841136638","775.8338357448106"
"F-691","Cyproheptadine","InChI=1S/C21H21N/c1-22-14-12-18(13-15-22)21-19-8-4-2-6-16(19)10-11-17-7-3-5-9-20(17)21/h2-11H,12-15H2,1H3","JJCFRYNCJDLXIK-UHFFFAOYSA-N","CN1CCC(=C2C3=C(C=CC=C3)C=CC3=C2C=CC=C3)CC1","-3.09","1.4050000000000002","2","G2","287.4060000000001","4.697900000000004","94.56500000000005","22.0","1.0","0.0","1.0","0.0","110.0","2.0","1.0","2.0","4.0","3.24","132.14194165390688","1.9631480815500684","705.4815373524832"
"F-692","4-[4-[(2-methylpropylamino)methyl]phenyl]sulfonylthiophene-2-sulfonamide","InChI=1S/C15H20N2O4S3/c1-11(2)8-17-9-12-3-5-13(6-4-12)23(18,19)14-7-15(22-10-14)24(16,20)21/h3-7,10-11,17H,8-9H2,1-2H3,(H2,16,20,21)","VVKQXJMBVLKXJC-UHFFFAOYSA-N","CC(C)CNCC1=CC=C(S(=O)(=O)C2=CSC(S(N)(=O)=O)=C2)C=C1","-1.16","0.0","1","G1","388.53600000000006","1.9739","94.13070000000003","24.0","6.0","2.0","9.0","7.0","132.0","2.0","0.0","0.0","2.0","106.32999999999998","146.2294983227779","2.1913499988784286","898.4507392560307"
"F-694","N-chloro-4-methylbenzenesulfonamide","InChI=1S/C7H8ClNO2S/c1-6-2-4-7(5-3-6)12(10,11)9-8/h2-5,9H,1H3","NXTVQNIVUKXOIL-UHFFFAOYSA-N","CC1=CC=C(S(=O)(=O)NCl)C=C1","-0.36","0.0","1","G1","205.66600000000003","1.42712","47.35350000000002","12.0","2.0","1.0","5.0","2.0","66.0","1.0","0.0","0.0","1.0","46.17","76.52192036935138","3.1423171432689867","357.4976952228734"
"F-695","3,5-Dichloro-2,6-dimethoxyphenol","InChI=1S/C8H8Cl2O3/c1-12-7-4(9)3-5(10)8(13-2)6(7)11/h3,11H,1-2H3","IDKMFABKPPHDBI-UHFFFAOYSA-N","COC1=C(Cl)C=C(Cl)C(OC)=C1O","-2.96","0.0","1","G1","223.05499999999998","2.716200000000001","51.23080000000002","13.0","3.0","1.0","5.0","2.0","72.0","1.0","0.0","0.0","1.0","38.69","85.7891440132633","3.388835526390518","297.40544477746255"
"F-697","2-(hydroxymethyl)-1,5-dimethylspiro[8-oxatricyclo[7.2.1.0^{2,7}]dodec-5-ene-12,2'-oxirane]-11-ol","InChI=1S/C15H22O4/c1-9-3-4-14(7-16)11(5-9)19-12-6-10(17)13(14,2)15(12)8-18-15/h5,10-12,16-17H,3-4,6-8H2,1-2H3","ZSRVBNXAPSQDFY-UHFFFAOYSA-N","CC1=CC2OC3CC(O)C(C)(C2(CO)CC1)C31CO1","-2.61","0.0","1","G1","266.33699999999993","1.0125","68.58460000000005","19.0","4.0","2.0","4.0","1.0","106.0","0.0","3.0","4.0","4.0","62.22","112.95107094648668","1.8925016487118949","455.0619273347161"
"F-698","1-tert-butyl-6-fluoro-4-oxo-7-piperazin-1-ylquinoline-3-carboxylic acid","InChI=1S/C18H22FN3O3/c1-18(2,3)22-10-12(17(24)25)16(23)11-8-13(19)15(9-14(11)22)21-6-4-20-5-7-21/h8-10,20H,4-7H2,1-3H3,(H,24,25)","CTXPWRRGJDHGNC-UHFFFAOYSA-N","CC(C)(C)N1C=C(C(=O)O)C(=O)C2=C1C=C(N1CCNCC1)C(F)=C2","-3.43","0.0","1","G1","347.3900000000001","2.0034","95.20400000000005","25.0","5.0","2.0","7.0","2.0","134.0","2.0","1.0","1.0","3.0","74.57000000000001","144.41384420383545","2.323380583816162","893.0451496846364"
"F-700","Asenapine","InChI=1S/C17H16ClNO/c1-19-9-14-12-4-2-3-5-16(12)20-17-7-6-11(18)8-13(17)15(14)10-19/h2-8,14-15H,9-10H2,1H3","VSWBSWWIRNCQIJ-UHFFFAOYSA-N","CN1CC2C3=C(C=CC=C3)OC3=C(C=C(Cl)C=C3)C2C1","-2.13","0.0","1","G1","285.774","4.258500000000003","80.94700000000005","20.0","2.0","0.0","3.0","0.0","102.0","2.0","1.0","2.0","4.0","12.47","123.47819071707748","1.933876172786215","669.7896219847449"
"F-701","6-fluoro-2-(5-nitrofuran-2-yl)-1H-benzimidazole","InChI=1S/C11H6FN3O3/c12-6-1-2-7-8(5-6)14-11(13-7)9-3-4-10(18-9)15(16)17/h1-5H,(H,13,14)","YKCVVHOLBKXNPV-UHFFFAOYSA-N","C1=CC2=C(C=C1F)NC(=N2)C3=CC=C(O3)[N+](=O)[O-]","-4.0","0.0","1","G1","247.18499999999997","2.8702000000000014","60.408100000000005","18.0","4.0","1.0","7.0","2.0","90.0","3.0","0.0","0.0","3.0","84.96","99.21181064875988","2.098784508325308","746.914226334605"
"F-703","(5-ethynyl-1-azabicyclo[2.2.2]octan-7-yl)-(6-methoxyquinolin-4-yl)methanol","InChI=1S/C20H22N2O2/c1-3-13-12-22-9-7-14(13)10-19(22)20(23)16-6-8-21-18-5-4-15(24-2)11-17(16)18/h1,4-6,8,11,13-14,19-20,23H,7,9-10,12H2,2H3","NEVQIVQOUXGAJH-UHFFFAOYSA-N","C#CC1CN2CCC1CC2C(O)C1=CC=NC2=C1C=C(OC)C=C2","-2.12","0.0","1","G1","322.4080000000001","2.620400000000001","93.66280000000005","24.0","4.0","1.0","4.0","3.0","124.0","2.0","3.0","3.0","5.0","45.59","142.00225462724842","1.6910024369182224","797.8156972625757"
"F-704","decylsulfanylmethanimidamide","InChI=1S/C11H24N2S/c1-2-3-4-5-6-7-8-9-10-14-11(12)13/h2-10H2,1H3,(H3,12,13)","LRWNUFGVDBJUTF-UHFFFAOYSA-N","CCCCCCCCCCSC(=N)N","-2.71","0.0","1","G1","216.394","3.753770000000002","66.98210000000003","14.0","2.0","2.0","3.0","9.0","84.0","0.0","0.0","0.0","0.0","49.870000000000005","92.53702389343839","2.884064614706359","137.24922110379617"
"F-705","ethyl 4-methylpiperazine-1-carboxylate","InChI=1S/C8H16N2O2/c1-3-12-8(11)10-6-4-9(2)5-7-10/h3-7H2,1-2H3","USYYUUDWGLOMDJ-UHFFFAOYSA-N","CCOC(=O)N1CCN(C)CC1","1.13","0.0","1","G1","172.22799999999998","0.3903000000000001","46.09200000000003","12.0","3.0","0.0","4.0","1.0","70.0","0.0","1.0","1.0","1.0","32.78","73.08274934503396","2.288113817979868","153.13685006057713"
"F-706","ethyl 2,5-dimethylpiperazine-1-carboxylate","InChI=1S/C9H18N2O2/c1-4-13-9(12)11-6-7(2)10-5-8(11)3/h7-8,10H,4-6H2,1-3H3","VVZAIGZNZMZDFX-UHFFFAOYSA-N","CCOC(=O)N1CC(C)NCC1C","0.65","0.0","1","G1","186.255","0.8251000000000002","50.65470000000004","13.0","3.0","1.0","4.0","1.0","76.0","0.0","1.0","1.0","1.0","41.57","79.23771997283524","2.495359274771114","184.45351511834787"
"F-707","2-methylacridin-9-amine","InChI=1S/C14H12N2/c1-9-6-7-13-11(8-9)14(15)10-4-2-3-5-12(10)16-13/h2-8H,1H3,(H2,15,16)","QQRIRFIZTPHLEM-UHFFFAOYSA-N","CC1=CC2=C(N)C3=C(C=CC=C3)N=C2C=C1","-2.39","0.0","1","G1","208.26400000000004","3.27862","68.39840000000002","16.0","2.0","1.0","2.0","0.0","78.0","3.0","0.0","0.0","3.0","38.91","93.71921297532322","2.558144031902459","686.695477667872"
"F-708","4-methylsulfonylbenzenecarboximidamide","InChI=1S/C8H10N2O2S/c1-13(11,12)7-4-2-6(3-5-7)8(9)10/h2-5H,1H3,(H3,9,10)","ANPBNAUKOUYEGJ-UHFFFAOYSA-N","CS(=O)(=O)C1=CC=C(C(=N)N)C=C1","-1.38","0.0","1","G1","198.247","0.37417000000000006","50.567900000000016","13.0","3.0","2.0","5.0","2.0","70.0","1.0","0.0","0.0","1.0","84.01","76.81192742635429","3.1552687435747604","419.9621782081577"
"F-709","2,5-dimethylpiperazine-1,4-dicarboximidamide","InChI=1S/C8H18N6/c1-5-3-14(8(11)12)6(2)4-13(5)7(9)10/h5-6H,3-4H2,1-2H3,(H3,9,10)(H3,11,12)","QLZCZJVQGUKZPE-UHFFFAOYSA-N","CC1CN(C(=N)N)C(C)CN1C(=N)N","0.02","0.0","1","G1","198.274","-0.8320599999999987","56.16420000000001","14.0","2.0","4.0","6.0","0.0","80.0","0.0","1.0","1.0","1.0","106.22","83.85816540803833","2.7102601393263512","224.21605924781636"
"F-710","2-fluoroacridin-9-amine","InChI=1S/C13H9FN2/c14-8-5-6-12-10(7-8)13(15)9-3-1-2-4-11(9)16-12/h1-7H,(H2,15,16)","HOVVFNPKGWZRTE-UHFFFAOYSA-N","NC1=C2C=C(F)C=CC2=NC2=C1C=CC=C2","-2.4","0.0","1","G1","212.227","3.109300000000001","63.61940000000003","16.0","2.0","1.0","3.0","0.0","78.0","3.0","0.0","0.0","3.0","38.91","91.51980626385286","2.5581440319024598","691.8927302408441"
"F-711","3-Fluoro-9-acridinamine","InChI=1S/C13H9FN2/c14-8-5-6-10-12(7-8)16-11-4-2-1-3-9(11)13(10)15/h1-7H,(H2,15,16)","LJCVIUWHTJVXLG-UHFFFAOYSA-N","NC1=C2C=CC(F)=CC2=NC2=C1C=CC=C2","-2.12","0.0","1","G1","212.227","3.109300000000001","63.61940000000003","16.0","2.0","1.0","3.0","0.0","78.0","3.0","0.0","0.0","3.0","38.91","91.51980626385286","2.55225726979096","691.8927302408441"
"F-712","4-Fluoro-9-acridinamine","InChI=1S/C13H9FN2/c14-10-6-3-5-9-12(15)8-4-1-2-7-11(8)16-13(9)10/h1-7H,(H2,15,16)","PUBNSRUKOMGNPM-UHFFFAOYSA-N","NC1=C2C=CC=C(F)C2=NC2=C1C=CC=C2","-1.66","0.0","1","G1","212.227","3.109300000000001","63.61940000000003","16.0","2.0","1.0","3.0","0.0","78.0","3.0","0.0","0.0","3.0","38.91","91.51980626385286","2.60851239964224","691.8927302408441"
"F-713","1-fluoroacridin-9-amine","InChI=1S/C13H9FN2/c14-9-5-3-7-11-12(9)13(15)8-4-1-2-6-10(8)16-11/h1-7H,(H2,15,16)","MGMUPJQFUAHIMG-UHFFFAOYSA-N","NC1=C2C(F)=CC=CC2=NC2=C1C=CC=C2","-0.95","0.0","1","G1","212.22699999999998","3.109300000000001","63.61940000000003","16.0","2.0","1.0","3.0","0.0","78.0","3.0","0.0","0.0","3.0","38.91","91.51980626385286","2.6154418174030747","691.8927302408441"
"F-714","1-chloroacridin-9-amine","InChI=1S/C13H9ClN2/c14-9-5-3-7-11-12(9)13(15)8-4-1-2-6-10(8)16-11/h1-7H,(H2,15,16)","QGLBQYVHYYPKGD-UHFFFAOYSA-N","NC1=C2C(Cl)=CC=CC2=NC2=C1C=CC=C2","-1.58","0.0","1","G1","228.682","3.6236000000000015","68.67140000000002","16.0","2.0","1.0","3.0","0.0","78.0","3.0","0.0","0.0","3.0","38.91","97.6575370878083","2.6154418174030747","691.8927302408441"
"F-715","1-decylpiperidine","InChI=1S/C15H31N/c1-2-3-4-5-6-7-8-10-13-16-14-11-9-12-15-16/h2-15H2,1H3","GRAKHOCSWNZIPQ-UHFFFAOYSA-N","CCCCCCCCCCN1CCCCC1","-1.53","0.0","1","G1","225.41999999999993","4.613000000000004","72.90100000000007","16.0","1.0","0.0","1.0","9.0","96.0","0.0","1.0","1.0","1.0","3.24","102.60244314605623","1.7674060882925826","138.37037766838378"
"F-716","2-chloroacridin-9-amine","InChI=1S/C13H9ClN2/c14-8-5-6-12-10(7-8)13(15)9-3-1-2-4-11(9)16-12/h1-7H,(H2,15,16)","LWEBYMLDVJZRKF-UHFFFAOYSA-N","NC1=C2C=C(Cl)C=CC2=NC2=C1C=CC=C2","-2.42","0.0","1","G1","228.68200000000002","3.6236000000000015","68.67140000000002","16.0","2.0","1.0","3.0","0.0","78.0","3.0","0.0","0.0","3.0","38.91","97.6575370878083","2.5581440319024598","691.8927302408441"
"F-717","3-chloroacridin-9-amine","InChI=1S/C13H9ClN2/c14-8-5-6-10-12(7-8)16-11-4-2-1-3-9(11)13(10)15/h1-7H,(H2,15,16)","IRSNBSGPKPZUDV-UHFFFAOYSA-N","NC1=C2C=CC(Cl)=CC2=NC2=C1C=CC=C2","-1.73","0.0","1","G1","228.68200000000002","3.6236000000000015","68.67140000000002","16.0","2.0","1.0","3.0","0.0","78.0","3.0","0.0","0.0","3.0","38.91","97.6575370878083","2.55225726979096","691.8927302408441"
"F-718","1-(diethylamino)-3-(2,6-dimethylphenyl)urea","InChI=1S/C13H21N3O/c1-5-16(6-2)15-13(17)14-12-10(3)8-7-9-11(12)4/h7-9H,5-6H2,1-4H3,(H2,14,15,17)","TXYFIIYEMNLZAI-UHFFFAOYSA-N","CCN(CC)NC(=O)NC1=C(C)C=CC=C1C","-1.09","0.0","1","G1","235.331","2.6817400000000005","70.99140000000004","17.0","2.0","2.0","4.0","4.0","94.0","1.0","0.0","0.0","1.0","44.370000000000005","102.97721407797142","2.680267656047493","366.0010066297174"
"F-719","di(phenyl)-piperidin-4-ylmethanol","InChI=1S/C18H21NO/c20-18(15-7-3-1-4-8-15,16-9-5-2-6-10-16)17-11-13-19-14-12-17/h1-10,17,19-20H,11-14H2","ZMISODWVFHHWNR-UHFFFAOYSA-N","OC(C1=CC=CC=C1)(C1=CC=CC=C1)C1CCNCC1","-1.39","0.0","1","G1","267.372","2.9221000000000013","81.47650000000004","20.0","2.0","2.0","2.0","3.0","104.0","2.0","1.0","1.0","3.0","32.26","120.01641479421549","2.069930143588577","492.35938487514255"
"F-721","1-nitroacridin-9-amine","InChI=1S/C13H9N3O2/c14-13-8-4-1-2-5-9(8)15-10-6-3-7-11(12(10)13)16(17)18/h1-7H,(H2,14,15)","IOQZSOCPFYNJIG-UHFFFAOYSA-N","C1=CC=C2C(=C1)C(=C3C(=N2)C=CC=C3[N+](=O)[O-])N","-1.84","0.0","1","G1","239.23399999999998","2.878400000000001","70.3158","18.0","4.0","1.0","5.0","1.0","88.0","3.0","0.0","0.0","3.0","82.05","102.00724658342641","2.566842947177284","783.6373142097777"
"F-722","N,N'-dicyclohexylethane-1,2-diamine","InChI=1S/C14H28N2/c1-3-7-13(8-4-1)15-11-12-16-14-9-5-2-6-10-14/h13-16H,1-12H2","JMRWVHXGVONXEZ-UHFFFAOYSA-N","C1CCC(NCCNC2CCCCC2)CC1","-0.98","0.0","1","G1","224.3919999999999","2.8310000000000004","69.75140000000005","16.0","2.0","2.0","2.0","5.0","94.0","0.0","2.0","2.0","2.0","24.06","100.5715605751431","1.4711083487211083","149.57415488668806"
"F-723","1-(trifluoromethyl)acridin-9-amine","InChI=1S/C14H9F3N2/c15-14(16,17)9-5-3-7-11-12(9)13(18)8-4-1-2-6-10(8)19-11/h1-7H,(H2,18,19)","GAWKHTAHYFTCHE-UHFFFAOYSA-N","NC1=C2C=CC=CC2=NC2=CC=CC(C(F)(F)F)=C21","-2.48","0.0","1","G1","262.234","3.9890000000000008","68.66340000000001","19.0","2.0","1.0","5.0","0.0","96.0","3.0","0.0","0.0","3.0","38.91","106.2158191841019","2.5285684979053586","778.582259361945"
"F-724","N,N'-bis(3,5,5-trimethylhexyl)ethane-1,2-diamine","InChI=1S/C20H44N2/c1-17(15-19(3,4)5)9-11-21-13-14-22-12-10-18(2)16-20(6,7)8/h17-18,21-22H,9-16H2,1-8H3","NGCCPWWOZGTTHT-UHFFFAOYSA-N","CC(CCNCCNCCC(C)CC(C)(C)C)CC(C)(C)C","-2.24","0.0","1","G1","312.586","5.090400000000005","101.44540000000009","22.0","2.0","2.0","2.0","11.0","134.0","0.0","0.0","0.0","0.0","24.06","140.77287556858118","3.406526214749092","231.86125933884526"
"F-725","1-(4-chloronaphthalen-1-yl)-2-piperidin-1-ylethanol","InChI=1S/C17H20ClNO/c18-16-9-8-15(13-6-2-3-7-14(13)16)17(20)12-19-10-4-1-5-11-19/h2-3,6-9,17,20H,1,4-5,10-12H2","CSPISCDWKAVDAB-UHFFFAOYSA-N","OC(CN1CCCCC1)C1=C2C=CC=CC2=C(Cl)C=C1","-1.55","0.0","1","G1","289.80600000000004","4.012500000000003","84.20880000000004","20.0","2.0","1.0","3.0","3.0","106.0","2.0","1.0","1.0","3.0","23.47","124.51916494776027","1.8702687578901154","592.5597398030832"
"F-726","3-(trifluoromethyl)acridin-9-amine","InChI=1S/C14H9F3N2/c15-14(16,17)8-5-6-10-12(7-8)19-11-4-2-1-3-9(11)13(10)18/h1-7H,(H2,18,19)","QMYXIDFAHHRUHP-UHFFFAOYSA-N","NC1=C2C=CC(C(F)(F)F)=CC2=NC2=C1C=CC=C2","-2.17","0.0","1","G1","262.234","3.9890000000000017","68.66340000000002","19.0","2.0","1.0","5.0","0.0","96.0","3.0","0.0","0.0","3.0","38.91","106.21581918410193","2.3830863777453013","778.582259361945"
"F-727","4-(diethylamino)-2-(4-methoxynaphthalen-1-yl)butan-2-ol","InChI=1S/C19H27NO2/c1-5-20(6-2)14-13-19(3,21)17-11-12-18(22-4)16-10-8-7-9-15(16)17/h7-12,21H,5-6,13-14H2,1-4H3","PKRAIEMBBGSHDW-UHFFFAOYSA-N","CCN(CC)CCC(C)(O)C1=C2C=CC=CC2=C(OC)C=C1","-1.68","0.0","1","G1","301.43000000000006","3.7878000000000025","92.47580000000005","22.0","3.0","1.0","3.0","7.0","120.0","2.0","0.0","0.0","2.0","32.7","133.0651593327079","2.3650798685287837","617.8613347405886"
"F-728","5,5'-(1,2-Ethanediyl)di(2-furancarboximidamide)","InChI=1S/C12H14N4O2/c13-11(14)9-5-3-7(17-9)1-2-8-4-6-10(18-8)12(15)16/h3-6H,1-2H2,(H3,13,14)(H3,15,16)","JQQBZDIFLUBFEW-UHFFFAOYSA-N","N=C(N)C1=CC=C(CCC2=CC=C(C(=N)N)O2)O1","-1.02","0.0","1","G1","246.26999999999998","1.2259400000000003","66.8562","18.0","4.0","4.0","6.0","5.0","94.0","2.0","0.0","0.0","2.0","126.02","103.58740770385614","1.9730305154022347","530.1716574009498"
"F-729","2-(1-phenylethylamino)ethyl 4-ethoxybenzoate","InChI=1S/C19H23NO3/c1-3-22-18-11-9-17(10-12-18)19(21)23-14-13-20-15(2)16-7-5-4-6-8-16/h4-12,15,20H,3,13-14H2,1-2H3","UDMQHGKMZUJTDM-UHFFFAOYSA-N","CCOC1=CC=C(C(=O)OCCNC(C)C2=CC=CC=C2)C=C1","-1.49","0.0","1","G1","313.397","3.592900000000002","90.75320000000005","23.0","4.0","1.0","4.0","8.0","122.0","2.0","0.0","0.0","2.0","47.56","136.98156686900282","1.7199549965404595","595.7716070979034"
"F-730","N,N'-Bis(2-methylphenyl)-2-oxomalonamide","InChI=1S/C17H16N2O3/c1-11-7-3-5-9-13(11)18-16(21)15(20)17(22)19-14-10-6-4-8-12(14)2/h3-10H,1-2H3,(H,18,21)(H,19,22)","GDLUURVRLLHAQO-UHFFFAOYSA-N","CC1=C(NC(=O)C(=O)C(=O)NC2=C(C)C=CC=C2)C=CC=C1","-2.2","0.0","1","G1","296.326","2.4497400000000003","84.62440000000002","22.0","3.0","2.0","5.0","4.0","112.0","2.0","0.0","0.0","2.0","75.27","127.89749856489144","2.0459503512489214","676.6888387258248"
"F-731","(3Z)-3-hydroxyimino-2-nitroinden-1-one","InChI=1S/C9H6N2O4/c12-9-6-4-2-1-3-5(6)7(10-13)8(9)11(14)15/h1-4,8,13H/b10-7-","SIFGOGCSHSLASW-YFHOEESVSA-N","C1=CC=C2C(=C1)/C(=N/O)/C(C2=O)[N+](=O)[O-]","-2.68","0.0","1","G1","206.15699999999998","0.7064999999999999","49.8784","15.0","5.0","1.0","6.0","1.0","76.0","1.0","0.0","1.0","2.0","92.80000000000001","83.97849086923522","2.6409121505305215","480.7556178358771"
"F-732","4-(4-hydroxy-4-phenylpiperidin-1-yl)-1-phenylbutan-1-one","InChI=1S/C21H25NO2/c23-20(18-8-3-1-4-9-18)12-7-15-22-16-13-21(24,14-17-22)19-10-5-2-6-11-19/h1-6,8-11,24H,7,12-17H2","IOCMJUXJUBZFSJ-UHFFFAOYSA-N","O=C(CCCN1CCC(O)(C2=CC=CC=C2)CC1)C1=CC=CC=C1","-2.68","0.0","1","G1","323.43600000000004","3.6331000000000024","96.01930000000006","24.0","3.0","1.0","3.0","6.0","126.0","2.0","1.0","1.0","3.0","40.540000000000006","143.48273472404438","1.4372684810737513","646.0536666760844"
"F-733","4-[4-hydroxy-4-(4-methylphenyl)piperidin-1-yl]-1-phenylbutan-1-one","InChI=1S/C22H27NO2/c1-18-9-11-20(12-10-18)22(25)13-16-23(17-14-22)15-5-8-21(24)19-6-3-2-4-7-19/h2-4,6-7,9-12,25H,5,8,13-17H2,1H3","QFAAHFQCTYZMLF-UHFFFAOYSA-N","CC1=CC=C(C2(O)CCN(CCCC(=O)C3=CC=CC=C3)CC2)C=C1","-1.62","0.0","1","G1","337.4630000000001","3.9415200000000032","100.75630000000005","25.0","3.0","1.0","3.0","6.0","132.0","2.0","1.0","1.0","3.0","40.54","149.847676838441","1.4477452899248635","685.7269759184304"
"F-734","16-(dimethylaminomethyl)-3-hydroxy-10,13-dimethyl-1,2,3,4,7,8,9,11,12,14,15,16-dodecahydrocyclopenta[a]phenanthren-17-one","InChI=1S/C22H35NO2/c1-21-9-7-16(24)12-15(21)5-6-17-18(21)8-10-22(2)19(17)11-14(20(22)25)13-23(3)4/h5,14,16-19,24H,6-13H2,1-4H3","JZXWQNLDFVFNTR-UHFFFAOYSA-N","CN(C)CC1CC2C3CC=C4CC(O)CCC4(C)C3CCC2(C)C1=O","-1.49","0.0","1","G1","345.5270000000001","3.6669000000000027","100.14380000000006","25.0","3.0","1.0","3.0","2.0","140.0","0.0","3.0","4.0","4.0","40.54","152.4056973063003","1.6335536532234292","596.8346398210213"
"F-736","4-[4-(4-fluorophenyl)-4-hydroxypiperidin-1-yl]-1-phenylbutan-1-one","InChI=1S/C21H24FNO2/c22-19-10-8-18(9-11-19)21(25)12-15-23(16-13-21)14-4-7-20(24)17-5-2-1-3-6-17/h1-3,5-6,8-11,25H,4,7,12-16H2","IZGZADRFKHDVHC-UHFFFAOYSA-N","O=C(CCCN1CCC(O)(C2=CC=C(F)C=C2)CC1)C1=CC=CC=C1","-2.97","0.0","1","G1","341.4260000000001","3.7722000000000033","95.97730000000004","25.0","3.0","1.0","4.0","6.0","132.0","2.0","1.0","1.0","3.0","40.540000000000006","147.6482701269706","1.4477452899248635","691.5958056500971"
"F-738","4-[4-(4-chlorophenyl)-4-hydroxypiperidin-1-yl]-1-phenylbutan-1-one","InChI=1S/C21H24ClNO2/c22-19-10-8-18(9-11-19)21(25)12-15-23(16-13-21)14-4-7-20(24)17-5-2-1-3-6-17/h1-3,5-6,8-11,25H,4,7,12-16H2","XMYBCDHWKUBJDW-UHFFFAOYSA-N","O=C(CCCN1CCC(O)(C2=CC=C(Cl)C=C2)CC1)C1=CC=CC=C1","-3.35","0.0","1","G1","357.88100000000014","4.286500000000004","101.02930000000003","25.0","3.0","1.0","4.0","6.0","132.0","2.0","1.0","1.0","3.0","40.540000000000006","153.78600095092602","1.4477452899248635","691.5958056500971"
"F-739","3-amino-5-sulfobenzoic acid","InChI=1S/C7H7NO5S/c8-5-1-4(7(9)10)2-6(3-5)14(11,12)13/h1-3H,8H2,(H,9,10)(H,11,12,13)","ZYIWQQOVIPGGPG-UHFFFAOYSA-N","NC1=CC(S(=O)(=O)O)=CC(C(=O)O)=C1","-0.94","0.0","1","G1","217.202","0.21369999999999967","47.6283","14.0","4.0","3.0","7.0","2.0","76.0","1.0","0.0","0.0","1.0","117.69000000000001","79.7206277931867","3.4262226973282406","478.8535635303721"
"F-740","1-hydroxy-3-oxoindene-2-sulfonic acid","InChI=1S/C9H6O5S/c10-7-5-3-1-2-4-6(5)8(11)9(7)15(12,13)14/h1-4,10H,(H,12,13,14)","RFDBNYYZXOVYMC-UHFFFAOYSA-N","OC1=C(S(=O)(=O)O)C(=O)C2=C1C=CC=C2","-2.23","0.0","1","G1","226.209","0.9972999999999999","51.86990000000001","15.0","4.0","2.0","6.0","1.0","78.0","1.0","0.0","1.0","2.0","91.66999999999999","85.41518713925372","2.7667864912670597","582.2751966271564"
"F-741","di(phenyl)-piperidin-2-ylmethanol","InChI=1S/C18H21NO/c20-18(15-9-3-1-4-10-15,16-11-5-2-6-12-16)17-13-7-8-14-19-17/h1-6,9-12,17,19-20H,7-8,13-14H2","XSWHNYGMWWVAIE-UHFFFAOYSA-N","OC(C1=CC=CC=C1)(C1=CC=CC=C1)C1CCCCN1","-1.9","0.0","1","G1","267.3719999999999","3.0646000000000004","81.52450000000005","20.0","2.0","2.0","2.0","3.0","104.0","2.0","1.0","1.0","3.0","32.26","120.01641479421549","2.069930143588577","492.35938487514255"
"F-742","1-[(4-chlorophenyl)-phenylmethyl]-4-[(3-methylphenyl)methyl]piperazine","InChI=1S/C25H27ClN2/c1-20-6-5-7-21(18-20)19-27-14-16-28(17-15-27)25(22-8-3-2-4-9-22)23-10-12-24(26)13-11-23/h2-13,18,25H,14-17,19H2,1H3","OCJYIGYOJCODJL-UHFFFAOYSA-N","CC1=CC=CC(CN2CCN(C(C3=CC=CC=C3)C3=CC=C(Cl)C=C3)CC2)=C1","-4.63","0.0","1","G1","390.9580000000002","5.555620000000006","117.76600000000005","28.0","2.0","0.0","3.0","5.0","144.0","3.0","1.0","1.0","4.0","6.48","172.91728874616047","1.4846645895591981","883.9361145728088"
"F-743","1-(4-fluorophenyl)-4-[4-(4-fluorophenyl)-4-hydroxypiperidin-1-yl]butan-1-one","InChI=1S/C21H23F2NO2/c22-18-7-3-16(4-8-18)20(25)2-1-13-24-14-11-21(26,12-15-24)17-5-9-19(23)10-6-17/h3-10,26H,1-2,11-15H2","XDFPJEPCZSJPQC-UHFFFAOYSA-N","O=C(CCCN1CCC(O)(C2=CC=C(F)C=C2)CC1)C1=CC=C(F)C=C1","-2.83","0.0","1","G1","359.4160000000001","3.9113000000000033","95.93530000000004","26.0","3.0","1.0","5.0","6.0","138.0","2.0","1.0","1.0","3.0","40.540000000000006","151.81380552989685","1.4445792101332056","735.611323693879"
"F-745","3-methyl-9-phenylmethoxy-2,4,4~{a},5,6,7,7~{a},13-octahydro-1~{H}-4,12-methanobenzofuro[3,2-e]isoquinoline","InChI=1S/C24H27NO2/c1-25-13-12-24-18-8-5-9-21(24)27-23-20(26-15-16-6-3-2-4-7-16)11-10-17(22(23)24)14-19(18)25/h2-4,6-7,10-11,18-19,21H,5,8-9,12-15H2,1H3","RLNXZCRXJHNVQY-UHFFFAOYSA-N","CN1CCC23C4=C5C=CC(OCC6=CC=CC=C6)=C4OC2CCCC3C1C5","-4.22","0.0","1","G1","361.4850000000002","4.3247000000000035","105.39000000000006","27.0","3.0","0.0","3.0","3.0","140.0","2.0","2.0","4.0","6.0","21.700000000000003","160.83140221342055","1.4267979287357242","879.4499534290462"
"F-747","1-phenylsulfanylethanesulfonic acid","InChI=1S/C8H10O3S2/c1-7(13(9,10)11)12-8-5-3-2-4-6-8/h2-7H,1H3,(H,9,10,11)","QUVWXZDNCAXHIL-UHFFFAOYSA-N","CC(SC1=CC=CC=C1)S(=O)(=O)O","-0.49","0.0","1","G1","218.29899999999998","2.0124999999999997","53.309600000000025","13.0","3.0","1.0","5.0","3.0","72.0","1.0","0.0","0.0","1.0","54.370000000000005","81.91303338369605","2.7161444755584077","358.23534600445686"
"F-749","2-phenylsulfanylethanesulfonic acid","InChI=1S/C8H10O3S2/c9-13(10,11)7-6-12-8-4-2-1-3-5-8/h1-5H,6-7H2,(H,9,10,11)","LVKGEMOUAAZZHD-UHFFFAOYSA-N","O=S(=O)(O)CCSC1=CC=CC=C1","-1.53","0.0","1","G1","218.299","1.6665","53.58160000000003","13.0","3.0","1.0","5.0","4.0","72.0","1.0","0.0","0.0","1.0","54.370000000000005","81.91303338369606","2.3689160076646076","344.91170553088625"
"F-751","2-[(4-aminophenyl)sulfonylamino]benzoic acid","InChI=1S/C13H12N2O4S/c14-9-5-7-10(8-6-9)20(18,19)15-12-4-2-1-3-11(12)13(16)17/h1-8,15H,14H2,(H,16,17)","FQQBKLWSOPUVAC-UHFFFAOYSA-N","NC1=CC=C(S(=O)(=O)NC2=C(C(=O)O)C=CC=C2)C=C1","-0.8","0.0","1","G1","292.31600000000003","1.7678000000000003","75.06420000000001","20.0","4.0","3.0","7.0","4.0","104.0","2.0","0.0","0.0","2.0","109.49","115.45972406523326","2.3842752544596277","739.2214024624774"
"F-752","17-methyl-17-azatetracyclo[7.5.3.0^{1,10}.0^{2,7}]heptadeca-2(7),3,5,11,13-pentaene-3,4-diol","InChI=1S/C17H19NO2/c1-18-9-8-17-7-3-2-4-12(17)13(18)10-11-5-6-14(19)16(20)15(11)17/h2-7,12-13,19-20H,8-10H2,1H3","YCINWPOBJYRBGW-UHFFFAOYSA-N","CN1CCC23C=CC=CC2C1CC1=C3C(O)=C(O)C=C1","-1.72","0.0","1","G1","269.34399999999994","2.338000000000001","77.95860000000003","20.0","3.0","2.0","3.0","0.0","104.0","1.0","1.0","3.0","4.0","43.7","118.39736802749887","2.0089533533739927","634.122329282858"
"F-753","9-(methoxymethoxy)-3-methyl-2,4,4~{a},5,6,7,7~{a},13-octahydro-1~{H}-4,12-methanobenzofuro[3,2-e]isoquinolin-7-ol","InChI=1S/C19H25NO4/c1-20-8-7-19-12-4-5-14(21)18(19)24-17-15(23-10-22-2)6-3-11(16(17)19)9-13(12)20/h3,6,12-14,18,21H,4-5,7-10H2,1-2H3","FCYQIDFMSYIAEB-UHFFFAOYSA-N","COCOC1=C2OC3C(O)CCC4C5CC(=C2C43CCN5C)C=C1","-1.96","0.0","1","G1","331.41200000000003","1.6992","88.50980000000004","24.0","5.0","1.0","5.0","3.0","130.0","1.0","2.0","4.0","5.0","51.160000000000004","142.04702910345597","1.7007592220514405","677.5757883906864"
"F-754","1-(4-chloronaphthalen-1-yl)-2-dimethylaminoethanol","InChI=1S/C14H16ClNO/c1-16(2)9-14(17)12-7-8-13(15)11-6-4-3-5-10(11)12/h3-8,14,17H,9H2,1-2H3","XLDAMPBKFZDRSB-UHFFFAOYSA-N","CN(C)CC(O)C1=C2C=CC=CC2=C(Cl)C=C1","-1.22","0.0","1","G1","249.74099999999999","3.0882000000000014","72.47180000000003","17.0","2.0","1.0","3.0","3.0","90.0","2.0","0.0","0.0","2.0","23.47","106.43016975809967","2.510419354993185","524.611178577122"
"F-756","4-amino-N-pyrimidin-2-ylbenzenesulfonamide","InChI=1S/C10H10N4O2S/c11-8-2-4-9(5-3-8)17(15,16)14-10-12-6-1-7-13-10/h1-7H,11H2,(H,12,13,14)","SEEPANYCNGTZFQ-UHFFFAOYSA-N","NC1=CC=C(S(=O)(=O)NC2=NC=CC=N2)C=C1","-2.16","0.9335811704801034","4","G4","250.28300000000004","0.8596000000000001","63.69490000000001","17.0","5.0","2.0","7.0","3.0","88.0","2.0","0.0","0.0","2.0","97.97","98.57832206048985","2.285509074399646","595.9628413066204"
"F-757","(2-diethylamino-1-phenylethyl) 4-nitrobenzoate","InChI=1S/C19H22N2O4/c1-3-20(4-2)14-18(15-8-6-5-7-9-15)25-19(22)16-10-12-17(13-11-16)21(23)24/h5-13,18H,3-4,14H2,1-2H3","PZKUSJLTKDVNCX-UHFFFAOYSA-N","CCN(CC)CC(C1=CC=CC=C1)OC(=O)C2=CC=C(C=C2)[N+](=O)[O-]","-2.84","0.0","1","G1","342.3950000000001","3.8347000000000024","95.48290000000007","25.0","5.0","0.0","6.0","8.0","132.0","2.0","0.0","0.0","2.0","72.67999999999999","146.7309688485911","2.169644769973839","697.1238487730229"
"F-758","(9-methoxy-3-methyl-2,4,4~{a},7,7~{a},13-hexahydro-1~{H}-4,12-methanobenzofuro[3,2-e]isoquinolin-7-yl) acetate","InChI=1S/C20H23NO4/c1-11(22)24-16-7-5-13-14-10-12-4-6-15(23-3)18-17(12)20(13,19(16)25-18)8-9-21(14)2/h4-7,13-14,16,19H,8-10H2,1-3H3","MFXFQKMUCYHPFQ-UHFFFAOYSA-N","COC1=C2OC3C(OC(C)=O)C=CC4C5CC(=C2C43CCN5C)C=C1","-1.3","0.0","1","G1","341.4070000000001","2.0719","92.01100000000004","25.0","5.0","0.0","5.0","2.0","132.0","1.0","1.0","4.0","5.0","48.00000000000001","147.08965653351606","1.7397373490075734","788.1459867838109"
"F-761","Benzyl phenyl(sulfooxy)acetate","InChI=1S/C15H14O6S/c16-15(20-11-12-7-3-1-4-8-12)14(21-22(17,18)19)13-9-5-2-6-10-13/h1-10,14H,11H2,(H,17,18,19)","DBVLMJUSUCGUJL-UHFFFAOYSA-N","O=C(OCC1=CC=CC=C1)C(OS(=O)(=O)O)C1=CC=CC=C1","-1.5","0.0","1","G1","322.338","2.2905000000000006","78.05460000000005","22.0","5.0","1.0","7.0","6.0","116.0","2.0","0.0","0.0","2.0","89.9","127.80957611390699","2.1246027922122774","712.2125963246509"
"F-762","1-[4-[2-(diaminomethylidene)hydrazinyl]naphthalen-1-yl]iminoguanidine","InChI=1S/C12H14N8/c13-11(14)19-17-9-5-6-10(18-20-12(15)16)8-4-2-1-3-7(8)9/h1-6H,(H4,13,14,19)(H4,15,16,20)","PHFIHDKUVGCCEG-UHFFFAOYSA-N","N=C(N)NN=C1C=CC(=NNC(=N)N)C2=C1C=CC=C2","-3.29","0.0","1","G1","270.3","-0.36925999999999926","78.75559999999999","20.0","4.0","6.0","8.0","2.0","102.0","1.0","0.0","1.0","2.0","148.52","114.80674639212444","2.393665964648304","585.6123370461914"
"F-763","8-hydroxy-5,7-dinitronaphthalene-2-sulfonic acid","InChI=1S/C10H6N2O8S/c13-10-7-3-5(21(18,19)20)1-2-6(7)8(11(14)15)4-9(10)12(16)17/h1-4,13H,(H,18,19,20)","FCQJEPASRCXVCB-UHFFFAOYSA-N","C1=CC2=C(C=C1S(=O)(=O)O)C(=C(C=C2[N+](=O)[O-])[N+](=O)[O-])O","-2.54","0.0","1","G1","314.231","1.6085000000000003","68.7362","21.0","7.0","2.0","11.0","3.0","110.0","2.0","0.0","0.0","2.0","160.88","115.8418888584684","2.986150621200796","889.556104908691"
"F-767","4-Chloro-N,N-dimethylbenzamide","InChI=1S/C9H10ClNO/c1-11(2)9(12)7-3-5-8(10)6-4-7/h3-6H,1-2H3","FARSXMMESQDZMY-UHFFFAOYSA-N","CN(C)C(=O)C1=CC=C(Cl)C=C1","-1.0","0.0","1","G1","183.63799999999998","2.0418000000000003","49.469500000000025","12.0","1.0","0.0","3.0","1.0","64.0","1.0","0.0","0.0","1.0","20.310000000000002","76.7508514598156","2.899514062768119","279.0849389236156"
"F-768","4-methoxybenzohydrazide","InChI=1S/C8H10N2O2/c1-12-7-4-2-6(3-5-7)8(11)10-9/h2-5H,9H2,1H3,(H,10,11)","REKQLYUAUXYJSZ-UHFFFAOYSA-N","COC1=CC=C(C(=O)NN)C=C1","-1.15","0.0","1","G1","166.17999999999998","0.2986999999999999","44.64760000000001","12.0","3.0","2.0","4.0","2.0","64.0","1.0","0.0","0.0","1.0","64.35","70.29624357869656","2.843524062030637","268.8912787750557"
"F-769","N-[(4-methoxyphenyl)methyl]-N',N'-dimethyl-N-pyrimidin-2-ylethane-1,2-diamine","InChI=1S/C16H22N4O/c1-19(2)11-12-20(16-17-9-4-10-18-16)13-14-5-7-15(21-3)8-6-14/h4-10H,11-13H2,1-3H3","GULNIHOSWFYMRN-UHFFFAOYSA-N","COC1=CC=C(CN(CCN(C)C)C2=NC=CC=N2)C=C1","-2.99","0.0","1","G1","286.379","2.0534","84.63000000000005","21.0","5.0","0.0","5.0","7.0","112.0","2.0","0.0","0.0","2.0","41.49","125.75065854374725","2.1048843505456873","527.7330568376073"
"F-771","5,5-diethyl-4,6-dioxo-1H-pyrimidin-2-olate","InChI=1S/C8H12N2O3/c1-3-8(4-2)5(11)9-7(13)10-6(8)12/h3-4H2,1-2H3,(H2,9,10,11,12,13)/p-1","FTOAOBMCPZCFFF-UHFFFAOYSA-M","CCC1(C(=O)NC(=NC1=O)[O-])CC","-0.07","0.0","1","G1","183.18699999999995","-0.8345000000000002","43.59970000000002","13.0","3.0","1.0","5.0","2.0","72.0","0.0","0.0","1.0","1.0","81.59","75.85047729682827","3.1052967218211043","279.11372655106993"
"F-774","Acetylcodone","InChI=1S/C20H25NO4/c1-11(22)24-16-7-5-13-14-10-12-4-6-15(23-3)18-17(12)20(13,19(16)25-18)8-9-21(14)2/h4,6,13-14,16,19H,5,7-10H2,1-3H3","LGGDXXJAGWBUSL-UHFFFAOYSA-N","COC1=C2OC3C(OC(C)=O)CCC4C5CC(=C2C43CCN5C)C=C1","-1.75","0.0","1","G1","343.42300000000006","2.2959000000000005","92.10500000000006","25.0","5.0","0.0","5.0","2.0","134.0","1.0","2.0","4.0","5.0","48.00000000000001","147.77925956570033","1.7095662422577873","747.4568557126951"
"F-775","3-Methylbutyl 6-[hydroxy(4-quinolinyl)methyl]quinuclidine-3-carboxylate","InChI=1S/C23H30N2O3/c1-15(2)9-12-28-23(27)19-14-25-11-8-16(19)13-21(25)22(26)18-7-10-24-20-6-4-3-5-17(18)20/h3-7,10,15-16,19,21-22,26H,8-9,11-14H2,1-2H3","ZJNARMAUZGNBEM-UHFFFAOYSA-N","CC(C)CCOC(=O)C1CN2CCC1CC2C(O)C1=CC=NC2=C1C=CC=C2","-1.41","0.0","1","G1","382.5040000000001","3.5679000000000025","108.69180000000004","28.0","5.0","1.0","5.0","6.0","150.0","2.0","3.0","3.0","5.0","62.66","166.2593776786227","1.46185410765201","832.2121722526666"
"F-776","4-hydroxy-2-methylbenzenesulfonic acid","InChI=1S/C7H8O4S/c1-5-4-6(8)2-3-7(5)12(9,10)11/h2-4,8H,1H3,(H,9,10,11)","PYPXOMYXFFYJIF-UHFFFAOYSA-N","CC1=C(S(=O)(=O)O)C=CC(O)=C1","-0.29","0.0","1","G1","188.204","0.9473199999999999","42.65840000000002","12.0","3.0","2.0","5.0","1.0","66.0","1.0","0.0","0.0","1.0","74.60000000000001","70.2192149961302","3.385778368994771","393.8674448467726"
"F-778","N,N-Dimethyl-4-nitrobenzamide","InChI=1S/C9H10N2O3/c1-10(2)9(12)7-3-5-8(6-4-7)11(13)14/h3-6H,1-2H3","WYOXDERVKORKJN-UHFFFAOYSA-N","CN(C)C(=O)C1=CC=C(C=C1)[N+](=O)[O-]","-1.27","0.0","1","G1","194.18999999999997","1.2966","51.113900000000015","14.0","3.0","0.0","5.0","2.0","74.0","1.0","0.0","0.0","1.0","63.45","81.10056095543372","2.9399537189703024","356.8247455887142"
"F-780","1-(propan-2-ylamino)-3-(2-prop-2-enylphenoxy)propan-2-ol","InChI=1S/C15H23NO2/c1-4-7-13-8-5-6-9-15(13)18-11-14(17)10-16-12(2)3/h4-6,8-9,12,14,16-17H,1,7,10-11H2,2-3H3","PAZJSJFMUHDSTF-UHFFFAOYSA-N","C=CCC1=C(OCC(O)CNC(C)C)C=CC=C1","-2.88","0.125","2","G3","249.35399999999998","2.1528","74.98350000000005","18.0","3.0","2.0","3.0","8.0","100.0","1.0","0.0","0.0","1.0","41.49","109.48392028219311","2.4441362532698547","363.26616352106794"
"F-782","N,N-dimethyl-3-[1-(phenylmethyl)cycloheptyl]oxypropan-1-amine","InChI=1S/C19H31NO/c1-20(2)15-10-16-21-19(13-8-3-4-9-14-19)17-18-11-6-5-7-12-18/h5-7,11-12H,3-4,8-10,13-17H2,1-2H3","FYJJXENSONZJRG-UHFFFAOYSA-N","CN(C)CCCOC1(CC2=CC=CC=C2)CCCCCC1","-1.62","0.0","1","G1","289.4630000000001","4.2904000000000035","89.70200000000007","21.0","2.0","0.0","2.0","7.0","118.0","1.0","1.0","1.0","2.0","12.47","130.0431983528339","1.9571893216275966","379.812643883422"
"F-783","N-Dichloracetyl-DL-serin-methylester","InChI=1S/C6H9Cl2NO4/c1-13-6(12)3(2-10)9-5(11)4(7)8/h3-4,10H,2H2,1H3,(H,9,11)","JYLWMEXEAXNUEF-UHFFFAOYSA-N","COC(=O)C(CO)NC(=O)C(Cl)Cl","-0.06","0.0","1","G1","230.047","-0.5598000000000001","46.52650000000002","13.0","4.0","2.0","7.0","4.0","76.0","0.0","0.0","0.0","0.0","75.63","84.95117941897439","4.128773793241289","197.07327308821522"
"F-784","5-(benzoyl)-2,3-dihydro-1H-pyrrolizine-1-carboxylic acid","InChI=1S/C15H13NO3/c17-14(10-4-2-1-3-5-10)13-7-6-12-11(15(18)19)8-9-16(12)13/h1-7,11H,8-9H2,(H,18,19)","OZWKMVRBQXNZKK-UHFFFAOYSA-N","O=C(C1=CC=CC=C1)C1=CC=C2C(C(=O)O)CCN12","-3.26","0.8049999999999999","2","G2","255.27299999999997","2.2910000000000004","69.30030000000002","19.0","3.0","1.0","4.0","3.0","96.0","2.0","0.0","1.0","3.0","59.300000000000004","109.84378660390799","1.9881168620497733","642.6652275716834"
"F-786","N,N-diethyl-1-phenothiazin-10-ylpropan-2-amine","InChI=1S/C19H24N2S/c1-4-20(5-2)15(3)14-21-16-10-6-8-12-18(16)22-19-13-9-7-11-17(19)21/h6-13,15H,4-5,14H2,1-3H3","CDOZDBSBBXSXLB-UHFFFAOYSA-N","CCN(CC)C(C)CN1C2=C(C=CC=C2)SC2=C1C=CC=C2","-2.15","0.0","1","G1","312.482","5.019600000000005","96.39600000000004","22.0","3.0","0.0","3.0","5.0","116.0","2.0","0.0","1.0","3.0","6.48","137.68003833858","1.9585478308634654","591.3372393066671"
"F-787","1-[[4-(1,3-benzothiazol-2-yl)phenyl]methyl-ethoxyphosphoryl]pyrrolidin-2-one","InChI=1S/C20H21N2O3PS/c1-2-25-26(24,22-13-5-8-19(22)23)14-15-9-11-16(12-10-15)20-21-17-6-3-4-7-18(17)27-20/h3-4,6-7,9-12H,2,5,8,13-14H2,1H3","HTAUUADKDLLMRU-UHFFFAOYSA-N","CCOP(=O)(CC1=CC=C(C2=NC3=C(C=CC=C3)S2)C=C1)N1CCCC1=O","-3.73","0.0","1","G1","400.4400000000002","5.315300000000005","108.93950000000005","27.0","5.0","0.0","7.0","6.0","140.0","3.0","1.0","1.0","4.0","59.5","162.04631728963392","1.571781698794134","982.4985476626213"
"F-790","ethyl 2-[4-(1,3-benzothiazol-2-yl)phenyl]acetate","InChI=1S/C17H15NO2S/c1-2-20-16(19)11-12-7-9-13(10-8-12)17-18-14-5-3-4-6-15(14)21-17/h3-10H,2,11H2,1H3","TZVFXVJWJZMPSP-UHFFFAOYSA-N","CCOC(=O)CC1=CC=C(C2=NC3=C(C=CC=C3)S2)C=C1","-4.36","0.0","1","G1","297.379","4.068900000000003","85.39300000000003","21.0","4.0","0.0","4.0","4.0","106.0","3.0","0.0","0.0","3.0","39.19","126.76500889579131","1.8139529120094868","728.8159731349105"
"F-792","2-[[2-amino-3-(1H-indol-3-yl)propanoyl]amino]-4-methylpentanoic acid","InChI=1S/C17H23N3O3/c1-10(2)7-15(17(22)23)20-16(21)13(18)8-11-9-19-14-6-4-3-5-12(11)14/h3-6,9-10,13,15,19H,7-8,18H2,1-2H3,(H,20,21)(H,22,23)","LYMVXFSTACVOLP-UHFFFAOYSA-N","CC(C)CC(NC(=O)C(N)CC1=CNC2=C1C=CC=C2)C(=O)O","-1.76","0.0","1","G1","317.389","1.6532000000000002","88.99960000000004","23.0","3.0","4.0","6.0","7.0","124.0","2.0","0.0","0.0","2.0","108.21","134.61373793472023","2.029136970430065","693.2033499846957"
"F-793","6-fluoro-1-(1-fluoro-2-methylpropan-2-yl)-4-oxo-7-piperazin-1-ylquinoline-3-carboxylic acid","InChI=1S/C18H21F2N3O3/c1-18(2,10-19)23-9-12(17(25)26)16(24)11-7-13(20)15(8-14(11)23)22-5-3-21-4-6-22/h7-9,21H,3-6,10H2,1-2H3,(H,25,26)","ARXWHNLHTJUEBG-UHFFFAOYSA-N","CC(C)(CF)N1C=C(C(=O)O)C(=O)C2=C1C=C(N1CCNCC1)C(F)=C2","-2.6","0.0","1","G1","365.38000000000017","1.9529999999999998","95.50500000000005","26.0","5.0","2.0","8.0","4.0","140.0","2.0","1.0","1.0","3.0","74.57000000000001","148.57937960676168","2.3306386247101583","918.017763756987"
"F-794","1-cyclopropyl-7-(3,6-diazabicyclo[2.2.1]heptan-6-yl)-6-fluoro-4-oxoquinoline-3-carboxylic acid","InChI=1S/C18H18FN3O3/c19-14-4-12-15(5-16(14)21-7-9-3-11(21)6-20-9)22(10-1-2-10)8-13(17(12)23)18(24)25/h4-5,8-11,20H,1-3,6-7H2,(H,24,25)","LHZDPJRHQVYKPA-UHFFFAOYSA-N","O=C(O)C1=CN(C2CC2)C2=C(C=C(F)C(N3CC4CC3CN4)=C2)C1=O","-3.65","0.0","1","G1","343.3580000000001","1.7242","90.93800000000005","25.0","5.0","2.0","7.0","3.0","130.0","2.0","3.0","3.0","5.0","74.57","142.402181896777","1.7330517374186707","966.1731203719594"
"F-795","Methyl N-[2-({[(2-methyl-2-propanyl)oxy]carbonyl}amino)-4-pentynoyl]glycinate","InChI=1S/C13H20N2O5/c1-6-7-9(11(17)14-8-10(16)19-5)15-12(18)20-13(2,3)4/h1,9H,7-8H2,2-5H3,(H,14,17)(H,15,18)","FNEJJUKMTUNAMN-UHFFFAOYSA-N","C#CCC(NC(=O)OC(C)(C)C)C(=O)NCC(=O)OC","-1.45","0.0","1","G1","284.312","0.19219999999999998","71.63340000000002","20.0","5.0","2.0","7.0","5.0","112.0","0.0","0.0","0.0","0.0","93.73","117.92916291880925","4.488192387845984","405.96502815007767"
"F-796","O3-ethyl O5-methyl 4-(2,3-dichlorophenyl)-2,6-dimethyl-1,4-dihydropyridine-3,5-dicarboxylate","InChI=1S/C18H19Cl2NO4/c1-5-25-18(23)14-10(3)21-9(2)13(17(22)24-4)15(14)11-7-6-8-12(19)16(11)20/h6-8,15,21H,5H2,1-4H3","RZTAMFZIAATZDJ-UHFFFAOYSA-N","CCOC(=O)C1=C(C)NC(C)=C(C(=O)OC)C1C1=C(Cl)C(Cl)=CC=C1","-5.68","0.43999999999999995","2","G3","384.259","3.9643000000000024","96.38770000000001","25.0","5.0","1.0","7.0","4.0","134.0","1.0","0.0","1.0","2.0","64.63","156.13220057083117","2.738931060348321","783.2807861577601"
"F-797","2-phenyl-5-(2-phenyl-1,3-dioxolan-4-yl)-1,3-dioxolane-4-carboxylic acid","InChI=1S/C19H18O6/c20-17(21)16-15(24-19(25-16)13-9-5-2-6-10-13)14-11-22-18(23-14)12-7-3-1-4-8-12/h1-10,14-16,18-19H,11H2,(H,20,21)","CTMCUPGWMZDNHP-UHFFFAOYSA-N","O=C(O)C1OC(C2=CC=CC=C2)OC1C1COC(C2=CC=CC=C2)O1","-2.45","0.0","1","G1","342.34700000000004","2.668000000000001","86.57280000000006","25.0","5.0","1.0","6.0","4.0","130.0","2.0","2.0","2.0","4.0","74.22000000000001","144.44136658954608","1.4962661287721135","719.2088809081636"
"F-798","N,N-dimethyl-2-[6-methyl-2-(4-methylphenyl)imidazo[3,2-a]pyridin-3-yl]acetamide","InChI=1S/C19H21N3O/c1-13-5-8-15(9-6-13)19-16(11-18(23)21(3)4)22-12-14(2)7-10-17(22)20-19/h5-10,12H,11H2,1-4H3","ZAFYATHCZYHLPB-UHFFFAOYSA-N","CC1=CC=C(C2=C(CC(=O)N(C)C)N3C=C(C)C=CC3=N2)C=C1","-1.3","0.0","1","G1","307.39700000000005","3.248840000000002","92.50000000000003","23.0","3.0","0.0","4.0","3.0","118.0","3.0","0.0","0.0","3.0","37.61","135.93731415834662","2.1900111791144417","860.2021521816743"
"F-799","methyl 2-(6-methoxynaphthalen-2-yl)propanoate","InChI=1S/C15H16O3/c1-10(15(16)18-3)11-4-5-13-9-14(17-2)7-6-12(13)8-11/h4-10H,1-3H3","ZFYFBPCRUQZGJE-UHFFFAOYSA-N","COC(=O)C(C)C1=CC2=CC=C(OC)C=C2C=C1","-4.78","0.0","1","G1","244.29","3.124900000000002","70.93100000000004","18.0","3.0","0.0","3.0","3.0","94.0","2.0","0.0","0.0","2.0","35.53","106.32639078227274","2.415246064215027","574.9604642521741"
"F-801","3-(2-oxo-4-propylpyridin-1-yl)propanoic acid","InChI=1S/C11H15NO3/c1-2-3-9-4-6-12(10(13)8-9)7-5-11(14)15/h4,6,8H,2-3,5,7H2,1H3,(H,14,15)","SJXAVXUWKIGGJR-UHFFFAOYSA-N","CCCC1=CC(=O)N(CCC(=O)O)C=C1","-2.11","0.0","1","G1","209.24499999999998","1.2755000000000003","56.949800000000025","15.0","3.0","1.0","4.0","5.0","82.0","1.0","0.0","0.0","1.0","59.3","88.167953225702","2.7452656393514063","395.0646618809598"
"F-802","6-(2-oxopyridin-1-yl)hexanoic acid","InChI=1S/C11H15NO3/c13-10-6-3-5-9-12(10)8-4-1-2-7-11(14)15/h3,5-6,9H,1-2,4,7-8H2,(H,14,15)","YHWNRDATJQWPTN-UHFFFAOYSA-N","O=C(O)CCCCCN1C=CC=CC1=O","-0.64","0.0","1","G1","209.24500000000003","1.4932999999999998","56.80580000000003","15.0","3.0","1.0","4.0","6.0","82.0","1.0","0.0","0.0","1.0","59.3","88.16795322570202","2.236057814029909","370.0958253198427"
"F-803","3-ethoxy-4-nitro-1-propan-2-yl-5H-pyrrol-2-one","InChI=1S/C9H14N2O4/c1-4-15-8-7(11(13)14)5-10(6(2)3)9(8)12/h6H,4-5H2,1-3H3","ZCINFQNVNLHJOV-UHFFFAOYSA-N","CCOC1=C(CN(C1=O)C(C)C)[N+](=O)[O-]","-4.33","0.0","1","G1","214.221","0.7617999999999998","52.495400000000025","15.0","4.0","0.0","6.0","4.0","84.0","0.0","0.0","1.0","1.0","72.67999999999999","87.65123047954272","2.969920722924941","322.07403392114696"
"F-804","3-(4-heptyl-2-oxopyridin-1-yl)propanoic acid","InChI=1S/C15H23NO3/c1-2-3-4-5-6-7-13-8-10-16(14(17)12-13)11-9-15(18)19/h8,10,12H,2-7,9,11H2,1H3,(H,18,19)","QZMVSLWRUVGILE-UHFFFAOYSA-N","CCCCCCCC1=CC(=O)N(CCC(=O)O)C=C1","-4.4","0.0","1","G1","265.35299999999995","2.8359000000000005","75.41780000000004","19.0","3.0","1.0","4.0","9.0","106.0","1.0","0.0","0.0","1.0","59.3","113.62772168328844","2.427378090376259","450.9490631871334"
"F-805","O2-butyl O1-(2-ethylhexyl) benzene-1,2-dicarboxylate","InChI=1S/C20H30O4/c1-4-7-11-16(6-3)15-24-20(22)18-13-10-9-12-17(18)19(21)23-14-8-5-2/h9-10,12-13,16H,4-8,11,14-15H2,1-3H3","AVOLBYOSCILFLL-UHFFFAOYSA-N","CCCCOC(=O)C1=C(C(=O)OCC(CC)CCCC)C=CC=C1","-7.22","0.0","1","G1","334.456","5.0167000000000055","95.22100000000006","24.0","4.0","0.0","4.0","11.0","134.0","1.0","0.0","0.0","1.0","52.60000000000001","145.09072738015078","2.6772856776335683","510.1152419686337"
"F-806","4-amino-N-(5-methyl-8-propan-2-yl-5,6,7,8-tetrahydroquinazolin-2-yl)benzenesulfonamide","InChI=1S/C18H24N4O2S/c1-11(2)15-9-4-12(3)16-10-20-18(21-17(15)16)22-25(23,24)14-7-5-13(19)6-8-14/h5-8,10-12,15H,4,9,19H2,1-3H3,(H,20,21,22)","SPWMJDSWMVZTIE-UHFFFAOYSA-N","CC1CCC(C(C)C)C2=C1C=NC(NS(=O)(=O)C1=CC=C(N)C=C1)=N2","-4.18","0.0","1","G1","360.48300000000006","3.496500000000001","98.92290000000004","25.0","5.0","2.0","7.0","4.0","134.0","2.0","0.0","1.0","3.0","97.97","148.49202782213342","1.9357795059744878","863.1448456063472"
"F-807","4-(aminomethyl)-9-methoxyfuro[3,2-g]chromen-7-one","InChI=1S/C13H11NO4/c1-16-13-11-8(4-5-17-11)9(6-14)7-2-3-10(15)18-12(7)13/h2-5H,6,14H2,1H3","LIFOOMNHGFBULI-UHFFFAOYSA-N","COC1=C2OC=CC2=C(CN)C2=C1OC(=O)C=C2","-0.9","0.0","1","G1","245.23399999999995","2.0065","66.69940000000001","18.0","5.0","1.0","5.0","2.0","92.0","3.0","0.0","0.0","3.0","78.6","101.73872052640984","2.629735699481395","784.62675194121"
"F-808","2-phenyl-N-(1-phenylethyl)acetamide","InChI=1S/C16H17NO/c1-13(15-10-6-3-7-11-15)17-16(18)12-14-8-4-2-5-9-14/h2-11,13H,12H2,1H3,(H,17,18)","YPFYOAJCSYWUGO-UHFFFAOYSA-N","CC(NC(=O)CC1=CC=CC=C1)C1=CC=CC=C1","-3.19","0.0","1","G1","239.318","3.1065000000000014","73.14570000000005","18.0","1.0","1.0","2.0","4.0","92.0","2.0","0.0","0.0","2.0","29.1","107.65965006679926","1.9206730218788683","493.0201144215984"
"F-810","7-chloro-3'-ethoxy-4,6-dimethoxy-5'-methylspiro[1-benzofuran-2,6'-cyclohex-2-ene]-1',3-dione","InChI=1S/C18H19ClO6/c1-5-24-10-6-9(2)18(13(20)7-10)17(21)14-11(22-3)8-12(23-4)15(19)16(14)25-18/h7-9H,5-6H2,1-4H3","NIPIUEYPZWURFS-UHFFFAOYSA-N","CCOC1=CC(=O)C2(OC3=C(C2=O)C(OC)=CC(OC)=C3Cl)C(C)C1","-4.6","0.0","1","G1","366.7970000000001","3.200400000000002","90.74250000000005","25.0","6.0","0.0","7.0","4.0","134.0","1.0","0.0","2.0","3.0","71.06","150.18993449801025","2.14530352612636","784.2612361491061"
"F-811","N'-(6-chloro-2-methoxyacridin-9-yl)-N,N-diethylpentane-1,4-diamine","InChI=1S/C23H30ClN3O/c1-5-27(6-2)13-7-8-16(3)25-23-19-11-9-17(24)14-22(19)26-21-12-10-18(28-4)15-20(21)23/h9-12,14-16H,5-8,13H2,1-4H3,(H,25,26)","GPKJTRJOBQGKQK-UHFFFAOYSA-N","CCN(CC)CCCC(C)NC1=C2C=C(OC)C=CC2=NC2=C1C=CC(Cl)=C2","-2.64","0.0","1","G1","399.9660000000001","5.972400000000007","120.91770000000007","28.0","4.0","1.0","5.0","9.0","150.0","3.0","0.0","0.0","3.0","37.39","172.39030861807993","1.9181706077414047","939.9226830614332"
"F-812","7-chloro-4,6-dimethoxy-5'-methyl-3'-propoxyspiro[1-benzofuran-2,6'-cyclohex-2-ene]-1',3-dione","InChI=1S/C19H21ClO6/c1-5-6-25-11-7-10(2)19(14(21)8-11)18(22)15-12(23-3)9-13(24-4)16(20)17(15)26-19/h8-10H,5-7H2,1-4H3","JBUAXQJLEVDLMQ-UHFFFAOYSA-N","CCCOC1=CC(=O)C2(OC3=C(C2=O)C(OC)=CC(OC)=C3Cl)C(C)C1","-5.22","0.0","1","G1","380.8240000000001","3.5905000000000022","95.35950000000004","26.0","6.0","0.0","7.0","5.0","140.0","1.0","0.0","2.0","3.0","71.06","156.55487661240687","2.0834340397864555","799.7093511352907"
"F-813","6-fluoro-4-oxo-7-piperazin-1-yl-1-propylquinoline-3-carboxylic acid","InChI=1S/C17H20FN3O3/c1-2-5-21-10-12(17(23)24)16(22)11-8-13(18)15(9-14(11)21)20-6-3-19-4-7-20/h8-10,19H,2-7H2,1H3,(H,23,24)","RWPDHVHKJSTTLQ-UHFFFAOYSA-N","CCCN1C=C(C(=O)O)C(=O)C2=C1C=C(N1CCNCC1)C(F)=C2","-3.57","0.0","1","G1","333.363","1.6583999999999997","90.49900000000005","24.0","5.0","2.0","7.0","4.0","128.0","2.0","1.0","1.0","3.0","74.57000000000001","138.04890208943885","2.235465109392597","841.0701456818219"
"F-814","N-{(E)-[5-(Hydroxymethyl)-2-methyl-3-oxo-4(3H)-pyridinylidene]methyl}-L-valine","InChI=1S/C13H18N2O4/c1-7(2)11(13(18)19)15-5-10-9(6-16)4-14-8(3)12(10)17/h4-5,7,11,16-17H,6H2,1-3H3,(H,18,19)","FDVIWMOCISPIHI-UHFFFAOYSA-N","CC1=NC=C(CO)C(C=NC(C(=O)O)C(C)C)=C1O","-1.6","0.0","1","G1","266.29699999999997","1.1160199999999998","70.41740000000003","19.0","5.0","3.0","6.0","5.0","104.0","1.0","0.0","0.0","1.0","103.01","111.01013385810826","3.16769671134091","497.66173846783613"
"F-815","3,3-dimethyl-7-oxo-6-[(2-phenylacetyl)amino]-4-thia-1-azabicyclo[3.2.0]heptane-2-carboxylic acid","InChI=1S/C16H18N2O4S/c1-16(2)12(15(21)22)18-13(20)11(14(18)23-16)17-10(19)8-9-6-4-3-5-7-9/h3-7,11-12,14H,8H2,1-2H3,(H,17,19)(H,21,22)","JGSARLDLIJGVTE-UHFFFAOYSA-N","CC1(C)SC2C(NC(=O)CC3=CC=CC=C3)C(=O)N2C1C(=O)O","-1.63","0.0","1","G1","334.39700000000005","0.8607999999999998","85.80450000000005","23.0","4.0","2.0","7.0","4.0","122.0","1.0","2.0","2.0","3.0","86.71000000000001","137.78076788790858","1.66490359617118","661.3038986246086"
"F-816","(4-aminophenyl)sulfonylthiourea","InChI=1S/C7H9N3O2S2/c8-5-1-3-6(4-2-5)14(11,12)10-7(9)13/h1-4H,8H2,(H3,9,10,13)","UEMLYRZWLVXWRU-UHFFFAOYSA-N","NC(=S)NS(=O)(=O)C1=CC=C(N)C=C1","-2.24","0.0","1","G1","231.302","-0.2093000000000002","57.96130000000001","14.0","4.0","3.0","7.0","2.0","76.0","1.0","0.0","0.0","1.0","98.21","87.14554495114702","3.047486126365013","438.5076410871477"
"F-819","N,N-dimethyl-2-(1-phenyl-1-pyridin-2-ylethoxy)ethanamine","InChI=1S/C17H22N2O/c1-17(20-14-13-19(2)3,15-9-5-4-6-10-15)16-11-7-8-12-18-16/h4-12H,13-14H2,1-3H3","HCFDWZZGGLSKEP-UHFFFAOYSA-N","CN(C)CCOC(C)(C1=CC=CC=C1)C1=CC=CC=N1","-2.82","0.0","1","G1","270.37600000000003","2.923300000000001","81.63900000000005","20.0","3.0","0.0","3.0","6.0","106.0","2.0","0.0","0.0","2.0","25.36","120.77117689259742","2.287167069228301","471.52791768785835"
"F-824","4-amino-N-(4-methylpyrimidin-2-yl)benzenesulfonamide","InChI=1S/C11H12N4O2S/c1-8-6-7-13-11(14-8)15-18(16,17)10-4-2-9(12)3-5-10/h2-7H,12H2,1H3,(H,13,14,15)","QPPBRPIAZZHUNT-UHFFFAOYSA-N","CC1=CC=NC(NS(=O)(=O)C2=CC=C(N)C=C2)=N1","-2.63","0.931033339037867","5","G4","264.31","1.16802","68.43190000000001","18.0","5.0","2.0","7.0","3.0","94.0","2.0","0.0","0.0","2.0","97.97","104.94326417488648","2.2981199678683675","652.9983597537553"
"F-825","4-oxo-4-[(4-sulfamoylphenyl)amino]butanoic acid","InChI=1S/C10H12N2O5S/c11-18(16,17)8-3-1-7(2-4-8)12-9(13)5-6-10(14)15/h1-4H,5-6H2,(H,12,13)(H,14,15)(H2,11,16,17)","RXXXPZYBZLDQKP-UHFFFAOYSA-N","NS(=O)(=O)C1=CC=C(NC(=O)CCC(=O)O)C=C1","-2.03","0.0","1","G1","272.2819999999999","0.1372999999999997","63.314700000000016","18.0","4.0","3.0","8.0","5.0","98.0","1.0","0.0","0.0","1.0","126.55999999999999","103.6589783024028","2.6422493452962614","550.1357005534106"
"F-826","(4-ethyl-3-methylquinolin-2-yl)methanamine","InChI=1S/C13H16N2/c1-3-10-9(2)13(8-14)15-12-7-5-4-6-11(10)12/h4-7H,3,8,14H2,1-2H3","NRGZORWWHZQKDH-UHFFFAOYSA-N","CCC1=C2C=CC=CC2=NC(CN)=C1C","-1.48","0.0","1","G1","200.2849999999999","2.5643200000000004","63.74940000000003","15.0","2.0","1.0","2.0","2.0","78.0","2.0","0.0","0.0","2.0","38.91","90.13237478677783","2.830498073410044","489.10508946969645"
"F-827","octylsulfanylmethanimidamide","InChI=1S/C9H20N2S/c1-2-3-4-5-6-7-8-12-9(10)11/h2-8H2,1H3,(H3,10,11)","VBTYZGFHHOXNGB-UHFFFAOYSA-N","CCCCCCCCSC(=N)N","0.16","0.0","1","G1","188.34","2.9735700000000005","57.74810000000003","12.0","2.0","2.0","3.0","7.0","72.0","0.0","0.0","0.0","0.0","49.870000000000005","79.80713966464516","2.86138733944056","115.09616281328596"
"F-828","2-[1-(4-chlorobenzoyl)-5-methoxy-2-methylindol-3-yl]acetic acid","InChI=1S/C19H16ClNO4/c1-11-15(10-18(22)23)16-9-14(25-2)7-8-17(16)21(11)19(24)12-3-5-13(20)6-4-12/h3-9H,10H2,1-2H3,(H,22,23)","CGIGDMFJXJATDK-UHFFFAOYSA-N","COC1=CC2=C(C=C1)N(C(=O)C1=CC=C(Cl)C=C1)C(C)=C2CC(=O)O","-4.77","0.42245628044673306","3","G5","357.7930000000002","3.9273200000000035","95.74730000000005","25.0","4.0","1.0","6.0","4.0","128.0","3.0","0.0","0.0","3.0","68.53","148.94809374556095","2.2323717333782787","973.247930443042"
"F-830"," Pyrrolidinyl sulfone","InChI=1S/C8H16N2O2S/c11-13(12,9-5-1-2-6-9)10-7-3-4-8-10/h1-8H2","HMSYOMRFLOKYEK-UHFFFAOYSA-N","O=S(=O)(N1CCCC1)N1CCCC1","-0.44","0.0","1","G1","204.29499999999996","0.42280000000000006","50.533800000000035","13.0","2.0","0.0","5.0","2.0","76.0","0.0","2.0","2.0","2.0","40.620000000000005","79.69800426499768","2.0902353262966304","241.8686140532334"
"F-831","3-hydroxy-5-(5-oxo-1-cyclopentenyl)pentanoic acid","InChI=1S/C10H14O4/c11-8(6-10(13)14)5-4-7-2-1-3-9(7)12/h2,8,11H,1,3-6H2,(H,13,14)","YKZYNOWDVPDSMO-UHFFFAOYSA-N","O=C(O)CC(O)CCC1=CCCC1=O","-0.4","0.0","1","G1","198.21799999999996","0.8915","49.81760000000003","14.0","3.0","2.0","4.0","5.0","78.0","0.0","0.0","1.0","1.0","74.6","82.2398075761651","2.2602975908185927","267.2955635951586"
"F-832","Octane-1,2-diyldinitrate","InChI=1S/C8H18N2O6/c1-2-3-4-5-6-8(16-10(13)14)7-15-9(11)12/h8H,2-7H2,1H3,(H,11,12)(H,13,14)/q+2","NTAHVPRDOLPMJC-UHFFFAOYSA-N","CCCCCCC(CO[N+](=O)O)O[N+](=O)O","-4.33","0.0","1","G1","238.24","1.5247999999999997","50.411800000000035","16.0","4.0","2.0","8.0","10.0","94.0","0.0","0.0","0.0","0.0","99.08000000000001","92.7349647315751","3.8024043408122115","222.57407497429566"
"F-834","1-[(4-chlorophenyl)methyl]-5-fluoropyrimidine-2,4-dione","InChI=1S/C11H8ClFN2O2/c12-8-3-1-7(2-4-8)5-15-6-9(13)10(16)14-11(15)17/h1-4,6H,5H2,(H,14,16,17)","FWLNZTGNVCRKCU-UHFFFAOYSA-N","O=C1NC(=O)N(CC2=CC=C(Cl)C=C2)C=C1F","-3.49","0.0","1","G1","254.648","1.3774","61.83470000000001","17.0","3.0","1.0","6.0","2.0","88.0","2.0","0.0","0.0","2.0","54.86","100.2945527183414","2.3635404193353113","645.7563863780084"
"F-836","5-fluoro-1-[(4-methoxyphenyl)methyl]pyrimidine-2,4-dione","InChI=1S/C12H11FN2O3/c1-18-9-4-2-8(3-5-9)6-15-7-10(13)11(16)14-12(15)17/h2-5,7H,6H2,1H3,(H,14,16,17)","IWTFDHOAOPEINT-UHFFFAOYSA-N","COC1=CC=C(CN2C=C(F)C(=O)NC2=O)C=C1","-2.75","0.0","1","G1","250.22899999999998","0.7326000000000001","63.376700000000014","18.0","4.0","1.0","6.0","3.0","94.0","2.0","0.0","0.0","2.0","64.09","101.46977383536321","2.3061240980558857","658.2581200392943"
"F-838","4,6-dimethyl-8,9,10,11-tetrahydro-[1]benzoxolo[2,3-h]chromen-2-one","InChI=1S/C17H16O3/c1-9-8-14(18)20-17-12(9)7-10(2)16-15(17)11-5-3-4-6-13(11)19-16/h7-8H,3-6H2,1-2H3","PDLIOFGQZOFSJT-UHFFFAOYSA-N","CC1=CC(=O)OC2=C1C=C(C)C1=C2C2=C(CCCC2)O1","-5.09","0.0","1","G1","268.3119999999999","4.0348400000000035","78.37200000000004","20.0","3.0","0.0","3.0","0.0","102.0","3.0","0.0","1.0","4.0","43.35","115.73922190394744","2.2762239659502823","896.110733870941"
"F-839","4-amino-~{N}-(1,11,11-trimethyl-3,5-diazatricyclo[6.2.1.0^{2,7}]undeca-2,4,6-trien-4-yl)benzenesulfonamide","InChI=1S/C18H22N4O2S/c1-17(2)14-8-9-18(17,3)15-13(14)10-20-16(21-15)22-25(23,24)12-6-4-11(19)5-7-12/h4-7,10,14H,8-9,19H2,1-3H3,(H,20,21,22)","CGTMKLDMVFZJPA-UHFFFAOYSA-N","CC12CCC(C3=C1N=C(NS(=O)(=O)C1=CC=C(N)C=C1)N=C3)C2(C)C","-4.08","0.0","1","G1","358.4670000000001","3.0345000000000013","96.80290000000005","25.0","5.0","2.0","7.0","3.0","132.0","2.0","1.0","2.0","4.0","97.97","147.48619666860426","1.7001715802945603","953.541400805614"
"F-840","2-[4-(2-hydroxyethoxy)phenoxy]ethanol","InChI=1S/C10H14O4/c11-5-7-13-9-1-2-10(4-3-9)14-8-6-12/h1-4,11-12H,5-8H2","WTPYFJNYAMXZJG-UHFFFAOYSA-N","OCCOC1=CC=C(OCCO)C=C1","-1.23","0.02506410289999994","2","G3","198.21799999999996","0.4287999999999999","51.603600000000036","14.0","4.0","2.0","4.0","6.0","78.0","1.0","0.0","0.0","1.0","58.92","82.70672954048919","2.419479246494691","217.80384039194297"
"F-841","2-(1,1-dioxothiazinan-2-yl)acetic acid","InChI=1S/C6H11NO4S/c8-6(9)5-7-3-1-2-4-12(7,10)11/h1-5H2,(H,8,9)","HQKJYAGNQSMRJK-UHFFFAOYSA-N","O=C(O)CN1CCCCS1(=O)=O","-0.59","0.0","1","G1","193.224","-0.5034000000000001","42.229600000000026","12.0","3.0","1.0","6.0","2.0","70.0","0.0","1.0","1.0","1.0","74.68","71.0344958611416","2.6714115310973927","271.2726727217261"
"F-842","N-hydroxy-7-methyl-1,3,3~{a},4,5,6-hexahydrobenzo[de]isoquinoline-2-carboximidamide","InChI=1S/C14H19N3O/c1-9-5-6-11-8-17(14(15)16-18)7-10-3-2-4-12(9)13(10)11/h5-6,10,18H,2-4,7-8H2,1H3,(H2,15,16)","FGFHFHXVPZXINJ-UHFFFAOYSA-N","CC1=CC=C2CN(C(N)=NO)CC3CCCC1=C23","-1.2","0.0","1","G1","245.32599999999996","1.93442","70.67690000000002","18.0","2.0","2.0","4.0","0.0","96.0","1.0","0.0","2.0","3.0","61.849999999999994","107.08259683236157","2.0539279301542335","510.005722459738"
"F-843","7-methoxy-1,3,3~{a},4,5,6-hexahydrobenzo[de]isoquinoline-2-carboximidamide","InChI=1S/C14H19N3O/c1-18-12-6-5-10-8-17(14(15)16)7-9-3-2-4-11(12)13(9)10/h5-6,9H,2-4,7-8H2,1H3,(H3,15,16)","QXMMQNXWHZTAPW-UHFFFAOYSA-N","COC1=C2CCCC3CN(C(=N)N)CC(=C23)C=C1","-1.22","0.0","1","G1","245.326","1.8241700000000003","70.99710000000003","18.0","2.0","2.0","4.0","1.0","96.0","1.0","0.0","2.0","3.0","62.34","107.23789832359913","2.08176053554905","498.0576256632339"
"F-844","N-hydroxy-1,3,3~{a},4,5,6-hexahydrobenzo[de]isoquinoline-2-carboximidamide","InChI=1S/C13H17N3O/c14-13(15-17)16-7-10-5-1-3-9-4-2-6-11(8-16)12(9)10/h1,3,5,11,17H,2,4,6-8H2,(H2,14,15)","JPENUURSSUNMFN-UHFFFAOYSA-N","NC(=NO)N1CC2=CC=CC3=C2C(CCC3)C1","-1.35","0.0","1","G1","231.29899999999995","1.6259999999999992","65.93990000000002","17.0","2.0","2.0","4.0","0.0","90.0","1.0","0.0","2.0","3.0","61.85","100.71765471796496","2.015630978955184","469.7324210960026"
"F-845","N-(dimethylamino)-1,3-dihydrobenzo[de]isoquinoline-2-carboximidamide","InChI=1S/C15H18N4/c1-18(2)17-15(16)19-9-12-7-3-5-11-6-4-8-13(10-19)14(11)12/h3-8H,9-10H2,1-2H3,(H2,16,17)","WAFKRHOZVGMONG-UHFFFAOYSA-N","CN(C)NC(=N)N1CC2=CC=CC3=CC=CC(=C32)C1","-1.07","0.0","1","G1","254.33700000000002","2.15637","77.74440000000003","19.0","2.0","2.0","4.0","1.0","98.0","2.0","0.0","1.0","3.0","42.36000000000001","112.65696361320055","1.966867492851155","592.328220891302"
"F-846","N'-Isopropylidene-1H-benzo[de]isoquinoline-2(3H)-carboximidohydrazide","InChI=1S/C16H18N4/c1-11(2)18-19-16(17)20-9-13-7-3-5-12-6-4-8-14(10-20)15(12)13/h3-8H,9-10H2,1-2H3,(H2,17,19)","PHUCWJVDEMOZOK-UHFFFAOYSA-N","CC(C)=NNC(=N)N1CC2=CC=CC3=CC=CC(=C32)C1","-2.48","0.0","1","G1","266.34800000000007","3.0755700000000017","82.84040000000003","20.0","2.0","2.0","4.0","1.0","102.0","2.0","0.0","1.0","3.0","51.480000000000004","118.1573945432539","1.914821765683555","657.9391318660903"
"F-847","6-chloro-~{N}'-hydroxy-1,3-dihydrobenzo[de]isoquinoline-2-carboximidamide","InChI=1S/C13H12ClN3O/c14-11-5-4-9-7-17(13(15)16-18)6-8-2-1-3-10(11)12(8)9/h1-5,18H,6-7H2,(H2,15,16)","IUZMBBCCRGRLDI-UHFFFAOYSA-N","NC(=NO)N1CC2=CC=CC3=C(Cl)C=CC(=C23)C1","-2.0","0.0","1","G1","261.71200000000005","2.5126999999999997","71.61390000000003","18.0","2.0","2.0","5.0","0.0","92.0","2.0","0.0","1.0","3.0","61.85","109.24864817252464","2.202413919750183","641.7215697050474"
"F-848","N-hydroxy-7-methoxy-1,3,3~{a},4,5,6-hexahydrobenzo[de]isoquinoline-2-carboximidamide","InChI=1S/C14H19N3O2/c1-19-12-6-5-10-8-17(14(15)16-18)7-9-3-2-4-11(12)13(9)10/h5-6,9,18H,2-4,7-8H2,1H3,(H2,15,16)","KZYCDFBBCIFABO-UHFFFAOYSA-N","COC1=C2CCCC3CN(C(N)=NO)CC(=C23)C=C1","-1.78","0.0","1","G1","261.325","1.6346","72.49190000000003","19.0","3.0","2.0","5.0","1.0","102.0","1.0","0.0","2.0","3.0","71.08","112.19614206186846","2.0488597379496687","527.6675162671245"
"F-849","N-hydroxy-5-methoxy-1,3-dihydrobenzo[de]isoquinoline-2-carboximidamide","InChI=1S/C14H15N3O2/c1-19-12-5-9-3-2-4-10-7-17(14(15)16-18)8-11(6-12)13(9)10/h2-6,18H,7-8H2,1H3,(H2,15,16)","VBFINEQLTLSUPP-UHFFFAOYSA-N","COC1=CC2=C3C(=C1)C=CC=C3CN(C(N)=NO)C2","-1.21","0.0","1","G1","257.293","1.8678999999999997","73.15590000000002","19.0","3.0","2.0","5.0","1.0","98.0","2.0","0.0","1.0","3.0","71.08","110.42386928954646","2.183832236099028","667.0338181694884"
"F-850","3'-butoxy-7-chloro-4,6-dimethoxy-5'-methylspiro[1-benzofuran-2,6'-cyclohex-2-ene]-1',3-dione","InChI=1S/C20H23ClO6/c1-5-6-7-26-12-8-11(2)20(15(22)9-12)19(23)16-13(24-3)10-14(25-4)17(21)18(16)27-20/h9-11H,5-8H2,1-4H3","VIQPDEWXJRMOTI-UHFFFAOYSA-N","CCCCOC1=CC(=O)C2(OC3=C(C2=O)C(OC)=CC(OC)=C3Cl)C(C)C1","-5.4","0.0","1","G1","394.85100000000006","3.9806000000000035","99.97650000000006","27.0","6.0","0.0","7.0","6.0","146.0","1.0","0.0","2.0","3.0","71.06","162.9198187268035","2.016712381790825","815.1802301028779"
"F-851","N-(4-aminophenyl)-1,3-dihydrobenzo[de]isoquinoline-2-carboximidamide","InChI=1S/C19H18N4/c20-16-7-9-17(10-8-16)22-19(21)23-11-14-5-1-3-13-4-2-6-15(12-23)18(13)14/h1-10H,11-12,20H2,(H2,21,22)","VUGYASBDBBKPHA-UHFFFAOYSA-N","NC1=CC=C(N=C(N)N2CC3=CC=CC4=CC=CC(=C43)C2)C=C1","-1.83","0.0","1","G1","302.3810000000001","3.384000000000002","95.33180000000002","23.0","2.0","2.0","4.0","1.0","114.0","3.0","0.0","1.0","4.0","67.63999999999999","134.5940945970457","1.6824188292887416","856.1416052580388"
"F-852","4-[3-(dimethylaminomethyl)-4-hydroxybenzoyl]thiophene-2-sulfonamide","InChI=1S/C14H16N2O4S2/c1-16(2)7-10-5-9(3-4-12(10)17)14(18)11-6-13(21-8-11)22(15,19)20/h3-6,8,17H,7H2,1-2H3,(H2,15,19,20)","DWCZGULFVVIGBU-UHFFFAOYSA-N","CN(C)CC1=C(O)C=CC(C(=O)C2=CSC(S(N)(=O)=O)=C2)=C1","-1.54","0.0","1","G1","340.42600000000004","1.3937","84.62250000000002","22.0","6.0","2.0","8.0","5.0","118.0","2.0","0.0","0.0","2.0","100.69999999999999","132.40488516542985","2.353469787882736","810.0003721449017"
"F-853","4-[4-[(2-methylpropylamino)methyl]benzoyl]thiophene-2-sulfonamide","InChI=1S/C16H20N2O3S2/c1-11(2)8-18-9-12-3-5-13(6-4-12)16(19)14-7-15(22-10-14)23(17,20)21/h3-7,10-11,18H,8-9H2,1-2H3,(H2,17,20,21)","LMVXPRMBXRSEED-UHFFFAOYSA-N","CC(C)CNCC1=CC=C(C(=O)C2=CSC(S(N)(=O)=O)=C2)C=C1","-2.05","0.0","1","G1","352.48100000000005","2.3721000000000005","92.11140000000003","23.0","5.0","2.0","7.0","7.0","124.0","2.0","0.0","0.0","2.0","89.25999999999999","140.1305641554317","2.067067859102055","777.9116120217641"
"F-854","4-Nitrobenzohydrazide","InChI=1S/C7H7N3O3/c8-9-7(11)5-1-3-6(4-2-5)10(12)13/h1-4H,8H2,(H,9,11)","FKZXYJYTUSGIQE-UHFFFAOYSA-N","C1=CC(=CC=C1C(=O)NN)[N+](=O)[O-]","-2.16","0.0","1","G1","181.15099999999995","0.1983000000000001","44.75","13.0","4.0","2.0","6.0","2.0","68.0","1.0","0.0","0.0","1.0","98.26","73.47073195729287","2.9340419411151166","333.3409332809671"
"F-855","4-[4-[(phenylmethylamino)methyl]benzoyl]thiophene-2-sulfonamide","InChI=1S/C19H18N2O3S2/c20-26(23,24)18-10-17(13-25-18)19(22)16-8-6-15(7-9-16)12-21-11-14-4-2-1-3-5-14/h1-10,13,21H,11-12H2,(H2,20,23,24)","LQTPZSWRMCPHTA-UHFFFAOYSA-N","NS(=O)(=O)C1=CC(C(=O)C2=CC=C(CNCC3=CC=CC=C3)C=C2)=CS1","-3.37","0.0","1","G1","386.498","2.9163000000000014","102.55240000000002","26.0","5.0","2.0","7.0","7.0","134.0","3.0","0.0","0.0","3.0","89.26","156.09283201830596","1.6154412684796793","994.7782041632781"
"F-856","N,N-dimethyl-1,3-dihydrobenzo[de]isoquinoline-2-carboximidamide","InChI=1S/C15H17N3/c1-16-15(17-2)18-9-12-7-3-5-11-6-4-8-13(10-18)14(11)12/h3-8H,9-10H2,1-2H3,(H,16,17)","NDDWQZYCAZDNEH-UHFFFAOYSA-N","CN=C(NC)N1CC2=CC=CC3=CC=CC(=C32)C1","-1.15","0.0","1","G1","239.322","2.3606","75.61370000000004","18.0","1.0","1.0","3.0","0.0","92.0","2.0","0.0","1.0","3.0","27.630000000000003","107.13696540935752","2.1085145011504585","575.4148654756665"
"F-857","5-fluoro-1-(oxolan-2-yl)pyrimidine-2,4-dione","InChI=1S/C8H9FN2O3/c9-5-4-11(6-2-1-3-14-6)8(13)10-7(5)12/h4,6H,1-3H2,(H,10,12,13)","WFWLQNSHRPWKFK-UHFFFAOYSA-N","O=C1NC(=O)N(C2CCCO2)C=C1F","-1.01","0.0","1","G1","200.16899999999998","-0.015300000000000313","45.503700000000016","14.0","4.0","1.0","6.0","1.0","76.0","1.0","1.0","1.0","2.0","64.09","78.13673270456316","2.471699398103286","444.6349932703126"
"F-858","7-chloro-3'-ethoxy-4,6-dimethoxy-5'-methylspiro[1-benzofuran-2,4'-cyclohex-2-ene]-1',3-dione","InChI=1S/C18H19ClO6/c1-5-24-13-7-10(20)6-9(2)18(13)17(21)14-11(22-3)8-12(23-4)15(19)16(14)25-18/h7-9H,5-6H2,1-4H3","VHXBNOUUDLLFER-UHFFFAOYSA-N","CCOC1=CC(=O)CC(C)C12OC1=C(C2=O)C(OC)=CC(OC)=C1Cl","-5.0","0.0","1","G1","366.797","3.200400000000002","90.74250000000004","25.0","6.0","0.0","7.0","4.0","134.0","1.0","0.0","2.0","3.0","71.06","150.18993449801027","2.236202264880535","784.2612361491064"
"F-859","1,1-dioxo-2-(2-oxopiperidin-3-yl)-1,2-benzothiazol-3-one","InChI=1S/C12H12N2O4S/c15-11-9(5-3-7-13-11)14-12(16)8-4-1-2-6-10(8)19(14,17)18/h1-2,4,6,9H,3,5,7H2,(H,13,15)","QQWLXNMPPFCVCD-UHFFFAOYSA-N","O=C1NCCCC1N1C(=O)C2=C(C=CC=C2)S1(=O)=O","-2.64","0.0","1","G1","280.30500000000006","0.10969999999999991","65.82900000000002","19.0","4.0","1.0","7.0","1.0","100.0","1.0","1.0","2.0","3.0","83.55000000000001","110.00290944513219","2.100179149369735","668.0618858177407"
"F-860","3,4-Methylenedioxycinnamic acid","InChI=1S/C10H8O4/c11-10(12)4-2-7-1-3-8-9(5-7)14-6-13-8/h1-5H,6H2,(H,11,12)","QFQYZMGOKIROEC-UHFFFAOYSA-N","O=C(O)C=CC1=CC2=C(C=C1)OCO2","-3.19","0.0","1","G1","192.17","1.5131","49.23480000000002","14.0","3.0","1.0","4.0","2.0","72.0","1.0","0.0","1.0","2.0","55.760000000000005","80.37858370262344","2.2452664748461393","395.108513716102"
"F-861","5-hexoxy-2-[(~{Z})-~{N}-hydroxy-~{C}-methylcarbonimidoyl]phenol","InChI=1S/C14H21NO3/c1-3-4-5-6-9-18-12-7-8-13(11(2)15-17)14(16)10-12/h7-8,10,16-17H,3-6,9H2,1-2H3","JIKHZDYOCIZVJX-UHFFFAOYSA-N","CCCCCCOC1=CC(O)=C(C(C)=NO)C=C1","-4.15","0.0","1","G1","251.326","3.5495000000000028","71.74130000000004","18.0","4.0","2.0","4.0","7.0","100.0","1.0","0.0","0.0","1.0","62.05","107.90231375390682","2.513897347700774","402.02561937116093"
"F-862","2-(5-nitrofuran-2-yl)-1H-benzimidazole","InChI=1S/C11H7N3O3/c15-14(16)10-6-5-9(17-10)11-12-7-3-1-2-4-8(7)13-11/h1-6H,(H,12,13)","GOUDVMWLWAFVMC-UHFFFAOYSA-N","C1=CC=C2C(=C1)NC(=N2)C3=CC=C(O3)[N+](=O)[O-]","-3.89","0.0","1","G1","229.195","2.7311000000000005","60.450100000000006","17.0","4.0","1.0","6.0","2.0","84.0","3.0","0.0","0.0","3.0","84.96","95.04627524583364","2.10133655958165","665.6299889283687"
"F-863","5-decoxy-2-[(~{Z})-~{N}-hydroxy-~{C}-methylcarbonimidoyl]phenol","InChI=1S/C18H29NO3/c1-3-4-5-6-7-8-9-10-13-22-16-11-12-17(15(2)19-21)18(20)14-16/h11-12,14,20-21H,3-10,13H2,1-2H3","OHIORSVUWCEHNT-UHFFFAOYSA-N","CCCCCCCCCCOC1=CC(O)=C(C(C)=NO)C=C1","-4.89","0.0","1","G1","307.43399999999997","5.109900000000006","90.20930000000004","22.0","4.0","2.0","4.0","11.0","124.0","1.0","0.0","0.0","1.0","62.05","133.3620822114933","2.1890407535685217","457.6455324520554"
"F-864","5-decoxy-2-[(~{E})-~{C}-ethyl-~{N}-hydroxycarbonimidoyl]phenol","InChI=1S/C19H31NO3/c1-3-5-6-7-8-9-10-11-14-23-16-12-13-17(19(21)15-16)18(4-2)20-22/h12-13,15,21-22H,3-11,14H2,1-2H3","HWOGLWGFRRJDEC-UHFFFAOYSA-N","CCCCCCCCCCOC1=CC(O)=C(C(CC)=NO)C=C1","-4.06","0.0","1","G1","321.461","5.500000000000006","94.82630000000005","23.0","4.0","2.0","4.0","12.0","130.0","1.0","0.0","0.0","1.0","62.05","139.72702432588991","2.2435441951355615","471.6825713644642"
"F-865","5-hexoxy-2-[(~{E})-~{N}-hydroxy-~{C}-phenylcarbonimidoyl]phenol","InChI=1S/C19H23NO3/c1-2-3-4-8-13-23-16-11-12-17(18(21)14-16)19(20-22)15-9-6-5-7-10-15/h5-7,9-12,14,21-22H,2-4,8,13H2,1H3","GDEPSOALCMGGTL-UHFFFAOYSA-N","CCCCCCOC1=CC(O)=C(C(=NO)C2=CC=CC=C2)C=C1","-3.47","0.0","1","G1","313.397","4.577900000000003","91.61130000000004","23.0","4.0","2.0","4.0","8.0","122.0","2.0","0.0","0.0","2.0","62.05","136.59446584557426","2.067181108860934","638.3179142894813"
"F-866","7-chloro-3',6-diethoxy-4-methoxy-5'-methylspiro[1-benzofuran-2,4'-cyclohex-2-ene]-1',3-dione","InChI=1S/C19H21ClO6/c1-5-24-13-9-12(23-4)15-17(16(13)20)26-19(18(15)22)10(3)7-11(21)8-14(19)25-6-2/h8-10H,5-7H2,1-4H3","ANHLDWAKGVPKNR-UHFFFAOYSA-N","CCOC1=CC(=O)CC(C)C12OC1=C(C2=O)C(OC)=CC(OCC)=C1Cl","-4.7","0.0","1","G1","380.82400000000007","3.5905000000000022","95.35950000000004","26.0","6.0","0.0","7.0","5.0","140.0","1.0","0.0","2.0","3.0","71.06","156.5548766124069","2.211260245679707","799.7093511352906"
"F-867","7-chloro-4,6-dimethoxy-5'-methyl-3'-propoxyspiro[1-benzofuran-2,4'-cyclohex-2-ene]-1',3-dione","InChI=1S/C19H21ClO6/c1-5-6-25-14-8-11(21)7-10(2)19(14)18(22)15-12(23-3)9-13(24-4)16(20)17(15)26-19/h8-10H,5-7H2,1-4H3","CFOHRWBARJOUIP-UHFFFAOYSA-N","CCCOC1=CC(=O)CC(C)C12OC1=C(C2=O)C(OC)=CC(OC)=C1Cl","-4.52","0.0","1","G1","380.82400000000007","3.5905000000000022","95.35950000000005","26.0","6.0","0.0","7.0","5.0","140.0","1.0","0.0","2.0","3.0","71.06","156.55487661240693","2.1947191041100265","799.7093511352905"
"F-868","2-(phenylamino)-3,7-dihydropurin-6-one","InChI=1S/C11H9N5O/c17-10-8-9(13-6-12-8)15-11(16-10)14-7-4-2-1-3-5-7/h1-6H,(H3,12,13,14,15,16,17)","JDCULXHGRMPCAM-UHFFFAOYSA-N","O=C1NC(NC2=CC=CC=C2)=NC2=C1N=CN2","-4.12","0.0","1","G1","227.227","1.3898","64.23410000000003","17.0","4.0","3.0","6.0","2.0","84.0","3.0","0.0","0.0","3.0","86.46000000000001","95.74965050480182","2.0381365891874714","700.4585772179909"
"F-869","3,3-dimethyl-6-[[2-(4-methylphenoxy)acetyl]amino]-7-oxo-4-thia-1-azabicyclo[3.2.0]heptane-2-carboxylic acid","InChI=1S/C17H20N2O5S/c1-9-4-6-10(7-5-9)24-8-11(20)18-12-14(21)19-13(16(22)23)17(2,3)25-15(12)19/h4-7,12-13,15H,8H2,1-3H3,(H,18,20)(H,22,23)","PSHRTKHMFMNJFD-UHFFFAOYSA-N","CC1=CC=C(OCC(=O)NC2C(=O)N3C2SC(C)(C)C3C(=O)O)C=C1","-3.15","0.0","1","G1","364.4230000000001","1.0055199999999993","92.33250000000004","25.0","5.0","2.0","8.0","5.0","134.0","1.0","2.0","2.0","3.0","95.94000000000001","149.259255231812","1.573386107958276","718.2533209189623"
"F-870","7-chloro-4-hydroxy-N-methyl-5-phenyl-3H-1,4-benzodiazepin-4-ium-2-amine","InChI=1S/C16H14ClN3O/c1-18-15-10-20(21)16(11-5-3-2-4-6-11)13-9-12(17)7-8-14(13)19-15/h2-9,21H,10H2,1H3/p+1","BUCORZSTKDOEKQ-UHFFFAOYSA-O","CNC1=NC2=C(C=C(C=C2)Cl)C(=[N+](C1)O)C3=CC=CC=C3","-3.39","0.0","1","G1","300.769","2.842100000000001","84.17360000000002","21.0","3.0","2.0","5.0","1.0","106.0","2.0","0.0","1.0","3.0","47.629999999999995","127.5444517500975","2.271838969980807","738.4422380249487"
"F-871","4-[[methyl(2-methylbutyl)amino]diazenyl]benzoic acid","InChI=1S/C13H19N3O2/c1-4-10(2)9-16(3)15-14-12-7-5-11(6-8-12)13(17)18/h5-8,10H,4,9H2,1-3H3,(H,17,18)","YPVJIJCRLUYMMM-UHFFFAOYSA-N","CCC(C)CN(C)N=NC1=CC=C(C(=O)O)C=C1","-1.79","0.0","1","G1","249.31400000000002","3.3614000000000015","70.00230000000005","18.0","3.0","1.0","5.0","6.0","98.0","1.0","0.0","0.0","1.0","65.26","107.11850130744047","2.582889659790559","414.749462607376"
"F-872","6-HYDROXY-1,3-BENZOTHIAZOLE-2-SULFONAMIDE","InChI=1S/C7H6N2O3S2/c8-14(11,12)7-9-5-2-1-4(10)3-6(5)13-7/h1-3,10H,(H2,8,11,12)","NOOBQTYVTDBXTL-UHFFFAOYSA-N","NS(=O)(=O)C1=NC2=C(C=C(O)C=C2)S1","-2.5","0.0","1","G1","230.27","0.6493000000000002","52.658000000000015","14.0","5.0","2.0","7.0","1.0","74.0","2.0","0.0","0.0","2.0","93.28000000000002","83.867979244214","2.7494371131356425","588.0007565116756"
"F-873","3-Fluoro-n-hydroxy-n-phenylbenzamide","InChI=1S/C13H10FNO2/c14-11-6-4-5-10(9-11)13(16)15(17)12-7-2-1-3-8-12/h1-9,17H","VAOSSGQUPGENMP-UHFFFAOYSA-N","O=C(C1=CC(F)=CC=C1)N(O)C1=CC=CC=C1","-2.6","0.0","1","G1","231.226","2.861700000000001","61.438000000000024","17.0","2.0","1.0","4.0","2.0","86.0","2.0","0.0","0.0","2.0","40.540000000000006","97.68860286480499","2.266962413662046","527.9524885546249"
"F-874","N-hydroxy-2-(pyridin-2-ylmethylideneamino)benzamide","InChI=1S/C13H11N3O2/c17-13(16-18)11-6-1-2-7-12(11)15-9-10-5-3-4-8-14-10/h1-9,18H,(H,16,17)","UHZUKUTVMBPNLC-UHFFFAOYSA-N","O=C(NO)C1=C(N=CC2=CC=CC=N2)C=CC=C1","-3.21","0.0","1","G1","241.25000000000006","1.9512","67.18570000000003","18.0","4.0","2.0","5.0","3.0","90.0","2.0","0.0","0.0","2.0","74.58","103.79300855648665","2.2937368829465368","567.4588567442289"
"F-875","3-Fluoro-n-hydroxy-n-(2-methylphenyl)benzamide","InChI=1S/C14H12FNO2/c1-10-5-2-3-8-13(10)16(18)14(17)11-6-4-7-12(15)9-11/h2-9,18H,1H3","BCINCJSHDIKDTH-UHFFFAOYSA-N","CC1=C(N(O)C(=O)C2=CC(F)=CC=C2)C=CC=C1","-2.53","0.0","1","G1","245.25300000000001","3.1701200000000016","66.17500000000003","18.0","2.0","1.0","4.0","2.0","92.0","2.0","0.0","0.0","2.0","40.54","104.05354497920159","2.3239975237073773","583.5116041712565"
"F-876","N-Hydroxy-n-(3-methylphenyl)-3-phenylpropanamide","InChI=1S/C16H17NO2/c1-13-6-5-9-15(12-13)17(19)16(18)11-10-14-7-3-2-4-8-14/h2-9,12,19H,10-11H2,1H3","VEEUCOPFLDEGNM-UHFFFAOYSA-N","CC1=CC=CC(N(O)C(=O)CCC2=CC=CC=C2)=C1","-3.41","0.0","1","G1","255.317","3.3500200000000016","75.21450000000004","19.0","2.0","1.0","3.0","4.0","98.0","2.0","0.0","0.0","2.0","40.54","112.61789380506858","1.9634702077724062","551.6852082566216"
"F-877","N-Hydroxy-n-(2-methylphenyl)-3-phenylpropanamide","InChI=1S/C16H17NO2/c1-13-7-5-6-10-15(13)17(19)16(18)12-11-14-8-3-2-4-9-14/h2-10,19H,11-12H2,1H3","XXUCURAGFNEYDY-UHFFFAOYSA-N","CC1=C(N(O)C(=O)CCC2=CC=CC=C2)C=CC=C1","-2.79","0.0","1","G1","255.31700000000004","3.3500200000000016","75.21450000000004","19.0","2.0","1.0","3.0","4.0","98.0","2.0","0.0","0.0","2.0","40.54","112.61789380506859","1.9871211778178193","551.6852082566216"
"F-878","3'-butoxy-7-chloro-4,6-dimethoxy-5'-methylspiro[1-benzofuran-2,4'-cyclohex-2-ene]-1',3-dione","InChI=1S/C20H23ClO6/c1-5-6-7-26-15-9-12(22)8-11(2)20(15)19(23)16-13(24-3)10-14(25-4)17(21)18(16)27-20/h9-11H,5-8H2,1-4H3","VYKVCWHSRHNRJY-UHFFFAOYSA-N","CCCCOC1=CC(=O)CC(C)C12OC1=C(C2=O)C(OC)=CC(OC)=C1Cl","-4.7","0.0","1","G1","394.8510000000001","3.9806000000000035","99.97650000000004","27.0","6.0","0.0","7.0","6.0","146.0","1.0","0.0","2.0","3.0","71.06","162.91981872680353","2.140416576289432","815.1802301028778"
"F-879","3-O-Octanoylhexopyranose","InChI=1S/C14H26O7/c1-2-3-4-5-6-7-10(16)21-13-11(17)9(8-15)20-14(19)12(13)18/h9,11-15,17-19H,2-8H2,1H3","XXOQQAWGIDQJOO-UHFFFAOYSA-N","CCCCCCCC(=O)OC1C(O)C(O)OC(CO)C1O","-2.63","0.0","1","G1","306.3550000000001","-0.3100000000000003","73.23520000000003","21.0","7.0","4.0","7.0","8.0","124.0","0.0","1.0","1.0","1.0","116.45000000000002","124.04321492929782","2.4075386477634826","309.6976482516554"
"F-880","1,1-dioxospiro[2,1$l^{6}-benzoxathiole-3,9'-xanthene]-2',7'-diol","InChI=1S/C19H12O6S/c20-11-5-7-16-14(9-11)19(15-10-12(21)6-8-17(15)24-16)13-3-1-2-4-18(13)26(22,23)25-19/h1-10,20-21H","FTYQOLCTDSZGKU-UHFFFAOYSA-N","O=S1(=O)OC2(C3=C(C=CC(O)=C3)OC3=C2C=C(O)C=C3)C2=C1C=CC=C2","-3.5","0.0","1","G1","368.36600000000004","3.2143000000000015","90.8824","26.0","6.0","2.0","7.0","0.0","130.0","3.0","0.0","2.0","5.0","93.06000000000002","148.54883156021356","1.9697276955937317","1130.8837799074672"
"F-881","N-Hydroxy-3,5-dimethoxy-n-phenylbenzamide","InChI=1S/C15H15NO4/c1-19-13-8-11(9-14(10-13)20-2)15(17)16(18)12-6-4-3-5-7-12/h3-10,18H,1-2H3","SSSTWVDALJCPEV-UHFFFAOYSA-N","COC1=CC(OC)=CC(C(=O)N(O)C2=CC=CC=C2)=C1","-3.1","0.0","1","G1","273.288","2.7398000000000007","74.58400000000003","20.0","4.0","1.0","5.0","4.0","104.0","2.0","0.0","0.0","2.0","59.0","116.48004214968573","2.330280295377811","575.827438063463"
"F-882","2,4-Dichloro-n-hydroxy-n-(3-methylphenyl)benzamide","InChI=1S/C14H11Cl2NO2/c1-9-3-2-4-11(7-9)17(19)14(18)12-6-5-10(15)8-13(12)16/h2-8,19H,1H3","OTJKGYCJALAOOX-UHFFFAOYSA-N","CC1=CC=CC(N(O)C(=O)C2=C(Cl)C=C(Cl)C=C2)=C1","-4.47","0.0","1","G1","296.153","4.3378200000000025","76.23700000000002","19.0","2.0","1.0","5.0","2.0","98.0","2.0","0.0","0.0","2.0","40.54","120.49454203003869","2.3329899181720943","628.5930712084782"
"F-883","2,4-Dichloro-n-hydroxy-n-(2-methylphenyl)benzamide","InChI=1S/C14H11Cl2NO2/c1-9-4-2-3-5-13(9)17(19)14(18)11-7-6-10(15)8-12(11)16/h2-8,19H,1H3","QBHZLLSMZFZZCK-UHFFFAOYSA-N","CC1=C(N(O)C(=O)C2=C(Cl)C=C(Cl)C=C2)C=CC=C1","-4.17","0.0","1","G1","296.153","4.3378200000000025","76.23700000000002","19.0","2.0","1.0","5.0","2.0","98.0","2.0","0.0","0.0","2.0","40.54","120.4945420300387","2.3658469721265423","628.5930712084782"
"F-884","N-Hydroxy-3,5-dimethoxy-n-(2-methylphenyl)benzamide","InChI=1S/C16H17NO4/c1-11-6-4-5-7-15(11)17(19)16(18)12-8-13(20-2)10-14(9-12)21-3/h4-10,19H,1-3H3","HYHGNKJVAPURSC-UHFFFAOYSA-N","COC1=CC(OC)=CC(C(=O)N(O)C2=C(C)C=CC=C2)=C1","-3.65","0.0","1","G1","287.315","3.0482200000000015","79.32100000000004","21.0","4.0","1.0","5.0","4.0","110.0","2.0","0.0","0.0","2.0","59.0","122.84498426408233","2.3744629629226632","632.2252779339522"
"F-885","N-Hydroxy-3,5-dimethoxy-n-(3-methylphenyl)benzamide","InChI=1S/C16H17NO4/c1-11-5-4-6-13(7-11)17(19)16(18)12-8-14(20-2)10-15(9-12)21-3/h4-10,19H,1-3H3","PDNYHBVQDYRJOT-UHFFFAOYSA-N","COC1=CC(OC)=CC(C(=O)N(O)C2=CC(C)=CC=C2)=C1","-3.61","0.0","1","G1","287.315","3.0482200000000015","79.32100000000004","21.0","4.0","1.0","5.0","4.0","110.0","2.0","0.0","0.0","2.0","59.0","122.84498426408233","2.3460619652633934","632.2252779339522"
"F-887","2-[(~{Z})-(2-hydroxynaphthalen-1-yl)methylideneamino]guanidine","InChI=1S/C12H12N4O/c13-12(14)16-15-7-10-9-4-2-1-3-8(9)5-6-11(10)17/h1-7,17H,(H4,13,14,16)","DCIDDLVSNSCTHE-UHFFFAOYSA-N","N=C(N)NN=CC1=C2C=CC=CC2=CC=C1O","-2.46","0.0","1","G1","228.255","1.36237","68.2566","17.0","3.0","4.0","5.0","2.0","86.0","2.0","0.0","0.0","2.0","94.49000000000001","98.07774801820206","2.474478354089092","592.0753644991936"
"F-890","(4-acetamidophenyl) dihydrogen phosphate","InChI=1S/C8H10NO5P/c1-6(10)9-7-2-4-8(5-3-7)14-15(11,12)13/h2-5H,1H3,(H,9,10)(H2,11,12,13)","PSQWZQGQIUGIRU-UHFFFAOYSA-N","CC(=O)NC1=CC=C(OP(O)(=O)O)C=C1","0.13","0.0","1","G1","231.14399999999998","1.1164999999999996","53.41780000000002","15.0","3.0","3.0","7.0","3.0","82.0","1.0","0.0","0.0","1.0","95.86","86.124295040316","2.7238828261229844","395.9979852543765"
"F-891","N-Hydroxy-N-methylcycloheptanecarboxamide","InChI=1S/C9H17NO2/c1-10(12)9(11)8-6-4-2-3-5-7-8/h8,12H,2-7H2,1H3","CDTJSQNOOHANPR-UHFFFAOYSA-N","CN(O)C(=O)C1CCCCCC1","-1.45","0.0","1","G1","171.23999999999995","1.8044","45.74850000000003","12.0","2.0","1.0","3.0","1.0","70.0","0.0","1.0","1.0","1.0","40.54","73.32258481139432","2.4272045459113043","148.6075250475963"
"F-892","N-Cyclohexyl-N-hydroxycyclopropanecarboxamide","InChI=1S/C10H17NO2/c12-10(8-6-7-8)11(13)9-4-2-1-3-5-9/h8-9,13H,1-7H2","MNTJUYOSLYWPDZ-UHFFFAOYSA-N","O=C(C1CC1)N(O)C1CCCCC1","-2.04","0.0","1","G1","183.25099999999995","1.9469","48.22950000000003","13.0","2.0","1.0","3.0","2.0","74.0","0.0","2.0","2.0","2.0","40.540000000000006","78.68169577226169","1.8598810817786244","195.10142660700166"
"F-893","N-Cyclohexyl-N-hydroxycyclobutanecarboxamide","InChI=1S/C11H19NO2/c13-11(9-5-4-6-9)12(14)10-7-2-1-3-8-10/h9-10,14H,1-8H2","WIASIBZCNZVRJK-UHFFFAOYSA-N","O=C(C1CCC1)N(O)C1CCCCC1","-2.7","0.0","1","G1","197.27799999999993","2.3370000000000006","52.846500000000034","14.0","2.0","1.0","3.0","2.0","80.0","0.0","2.0","2.0","2.0","40.540000000000006","85.0466378866583","1.8506504312278802","207.33307108241883"
"F-894","N-Cyclohexyl-N-hydroxycyclopentanecarboxamide","InChI=1S/C12H21NO2/c14-12(10-6-4-5-7-10)13(15)11-8-2-1-3-9-11/h10-11,15H,1-9H2","STIPIHXPRMEWJB-UHFFFAOYSA-N","O=C(C1CCCC1)N(O)C1CCCCC1","-3.16","0.0","1","G1","211.30499999999995","2.727100000000001","57.46350000000004","15.0","2.0","1.0","3.0","2.0","86.0","0.0","2.0","2.0","2.0","40.540000000000006","91.4115800010549","1.8718772574489215","217.66200896008945"
"F-895","4-(ethyl-methylamino)diazenylbenzoic acid","InChI=1S/C10H13N3O2/c1-3-13(2)12-11-9-6-4-8(5-7-9)10(14)15/h4-7H,3H2,1-2H3,(H,14,15)","SHAJZTPMTUWBSV-UHFFFAOYSA-N","CCN(C)N=NC1=CC=C(C(=O)O)C=C1","-0.42","0.0","1","G1","207.233","2.3352000000000004","56.22130000000003","15.0","3.0","1.0","5.0","4.0","80.0","1.0","0.0","0.0","1.0","65.26","88.02367496425063","2.72287926964026","359.43517967814273"
"F-896","4-(methyl-propylamino)diazenylbenzoic acid","InChI=1S/C11H15N3O2/c1-3-8-14(2)13-12-10-6-4-9(5-7-10)11(15)16/h4-7H,3,8H2,1-2H3,(H,15,16)","PTLAHMRONUBEOO-UHFFFAOYSA-N","CCCN(C)N=NC1=CC=C(C(=O)O)C=C1","-1.43","0.0","1","G1","221.26","2.7253000000000007","60.83830000000003","16.0","3.0","1.0","5.0","5.0","86.0","1.0","0.0","0.0","1.0","65.26","94.38861707864724","2.644693982154432","373.3209943614489"
"F-897","4-(butyl-methylamino)diazenylbenzoic acid","InChI=1S/C12H17N3O2/c1-3-4-9-15(2)14-13-11-7-5-10(6-8-11)12(16)17/h5-8H,3-4,9H2,1-2H3,(H,16,17)","NIHJLLRQVKJRSV-UHFFFAOYSA-N","CCCCN(C)N=NC1=CC=C(C(=O)O)C=C1","-1.81","0.0","1","G1","235.287","3.115400000000001","65.45530000000004","17.0","3.0","1.0","5.0","6.0","92.0","1.0","0.0","0.0","1.0","65.26","100.75355919304386","2.561194540253939","387.242144048771"
"F-898","4-(methyl-pentylamino)diazenylbenzoic acid","InChI=1S/C13H19N3O2/c1-3-4-5-10-16(2)15-14-12-8-6-11(7-9-12)13(17)18/h6-9H,3-5,10H2,1-2H3,(H,17,18)","TUJYUSMRVZZAIX-UHFFFAOYSA-N","CCCCCN(C)N=NC1=CC=C(C(=O)O)C=C1","-2.37","0.0","1","G1","249.31400000000002","3.5055000000000023","70.07230000000004","18.0","3.0","1.0","5.0","7.0","98.0","1.0","0.0","0.0","1.0","65.26","107.11850130744047","2.478803387544692","401.20231298264946"
"F-899","4-(hexyl-methylamino)diazenylbenzoic acid","InChI=1S/C14H21N3O2/c1-3-4-5-6-11-17(2)16-15-13-9-7-12(8-10-13)14(18)19/h7-10H,3-6,11H2,1-2H3,(H,18,19)","RLOOWKRHNNTPQK-UHFFFAOYSA-N","CCCCCCN(C)N=NC1=CC=C(C(=O)O)C=C1","-2.52","0.0","1","G1","263.341","3.8956000000000026","74.68930000000005","19.0","3.0","1.0","5.0","8.0","104.0","1.0","0.0","0.0","1.0","65.26","113.48344342183707","2.4008835663950543","415.2041827638703"
"F-900","4-(heptyl-methylamino)diazenylbenzoic acid","InChI=1S/C15H23N3O2/c1-3-4-5-6-7-12-18(2)17-16-14-10-8-13(9-11-14)15(19)20/h8-11H,3-7,12H2,1-2H3,(H,19,20)","DNHSRCVYAJUUOK-UHFFFAOYSA-N","CCCCCCCN(C)N=NC1=CC=C(C(=O)O)C=C1","-3.39","0.0","1","G1","277.368","4.285700000000003","79.30630000000005","20.0","3.0","1.0","5.0","9.0","110.0","1.0","0.0","0.0","1.0","65.26","119.84838553623366","2.3289800810889587","429.24969573261865"
"F-901","N-(4-Chlorophenyl)-n-hydroxynaphthalene-2-carboxamide","InChI=1S/C17H12ClNO2/c18-15-7-9-16(10-8-15)19(21)17(20)14-6-5-12-3-1-2-4-13(12)11-14/h1-11,21H","HVYDRBTXGUFRBX-UHFFFAOYSA-N","O=C(C1=CC2=C(C=CC=C2)C=C1)N(O)C1=CC=C(Cl)C=C1","-5.47","0.0","1","G1","297.741","4.529200000000002","83.99600000000002","21.0","2.0","1.0","4.0","2.0","104.0","3.0","0.0","0.0","3.0","40.540000000000006","126.50799822049562","1.9353547705388023","799.254098685305"
"F-903","4-[3-[(2-methylpropylamino)methyl]benzoyl]thiophene-2-sulfonamide","InChI=1S/C16H20N2O3S2/c1-11(2)8-18-9-12-4-3-5-13(6-12)16(19)14-7-15(22-10-14)23(17,20)21/h3-7,10-11,18H,8-9H2,1-2H3,(H2,17,20,21)","CQEBIGVQAVNPFP-UHFFFAOYSA-N","CC(C)CNCC1=CC=CC(C(=O)C2=CSC(S(N)(=O)=O)=C2)=C1","-2.05","0.0","1","G1","352.48100000000005","2.3721000000000005","92.11140000000003","23.0","5.0","2.0","7.0","7.0","124.0","2.0","0.0","0.0","2.0","89.25999999999999","140.13056415543173","2.1469683167080222","795.1616120217641"
"F-904","4-[4-(butylaminomethyl)benzoyl]thiophene-2-sulfonamide","InChI=1S/C16H20N2O3S2/c1-2-3-8-18-10-12-4-6-13(7-5-12)16(19)14-9-15(22-11-14)23(17,20)21/h4-7,9,11,18H,2-3,8,10H2,1H3,(H2,17,20,21)","CWUFUYMCWCMVPX-UHFFFAOYSA-N","CCCCNCC1=CC=C(C(=O)C2=CSC(S(N)(=O)=O)=C2)C=C1","-2.21","0.0","1","G1","352.48100000000005","2.5162000000000004","92.18140000000002","23.0","5.0","2.0","7.0","8.0","124.0","2.0","0.0","0.0","2.0","89.25999999999999","140.13056415543173","2.038619446572056","764.8779654996603"
"F-905","4-[3-[(3-methylbutylamino)methyl]benzoyl]thiophene-2-sulfonamide","InChI=1S/C17H22N2O3S2/c1-12(2)6-7-19-10-13-4-3-5-14(8-13)17(20)15-9-16(23-11-15)24(18,21)22/h3-5,8-9,11-12,19H,6-7,10H2,1-2H3,(H2,18,21,22)","MRICEOMWIZSYAC-UHFFFAOYSA-N","CC(C)CCNCC1=CC=CC(C(=O)C2=CSC(S(N)(=O)=O)=C2)=C1","-1.5","0.0","1","G1","366.5080000000001","2.7622","96.72840000000004","24.0","5.0","2.0","7.0","8.0","130.0","2.0","0.0","0.0","2.0","89.25999999999999","146.49550626982833","2.0726061796456783","810.7480771597396"
"F-906","4-[4-hydroxy-3-[(methyl-(2-methylpropyl)amino)methyl]benzoyl]thiophene-2-sulfonamide","InChI=1S/C17H22N2O4S2/c1-11(2)8-19(3)9-13-6-12(4-5-15(13)20)17(21)14-7-16(24-10-14)25(18,22)23/h4-7,10-11,20H,8-9H2,1-3H3,(H2,18,22,23)","ICZBWKGJZRHLFV-UHFFFAOYSA-N","CC(C)CN(C)CC1=C(O)C=CC(C(=O)C2=CSC(S(N)(=O)=O)=C2)=C1","-1.42","0.0","1","G1","382.5070000000001","2.4199","98.40350000000002","25.0","6.0","2.0","8.0","7.0","136.0","2.0","0.0","0.0","2.0","100.69999999999999","151.4997115086197","2.2597664103316477","872.5230495000955"
"F-907","4-[4-[(tert-butylamino)methyl]phenyl]sulfonylthiophene-2-sulfonamide","InChI=1S/C15H20N2O4S3/c1-15(2,3)17-9-11-4-6-12(7-5-11)23(18,19)13-8-14(22-10-13)24(16,20)21/h4-8,10,17H,9H2,1-3H3,(H2,16,20,21)","LZPRDWHLIGTSLN-UHFFFAOYSA-N","CC(C)(C)NCC1=CC=C(S(=O)(=O)C2=CSC(S(N)(=O)=O)=C2)C=C1","-1.98","0.0","1","G1","388.5360000000001","2.1164000000000005","94.17870000000003","24.0","6.0","2.0","9.0","5.0","132.0","2.0","0.0","0.0","2.0","106.32999999999998","146.2294983227779","2.2536116101228236","921.8439392253609"
"F-908","4-[4-(butylaminomethyl)phenyl]sulfonylthiophene-2-sulfonamide","InChI=1S/C15H20N2O4S3/c1-2-3-8-17-10-12-4-6-13(7-5-12)23(18,19)14-9-15(22-11-14)24(16,20)21/h4-7,9,11,17H,2-3,8,10H2,1H3,(H2,16,20,21)","UEMMVUCCPSZNNU-UHFFFAOYSA-N","CCCCNCC1=CC=C(S(=O)(=O)C2=CSC(S(N)(=O)=O)=C2)C=C1","-1.68","0.0","1","G1","388.53600000000006","2.1180000000000003","94.20070000000003","24.0","6.0","2.0","9.0","8.0","132.0","2.0","0.0","0.0","2.0","106.32999999999998","146.2294983227779","2.162064561513596","885.0553126454902"
"F-909","4-[4-(morpholin-4-ylmethyl)benzoyl]thiophene-2-sulfonamide","InChI=1S/C16H18N2O4S2/c17-24(20,21)15-9-14(11-23-15)16(19)13-3-1-12(2-4-13)10-18-5-7-22-8-6-18/h1-4,9,11H,5-8,10H2,(H2,17,20,21)","MYCKFSFRWHNCDM-UHFFFAOYSA-N","NS(=O)(=O)C1=CC(C(=O)C2=CC=C(CN3CCOCC3)C=C2)=CS1","-1.52","0.0","1","G1","366.46400000000006","1.4587000000000003","91.66270000000004","24.0","6.0","1.0","8.0","5.0","128.0","2.0","1.0","1.0","3.0","89.7","144.44824971800475","1.7019842532709983","822.017234018043"
"F-910","4-[3-[(propan-2-ylamino)methyl]phenyl]sulfonylthiophene-2-sulfonamide","InChI=1S/C14H18N2O4S3/c1-10(2)16-8-11-4-3-5-12(6-11)22(17,18)13-7-14(21-9-13)23(15,19)20/h3-7,9-10,16H,8H2,1-2H3,(H2,15,19,20)","YZGNQQGKNDGUQL-UHFFFAOYSA-N","CC(C)NCC1=CC=CC(S(=O)(=O)C2=CSC(S(N)(=O)=O)=C2)=C1","-1.56","0.0","1","G1","374.50900000000007","1.7263000000000002","89.56170000000003","23.0","6.0","2.0","9.0","6.0","126.0","2.0","0.0","0.0","2.0","106.32999999999998","139.86455620838134","2.3621300543913555","899.608527642815"
"F-911","4-[3-[(butan-2-ylamino)methyl]phenyl]sulfonylthiophene-2-sulfonamide","InChI=1S/C15H20N2O4S3/c1-3-11(2)17-9-12-5-4-6-13(7-12)23(18,19)14-8-15(22-10-14)24(16,20)21/h4-8,10-11,17H,3,9H2,1-2H3,(H2,16,20,21)","ZBMVGQKSAIYMRW-UHFFFAOYSA-N","CCC(C)NCC1=CC=CC(S(=O)(=O)C2=CSC(S(N)(=O)=O)=C2)=C1","-1.33","0.0","1","G1","388.5360000000001","2.1164","94.17870000000003","24.0","6.0","2.0","9.0","7.0","132.0","2.0","0.0","0.0","2.0","106.32999999999998","146.2294983227779","2.310179359519394","917.7007392560308"
"F-912","4-[3-(morpholin-4-ylmethyl)benzoyl]thiophene-2-sulfonamide","InChI=1S/C16H18N2O4S2/c17-24(20,21)15-9-14(11-23-15)16(19)13-3-1-2-12(8-13)10-18-4-6-22-7-5-18/h1-3,8-9,11H,4-7,10H2,(H2,17,20,21)","OZVILYXCMAQHFM-UHFFFAOYSA-N","NS(=O)(=O)C1=CC(C(=O)C2=CC(CN3CCOCC3)=CC=C2)=CS1","-1.92","0.0","1","G1","366.46400000000006","1.4587000000000003","91.66270000000004","24.0","6.0","1.0","8.0","5.0","128.0","2.0","1.0","1.0","3.0","89.7","144.44824971800477","1.773588339295361","839.267234018043"
"F-913","3-[[2-[2-(3,4-dimethoxyphenyl)ethylamino]-2-oxoethyl]amino]-N-methylbenzamide","InChI=1S/C20H25N3O4/c1-21-20(25)15-5-4-6-16(12-15)23-13-19(24)22-10-9-14-7-8-17(26-2)18(11-14)27-3/h4-8,11-12,23H,9-10,13H2,1-3H3,(H,21,25)(H,22,24)","JTAGHJPZEDNHHA-UHFFFAOYSA-N","CNC(=O)C1=CC=CC(NCC(=O)NCCC2=CC(OC)=C(OC)C=C2)=C1","-1.85","0.0","1","G1","371.43700000000007","1.8341999999999996","104.58160000000004","27.0","5.0","3.0","7.0","9.0","144.0","2.0","0.0","0.0","2.0","88.69000000000001","158.60775545065925","1.7905902034764278","792.5463332771562"
"F-914","5-(ethylaminomethyl)thieno[3,2-d]furan-2-sulfonamide","InChI=1S/C9H12N2O3S2/c1-2-11-5-7-3-6-4-8(16(10,12)13)14-9(6)15-7/h3-4,11H,2,5H2,1H3,(H2,10,12,13)","QFENMVVNIJTSNC-UHFFFAOYSA-N","CCNCC1=CC2=C(OC(S(N)(=O)=O)=C2)S1","-1.04","0.0","1","G1","260.34","1.2512","62.844900000000024","16.0","5.0","2.0","7.0","4.0","88.0","2.0","0.0","0.0","2.0","85.32999999999998","97.29311530194617","2.3328156788851038","565.8235744942024"
"F-915","5-[(2-methylpropylamino)methyl]thieno[3,2-d]furan-2-sulfonamide","InChI=1S/C11H16N2O3S2/c1-7(2)5-13-6-9-3-8-4-10(18(12,14)15)16-11(8)17-9/h3-4,7,13H,5-6H2,1-2H3,(H2,12,14,15)","BAIISSWGEDKHNE-UHFFFAOYSA-N","CC(C)CNCC1=CC2=C(OC(S(N)(=O)=O)=C2)S1","-1.33","0.0","1","G1","288.39399999999995","1.8873","72.00890000000003","18.0","5.0","2.0","7.0","5.0","100.0","2.0","0.0","0.0","2.0","85.32999999999998","110.02299953073937","2.1265809201448147","608.8377181423191"
"F-916","5-[(2-ethoxyethylamino)methyl]thieno[3,2-d]furan-2-sulfonamide","InChI=1S/C11H16N2O4S2/c1-2-16-4-3-13-7-9-5-8-6-10(19(12,14)15)17-11(8)18-9/h5-6,13H,2-4,7H2,1H3,(H2,12,14,15)","ZRQOUZWNXZFZQK-UHFFFAOYSA-N","CCOCCNCC1=CC2=C(OC(S(N)(=O)=O)=C2)S1","-0.92","0.0","1","G1","304.39300000000003","1.2678","73.66390000000003","19.0","6.0","2.0","8.0","7.0","106.0","2.0","0.0","0.0","2.0","94.56","115.13654476024625","1.9727528173586566","613.2445783739491"
"F-917","3-[[2-[2-(3,4-dimethoxyphenyl)ethylamino]-2-oxoethyl]amino]benzamide","InChI=1S/C19H23N3O4/c1-25-16-7-6-13(10-17(16)26-2)8-9-21-18(23)12-22-15-5-3-4-14(11-15)19(20)24/h3-7,10-11,22H,8-9,12H2,1-2H3,(H2,20,24)(H,21,23)","KZOFCELNVLSKGC-UHFFFAOYSA-N","COC1=C(OC)C=C(CCNC(=O)CNC2=CC(C(N)=O)=CC=C2)C=C1","-2.69","0.0","1","G1","357.4100000000001","1.5735","99.70930000000001","26.0","5.0","3.0","7.0","9.0","138.0","2.0","0.0","0.0","2.0","102.68","152.03284184966734","1.7856664167163219","777.1295918124778"
"F-918","[2,5-dioxo-4,4-di(phenyl)imidazolidin-1-yl]methyl dihydrogen phosphate","InChI=1S/C16H15N2O6P/c19-14-16(12-7-3-1-4-8-12,13-9-5-2-6-10-13)17-15(20)18(14)11-24-25(21,22)23/h1-10H,11H2,(H,17,20)(H2,21,22,23)","XWLUWCNOOVRFPX-UHFFFAOYSA-N","OP(=O)(O)OCN1C(=O)NC(C2=CC=CC=C2)(C2=CC=CC=C2)C1=O","-0.43","0.0","1","G1","362.27800000000013","1.5488","87.03780000000003","25.0","4.0","3.0","9.0","5.0","130.0","2.0","1.0","1.0","3.0","116.16999999999999","142.8267980918912","2.064951203180156","796.7181496028363"
"F-919","5-[(pyridin-2-ylmethylamino)methyl]thieno[3,2-d]furan-2-sulfonamide","InChI=1S/C13H13N3O3S2/c14-21(17,18)12-6-9-5-11(20-13(9)19-12)8-15-7-10-3-1-2-4-16-10/h1-6,15H,7-8H2,(H2,14,17,18)","ZJNVFBLZPCRQOR-UHFFFAOYSA-N","NS(=O)(=O)C1=CC2=C(O1)SC(CNCC1=CC=CC=N1)=C2","-1.33","0.0","1","G1","323.399","1.8265000000000005","80.24490000000003","21.0","6.0","2.0","8.0","5.0","110.0","3.0","0.0","0.0","3.0","98.22000000000001","125.20491537456013","1.6680720042423234","821.808959523082"
"F-928","[2-(2-hydroxyethyl-methylamino)-2-oxoethyl] benzoate","InChI=1S/C12H15NO4/c1-13(7-8-14)11(15)9-17-12(16)10-5-3-2-4-6-10/h2-6,14H,7-9H2,1H3","WRKNTBMMMVTKKA-UHFFFAOYSA-N","CN(CCO)C(=O)COC(=O)C1=CC=CC=C1","-1.09","0.0","1","G1","237.255","0.29409999999999914","61.44730000000004","17.0","4.0","1.0","5.0","5.0","92.0","1.0","0.0","0.0","1.0","66.84","99.61171265787043","2.411328611781732","377.35183546338794"
"F-935","5-fluoro-1-[(4-methylphenyl)methyl]pyrimidine-2,4-dione","InChI=1S/C12H11FN2O2/c1-8-2-4-9(5-3-8)6-15-7-10(13)11(16)14-12(15)17/h2-5,7H,6H2,1H3,(H,14,16,17)","POACFNLCTNKXFD-UHFFFAOYSA-N","CC1=CC=C(CN2C=C(F)C(=O)NC2=O)C=C1","-2.92","0.0","1","G1","234.23000000000002","1.03242","61.561700000000016","17.0","3.0","1.0","5.0","2.0","88.0","2.0","0.0","0.0","2.0","54.86","96.35622860585633","2.363540419335311","640.790584174365"
"F-944","1-[(2,4-dichlorophenyl)methyl]-5-fluoropyrimidine-2,4-dione","InChI=1S/C11H7Cl2FN2O2/c12-7-2-1-6(8(13)3-7)4-16-5-9(14)10(17)15-11(16)18/h1-3,5H,4H2,(H,15,17,18)","MHPNFFUAVWCYBQ-UHFFFAOYSA-N","O=C1NC(=O)N(CC2=C(Cl)C=C(Cl)C=C2)C=C1F","-3.94","0.0","1","G1","289.093","2.0308","66.8447","18.0","3.0","1.0","7.0","2.0","94.0","2.0","0.0","0.0","2.0","54.86","110.59781894522307","2.4305265044956035","708.9198925660191"
"F-951","N-[4-(acridin-9-ylamino)-3-methylaminophenyl]methanesulfonamide","InChI=1S/C21H20N4O2S/c1-22-20-13-14(25-28(2,26)27)11-12-19(20)24-21-15-7-3-5-9-17(15)23-18-10-6-4-8-16(18)21/h3-13,22,25H,1-2H3,(H,23,24)","FODDJNZEXHBBKD-UHFFFAOYSA-N","CNC1=C(NC2=C3C=CC=CC3=NC3=C2C=CC=C3)C=CC(NS(C)(=O)=O)=C1","-2.94","0.0","1","G1","392.4840000000001","4.544800000000003","116.98690000000002","28.0","5.0","3.0","7.0","5.0","142.0","4.0","0.0","0.0","4.0","83.12","163.21172104201037","1.8513672623370376","1232.3265710076173"
"F-952","2-[(2-aminoacetyl)amino]-N-[4-chloro-2-(2-chlorobenzoyl)phenyl]-N-methylacetamide","InChI=1S/C18H17Cl2N3O3/c1-23(17(25)10-22-16(24)9-21)15-7-6-11(19)8-13(15)18(26)12-4-2-3-5-14(12)20/h2-8H,9-10,21H2,1H3,(H,22,24)","RCPMGOCZIHMTRD-UHFFFAOYSA-N","CN(C(=O)CNC(=O)CN)C1=C(C(=O)C2=C(Cl)C=CC=C2)C=C(Cl)C=C1","-2.33","0.0","1","G1","394.25800000000004","2.2620999999999993","101.8106","26.0","4.0","2.0","8.0","6.0","136.0","2.0","0.0","0.0","2.0","92.5","160.4188353166594","2.3533057327631877","855.3250045266049"
"F-953","2-amino-2-(4-hydroxyphenyl)acetic acid","InChI=1S/C8H9NO3/c9-7(8(11)12)5-1-3-6(10)4-2-5/h1-4,7,10H,9H2,(H,11,12)","LJCWONGJFPCTTL-UHFFFAOYSA-N","NC(C(=O)O)C1=CC=C(O)C=C1","-0.53","0.0","1","G1","167.164","0.4766","42.671000000000014","12.0","3.0","3.0","4.0","2.0","64.0","1.0","0.0","0.0","1.0","83.55000000000001","69.25116764973869","2.8925610901856844","280.85937643443293"
"F-955","4-hydroxy-7,7-dioxo-5,6-dihydro-4H-thieno[5,4-b]thiopyran-2-sulfonamide","InChI=1S/C7H9NO5S3/c8-16(12,13)6-3-4-5(9)1-2-15(10,11)7(4)14-6/h3,5,9H,1-2H2,(H2,8,12,13)","MAZCFXDIYXGRAD-UHFFFAOYSA-N","NS(=O)(=O)C1=CC2=C(S1)S(=O)(=O)CCC2O","-1.65","0.1449999999999999","2","G3","283.352","-0.39369999999999944","57.32180000000001","16.0","6.0","2.0","9.0","1.0","90.0","1.0","0.0","1.0","2.0","114.53000000000002","96.68106030297945","2.7116001028609293","626.9796171728123"
"F-957","1,2-di(phenyl)ethane-1,2-dione","InChI=1S/C14H10O2/c15-13(11-7-3-1-4-8-11)14(16)12-9-5-2-6-10-12/h1-10H","WURBFLDFSFBTLW-UHFFFAOYSA-N","O=C(C(=O)C1=CC=CC=C1)C1=CC=CC=C1","-2.8","0.0","1","G1","210.232","2.752200000000001","61.54500000000003","16.0","2.0","0.0","2.0","3.0","78.0","2.0","0.0","0.0","2.0","34.14","93.54142575444176","2.278573274768037","451.2732551825604"
"F-958","2-acetamido-4-methylpentanoic acid","InChI=1S/C8H15NO3/c1-5(2)4-7(8(11)12)9-6(3)10/h5,7H,4H2,1-3H3,(H,9,10)(H,11,12)","WXNXCEHXYPACJF-UHFFFAOYSA-N","CC(=O)NC(CC(C)C)C(=O)O","-1.13","0.0","1","G1","173.21199999999996","0.6218000000000001","44.69550000000002","12.0","2.0","2.0","4.0","4.0","70.0","0.0","0.0","0.0","0.0","66.4","71.96098596449738","4.044711483745026","177.1417863019849"
"F-959","2-amino-3-(2-amino-3-hydroxy-3-oxopropyl)disulfanylpropanoic acid","InChI=1S/C6H12N2O4S2/c7-3(5(9)10)1-13-14-2-4(8)6(11)12/h3-4H,1-2,7-8H2,(H,9,10)(H,11,12)","LEVWYRKDKASIDU-UHFFFAOYSA-N","NC(CSSCC(N)C(=O)O)C(=O)O","-3.31","0.14500000000000002","2","G3","240.306","-0.8083999999999993","56.1384","14.0","6.0","4.0","8.0","7.0","82.0","0.0","0.0","0.0","0.0","126.64","88.80143683539772","3.4681793958511196","192.00818512452062"
"F-960","1-(2-methoxyphenyl)-N-[1-(2-methoxyphenyl)propan-2-yl]propan-2-amine","InChI=1S/C20H27NO2/c1-15(13-17-9-5-7-11-19(17)22-3)21-16(2)14-18-10-6-8-12-20(18)23-4/h5-12,15-16,21H,13-14H2,1-4H3","SKVZMKWCURTNKK-UHFFFAOYSA-N","COC1=C(CC(C)NC(C)CC2=C(OC)C=CC=C2)C=CC=C1","-2.0","0.0","1","G1","313.441","3.8556000000000026","95.45570000000006","23.0","3.0","1.0","3.0","8.0","124.0","2.0","0.0","0.0","2.0","30.49","139.1849868833557","1.928614586902295","558.5955981914075"
"F-961","Morphinan-6-alpha-ol, 3-(benzyloxy)-7,8-didehydro-4,5-alpha-epoxy-17-methyl-","InChI=1S/C24H25NO3/c1-25-12-11-24-17-8-9-19(26)23(24)28-22-20(27-14-15-5-3-2-4-6-15)10-7-16(21(22)24)13-18(17)25/h2-10,17-19,23,26H,11-14H2,1H3","RDJGWRFTDZZXSM-UHFFFAOYSA-N","CN1CCC23C4=C5C=CC(OCC6=CC=CC=C6)=C4OC2C(O)C=CC3C1C5","-2.22","0.0","1","G1","375.4680000000001","3.0715000000000012","106.68580000000007","28.0","4.0","1.0","4.0","3.0","144.0","2.0","1.0","4.0","6.0","41.93000000000001","164.93603293343227","1.4520691118503986","955.8226640711225"
"F-963","3-o-Ethylmorphine","InChI=1S/C19H23NO3/c1-3-22-15-7-4-11-10-13-12-5-6-14(21)18-19(12,8-9-20(13)2)16(11)17(15)23-18/h4-7,12-14,18,21H,3,8-10H2,1-2H3","OGDVEMNWJVYAJL-UHFFFAOYSA-N","CCOC1=C2OC3C(O)C=CC4C5CC(=C2C43CCN5C)C=C1","-0.82","0.0","1","G1","313.39700000000005","1.8912","87.08080000000004","23.0","4.0","1.0","4.0","2.0","122.0","1.0","1.0","4.0","5.0","41.93","136.24388084176485","1.7782656164724597","700.1002951306715"
"F-968","4-chloro-N-(4-chlorophenyl)sulfonylbenzenesulfonamide","InChI=1S/C12H9Cl2NO4S2/c13-9-1-5-11(6-2-9)20(16,17)15-21(18,19)12-7-3-10(14)4-8-12/h1-8,15H","ISLGMFCNZJGDTA-UHFFFAOYSA-N","O=S(=O)(NS(=O)(=O)C1=CC=C(Cl)C=C1)C1=CC=C(Cl)C=C1","-2.48","0.0","1","G1","366.24700000000007","2.6606000000000005","80.41130000000001","21.0","4.0","1.0","9.0","4.0","112.0","2.0","0.0","0.0","2.0","80.31","132.16644374776254","2.3499183916965287","771.6353691177206"
"F-969","4-amino-N-(4-methyl-1,3-thiazol-2-yl)benzenesulfonamide","InChI=1S/C10H11N3O2S2/c1-7-6-16-10(12-7)13-17(14,15)9-4-2-8(11)3-5-9/h2-6H,11H2,1H3,(H,12,13)","KJVQYDYPDFFJMP-UHFFFAOYSA-N","CC1=CSC(NS(=O)(=O)C2=CC=C(N)C=C2)=N1","-2.91","0.5575140237399115","3","G4","269.351","1.83452","68.5139","17.0","5.0","2.0","7.0","3.0","90.0","2.0","0.0","0.0","2.0","85.08","103.36397946435146","2.2767262836744524","617.2554968564319"
"F-971","(7,7-dimethyl-2-oxo-1-bicyclo[2.2.1]heptanyl)methanesulfonic acid","InChI=1S/C10H16O4S/c1-9(2)7-3-4-10(9,8(11)5-7)6-15(12,13)14/h7H,3-6H2,1-2H3,(H,12,13,14)","MIOPJNTWMNEORI-UHFFFAOYSA-N","CC1(C)C2CCC1(CS(=O)(=O)O)C(=O)C2","-0.3","0.0","1","G1","232.301","1.2695999999999998","54.97760000000003","15.0","3.0","1.0","5.0","2.0","86.0","0.0","2.0","2.0","2.0","71.44","89.80222586042495","2.4465142889215166","409.1383255762433"
"F-972","1-(3-methoxyphenyl)-~{N}-[1-(2-methoxyphenyl)propan-2-yl]propan-2-amine","InChI=1S/C20H27NO2/c1-15(12-17-8-7-10-19(14-17)22-3)21-16(2)13-18-9-5-6-11-20(18)23-4/h5-11,14-16,21H,12-13H2,1-4H3","HSNNLWPVPBKGQW-UHFFFAOYSA-N","COC1=CC=CC(CC(C)NC(C)CC2=C(OC)C=CC=C2)=C1","-3.0","0.0","1","G1","313.441","3.8556000000000026","95.45570000000006","23.0","3.0","1.0","3.0","8.0","124.0","2.0","0.0","0.0","2.0","30.49","139.18498688335563","1.8982886634006202","612.0955981914077"
"F-974","Dihydroneopine","InChI=1S/C18H23NO3/c1-19-8-7-18-11-4-5-13(20)17(18)22-16-14(21-2)6-3-10(15(16)18)9-12(11)19/h3,6,11-13,17,20H,4-5,7-9H2,1-2H3","RBOXVHNMENFORY-UHFFFAOYSA-N","COC1=C2OC3C(O)CCC4C5CC(=C2C43CCN5C)C=C1","-1.0","0.0","1","G1","301.3859999999999","1.7250999999999999","82.55780000000004","22.0","4.0","1.0","4.0","1.0","118.0","1.0","2.0","4.0","5.0","41.93","130.5685417595525","1.7951472054856976","645.4645937682619"
"F-976","2-(ethylsulfanylcarbothioylamino)butanedioic acid","InChI=1S/C7H11NO4S2/c1-2-14-7(13)8-4(6(11)12)3-5(9)10/h4H,2-3H2,1H3,(H,8,13)(H,9,10)(H,11,12)","KKUMBCQWVRPGMH-UHFFFAOYSA-N","CCSC(=S)NC(CC(=O)O)C(=O)O","-1.38","0.0","1","G1","237.302","0.5419","57.54230000000001","14.0","4.0","3.0","7.0","5.0","80.0","0.0","0.0","0.0","0.0","86.63000000000001","90.87216787486695","4.156857495504796","243.8442939431395"
"F-977","2,5-dihydroxy-2-methyl-5-propan-2-ylhexanedioic acid","InChI=1S/C10H18O6/c1-6(2)10(16,8(13)14)5-4-9(3,15)7(11)12/h6,15-16H,4-5H2,1-3H3,(H,11,12)(H,13,14)","QNWYCJHWPFCTIO-UHFFFAOYSA-N","CC(C)C(O)(CCC(C)(O)C(=O)O)C(=O)O","-1.69","0.0","1","G1","234.248","0.07389999999999997","54.91720000000003","16.0","4.0","4.0","6.0","6.0","94.0","0.0","0.0","0.0","0.0","115.06000000000002","93.52370926627061","4.704210119631464","283.0338417641986"
"F-978","2-(1-hydroxy-1-oxopropan-2-yl)sulfanylcarbothioylsulfanylpropanoic acid","InChI=1S/C7H10O4S3/c1-3(5(8)9)13-7(12)14-4(2)6(10)11/h3-4H,1-2H3,(H,8,9)(H,10,11)","WJSJKNCWBHCYME-UHFFFAOYSA-N","CC(SC(=S)SC(C)C(=O)O)C(=O)O","-1.41","0.0","1","G1","254.35399999999998","1.6838999999999997","61.975600000000014","14.0","5.0","2.0","7.0","4.0","80.0","0.0","0.0","0.0","0.0","74.6","95.44541571662414","3.9871709612066386","229.31946229557659"
"F-979","4-(Carboxysulfanyl)-3-phenylbutanoic acid","InChI=1S/C11H12O4S/c12-10(13)6-9(7-16-11(14)15)8-4-2-1-3-5-8/h1-5,9H,6-7H2,(H,12,13)(H,14,15)","FQHVIHWJMQMKMB-UHFFFAOYSA-N","O=C(O)CC(CSC(=O)O)C1=CC=CC=C1","-1.24","0.0","1","G1","240.28000000000003","2.6561000000000012","61.918600000000026","16.0","3.0","2.0","5.0","5.0","86.0","1.0","0.0","0.0","1.0","74.6","97.29073542132484","2.7073858647999223","363.50712889220523"
"F-980","2-(2-methyl-5-nitroimidazol-1-yl)ethanol","InChI=1S/C6H9N3O3/c1-5-7-4-6(9(11)12)8(5)2-3-10/h4,10H,2-3H2,1H3","VAOCPAMSLUNLGC-UHFFFAOYSA-N","CC1=NC=C(N1CCO)[N+](=O)[O-]","-1.21","0.030524037658868172","4","G5","171.15599999999998","0.09201999999999982","40.704200000000014","12.0","5.0","1.0","6.0","3.0","66.0","1.0","0.0","0.0","1.0","81.19","68.61221882593873","3.032858934158134","294.2284590462867"
"F-981","6-chloro-N'-ethyl-N-propan-2-yl-1,3,5-triazine-2,4-diamine","InChI=1S/C8H14ClN5/c1-4-10-7-12-6(9)13-8(14-7)11-5(2)3/h5H,4H2,1-3H3,(H2,10,11,12,13,14)","MXWJVTOOROXGIU-UHFFFAOYSA-N","CCNC1=NC(Cl)=NC(NC(C)C)=N1","-3.76","0.14272175976839616","5","G5","215.68800000000002","1.7770999999999997","57.75940000000002","14.0","5.0","2.0","6.0","4.0","78.0","1.0","0.0","0.0","1.0","62.730000000000004","88.3180482284173","2.831956367804246","301.78315486014867"
"F-982","Benzil dioxime","InChI=1S/C14H12N2O2/c17-15-13(11-7-3-1-4-8-11)14(16-18)12-9-5-2-6-10-12/h1-10,17-18H","JJZONEUCDUQVGR-UHFFFAOYSA-N","ON=C(C1=CC=CC=C1)C(=NO)C1=CC=CC=C1","-5.9","0.0","1","G1","240.262","2.743400000000001","69.53100000000003","18.0","4.0","2.0","4.0","3.0","90.0","2.0","0.0","0.0","2.0","65.18","104.50557102942244","2.4549168037639224","509.3625673655634"
"F-985","7-(3-aminoazetidin-1-yl)-1-cyclopropyl-6-fluoro-4-oxoquinoline-3-carboxylic acid","InChI=1S/C16H16FN3O3/c17-12-3-10-13(4-14(12)19-5-8(18)6-19)20(9-1-2-9)7-11(15(10)21)16(22)23/h3-4,7-9H,1-2,5-6,18H2,(H,22,23)","CTJMNBROBOZHAP-UHFFFAOYSA-N","NC1CN(C2=CC3=C(C=C2F)C(=O)C(C(=O)O)=CN3C2CC2)C1","-5.32","0.0","1","G1","317.32000000000005","1.3209999999999997","83.58470000000003","23.0","5.0","2.0","7.0","3.0","120.0","2.0","2.0","2.0","4.0","88.56","130.46815733491766","1.9645465736520993","882.2499501701311"
"F-986","1-cyclopropyl-6-fluoro-7-(3-methylaminoazetidin-1-yl)-4-oxoquinoline-3-carboxylic acid","InChI=1S/C17H18FN3O3/c1-19-9-6-20(7-9)15-5-14-11(4-13(15)18)16(22)12(17(23)24)8-21(14)10-2-3-10/h4-5,8-10,19H,2-3,6-7H2,1H3,(H,23,24)","XDLPWPNVUPKKSN-UHFFFAOYSA-N","CNC1CN(C2=CC3=C(C=C2F)C(=O)C(C(=O)O)=CN3C2CC2)C1","-5.41","0.0","1","G1","331.3470000000001","1.5816999999999997","88.45700000000002","24.0","5.0","2.0","7.0","4.0","126.0","2.0","2.0","2.0","4.0","74.57","137.0430709359096","1.8955391711345337","898.0694016866089"
"F-987","7-(3-amino-3-methylazetidin-1-yl)-1-cyclopropyl-6-fluoro-4-oxoquinoline-3-carboxylic acid","InChI=1S/C17H18FN3O3/c1-17(19)7-20(8-17)14-5-13-10(4-12(14)18)15(22)11(16(23)24)6-21(13)9-2-3-9/h4-6,9H,2-3,7-8,19H2,1H3,(H,23,24)","UAYYWDWWESZIPA-UHFFFAOYSA-N","CC1(N)CN(C2=CC3=C(C=C2F)C(=O)C(C(=O)O)=CN3C2CC2)C1","-5.62","0.0","1","G1","331.3470000000001","1.7110999999999998","88.20170000000002","24.0","5.0","2.0","7.0","3.0","126.0","2.0","2.0","2.0","4.0","88.56","136.8330994493143","1.9279943214753126","922.8031789984489"
"F-988","7-(3-amino-3-methylazetidin-1-yl)-8-chloro-1-cyclopropyl-6-fluoro-4-oxoquinoline-3-carboxylic acid","InChI=1S/C17H17ClFN3O3/c1-17(20)6-21(7-17)14-11(19)4-9-13(12(14)18)22(8-2-3-8)5-10(15(9)23)16(24)25/h4-5,8H,2-3,6-7,20H2,1H3,(H,24,25)","DUNZFXZSFJLIKR-UHFFFAOYSA-N","CC1(N)CN(C2=C(Cl)C3=C(C=C2F)C(=O)C(C(=O)O)=CN3C2CC2)C1","-5.33","0.0","1","G1","365.7920000000001","2.3645000000000005","93.21170000000002","25.0","5.0","2.0","8.0","3.0","132.0","2.0","2.0","2.0","4.0","88.56","147.13636567619596","2.001397573121141","973.4875088520494"
"F-989","5-amino-7-(3-amino-3-methylazetidin-1-yl)-1-cyclopropyl-6,8-difluoro-4-oxoquinoline-3-carboxylic acid","InChI=1S/C17H18F2N4O3/c1-17(21)5-22(6-17)14-10(18)12(20)9-13(11(14)19)23(7-2-3-7)4-8(15(9)24)16(25)26/h4,7H,2-3,5-6,20-21H2,1H3,(H,25,26)","WXMYDHQMJVPNTD-UHFFFAOYSA-N","CC1(N)CN(C2=C(F)C3=C(C(=O)C(C(=O)O)=CN3C3CC3)C(N)=C2F)C1","-4.38","0.0","1","G1","364.35200000000015","1.4324000000000001","92.57210000000003","26.0","6.0","3.0","9.0","3.0","138.0","2.0","2.0","2.0","4.0","114.58","146.33852554925323","2.067858121955095","1019.3106617541799"
"F-990","N-(phenylmethyl)-7H-purin-6-amine","InChI=1S/C12H11N5/c1-2-4-9(5-3-1)6-13-11-10-12(15-7-14-10)17-8-16-11/h1-5,7-8H,6H2,(H2,13,14,15,16,17)","NWBJYWHLCVSVIJ-UHFFFAOYSA-N","C1=CC=C(CNC2=NC=NC3=C2N=CN3)C=C1","-3.6","0.012750000000000039","2","G3","225.25500000000002","1.9649999999999994","65.45240000000001","17.0","4.0","2.0","5.0","3.0","84.0","3.0","0.0","0.0","3.0","66.49000000000001","97.95307051915469","1.8350329198169362","616.8870873053712"
"F-991","7-(3-aminoazetidin-1-yl)-1-cyclopropyl-6,8-difluoro-4-oxoquinoline-3-carboxylic acid","InChI=1S/C16H15F2N3O3/c17-11-3-9-13(12(18)14(11)20-4-7(19)5-20)21(8-1-2-8)6-10(15(9)22)16(23)24/h3,6-8H,1-2,4-5,19H2,(H,23,24)","IKZBNCORGKYEDZ-UHFFFAOYSA-N","NC1CN(C2=C(F)C3=C(C=C2F)C(=O)C(C(=O)O)=CN3C2CC2)C1","-5.27","0.0","1","G1","335.3100000000001","1.4601","83.54270000000002","24.0","5.0","2.0","8.0","3.0","126.0","2.0","2.0","2.0","4.0","88.56","134.63369273784392","2.037331460979619","930.5351597975413"
"F-992","N-(furan-2-ylmethyl)-7H-purin-6-amine","InChI=1S/C10H9N5O/c1-2-7(16-3-1)4-11-9-8-10(13-5-12-8)15-6-14-9/h1-3,5-6H,4H2,(H2,11,12,13,14,15)","QANMHLXAZMSUEX-UHFFFAOYSA-N","C1=COC(CNC2=NC=NC3=C2N=CN3)=C1","-3.95","0.0","1","G1","215.216","1.5579999999999996","57.71840000000002","16.0","5.0","2.0","6.0","3.0","80.0","3.0","0.0","0.0","3.0","79.63","90.74739978323151","1.8609258364659542","586.0665899415604"
"F-993","7-(3-amino-3-methylazetidin-1-yl)-1-cyclopropyl-6,8-difluoro-4-oxoquinoline-3-carboxylic acid","InChI=1S/C17H17F2N3O3/c1-17(20)6-21(7-17)14-11(18)4-9-13(12(14)19)22(8-2-3-8)5-10(15(9)23)16(24)25/h4-5,8H,2-3,6-7,20H2,1H3,(H,24,25)","FEMZVDSBIXDODB-UHFFFAOYSA-N","CC1(N)CN(C2=C(F)C3=C(C=C2F)C(=O)C(C(=O)O)=CN3C2CC2)C1","-5.64","0.0","1","G1","349.3370000000001","1.8502","88.15970000000002","25.0","5.0","2.0","8.0","3.0","132.0","2.0","2.0","2.0","4.0","88.56","140.9986348522405","2.001397573121141","971.4875088520494"
"F-994","1-cyclopropyl-6,8-difluoro-7-(3-methylaminoazetidin-1-yl)-4-oxoquinoline-3-carboxylic acid","InChI=1S/C17H17F2N3O3/c1-20-8-5-21(6-8)15-12(18)4-10-14(13(15)19)22(9-2-3-9)7-11(16(10)23)17(24)25/h4,7-9,20H,2-3,5-6H2,1H3,(H,24,25)","QSNYNWOQOIJCFV-UHFFFAOYSA-N","CNC1CN(C2=C(F)C3=C(C=C2F)C(=O)C(C(=O)O)=CN3C2CC2)C1","-5.31","0.0","1","G1","349.3370000000001","1.7207999999999999","88.41500000000002","25.0","5.0","2.0","8.0","4.0","132.0","2.0","2.0","2.0","4.0","74.57","141.20860633883584","1.9688466703673233","946.5292194514634"
"F-995","5-ethyl-8-oxo-[1,3]dioxolo[4,5-g]quinoline-7-carboxylic acid","InChI=1S/C13H11NO5/c1-2-14-5-8(13(16)17)12(15)7-3-10-11(4-9(7)14)19-6-18-10/h3-5H,2,6H2,1H3,(H,16,17)","KYGZCKSPAKDVKC-UHFFFAOYSA-N","CCN1C=C(C(=O)O)C(=O)C2=C1C=C1OCOC1=C2","-4.38","0.26595000000000013","2","G3","261.23299999999995","1.4483000000000001","66.96430000000002","19.0","5.0","1.0","6.0","2.0","98.0","2.0","0.0","1.0","3.0","77.76","107.34099283412854","2.4291003376651457","746.7624788594738"
"F-996","propan-2-yl 2-(6-methoxynaphthalen-2-yl)propanoate","InChI=1S/C17H20O3/c1-11(2)20-17(18)12(3)13-5-6-15-10-16(19-4)8-7-14(15)9-13/h5-12H,1-4H3","KABDXMXJNHRMMO-UHFFFAOYSA-N","COC1=CC=C2C=C(C(C)C(=O)OC(C)C)C=CC2=C1","-5.48","0.0","1","G1","272.344","3.903500000000003","80.14300000000004","20.0","3.0","0.0","3.0","4.0","106.0","2.0","0.0","0.0","2.0","35.53","119.05627501106595","2.292195189286471","616.6612679803243"
"F-998","ethyl 5-(benzoyl)-2,3-dihydro-1H-pyrrolizine-1-carboxylate","InChI=1S/C17H17NO3/c1-2-21-17(20)13-10-11-18-14(13)8-9-15(18)16(19)12-6-4-3-5-7-12/h3-9,13H,2,10-11H2,1H3","ZXHMVDVCMQIUCB-UHFFFAOYSA-N","CCOC(=O)C1CCN2C(C(=O)C3=CC=CC=C3)=CC=C12","-4.2","0.0","1","G1","283.327","2.7695000000000016","78.29750000000004","21.0","4.0","0.0","4.0","4.0","108.0","2.0","0.0","1.0","3.0","48.3","122.89298231001207","1.8989274763280992","672.5985969920165"
"F-999","6-methoxy-3,3,12-trimethylchromeno[5,6-b][1,8]naphthyridin-7-one","InChI=1S/C19H18N2O3/c1-19(2)8-7-11-13(24-19)10-14(23-4)15-16(11)21(3)18-12(17(15)22)6-5-9-20-18/h5-10H,1-4H3","ZATMUICSCHNCFK-UHFFFAOYSA-N","COC1=CC2=C(C=CC(C)(C)O2)C2=C1C(=O)C1=C(N=CC=C1)N2C","-3.96","0.0","1","G1","322.364","3.2795000000000014","94.78300000000003","24.0","5.0","0.0","5.0","1.0","122.0","3.0","0.0","1.0","4.0","53.35","138.691772805576","2.26222236384949","1077.585146741672"
"F-1001","5,6-dihydroxy-5,6-dihydrobenzo[b][1]benzazepine-11-carboxamide","InChI=1S/C15H14N2O3/c16-15(20)17-11-7-3-1-5-9(11)13(18)14(19)10-6-2-4-8-12(10)17/h1-8,13-14,18-19H,(H2,16,20)","PRGQOPPDPVELEG-UHFFFAOYSA-N","NC(=O)N1C2=C(C=CC=C2)C(O)C(O)C2=C1C=CC=C2","-2.03","0.0","1","G1","270.288","1.9838","74.52600000000001","20.0","3.0","3.0","5.0","0.0","102.0","2.0","0.0","1.0","3.0","86.79","115.42720648687349","2.3344933712663583","620.1731313518729"
"F-1002","6-O-(Octylcarbamoyl)hexopyranose","InChI=1S/C15H29NO7/c1-2-3-4-5-6-7-8-16-15(21)22-9-10-11(17)12(18)13(19)14(20)23-10/h10-14,17-20H,2-9H2,1H3,(H,16,21)","YJWKUPNGVMEPLO-UHFFFAOYSA-N","CCCCCCCCNC(=O)OCC1OC(O)C(O)C(O)C1O","-2.35","0.0","1","G1","335.397","-0.12700000000000022","81.62690000000003","23.0","7.0","5.0","8.0","9.0","136.0","0.0","1.0","1.0","1.0","128.48000000000002","135.95801922730246","2.131426499285343","341.78708160078025"
"F-1003","(3,4,5,6-tetrahydroxyoxan-2-yl)methyl-n-nonylcarbamate","InChI=1S/C16H31NO7/c1-2-3-4-5-6-7-8-9-17-16(22)23-10-11-12(18)13(19)14(20)15(21)24-11/h11-15,18-21H,2-10H2,1H3,(H,17,22)","IISXZSRCIXGFGN-UHFFFAOYSA-N","CCCCCCCCCNC(=O)OCC1OC(O)C(O)C(O)C1O","-2.96","0.0","1","G1","349.42400000000004","0.2630999999999993","86.24390000000004","24.0","7.0","5.0","8.0","10.0","142.0","0.0","1.0","1.0","1.0","128.48000000000002","142.32296134169906","2.0895668285612423","355.3176274405624"
"F-1004","6-O-(Decylcarbamoyl)hexopyranose","InChI=1S/C17H33NO7/c1-2-3-4-5-6-7-8-9-10-18-17(23)24-11-12-13(19)14(20)15(21)16(22)25-12/h12-16,19-22H,2-11H2,1H3,(H,18,23)","WPJAMBGJTQMVNM-UHFFFAOYSA-N","CCCCCCCCCCNC(=O)OCC1OC(O)C(O)C(O)C1O","-3.56","0.0","1","G1","363.451","0.6531999999999996","90.86090000000004","25.0","7.0","5.0","8.0","11.0","148.0","0.0","1.0","1.0","1.0","128.48000000000002","148.68790345609568","2.0514169645913114","368.90552519373233"
"F-1005","8-methyl-2-morpholin-4-yl-7-phenylmethoxychromen-4-one","InChI=1S/C21H21NO4/c1-15-19(25-14-16-5-3-2-4-6-16)8-7-17-18(23)13-20(26-21(15)17)22-9-11-24-12-10-22/h2-8,13H,9-12,14H2,1H3","LAXBVILKGSPZJK-UHFFFAOYSA-N","CC1=C(OCC2=CC=CC=C2)C=CC2=C1OC(N1CCOCC1)=CC2=O","-5.16","0.0","1","G1","351.40200000000016","3.5170200000000023","101.02700000000006","26.0","5.0","0.0","5.0","4.0","134.0","3.0","1.0","1.0","4.0","51.910000000000004","151.30724644341657","1.6723520053530232","958.9021753412998"
"F-1006","8-methyl-2-morpholin-4-yl-7-(pyridin-2-ylmethoxy)chromen-4-one","InChI=1S/C20H20N2O4/c1-14-18(25-13-15-4-2-3-7-21-15)6-5-16-17(23)12-19(26-20(14)16)22-8-10-24-11-9-22/h2-7,12H,8-11,13H2,1H3","SHVXZNHKNBYMCJ-UHFFFAOYSA-N","CC1=C(OCC2=CC=CC=N2)C=CC2=C1OC(N1CCOCC1)=CC2=O","-4.45","0.0","1","G1","352.39000000000016","2.912020000000001","98.82200000000006","26.0","6.0","0.0","6.0","4.0","134.0","3.0","1.0","1.0","4.0","64.80000000000001","150.5268944243631","1.6723520053530232","962.7022793219064"
"F-1010","3,3-diethyl-1-(hydroxymethyl)piperidine-2,6-dione","InChI=1S/C10H17NO3/c1-3-10(4-2)6-5-8(13)11(7-12)9(10)14/h12H,3-7H2,1-2H3","VTHAGPOYEBHLQJ-UHFFFAOYSA-N","CCC1(CC)CCC(=O)N(CO)C1=O","-3.96","0.0","1","G1","199.24999999999997","0.8916","51.18780000000003","14.0","3.0","1.0","4.0","3.0","80.0","0.0","1.0","1.0","1.0","57.61000000000001","83.89501052635674","2.9257536519350036","245.75166580110624"
"F-1011","5,5-diethyl-1-(hydroxymethyl)-1,3-diazinane-2,4,6-trione","InChI=1S/C9H14N2O4/c1-3-9(4-2)6(13)10-8(15)11(5-12)7(9)14/h12H,3-5H2,1-2H3,(H,10,13,15)","BKEFNWSKNHGAMA-UHFFFAOYSA-N","CCC1(CC)C(=O)NC(=O)N(CO)C1=O","-3.93","0.0","1","G1","214.22099999999998","-0.17899999999999994","50.48550000000002","15.0","4.0","2.0","6.0","3.0","84.0","0.0","1.0","1.0","1.0","86.71000000000001","87.24145269561193","3.122517342317562","309.2342051651333"
"F-1012","2-[2-(2-aminopurin-9-yl)ethyl]propane-1,3-diol","InChI=1S/C10H15N5O2/c11-10-12-3-8-9(14-10)15(6-13-8)2-1-7(4-16)5-17/h3,6-7,16-17H,1-2,4-5H2,(H2,11,12,14)","WJOWACPJSFGNRM-UHFFFAOYSA-N","NC1=NC2=C(C=N1)N=CN2CCC(CO)CO","-0.3","0.0","1","G1","237.26299999999995","-0.6006000000000002","62.014000000000024","17.0","7.0","3.0","7.0","5.0","92.0","2.0","0.0","0.0","2.0","110.08000000000001","97.94421227506912","2.15511014948993","494.4019561609716"
"F-1013","8-(4-hydroxybutyl)-4H-thieno[3,2-c][1]benzoxepin-10-one","InChI=1S/C16H16O3S/c17-7-2-1-3-11-4-5-14-13(9-11)15(18)16-12(10-19-14)6-8-20-16/h4-6,8-9,17H,1-3,7,10H2","IPHKVWAKDXKJRE-UHFFFAOYSA-N","O=C1C2=C(C=CC(CCCCO)=C2)OCC2=C1SC=C2","-3.92","0.0","1","G1","288.36799999999994","3.1865000000000014","78.54930000000003","20.0","4.0","1.0","4.0","4.0","104.0","2.0","0.0","1.0","3.0","46.53","121.3819832105696","1.9057015899383014","630.4022644008302"
"F-1015","N-naphthalen-2-yl-2-sulfanylacetamide","InChI=1S/C12H11NOS/c14-12(8-15)13-11-6-5-9-3-1-2-4-10(9)7-11/h1-7,15H,8H2,(H,13,14)","SGMHGVVTMOGJMX-UHFFFAOYSA-N","O=C(CS)NC1=CC=C2C=CC=CC2=C1","-3.34","0.0","1","G1","217.293","2.708100000000001","66.43070000000003","15.0","2.0","2.0","3.0","2.0","76.0","2.0","0.0","0.0","2.0","29.1","93.70940282707893","2.3428308374003253","495.7010308012036"
"F-1017","5,5-di(ethenyl)-1,3-diazinane-2,4,6-trione","InChI=1S/C8H8N2O3/c1-3-8(4-2)5(11)9-7(13)10-6(8)12/h3-4H,1-2H2,(H2,9,10,11,12,13)","HHIKNUPAMVGRFX-UHFFFAOYSA-N","C=CC1(C=C)C(=O)NC(=O)NC1=O","-2.06","0.0","1","G1","180.163","-0.28920000000000007","44.5084","13.0","3.0","2.0","5.0","2.0","68.0","0.0","1.0","1.0","1.0","75.27000000000001","74.49309927805545","3.1500737167308075","289.35082883367073"
"F-1019","5-ethenyl-5-propan-2-yl-1,3-diazinane-2,4,6-trione","InChI=1S/C9H12N2O3/c1-4-9(5(2)3)6(12)10-8(14)11-7(9)13/h4-5H,1H2,2-3H3,(H2,10,11,12,13,14)","LUYJWKADMMYBRD-UHFFFAOYSA-N","C=CC1(C(C)C)C(=O)NC(=O)NC1=O","-1.71","0.0","1","G1","196.206","0.18079999999999996","49.149400000000014","14.0","3.0","2.0","5.0","2.0","76.0","0.0","1.0","1.0","1.0","75.27000000000001","81.54764442463632","3.1707977044488684","300.01875639366216"
"F-1020","5-ethenyl-5-(2-methylpropyl)-1,3-diazinane-2,4,6-trione","InChI=1S/C10H14N2O3/c1-4-10(5-6(2)3)7(13)11-9(15)12-8(10)14/h4,6H,1,5H2,2-3H3,(H2,11,12,13,14,15)","QCIGGTDJLCAYJE-UHFFFAOYSA-N","C=CC1(CC(C)C)C(=O)NC(=O)NC1=O","-2.12","0.0","1","G1","210.23299999999998","0.5709000000000001","53.76640000000002","15.0","3.0","2.0","5.0","3.0","82.0","0.0","1.0","1.0","1.0","75.27000000000001","87.91258653903294","3.0493721359977797","313.5592023607486"
"F-1023","[2,5-dioxo-4,4-di(phenyl)imidazolidin-1-yl]methyl butanoate","InChI=1S/C20H20N2O4/c1-2-9-17(23)26-14-22-18(24)20(21-19(22)25,15-10-5-3-6-11-15)16-12-7-4-8-13-16/h3-8,10-13H,2,9,14H2,1H3,(H,21,25)","UPQWMVAELITTGQ-UHFFFAOYSA-N","CCCC(=O)OCN1C(=O)NC(C2=CC=CC=C2)(C2=CC=CC=C2)C1=O","-4.68","0.19500000000000028","2","G3","352.3900000000001","2.782800000000001","94.90870000000004","26.0","4.0","1.0","6.0","6.0","134.0","2.0","1.0","1.0","3.0","75.71000000000001","151.31001047065425","1.9726963174135679","765.575598585974"
"F-1026","4-amino-1-[5-(hydroxymethyl)oxolan-2-yl]pyrimidin-2-one","InChI=1S/C9H13N3O3/c10-7-3-4-12(9(14)11-7)8-2-1-6(5-13)15-8/h3-4,6,8,13H,1-2,5H2,(H2,10,11,14)","WREGKURFCTUGRC-UHFFFAOYSA-N","NC1=NC(=O)N(C2CCC(CO)O2)C=C1","-0.43","0.0","1","G1","211.221","-0.5046000000000006","53.139200000000024","15.0","6.0","2.0","6.0","2.0","82.0","1.0","1.0","1.0","2.0","90.37","86.30874176519849","2.204299752254942","403.8341971708258"
"F-1027","(5-acetyloxy-11-carbamoyl-5,6-dihydrobenzo[b][1]benzazepin-6-yl) acetate","InChI=1S/C19H18N2O5/c1-11(22)25-17-13-7-3-5-9-15(13)21(19(20)24)16-10-6-4-8-14(16)18(17)26-12(2)23/h3-10,17-18H,1-2H3,(H2,20,24)","CNDFAKHFJQFHGA-UHFFFAOYSA-N","CC(=O)OC1C2=C(C=CC=C2)N(C(N)=O)C2=C(C=CC=C2)C1OC(C)=O","-3.55","0.0","1","G1","354.3620000000001","3.1254000000000017","93.62040000000005","26.0","5.0","1.0","7.0","2.0","134.0","2.0","0.0","1.0","3.0","98.93","149.84864209916918","2.3227643978705865","814.2381311931273"
"F-1028","Methyl N-(dichloroacetyl)threoninate","InChI=1S/C7H11Cl2NO4/c1-3(11)4(7(13)14-2)10-6(12)5(8)9/h3-5,11H,1-2H3,(H,10,12)","VYWGNEZPNSBOSA-UHFFFAOYSA-N","COC(=O)C(NC(=O)C(Cl)Cl)C(C)O","-0.62","0.0","1","G1","244.074","-0.17129999999999995","51.121500000000026","14.0","4.0","2.0","7.0","4.0","82.0","0.0","0.0","0.0","0.0","75.63","91.316121533371","4.384119235162838","219.73533443302583"
"F-1029","2-[(2,2-dichloroacetyl)amino]-3-hydroxypropanoic acid","InChI=1S/C5H7Cl2NO4/c6-3(7)4(10)8-2(1-9)5(11)12/h2-3,9H,1H2,(H,8,10)(H,11,12)","POBGWTZPKSVJFM-UHFFFAOYSA-N","O=C(NC(CO)C(=O)O)C(Cl)Cl","-0.03","0.0","1","G1","216.02","-0.6481999999999994","42.14630000000001","12.0","3.0","3.0","7.0","4.0","70.0","0.0","0.0","0.0","0.0","86.63000000000001","78.26692582726692","4.031533536861353","184.28703332971156"
"F-1053","ethyl 2-(6-methoxynaphthalen-2-yl)propanoate","InChI=1S/C16H18O3/c1-4-19-16(17)11(2)12-5-6-14-10-15(18-3)8-7-13(14)9-12/h5-11H,4H2,1-3H3","URNAYRDBUUZOIU-UHFFFAOYSA-N","CCOC(=O)C(C)C1=CC2=CC=C(OC)C=C2C=C1","-5.24","0.04499999999999993","2","G3","258.31699999999995","3.5150000000000023","75.54800000000004","19.0","3.0","0.0","3.0","4.0","100.0","2.0","0.0","0.0","2.0","35.53","112.69133289666935","2.334285128814113","589.5637814598563"
"F-1054","propyl 2-(6-methoxynaphthalen-2-yl)propanoate","InChI=1S/C17H20O3/c1-4-9-20-17(18)12(2)13-5-6-15-11-16(19-3)8-7-14(15)10-13/h5-8,10-12H,4,9H2,1-3H3","ROGSRAKQDLOYRS-UHFFFAOYSA-N","CCCOC(=O)C(C)C1=CC2=CC=C(OC)C=C2C=C1","-5.82","0.0","1","G1","272.344","3.9051000000000027","80.16500000000005","20.0","3.0","0.0","3.0","5.0","106.0","2.0","0.0","0.0","2.0","35.53","119.05627501106596","2.2464486291218235","604.2066477720339"
"F-1055","butyl 2-(6-methoxynaphthalen-2-yl)propanoate","InChI=1S/C18H22O3/c1-4-5-10-21-18(19)13(2)14-6-7-16-12-17(20-3)9-8-15(16)11-14/h6-9,11-13H,4-5,10H2,1-3H3","VIKFUEUFSFCFQU-UHFFFAOYSA-N","CCCCOC(=O)C(C)C1=CC=C2C=C(OC)C=CC2=C1","-7.53","0.0","1","G1","286.371","4.295200000000004","84.78200000000005","21.0","3.0","0.0","3.0","6.0","112.0","2.0","0.0","0.0","2.0","35.53","125.42121712546258","2.158171091746875","618.8895902362252"
"F-1056","2-hydroxyethyl 2-(6-methoxynaphthalen-2-yl)propanoate","InChI=1S/C16H18O4/c1-11(16(18)20-8-7-17)12-3-4-14-10-15(19-2)6-5-13(14)9-12/h3-6,9-11,17H,7-8H2,1-2H3","NYYKRAQUHNVACN-UHFFFAOYSA-N","COC1=CC=C2C=C(C(C)C(=O)OCCO)C=CC2=C1","-3.33","0.0","1","G1","274.316","2.487400000000001","76.95980000000003","20.0","4.0","1.0","4.0","5.0","106.0","2.0","0.0","0.0","2.0","55.760000000000005","117.48556664886537","2.246448629121824","606.4484035754531"
"F-1057","tert-butyl 2-(6-methoxynaphthalen-2-yl)propanoate","InChI=1S/C18H22O3/c1-12(17(19)21-18(2,3)4)13-6-7-15-11-16(20-5)9-8-14(15)10-13/h6-12H,1-5H3","OZUYETORLLRCHB-UHFFFAOYSA-N","COC1=CC2=C(C=C1)C=C(C(C)C(=O)OC(C)(C)C)C=C2","-6.5","0.0","1","G1","286.371","4.293600000000003","84.76000000000005","21.0","3.0","0.0","3.0","3.0","112.0","2.0","0.0","0.0","2.0","35.53","125.42121712546258","2.278401160563793","653.0512926730954"
"F-1058","pentyl 2-(6-methoxynaphthalen-2-yl)propanoate","InChI=1S/C19H24O3/c1-4-5-6-11-22-19(20)14(2)15-7-8-17-13-18(21-3)10-9-16(17)12-15/h7-10,12-14H,4-6,11H2,1-3H3","ZSKRRGUHVPMYFX-UHFFFAOYSA-N","CCCCCOC(=O)C(C)C1=CC2=CC=C(OC)C=C2C=C1","-6.97","0.0","1","G1","300.398","4.685300000000004","89.39900000000007","22.0","3.0","0.0","3.0","7.0","118.0","2.0","0.0","0.0","2.0","35.53","131.7861592398592","2.0731956129828286","633.6129424224306"
"F-1059","2-hydroxypropyl 2-(6-methoxynaphthalen-2-yl)propanoate","InChI=1S/C17H20O4/c1-11(18)10-21-17(19)12(2)13-4-5-15-9-16(20-3)7-6-14(15)8-13/h4-9,11-12,18H,10H2,1-3H3","WHWFYEKLPWVBFT-UHFFFAOYSA-N","COC1=CC=C2C=C(C(C)C(=O)OCC(C)O)C=CC2=C1","-3.31","0.0","1","G1","288.34299999999996","2.8759000000000015","81.55480000000004","21.0","4.0","1.0","4.0","5.0","112.0","2.0","0.0","0.0","2.0","55.760000000000005","123.85050876326197","2.196246882484603","633.7227546470999"
"F-1060","3-hydroxypropyl 2-(6-methoxynaphthalen-2-yl)propanoate","InChI=1S/C17H20O4/c1-12(17(19)21-9-3-8-18)13-4-5-15-11-16(20-2)7-6-14(15)10-13/h4-7,10-12,18H,3,8-9H2,1-2H3","IKMOTDIWFIROFO-UHFFFAOYSA-N","COC1=CC2=CC=C(C(C)C(=O)OCCCO)C=C2C=C1","-3.4","0.0","1","G1","288.34299999999996","2.8775000000000013","81.57680000000005","21.0","4.0","1.0","4.0","6.0","112.0","2.0","0.0","0.0","2.0","55.760000000000005","123.85050876326198","2.1581710917468757","621.2162594630944"
"F-1061","hexyl 2-(6-methoxynaphthalen-2-yl)propanoate","InChI=1S/C20H26O3/c1-4-5-6-7-12-23-20(21)15(2)16-8-9-18-14-19(22-3)11-10-17(18)13-16/h8-11,13-15H,4-7,12H2,1-3H3","GNEPOIGFRNMTBQ-UHFFFAOYSA-N","CCCCCCOC(=O)C(C)C1=CC=C2C=C(OC)C=CC2=C1","-7.54","0.0","1","G1","314.42500000000007","5.075400000000005","94.01600000000006","23.0","3.0","0.0","3.0","8.0","124.0","2.0","0.0","0.0","2.0","35.53","138.15110135425576","1.9935040606640273","648.3768866086474"
"F-1062","heptyl 2-(6-methoxynaphthalen-2-yl)propanoate","InChI=1S/C21H28O3/c1-4-5-6-7-8-13-24-21(22)16(2)17-9-10-19-15-20(23-3)12-11-18(19)14-17/h9-12,14-16H,4-8,13H2,1-3H3","CQWOVBUUCZQIOK-UHFFFAOYSA-N","CCCCCCCOC(=O)C(C)C1=CC=C2C=C(OC)C=CC2=C1","-7.12","0.0","1","G1","328.45200000000006","5.465500000000006","98.63300000000007","24.0","3.0","0.0","3.0","9.0","130.0","2.0","0.0","0.0","2.0","35.53","144.51604346865236","1.9199712611117572","663.1814859639838"
"F-1063","2-oxopropyl 2-(6-methoxynaphthalen-2-yl)propanoate","InChI=1S/C17H18O4/c1-11(18)10-21-17(19)12(2)13-4-5-15-9-16(20-3)7-6-14(15)8-13/h4-9,12H,10H2,1-3H3","IDXDYIBZJCWLPS-UHFFFAOYSA-N","COC1=CC=C2C=C(C(C)C(=O)OCC(C)=O)C=CC2=C1","-4.65","0.0","1","G1","286.32699999999994","3.084100000000001","80.55500000000004","21.0","4.0","0.0","4.0","5.0","110.0","2.0","0.0","0.0","2.0","52.6","123.21779711110973","2.214435928190299","675.5444853405209"
"F-1064","hex-3-ynyl 2-(6-methoxynaphthalen-2-yl)propanoate","InChI=1S/C20H22O3/c1-4-5-6-7-12-23-20(21)15(2)16-8-9-18-14-19(22-3)11-10-17(18)13-16/h8-11,13-15H,4,7,12H2,1-3H3","QZMZMHINROTYPK-UHFFFAOYSA-N","CCC#CCCOC(=O)C(C)C1=CC=C2C=C(OC)C=CC2=C1","-7.33","0.0","1","G1","310.39300000000003","4.298600000000004","92.55800000000006","23.0","3.0","0.0","3.0","5.0","120.0","2.0","0.0","0.0","2.0","35.53","137.15032674611504","2.04741508023448","737.3705760058808"
"F-1065","2,3-dihydroxypropyl 2-(6-methoxynaphthalen-2-yl)propanoate","InChI=1S/C17H20O5/c1-11(17(20)22-10-15(19)9-18)12-3-4-14-8-16(21-2)6-5-13(14)7-12/h3-8,11,15,18-19H,9-10H2,1-2H3","NQGWSPZQESAHBV-UHFFFAOYSA-N","COC1=CC=C2C=C(C(C)C(=O)OCC(O)CO)C=CC2=C1","-2.62","0.0","1","G1","304.342","1.8482999999999998","82.96660000000003","22.0","5.0","2.0","5.0","6.0","118.0","2.0","0.0","0.0","2.0","75.99000000000001","128.64474251545798","2.1380047637226074","652.5393978535747"
"F-1066","(2-hydroxycyclohexyl) 2-(6-methoxynaphthalen-2-yl)propanoate","InChI=1S/C20H24O4/c1-13(20(22)24-19-6-4-3-5-18(19)21)14-7-8-16-12-17(23-2)10-9-15(16)11-14/h7-13,18-19,21H,3-6H2,1-2H3","LQBSWHLXSMCTLQ-UHFFFAOYSA-N","COC1=CC=C2C=C(C(C)C(=O)OC3CCCCC3O)C=CC2=C1","-5.07","0.0","1","G1","328.40799999999996","3.798600000000003","93.26980000000005","24.0","4.0","1.0","4.0","4.0","128.0","2.0","1.0","1.0","3.0","55.760000000000005","141.93950395292256","1.7447506733312725","724.650671102026"
"F-1067","[5-(1,2-dihydroxyethyl)-2,2-dimethyl-3~{a},5,6,6~{a}-tetrahydrofuro[2,3-d][1,3]dioxol-6-yl] octanoate","InChI=1S/C17H30O7/c1-4-5-6-7-8-9-12(20)21-14-13(11(19)10-18)22-16-15(14)23-17(2,3)24-16/h11,13-16,18-19H,4-10H2,1-3H3","BWPMRWFYEBBMJE-UHFFFAOYSA-N","CCCCCCCC(=O)OC1C(C(O)CO)OC2OC(C)(C)OC21","-3.17","0.0","1","G1","346.42000000000013","1.4882999999999995","85.04660000000005","24.0","7.0","2.0","7.0","9.0","140.0","0.0","2.0","2.0","2.0","94.45000000000002","142.77083307358018","1.893899928601928","411.7432382833613"
"F-1068","(2-oxocyclohexyl) 2-(6-methoxynaphthalen-2-yl)propanoate","InChI=1S/C20H22O4/c1-13(20(22)24-19-6-4-3-5-18(19)21)14-7-8-16-12-17(23-2)10-9-15(16)11-14/h7-13,19H,3-6H2,1-2H3","WKQZZRWZBLUHTG-UHFFFAOYSA-N","COC1=CC=C2C=C(C(C)C(=O)OC3CCCCC3=O)C=CC2=C1","-5.59","0.0","1","G1","326.392","4.006800000000004","92.27000000000005","24.0","4.0","0.0","4.0","4.0","126.0","2.0","1.0","1.0","3.0","52.6","141.30679230077033","1.756403692332282","765.3229419019707"
"F-1069","2-(6-Methoxy-2-naphthyl)propionic acid (e)-3-hexenyl ester","InChI=1S/C20H24O3/c1-4-5-6-7-12-23-20(21)15(2)16-8-9-18-14-19(22-3)11-10-17(18)13-16/h5-6,8-11,13-15H,4,7,12H2,1-3H3","YECGACAHXOPLOS-UHFFFAOYSA-N","CCC=CCCOC(=O)C(C)C1=CC=C2C=C(OC)C=CC2=C1","-7.36","0.0","1","G1","312.40900000000005","4.851400000000004","93.92200000000007","23.0","3.0","0.0","3.0","7.0","122.0","2.0","0.0","0.0","2.0","35.53","137.46149832207152","2.033571515141318","688.3463063444477"
"F-1070","(6-hydroxy-2,3,3a,5,6,6a-hexahydrofuro[2,3-d]furan-3-yl) 2-(6-methoxynaphthalen-2-yl)propanoate","InChI=1S/C20H22O6/c1-11(12-3-4-14-8-15(23-2)6-5-13(14)7-12)20(22)26-17-10-25-18-16(21)9-24-19(17)18/h3-8,11,16-19,21H,9-10H2,1-2H3","ISGRRYXIEFPBFN-UHFFFAOYSA-N","COC1=CC2=C(C=C1)C=C(C(C)C(=O)OC1COC3C(O)COC13)C=C2","-3.98","0.0","1","G1","358.39000000000004","2.0221999999999998","94.28180000000005","26.0","6.0","1.0","6.0","4.0","138.0","2.0","2.0","2.0","4.0","74.22000000000001","151.1607632584071","1.4724708779133906","819.0536189328232"
"F-1071","1,3-bis(4-ethoxyphenyl)urea","InChI=1S/C17H20N2O3/c1-3-21-15-9-5-13(6-10-15)18-17(20)19-14-7-11-16(12-8-14)22-4-2/h5-12H,3-4H2,1-2H3,(H2,18,19,20)","PQWHYODXTBJHQG-UHFFFAOYSA-N","CCOC1=CC=C(NC(=O)NC2=CC=C(OCC)C=C2)C=C1","-4.44","0.0","1","G1","300.358","4.128000000000002","87.86340000000004","22.0","3.0","2.0","5.0","6.0","116.0","2.0","0.0","0.0","2.0","59.59","129.80154482381766","1.8866740985974004","540.8060446706214"
"F-1072","N-[4-chloro-2-(trifluoromethyl)phenyl]-1-imidazol-1-yl-2-propoxyethanimine","InChI=1S/C15H15ClF3N3O/c1-2-7-23-9-14(22-6-5-20-10-22)21-13-4-3-11(16)8-12(13)15(17,18)19/h3-6,8,10H,2,7,9H2,1H3","HSMVPDGQOIQYSR-UHFFFAOYSA-N","CCCOCC(=NC1=C(C(F)(F)F)C=C(Cl)C=C1)N1C=CN=C1","-4.44","1.4990500000000002","2","G2","345.752","4.560200000000004","82.28400000000003","23.0","4.0","0.0","8.0","5.0","124.0","2.0","0.0","0.0","2.0","39.41","136.12567005152414","2.4224638799196074","669.1017795786091"
"F-1073","6-amino-3-methylfuro[3,2-g]chromen-7-one","InChI=1S/C12H9NO3/c1-6-5-15-11-4-10-7(2-8(6)11)3-9(13)12(14)16-10/h2-5H,13H2,1H3","ZULUAOGOHQKSOP-UHFFFAOYSA-N","CC1=COC2=CC3=C(C=C(N)C(=O)O3)C=C12","-5.08","0.0","1","G1","215.20799999999997","2.4298199999999994","61.4054","16.0","4.0","1.0","4.0","0.0","80.0","3.0","0.0","0.0","3.0","69.37","90.26023318250634","2.5289616724668833","751.8752353240261"
"F-1074","6-methoxy-3-methylfuro[3,2-g]chromen-7-one","InChI=1S/C13H10O4/c1-7-6-16-11-5-10-8(3-9(7)11)4-12(15-2)13(14)17-10/h3-6H,1-2H3","BDLQXDUSRMYDNS-UHFFFAOYSA-N","COC1=CC2=C(C=C3OC=C(C)C3=C2)OC1=O","-5.0","0.0","1","G1","230.21899999999997","2.8562200000000013","63.54500000000002","17.0","4.0","0.0","4.0","1.0","86.0","3.0","0.0","0.0","3.0","52.580000000000005","96.39882982939712","2.4522187127833877","764.0213236944004"
"F-1075","Methyl 3,9-dimethyl-7-oxo-7H-furo[3,2-g]chromene-6-carboxylate","InChI=1S/C15H12O5/c1-7-6-19-13-8(2)12-9(4-10(7)13)5-11(14(16)18-3)15(17)20-12/h4-6H,1-3H3","JWWVPGRATMOIFZ-UHFFFAOYSA-N","COC(=O)C1=CC2=C(OC1=O)C(C)=C1OC=C(C)C1=C2","-4.9","0.0","1","G1","272.256","2.942640000000001","73.0695","20.0","5.0","0.0","5.0","1.0","102.0","3.0","0.0","0.0","3.0","69.65","113.29023615823411","2.44833959997417","897.894377767959"
"F-1077","[2-(dimethylamino)-2-oxoethyl] 5-benzoyl-2,3-dihydro-1~{H}-pyrrolizine-1-carboxylate","InChI=1S/C19H20N2O4/c1-20(2)17(22)12-25-19(24)14-10-11-21-15(14)8-9-16(21)18(23)13-6-4-3-5-7-13/h3-9,14H,10-12H2,1-2H3","VTGBQYDBTJIHFI-UHFFFAOYSA-N","CN(C)C(=O)COC(=O)C1CCN2C(C(=O)C3=CC=CC=C3)=CC=C12","-3.03","0.0","1","G1","340.379","1.8377999999999992","91.31750000000005","25.0","5.0","0.0","6.0","5.0","130.0","2.0","0.0","1.0","3.0","68.61","145.5442223090524","1.7425059023422833","808.0865149347912"
"F-1078","methyl 5-[2-(2,5-dimethoxyphenyl)ethyl]-2-hydroxybenzoate","InChI=1S/C18H20O5/c1-21-14-7-9-17(22-2)13(11-14)6-4-12-5-8-16(19)15(10-12)18(20)23-3/h5,7-11,19H,4,6H2,1-3H3","GZOFTOHENYHNMS-UHFFFAOYSA-N","COC(=O)C1=C(O)C=CC(CCC2=C(OC)C=CC(OC)=C2)=C1","-6.39","0.0","1","G1","316.353","2.981200000000001","86.40030000000004","23.0","5.0","1.0","5.0","6.0","122.0","2.0","0.0","0.0","2.0","64.99000000000001","134.97454155270106","2.192684381819818","693.8064548939703"
"F-1079","9-allyl-2-anilino-purin-6-ol","InChI=1S/C14H13N5O/c1-2-8-19-9-15-11-12(19)17-14(18-13(11)20)16-10-6-4-3-5-7-10/h2-7,9H,1,8H2,(H2,16,17,18,20)","XNNTZLFLHGTMNW-UHFFFAOYSA-N","C=CCN1C=NC2=C1N=C(NC1=CC=CC=C1)NC2=O","-5.09","0.0","1","G1","267.29200000000003","2.0491999999999995","78.07040000000002","20.0","5.0","2.0","6.0","4.0","100.0","3.0","0.0","0.0","3.0","75.6","114.36484530240277","2.057859349143011","803.2923691878725"
"F-1080","7-(3-amino-2-ethylazetidin-1-yl)-1-cyclopropyl-6-fluoro-4-oxoquinoline-3-carboxylic acid","InChI=1S/C18H20FN3O3/c1-2-14-13(20)8-22(14)16-6-15-10(5-12(16)19)17(23)11(18(24)25)7-21(15)9-3-4-9/h5-7,9,13-14H,2-4,8,20H2,1H3,(H,24,25)","BRPOVUNVTUCYNN-UHFFFAOYSA-N","CCC1C(N)CN1C1=CC2=C(C=C1F)C(=O)C(C(=O)O)=CN2C1CC1","-3.91","0.0","1","G1","345.3740000000001","2.0995999999999997","92.79670000000003","25.0","5.0","2.0","7.0","4.0","132.0","2.0","2.0","2.0","4.0","88.56","143.19804156371092","1.9313508531995827","935.2887020008035"
"F-1081","1-cyclopropyl-6-fluoro-7-(2-methyl-3-methylaminoazetidin-1-yl)-4-oxoquinoline-3-carboxylic acid","InChI=1S/C18H20FN3O3/c1-9-14(20-2)8-21(9)16-6-15-11(5-13(16)19)17(23)12(18(24)25)7-22(15)10-3-4-10/h5-7,9-10,14,20H,3-4,8H2,1-2H3,(H,24,25)","CFCYTEUETQNNHM-UHFFFAOYSA-N","CNC1CN(C2=CC3=C(C=C2F)C(=O)C(C(=O)O)=CN3C2CC2)C1C","-4.57","0.0","1","G1","345.3740000000001","1.9701999999999995","93.05200000000002","25.0","5.0","2.0","7.0","4.0","132.0","2.0","2.0","2.0","4.0","74.57","143.4080130503062","1.9043817554195492","935.2887020008036"
"F-1082","7-(3-amino-2,3-dimethylazetidin-1-yl)-1-cyclopropyl-6-fluoro-4-oxoquinoline-3-carboxylic acid","InChI=1S/C18H20FN3O3/c1-9-18(2,20)8-22(9)15-6-14-11(5-13(15)19)16(23)12(17(24)25)7-21(14)10-3-4-10/h5-7,9-10H,3-4,8,20H2,1-2H3,(H,24,25)","VBCIDRUAFSBLGA-UHFFFAOYSA-N","CC1N(C2=CC3=C(C=C2F)C(=O)C(C(=O)O)=CN3C2CC2)CC1(C)N","-5.42","0.0","1","G1","345.37400000000014","2.0996","92.79670000000004","25.0","5.0","2.0","7.0","3.0","132.0","2.0","2.0","2.0","4.0","88.56","143.19804156371092","1.9354234143848308","962.1731203719594"
"F-1083","7-(3-amino-2-methylazetidin-1-yl)-8-chloro-1-cyclopropyl-6-fluoro-4-oxoquinoline-3-carboxylic acid","InChI=1S/C17H17ClFN3O3/c1-7-12(20)6-21(7)15-11(19)4-9-14(13(15)18)22(8-2-3-8)5-10(16(9)23)17(24)25/h4-5,7-8,12H,2-3,6,20H2,1H3,(H,24,25)","FGAPXYWEQVSGDJ-UHFFFAOYSA-N","CC1C(N)CN1C1=C(Cl)C2=C(C=C1F)C(=O)C(C(=O)O)=CN2C1CC1","-4.48","0.0","1","G1","365.79200000000014","2.3629","93.18970000000002","25.0","5.0","2.0","8.0","3.0","132.0","2.0","2.0","2.0","4.0","88.56","147.13636567619596","2.032954972398826","969.9900145945018"
"F-1084","5-amino-7-(3-amino-2-methylazetidin-1-yl)-1-cyclopropyl-6,8-difluoro-4-oxoquinoline-3-carboxylic acid","InChI=1S/C17H18F2N4O3/c1-6-9(20)5-22(6)15-11(18)13(21)10-14(12(15)19)23(7-2-3-7)4-8(16(10)24)17(25)26/h4,6-7,9H,2-3,5,20-21H2,1H3,(H,25,26)","KCDGHRIKVMOLKL-UHFFFAOYSA-N","CC1C(N)CN1C1=C(F)C2=C(C(=O)C(C(=O)O)=CN2C2CC2)C(N)=C1F","-3.98","0.0","1","G1","364.35200000000015","1.4307999999999998","92.55010000000003","26.0","6.0","3.0","9.0","3.0","138.0","2.0","2.0","2.0","4.0","114.58","146.33852554925326","2.0994478348270467","1015.7057903774885"
"F-1085","1-cyclopropyl-6,8-difluoro-7-(2-methyl-3-methylaminoazetidin-1-yl)-4-oxoquinoline-3-carboxylic acid","InChI=1S/C18H19F2N3O3/c1-8-13(21-2)7-22(8)16-12(19)5-10-15(14(16)20)23(9-3-4-9)6-11(17(10)24)18(25)26/h5-6,8-9,13,21H,3-4,7H2,1-2H3,(H,25,26)","ICEUMJPAMUZPEV-UHFFFAOYSA-N","CNC1CN(C2=C(F)C3=C(C=C2F)C(=O)C(C(=O)O)=CN3C2CC2)C1C","-4.44","0.0","1","G1","363.3640000000001","2.1093","93.01000000000002","26.0","5.0","2.0","8.0","4.0","138.0","2.0","2.0","2.0","4.0","74.57","147.57354845323246","1.9778415896787402","984.0307550546438"
"F-1086","7-(3-amino-2-ethylazetidin-1-yl)-1-cyclopropyl-6,8-difluoro-4-oxoquinoline-3-carboxylic acid","InChI=1S/C18H19F2N3O3/c1-2-13-12(21)7-23(13)16-11(19)5-9-15(14(16)20)22(8-3-4-8)6-10(17(9)24)18(25)26/h5-6,8,12-13H,2-4,7,21H2,1H3,(H,25,26)","IIVDVROKGKVRAD-UHFFFAOYSA-N","CCC1C(N)CN1C1=C(F)C2=C(C=C1F)C(=O)C(C(=O)O)=CN2C1CC1","-3.81","0.0","1","G1","363.3640000000001","2.2386999999999997","92.75470000000003","26.0","5.0","2.0","8.0","4.0","138.0","2.0","2.0","2.0","4.0","88.56","147.36357696663714","2.0051361564552037","984.0307550546438"
"F-1087","7-(3-amino-2,3-dimethylazetidin-1-yl)-1-cyclopropyl-6,8-difluoro-4-oxoquinoline-3-carboxylic acid","InChI=1S/C18H19F2N3O3/c1-8-18(2,21)7-23(8)15-12(19)5-10-14(13(15)20)22(9-3-4-9)6-11(16(10)24)17(25)26/h5-6,8-9H,3-4,7,21H2,1-2H3,(H,25,26)","FNYQALWNSAGHJV-UHFFFAOYSA-N","CC1N(C2=C(F)C3=C(C=C2F)C(=O)C(C(=O)O)=CN3C2CC2)CC1(C)N","-5.04","0.0","1","G1","363.36400000000015","2.2387","92.75470000000003","26.0","5.0","2.0","8.0","3.0","138.0","2.0","2.0","2.0","4.0","88.56","147.36357696663714","2.0090274725263333","1011.1340086527827"
"F-1088","7-(3-amino-2-methylazetidin-1-yl)-1-cyclopropyl-6-fluoro-4-oxoquinoline-3-carboxylic acid","InChI=1S/C17H18FN3O3/c1-8-13(19)7-20(8)15-5-14-10(4-12(15)18)16(22)11(17(23)24)6-21(14)9-2-3-9/h4-6,8-9,13H,2-3,7,19H2,1H3,(H,23,24)","BYUOTYDQGYSLFD-UHFFFAOYSA-N","CC1C(N)CN1C1=CC2=C(C=C1F)C(=O)C(C(=O)O)=CN2C1CC1","-4.63","0.0","1","G1","331.34700000000004","1.7095000000000002","88.17970000000003","24.0","5.0","2.0","7.0","3.0","126.0","2.0","2.0","2.0","4.0","88.56","136.8330994493143","1.9592510011993558","919.4172128273324"
"F-1089","7-(3-amino-2-methylazetidin-1-yl)-1-cyclopropyl-6,8-difluoro-4-oxoquinoline-3-carboxylic acid","InChI=1S/C17H17F2N3O3/c1-7-12(20)6-21(7)15-11(18)4-9-14(13(15)19)22(8-2-3-8)5-10(16(9)23)17(24)25/h4-5,7-8,12H,2-3,6,20H2,1H3,(H,24,25)","ORHUFIOIUIPUTP-UHFFFAOYSA-N","CC1C(N)CN1C1=C(F)C2=C(C=C1F)C(=O)C(C(=O)O)=CN2C1CC1","-4.17","0.0","1","G1","349.3370000000001","1.8486","88.13770000000002","25.0","5.0","2.0","8.0","3.0","132.0","2.0","2.0","2.0","4.0","88.56","140.9986348522405","2.032954972398826","967.9900145945018"
"F-1090","3-Oxoandrost-4-en-17-yl 3-hydroxy-2-(hydroxymethyl)propanoate","InChI=1S/C23H34O5/c1-22-9-7-16(26)11-15(22)3-4-17-18-5-6-20(23(18,2)10-8-19(17)22)28-21(27)14(12-24)13-25/h11,14,17-20,24-25H,3-10,12-13H2,1-2H3","JFEUXSKGSSSZGI-UHFFFAOYSA-N","CC12CCC(=O)C=C1CCC1C2CCC2(C)C(OC(=O)C(CO)CO)CCC12","-4.25","0.0","1","G1","390.5200000000002","3.0309000000000017","104.25160000000005","28.0","5.0","2.0","5.0","4.0","156.0","0.0","3.0","4.0","4.0","83.83000000000001","167.08010683224018","1.5318377157661975","680.4801677886628"
"F-1091","2-[2-(furan-2-yl)benzimidazol-1-yl]-5-(hydroxymethyl)oxolane-3,4-diol","InChI=1S/C16H16N2O5/c19-8-12-13(20)14(21)16(23-12)18-10-5-2-1-4-9(10)17-15(18)11-6-3-7-22-11/h1-7,12-14,16,19-21H,8H2","TWMNUUAIOLTJCK-UHFFFAOYSA-N","OCC1OC(N2C(C3=CC=CO3)=NC3=C2C=CC=C3)C(O)C1O","-2.92","0.0","1","G1","316.31300000000005","0.9077999999999997","80.44440000000003","23.0","7.0","3.0","7.0","3.0","120.0","3.0","1.0","1.0","4.0","100.88000000000001","130.9183969144779","1.9009783691703859","813.1097517933624"
"F-1092","2-[2-(furan-2-yl)benzimidazol-1-yl]-6-(hydroxymethyl)oxane-3,4,5-triol","InChI=1S/C17H18N2O6/c20-8-12-13(21)14(22)15(23)17(25-12)19-10-5-2-1-4-9(10)18-16(19)11-6-3-7-24-11/h1-7,12-15,17,20-23H,8H2","ORVSZWPGYPLKQP-UHFFFAOYSA-N","OCC1OC(N2C(C3=CC=CO3)=NC3=C2C=CC=C3)C(O)C(O)C1O","-2.33","0.0","1","G1","346.33900000000006","0.26869999999999955","86.45120000000003","25.0","8.0","4.0","8.0","3.0","132.0","3.0","1.0","1.0","4.0","121.11000000000001","142.07757278107053","1.8870760358457377","859.2853904294357"
"F-1093","6-(hydroxymethyl)-4-octylsulfanyloxane-2,3,5-triol","InChI=1S/C14H28O5S/c1-2-3-4-5-6-7-8-20-13-11(16)10(9-15)19-14(18)12(13)17/h10-18H,2-9H2,1H3","URYSHBMTTTXBAR-UHFFFAOYSA-N","CCCCCCCCSC1C(O)C(O)OC(CO)C1O","-2.91","0.0","1","G1","308.44000000000005","0.8799999999999999","79.60120000000003","20.0","6.0","4.0","6.0","9.0","120.0","0.0","1.0","1.0","1.0","90.15","124.8912576251124","2.2539949158914965","253.71876200324016"
"F-1094","3-(2-dimethylamino-2-iminoethyl)sulfanyl-6-(1-hydroxyethyl)-4-methyl-7-oxo-1-azabicyclo[3.2.0]hept-2-ene-2-carboxylic acid","InChI=1S/C14H21N3O4S/c1-6-10-9(7(2)18)13(19)17(10)11(14(20)21)12(6)22-5-8(15)16(3)4/h6-7,9-10,15,18H,5H2,1-4H3,(H,20,21)","VBVXPLDOYIOZGP-UHFFFAOYSA-N","CC(O)C1C(=O)N2C(C(=O)O)=C(SCC(=N)N(C)C)C(C)C12","-0.28","0.0","1","G1","327.40600000000006","0.41217000000000015","83.50230000000003","22.0","5.0","3.0","8.0","5.0","122.0","0.0","1.0","2.0","2.0","104.92999999999999","133.02187324525906","2.255959143309589","558.2912039223412"
"F-1095","2-methyl-4-(2-methylphenyl)diazenylaniline","InChI=1S/C14H15N3/c1-10-5-3-4-6-14(10)17-16-12-7-8-13(15)11(2)9-12/h3-9H,15H2,1-2H3","PFRYFZZSECNQOL-UHFFFAOYSA-N","CC1=C(N)C=CC(N=NC2=C(C)C=CC=C2)=C1","-4.05","0.22885","2","G3","225.29500000000002","4.301040000000002","70.94640000000003","17.0","3.0","1.0","3.0","2.0","86.0","2.0","0.0","0.0","2.0","50.739999999999995","101.00505009585603","2.2627258972121216","559.1438223871523"
"F-1096","N,N-dimethyl-4-phenyldiazenylaniline","InChI=1S/C14H15N3/c1-17(2)14-10-8-13(9-11-14)16-15-12-6-4-3-5-7-12/h3-11H,1-2H3","JCYPECIVGRXBMO-UHFFFAOYSA-N","CN(C)C1=CC=C(N=NC2=CC=CC=C2)C=C1","-5.25","1.2489356357403782","3","G4","225.29500000000002","4.168000000000003","71.38700000000004","17.0","3.0","0.0","3.0","3.0","86.0","2.0","0.0","0.0","2.0","27.96","101.42499306904669","2.1154755667127603","486.6355887837592"
"F-1097","3-methyl-3,4-dihydro-1H-1,4-benzodiazepine-2,5-dione","InChI=1S/C10H10N2O2/c1-6-9(13)12-8-5-3-2-4-7(8)10(14)11-6/h2-6H,1H3,(H,11,14)(H,12,13)","LJONQULKOKMKBR-UHFFFAOYSA-N","CC1NC(=O)C2=C(C=CC=C2)NC1=O","-2.38","0.0","1","G1","190.202","0.7569999999999999","51.99990000000002","14.0","2.0","2.0","4.0","0.0","72.0","1.0","0.0","1.0","2.0","58.2","81.3081089908578","2.478639170149799","400.86340121826544"
"F-1099","7-chloro-3,4-dihydro-1H-1,4-benzodiazepine-2,5-dione","InChI=1S/C9H7ClN2O2/c10-5-1-2-7-6(3-5)9(14)11-4-8(13)12-7/h1-3H,4H2,(H,11,14)(H,12,13)","DUAONSMGNHXBMX-UHFFFAOYSA-N","O=C1CNC(=O)C2=C(C=CC(Cl)=C2)N1","-3.05","0.0","1","G1","210.62","1.0219000000000003","52.41490000000002","14.0","2.0","2.0","5.0","0.0","72.0","1.0","0.0","1.0","2.0","58.2","85.24643310334285","2.5193981647099455","417.2730231883477"
"F-1100","N-(3-bromophenyl)-1H-pyrimido[5,6-f]indazol-5-amine","InChI=1S/C15H10BrN5/c16-10-2-1-3-11(5-10)20-15-12-4-9-7-19-21-13(9)6-14(12)17-8-18-15/h1-8H,(H,19,21)(H,17,18,20)","ORCWMSOZENFEDR-UHFFFAOYSA-N","BrC1=CC=CC(NC2=NC=NC3=CC4=C(C=NN4)C=C32)=C1","-3.96","0.0","1","G1","340.184","4.012200000000001","86.6144","21.0","4.0","2.0","6.0","2.0","102.0","4.0","0.0","0.0","4.0","66.49000000000001","128.10579411053934","1.8712395592286566","947.0215539642678"
"F-1102","5-ethenyl-5-pentan-2-yl-1,3-diazinane-2,4,6-trione","InChI=1S/C11H16N2O3/c1-4-6-7(3)11(5-2)8(14)12-10(16)13-9(11)15/h5,7H,2,4,6H2,1,3H3,(H2,12,13,14,15,16)","KGKJZEKQJQQOTD-UHFFFAOYSA-N","C=CC1(C(C)CCC)C(=O)NC(=O)NC1=O","-2.36","0.0","1","G1","224.26000000000002","0.9609999999999999","58.38340000000003","16.0","3.0","2.0","5.0","4.0","88.0","0.0","1.0","1.0","1.0","75.27000000000001","94.27752865342954","3.0954993471249166","329.13883789784944"
"F-1103","N-(3-bromophenyl)-8H-pyrrolo[3,2-g]quinazolin-4-amine","InChI=1S/C16H11BrN4/c17-11-2-1-3-12(7-11)21-16-13-6-10-4-5-18-14(10)8-15(13)19-9-20-16/h1-9,18H,(H,19,20,21)","BBFWQWIFLDQYQQ-UHFFFAOYSA-N","BrC1=CC=CC(NC2=NC=NC3=CC4=C(C=CN4)C=C32)=C1","-2.82","0.0","1","G1","339.196","4.617200000000001","88.8194","21.0","3.0","2.0","5.0","2.0","102.0","4.0","0.0","0.0","4.0","53.6","128.91769256118812","1.8712395592286566","945.2345533728324"
"F-1104","hydroxy-[1-[hydroxy(oxo)azaniumyl]oxyhexan-2-yloxy]-oxoazanium","InChI=1S/C6H14N2O6/c1-2-3-4-6(14-8(11)12)5-13-7(9)10/h6H,2-5H2,1H3,(H,9,10)(H,11,12)/q+2","NUSZPHANRVUCGW-UHFFFAOYSA-N","CCCCC(CO[N+](=O)O)O[N+](=O)O","-3.1","0.0","1","G1","210.186","0.7445999999999997","41.177800000000005","14.0","4.0","2.0","8.0","8.0","82.0","0.0","0.0","0.0","0.0","99.08000000000001","80.0050805027819","3.831950489575949","196.76075065686052"
"F-1105","7-chloro-1-methyl-5-phenyl-3H-1,4-benzodiazepin-2-one","InChI=1S/C16H13ClN2O/c1-19-14-8-7-12(17)9-13(14)16(18-10-15(19)20)11-5-3-2-4-6-11/h2-9H,10H2,1H3","AAOVKJBEBIDNHE-UHFFFAOYSA-N","CN1C(=O)CN=C(C2=CC=CC=C2)C2=C1C=CC(Cl)=C2","-3.71","0.031038506550555664","3","G5","284.74600000000004","3.153800000000002","81.81000000000003","20.0","2.0","0.0","4.0","1.0","100.0","2.0","0.0","1.0","3.0","32.67","122.06237911260713","2.2299634444150054","694.8779897536325"
"F-1106","4-(4-dimethylaminophenyl)diazenylbenzenesulfonic acid","InChI=1S/C14H15N3O3S/c1-17(2)13-7-3-11(4-8-13)15-16-12-5-9-14(10-6-12)21(18,19)20/h3-10H,1-2H3,(H,18,19,20)","IETWCRRCPURZOC-UHFFFAOYSA-N","CN(C)C1=CC=C(N=NC2=CC=C(S(=O)(=O)O)C=C2)C=C1","-3.86","0.0","1","G1","305.359","3.4147000000000016","81.20160000000004","21.0","5.0","1.0","7.0","4.0","110.0","2.0","0.0","0.0","2.0","82.33","123.0536290790873","2.1372366639471676","736.0386295860372"
"F-1109","5-(2-chlorophenyl)-7-nitro-1,3-dihydro-1,4-benzodiazepin-2-one","InChI=1S/C15H10ClN3O3/c16-12-4-2-1-3-10(12)15-11-7-9(19(21)22)5-6-13(11)18-14(20)8-17-15/h1-7H,8H2,(H,18,20)","DGBIGWXXNGSACT-UHFFFAOYSA-N","C1C(=O)NC2=C(C=C(C=C2)[N+](=O)[O-])C(=N1)C3=CC=CC=C3Cl","-4.41","0.45535000000000014","2","G3","315.716","3.037700000000002","83.68410000000002","22.0","4.0","1.0","7.0","2.0","110.0","2.0","0.0","1.0","3.0","84.6","130.14044123411497","2.233599180243165","817.4300132341531"
"F-1110","4-(2-propylpentanoylamino)butanoic acid","InChI=1S/C12H23NO3/c1-3-6-10(7-4-2)12(16)13-9-5-8-11(14)15/h10H,3-9H2,1-2H3,(H,13,16)(H,14,15)","VTENVAFNLWTNGE-UHFFFAOYSA-N","CCCC(CCC)C(=O)NCCCC(=O)O","-1.5","0.0","1","G1","229.31999999999996","2.1838","63.18550000000004","16.0","2.0","2.0","4.0","9.0","94.0","0.0","0.0","0.0","0.0","66.4","97.42075442208385","3.770700205691751","210.3094124678053"
"F-1112","N-(3-bromophenyl)-8-methylpyrrolo[3,2-g]quinazolin-4-amine","InChI=1S/C17H13BrN4/c1-22-6-5-11-7-14-15(9-16(11)22)19-10-20-17(14)21-13-4-2-3-12(18)8-13/h2-10H,1H3,(H,19,20,21)","QHAWLYRLLOXJAY-UHFFFAOYSA-N","CN1C=CC2=C1C=C1N=CN=C(NC3=CC(Br)=CC=C3)C1=C2","-3.31","0.0","1","G1","353.22300000000007","4.627600000000003","93.43970000000002","22.0","4.0","1.0","5.0","2.0","108.0","4.0","0.0","0.0","4.0","42.74","135.49260616218007","1.880655230057104","990.4623751567658"
"F-1113","N-(3-bromophenyl)-1-methylpyrazolo[4,5-g]quinazolin-5-amine","InChI=1S/C16H12BrN5/c1-22-15-7-14-13(5-10(15)8-20-22)16(19-9-18-14)21-12-4-2-3-11(17)6-12/h2-9H,1H3,(H,18,19,21)","BBWYQCNFQUTQED-UHFFFAOYSA-N","CN1N=CC2=C1C=C1N=CN=C(NC3=CC(Br)=CC=C3)C1=C2","-3.48","0.0","1","G1","354.21100000000007","4.022600000000002","91.2347","22.0","5.0","1.0","6.0","2.0","108.0","4.0","0.0","0.0","4.0","55.63","134.68070771153128","1.880655230057104","992.3396029835847"
"F-1114","2-[4-[(3-bromophenyl)amino]pyrrolo[3,2-g]quinazolin-8-yl]acetic acid","InChI=1S/C18H13BrN4O2/c19-12-2-1-3-13(7-12)22-18-14-6-11-4-5-23(9-17(24)25)16(11)8-15(14)20-10-21-18/h1-8,10H,9H2,(H,24,25)(H,20,21,22)","CBFIWURGLMUIDN-UHFFFAOYSA-N","O=C(O)CN1C=CC2=C1C=C1N=CN=C(NC3=CC(Br)=CC=C3)C1=C2","-1.96","0.0","1","G1","397.232","4.175200000000002","100.09450000000001","25.0","5.0","2.0","7.0","4.0","124.0","4.0","0.0","0.0","4.0","80.03999999999999","150.8133041288164","1.8213717217384535","1106.832693284657"
"F-1115","1-ethyl-1-(4-methoxyphenyl)urea","InChI=1S/C10H14N2O2/c1-3-12(10(11)13)8-4-6-9(14-2)7-5-8/h4-7H,3H2,1-2H3,(H2,11,13)","YDTHLPPWECZIOH-UHFFFAOYSA-N","CCN(C(N)=O)C1=CC=C(OC)C=C1","-1.27","0.0","1","G1","194.23399999999998","1.6002000000000003","55.59740000000002","14.0","2.0","1.0","4.0","3.0","76.0","1.0","0.0","0.0","1.0","55.56","83.26596327385015","2.889659392557917","308.402966410215"
"F-1118","5-fluoro-1-(phenylmethyl)pyrimidine-2,4-dione","InChI=1S/C11H9FN2O2/c12-9-7-14(11(16)13-10(9)15)6-8-4-2-1-3-5-8/h1-5,7H,6H2,(H,13,15,16)","DOLBESUBPIZBQY-UHFFFAOYSA-N","O=C1NC(=O)N(CC2=CC=CC=C2)C=C1F","-2.65","0.0","1","G1","220.203","0.7239999999999995","56.824700000000014","16.0","3.0","1.0","5.0","2.0","82.0","2.0","0.0","0.0","2.0","54.86","89.99128649145972","2.3968505007529406","601.3718945525195"
"F-1119","1-[2-(2,4-dichlorophenyl)-2-[(2,5-dichlorophenyl)methoxy]ethyl]imidazole","InChI=1S/C18H14Cl4N2O/c19-13-2-4-16(21)12(7-13)10-25-18(9-24-6-5-23-11-24)15-3-1-14(20)8-17(15)22/h1-8,11,18H,9-10H2","UXZDCVPAHZEYLF-UHFFFAOYSA-N","ClC1=CC(Cl)=C(C(CN2C=CN=C2)OCC2=C(Cl)C=CC(Cl)=C2)C=C1","-3.54","0.0","1","G1","416.1350000000001","6.454800000000004","102.681","25.0","3.0","0.0","7.0","6.0","130.0","3.0","0.0","0.0","3.0","27.05","165.6058079004045","1.840787168299246","852.287332800423"
"F-1120","4,4a,8,8a-tetrahydro-[1,3]dioxino[4,5-e][1,3]dioxin-8-ylmethanol","InChI=1S/C7H12O5/c8-1-5-7-6(11-4-10-5)2-9-3-12-7/h5-8H,1-4H2","YSFJEZDRDFWOKZ-UHFFFAOYSA-N","OCC1OCOC2COCOC12","-0.62","0.0","1","G1","176.16799999999998","-0.9068999999999996","37.39080000000001","12.0","5.0","1.0","5.0","1.0","70.0","0.0","2.0","2.0","2.0","57.150000000000006","70.16565607737425","1.9866905078306745","141.9772741801619"
"F-1121","Pentane-1,2-diyldinitrate","InChI=1S/C5H12N2O6/c1-2-3-5(13-7(10)11)4-12-6(8)9/h5H,2-4H2,1H3,(H,8,9)(H,10,11)/q+2","ZYWRFMURTYPAFJ-UHFFFAOYSA-N","CCCC(CO[N+](=O)O)O[N+](=O)O","-2.5","0.0","1","G1","196.15900000000002","0.3544999999999999","36.56079999999999","13.0","4.0","2.0","8.0","7.0","76.0","0.0","0.0","0.0","0.0","99.08000000000001","73.64013838838528","3.788391522896674","183.86342465256496"
"F-1122","Dinitric acid 1,4-pentanediyl","InChI=1S/C5H12N2O6/c1-5(13-7(10)11)3-2-4-12-6(8)9/h5H,2-4H2,1H3,(H,8,9)(H,10,11)/q+2","WDEVEOPCADGSIO-UHFFFAOYSA-N","CC(CCCO[N+](=O)O)O[N+](=O)O","-2.44","0.0","1","G1","196.15900000000002","0.3544999999999999","36.56079999999999","13.0","4.0","2.0","8.0","7.0","76.0","0.0","0.0","0.0","0.0","99.08000000000001","73.64013838838528","3.3132074444183646","183.86342465256496"
"F-1123","hydroxy-[6-[hydroxy(oxo)azaniumyl]oxyhexan-2-yloxy]-oxoazanium","InChI=1S/C6H14N2O6/c1-6(14-8(11)12)4-2-3-5-13-7(9)10/h6H,2-5H2,1H3,(H,9,10)(H,11,12)/q+2","HLTARDPWGUYYMH-UHFFFAOYSA-N","CC(CCCCO[N+](=O)O)O[N+](=O)O","-2.84","0.0","1","G1","210.186","0.7445999999999997","41.177800000000005","14.0","4.0","2.0","8.0","8.0","82.0","0.0","0.0","0.0","0.0","99.08000000000001","80.0050805027819","3.267223976287449","196.76075065686052"
"F-1124","(3-nitrooxycyclohexyl) nitrate","InChI=1S/C6H10N2O6/c9-7(10)13-5-2-1-3-6(4-5)14-8(11)12/h5-6H,1-4H2","VJRKXIWXOWSLKQ-UHFFFAOYSA-N","C1CC(CC(C1)O[N+](=O)[O-])O[N+](=O)[O-]","-2.33","0.0","1","G1","206.154","0.7142","42.202800000000025","14.0","6.0","0.0","8.0","4.0","80.0","0.0","1.0","1.0","1.0","104.74000000000001","78.99924934925266","2.3505710202635663","210.3616189347681"
"F-1125","[1-[(6-chloropyridin-3-yl)methyl]-3-methylimidazolidin-2-ylidene]cyanamide","InChI=1S/C11H12ClN5/c1-16-4-5-17(11(16)15-8-13)7-9-2-3-10(12)14-6-9/h2-3,6H,4-5,7H2,1H3","FAAKQHWYELHYCG-UHFFFAOYSA-N","CN1CCN(CC2=CN=C(Cl)C=C2)C1=NC#N","-2.13","0.0","1","G1","249.705","1.3194799999999998","65.33500000000002","17.0","3.0","0.0","6.0","2.0","88.0","1.0","1.0","1.0","2.0","55.519999999999996","104.94570836791117","2.113165442141155","461.74528893221196"
"F-1126","1,2-Cyclohexanediol dinitrate","InChI=1S/C6H12N2O6/c9-7(10)13-5-3-1-2-4-6(5)14-8(11)12/h5-6H,1-4H2,(H,9,10)(H,11,12)/q+2","VZTBIJKURDTZBE-UHFFFAOYSA-N","C1CCC(C(C1)O[N+](=O)O)O[N+](=O)O","-2.35","0.0","1","G1","208.17000000000002","0.497","39.0418","14.0","4.0","2.0","8.0","4.0","80.0","0.0","1.0","1.0","1.0","99.08000000000001","78.99924934925266","2.4932955813352256","208.3616189347681"
"F-1127","[1-[(6-chloropyridin-3-yl)methyl]-4,5-dihydroimidazol-2-yl]cyanamide","InChI=1S/C10H10ClN5/c11-9-2-1-8(5-14-9)6-16-4-3-13-10(16)15-7-12/h1-2,5H,3-4,6H2,(H,13,15)","QNSLBNMSETUZJN-UHFFFAOYSA-N","N#CN=C1NCCN1CC1=CN=C(Cl)C=C1","-2.63","0.0","1","G1","235.67800000000003","0.9772799999999997","60.707700000000024","16.0","3.0","1.0","6.0","2.0","82.0","1.0","1.0","1.0","2.0","64.31","98.37079476691922","2.072066933449349","433.5177654446862"
"F-1128","(2-nitrooxycycloheptyl) nitrate","InChI=1S/C7H12N2O6/c10-8(11)14-6-4-2-1-3-5-7(6)15-9(12)13/h6-7H,1-5H2","LPSROTXXMWXWOK-UHFFFAOYSA-N","C1CCC(C(CC1)O[N+](=O)[O-])O[N+](=O)[O-]","-3.02","0.0","1","G1","220.18099999999998","1.1042999999999998","46.81980000000003","15.0","6.0","0.0","8.0","4.0","86.0","0.0","1.0","1.0","1.0","104.74000000000001","85.36419146364928","2.5755286041126246","221.63490896413384"
"F-1129","N,N-diethyl-2-(9H-[1,2,4]triazino[6,5-b]indol-3-ylsulfanyl)ethanamine","InChI=1S/C15H19N5S/c1-3-20(4-2)9-10-21-15-17-13-11-7-5-6-8-12(11)16-14(13)18-19-15/h5-8H,3-4,9-10H2,1-2H3,(H,16,18)","QIVOPJNEUAMBDB-UHFFFAOYSA-N","CCN(CC)CCSC1=NC2=C(N=N1)NC1=C2C=CC=C1","-3.09","0.0","1","G1","301.41900000000004","2.9400000000000004","87.70170000000003","21.0","5.0","1.0","6.0","6.0","110.0","3.0","0.0","0.0","3.0","57.7","127.7038864971742","1.787488493608349","735.0910872727012"
"F-1130","5-[2-(2-aminopurin-9-yl)ethyl]-1,3-dioxan-2-one","InChI=1S/C11H13N5O3/c12-10-13-3-8-9(15-10)16(6-14-8)2-1-7-4-18-11(17)19-5-7/h3,6-7H,1-2,4-5H2,(H2,12,13,15)","OAQJLOZJYFGWIC-UHFFFAOYSA-N","NC1=NC2=C(C=N1)N=CN2CCC1COC(=O)OC1","-1.43","0.0","1","G1","263.25699999999995","0.5815999999999999","65.14240000000002","19.0","8.0","1.0","8.0","3.0","100.0","2.0","1.0","1.0","3.0","105.15000000000002","108.103468290602","1.6806816057751068","601.3965065332534"
"F-1132","4-(4-methylsulfonylphenyl)-3-phenyl-5H-furan-2-one","InChI=1S/C17H14O4S/c1-22(19,20)14-9-7-12(8-10-14)15-11-21-17(18)16(15)13-5-3-2-4-6-13/h2-10H,11H2,1H3","RZJQGNCSTQAWON-UHFFFAOYSA-N","CS(=O)(=O)C1=CC=C(C2=C(C3=CC=CC=C3)C(=O)OC2)C=C1","-4.52","0.5350000000000001","2","G2","314.3620000000001","2.5577000000000005","83.76680000000003","22.0","4.0","0.0","5.0","3.0","112.0","2.0","0.0","1.0","3.0","60.44","128.51823942316784","2.0911663860087306","847.2917680589488"
"F-1133","2-amino-3-(3-methylimidazol-4-yl)propanoic acid","InChI=1S/C7H11N3O2/c1-10-4-9-3-5(10)2-6(8)7(11)12/h3-4,6H,2,8H2,1H3,(H,11,12)","JDHILDINMRGULE-UHFFFAOYSA-N","CN1C=NC=C1CC(N)C(=O)O","0.08","0.0","1","G1","169.184","-0.6254999999999993","42.5232","12.0","4.0","2.0","5.0","3.0","66.0","1.0","0.0","0.0","1.0","81.14","69.82559801489202","2.636975221308557","281.9337850187939"
"F-1134","5-(hydroxymethyl)-2-(trichloromethyl)-3~{a},5,6,6~{a}-tetrahydrofuro[2,3-d][1,3]dioxol-6-ol","InChI=1S/C7H9Cl3O5/c8-7(9,10)6-14-4-3(12)2(1-11)13-5(4)15-6/h2-6,11-12H,1H2","MWVWYISMEDQTPL-UHFFFAOYSA-N","OCC1OC2OC(C(Cl)(Cl)Cl)OC2C1O","-2.12","0.0","1","G1","279.503","0.1761999999999998","51.78960000000003","15.0","5.0","2.0","8.0","1.0","88.0","0.0","2.0","2.0","2.0","68.15","100.75614328070843","2.0189434044406687","245.27038098753349"
"F-1135","dithiane-3,6-dicarboxylic acid","InChI=1S/C6H8O4S2/c7-5(8)3-1-2-4(6(9)10)12-11-3/h3-4H,1-2H2,(H,7,8)(H,9,10)","NQRRVGBUZRSXRF-UHFFFAOYSA-N","O=C(O)C1CCC(C(=O)O)SS1","-1.93","0.0","1","G1","208.26000000000002","1.0679999999999998","47.26360000000001","12.0","4.0","2.0","6.0","2.0","68.0","0.0","1.0","1.0","1.0","74.6","77.11582428784305","2.3927770801931003","175.72476622436804"
"F-1136","N-(6-methoxypyridin-3-yl)cyclopropanecarboxamide","InChI=1S/C10H12N2O2/c1-14-9-5-4-8(6-11-9)12-10(13)7-2-3-7/h4-7H,2-3H2,1H3,(H,12,13)","JPLCQHHISLYGRA-UHFFFAOYSA-N","COC1=NC=C(NC(=O)C2CC2)C=C1","-2.14","0.0","1","G1","192.218","1.4386999999999999","52.142700000000026","14.0","3.0","1.0","4.0","3.0","74.0","1.0","1.0","1.0","2.0","51.22","82.294860032056","1.980747249422847","330.48016436379584"
"F-1137","4-chloro-2-(furan-2-ylmethylamino)-5-sulfamoylbenzoic acid","InChI=1S/C12H11ClN2O5S/c13-9-5-10(15-6-7-2-1-3-20-7)8(12(16)17)4-11(9)21(14,18)19/h1-5,15H,6H2,(H,16,17)(H2,14,18,19)","ZZUFCTLCJUWOSV-UHFFFAOYSA-N","NS(=O)(=O)C1=C(Cl)C=C(NCC2=CC=CO2)C(C(=O)O)=C1","-3.83","0.33628670307739905","3","G5","330.7490000000001","1.8907000000000003","75.81920000000002","21.0","5.0","3.0","9.0","5.0","112.0","2.0","0.0","0.0","2.0","122.63000000000001","124.92226167058837","2.4066257491277265","771.1955159056122"
"F-1138","1-[2-[(1-ethoxy-1-oxo-4-phenylbutan-2-yl)amino]propyl]pyrrolidine-2-carboxylic acid","InChI=1S/C20H30N2O4/c1-3-26-20(25)17(12-11-16-8-5-4-6-9-16)21-15(2)14-22-13-7-10-18(22)19(23)24/h4-6,8-9,15,17-18,21H,3,7,10-14H2,1-2H3,(H,23,24)","MTDIDKAIUDTPOH-UHFFFAOYSA-N","CCOC(=O)C(CCC1=CC=CC=C1)NC(C)CN1CCCC1C(=O)O","-1.24","0.0","1","G1","362.4700000000002","2.078","100.01250000000009","26.0","5.0","2.0","6.0","10.0","144.0","1.0","1.0","1.0","2.0","78.87","155.07528060312208","1.9165260643280826","578.4337302268439"
"F-1139","1-[2-[(1-ethoxy-1-oxo-4-phenylbutan-2-yl)amino]propanoyl]pyrrolidine-2-carboxylic acid","InChI=1S/C20H28N2O5/c1-3-27-20(26)16(12-11-15-8-5-4-6-9-15)21-14(2)18(23)22-13-7-10-17(22)19(24)25/h4-6,8-9,14,16-17,21H,3,7,10-13H2,1-2H3,(H,24,25)","GBXSMTUPTTWBMN-UHFFFAOYSA-N","CCOC(=O)C(CCC1=CC=CC=C1)NC(C)C(=O)N1CCCC1C(=O)O","-1.18","0.0","1","G1","376.45300000000026","1.6046","100.15250000000007","27.0","5.0","2.0","7.0","9.0","148.0","1.0","1.0","1.0","2.0","95.94000000000001","159.23680270316586","2.0070366246242646","649.0319728454913"
"F-1141","2-(hydroxymethyl)-6-(2-naphthalen-1-ylethoxy)oxane-3,4,5-triol","InChI=1S/C18H22O6/c19-10-14-15(20)16(21)17(22)18(24-14)23-9-8-12-6-3-5-11-4-1-2-7-13(11)12/h1-7,14-22H,8-10H2","CFFQRHTWQPXZID-UHFFFAOYSA-N","OCC1OC(OCCC2=C3C=CC=CC3=CC=C2)C(O)C(O)C1O","-1.11","0.0","1","G1","334.36800000000005","0.19879999999999998","87.37120000000004","24.0","6.0","4.0","6.0","5.0","130.0","2.0","1.0","1.0","3.0","99.38000000000001","139.43079888067365","1.6292774371936856","668.1115018163762"
"F-1142","5-ethyl-5-phenylimidazolidine-2,4-dione","InChI=1S/C11H12N2O2/c1-2-11(8-6-4-3-5-7-8)9(14)12-10(15)13-11/h3-7H,2H2,1H3,(H2,12,13,14,15)","UDTWZFJEMMUFLC-UHFFFAOYSA-N","CCC1(C2=CC=CC=C2)NC(=O)NC1=O","-2.64","0.2349000000000001","2","G3","204.22899999999996","1.1313","55.08540000000002","15.0","2.0","2.0","4.0","2.0","78.0","1.0","1.0","1.0","2.0","58.2","87.67305110525442","2.4690156515518256","402.30876542596644"
"F-1143","2-(phenoxy)oxane-3,4,5-triol","InChI=1S/C11H14O5/c12-8-6-15-11(10(14)9(8)13)16-7-4-2-1-3-5-7/h1-5,8-14H,6H2","RTBHKOWSOJOEPS-UHFFFAOYSA-N","OC1COC(OC2=CC=CC=C2)C(O)C1O","-1.66","0.0","1","G1","226.228","-0.49560000000000015","54.83040000000004","16.0","5.0","3.0","5.0","2.0","88.0","1.0","1.0","1.0","2.0","79.15","92.86007425355258","2.0046292366030167","328.40662387322675"
"F-1144","2-[(2,2-dimethyl-1,3-dioxolan-4-yl)methoxycarbonyl]benzoic acid","InChI=1S/C14H16O6/c1-14(2)19-8-9(20-14)7-18-13(17)11-6-4-3-5-10(11)12(15)16/h3-6,9H,7-8H2,1-2H3,(H,15,16)","PCLHPOXWGFYRRM-UHFFFAOYSA-N","CC1(C)OCC(COC(=O)C2=C(C(=O)O)C=CC=C2)O1","-1.23","0.0","1","G1","280.276","1.6931","68.58780000000003","20.0","5.0","1.0","6.0","4.0","108.0","1.0","1.0","1.0","2.0","82.06","115.80302252194483","1.9770847845838513","522.1503429116071"
"F-1145","4-(2-oxo-1,3,3~{a},4,5,6,7,7~{a}-octahydrobenzimidazol-4-yl)butanoic acid","InChI=1S/C11H18N2O3/c14-9(15)6-2-4-7-3-1-5-8-10(7)13-11(16)12-8/h7-8,10H,1-6H2,(H,14,15)(H2,12,13,16)","KCUZHOVRGQTHKG-UHFFFAOYSA-N","O=C(O)CCCC1CCCC2NC(=O)NC12","-0.96","0.0","1","G1","226.276","1.0914","58.07120000000003","16.0","2.0","3.0","5.0","4.0","90.0","0.0","2.0","2.0","2.0","78.43","94.59401218423682","1.8374793315356663","292.9542624102254"
"F-1146","2-amino-3-(1H-indol-3-yl)propanoic acid","InChI=1S/C11H12N2O2/c12-9(11(14)15)5-7-6-13-10-4-2-1-3-8(7)10/h1-4,6,9,13H,5,12H2,(H,14,15)","QIVBCDIJIAJPQS-UHFFFAOYSA-N","NC(CC1=CNC2=C1C=CC=C2)C(=O)O","-1.77","0.2935","2","G3","204.22899999999998","1.1223","57.613900000000015","15.0","2.0","3.0","4.0","3.0","78.0","2.0","0.0","0.0","2.0","79.11","86.71270096468882","2.3234873713898962","490.0485079143074"
"F-1147","[(z)-(5-Nitrofuran-2-yl)methylideneamino]urea","InChI=1S/C6H6N4O4/c7-6(11)9-8-3-4-1-2-5(14-4)10(12)13/h1-3H,(H3,7,9,11)","IAIWVQXQOWNYOU-UHFFFAOYSA-N","C1=C(OC(=C1)[N+](=O)[O-])C=NNC(=O)N","-2.92","0.0","1","G1","198.13799999999998","0.1899999999999999","45.6755","14.0","5.0","2.0","8.0","3.0","74.0","1.0","0.0","0.0","1.0","123.76","77.52532582162644","2.6374009499939137","382.93815266453123"
"F-1148","5-ethyl-5-pentan-2-yl-1,3-diazinane-2,4,6-trione","InChI=1S/C11H18N2O3/c1-4-6-7(3)11(5-2)8(14)12-10(16)13-9(11)15/h7H,4-6H2,1-3H3,(H2,12,13,14,15,16)","WEXRUCMBJFQVBZ-UHFFFAOYSA-N","CCCC(C)C1(CC)C(=O)NC(=O)NC1=O","-2.39","0.06513474921695447","3","G5","226.276","1.1849999999999998","58.47740000000003","16.0","3.0","2.0","5.0","4.0","90.0","0.0","1.0","1.0","1.0","75.27000000000001","94.9671316856138","3.0460336908423664","305.19136469282626"
"F-1149","3-methyl-1-(2,3,4,5-tetrahydroxypentyl)-3,4-dihydro-1,4-benzodiazepine-2,5-dione","InChI=1S/C15H20N2O6/c1-8-15(23)17(6-11(19)13(21)12(20)7-18)10-5-3-2-4-9(10)14(22)16-8/h2-5,8,11-13,18-21H,6-7H2,1H3,(H,16,22)","MHRJDYHNVDCBNF-UHFFFAOYSA-N","CC1NC(=O)C2=C(C=CC=C2)N(CC(O)C(O)C(O)CO)C1=O","-1.51","0.0","1","G1","324.3330000000001","-1.7735","80.82940000000002","23.0","6.0","5.0","8.0","5.0","126.0","1.0","0.0","1.0","2.0","130.33","132.51972605822024","2.3249579754772354","593.0847630016159"
"F-1150","1-(2,3,4,5-tetrahydroxypentyl)-3,4-dihydro-1,4-benzodiazepine-2,5-dione","InChI=1S/C14H18N2O6/c17-7-11(19)13(21)10(18)6-16-9-4-2-1-3-8(9)14(22)15-5-12(16)20/h1-4,10-11,13,17-19,21H,5-7H2,(H,15,22)","SSOKMRFNHGGGGS-UHFFFAOYSA-N","O=C1NCC(=O)N(CC(O)C(O)C(O)CO)C2=C1C=CC=C2","-1.46","0.0","1","G1","310.30600000000004","-2.161999999999998","76.23440000000002","22.0","6.0","5.0","8.0","5.0","120.0","1.0","0.0","1.0","2.0","130.33","126.15478394382362","2.2648920574078013","564.0189732905594"
"F-1151","2-methyl-5-(1,2,3,4-tetrahydroxybutyl)furan-3-carboxylic acid","InChI=1S/C10H14O7/c1-4-5(10(15)16)2-7(17-4)9(14)8(13)6(12)3-11/h2,6,8-9,11-14H,3H2,1H3,(H,15,16)","QCJQVLKXEYQMLF-UHFFFAOYSA-N","CC1=C(C(=O)O)C=C(C(O)C(O)C(O)CO)O1","-1.28","0.0","1","G1","246.21499999999997","-0.9662800000000002","54.463500000000025","17.0","6.0","5.0","7.0","5.0","96.0","1.0","0.0","0.0","1.0","131.36","96.54807593097728","2.929361366403812","397.3587186607418"
"F-1152","2-(hydroxymethyl)-6-(phenoxy)oxane-3,4,5-triol","InChI=1S/C12H16O6/c13-6-8-9(14)10(15)11(16)12(18-8)17-7-4-2-1-3-5-7/h1-5,8-16H,6H2","NEZJDVYDSZTRFS-UHFFFAOYSA-N","OCC1OC(OC2=CC=CC=C2)C(O)C(O)C1O","-1.46","0.0","1","G1","256.254","-1.1347000000000005","60.837200000000045","18.0","6.0","4.0","6.0","3.0","100.0","1.0","1.0","1.0","2.0","99.38000000000001","104.0192501201452","2.076535233402352","368.09020171019625"
"F-1154","2-piperazin-1-ylethyl 2-(6-methoxynaphthalen-2-yl)propanoate","InChI=1S/C20H26N2O3/c1-15(20(23)25-12-11-22-9-7-21-8-10-22)16-3-4-18-14-19(24-2)6-5-17(18)13-16/h3-6,13-15,21H,7-12H2,1-2H3","MJJXVEPFHAODSG-UHFFFAOYSA-N","COC1=CC2=CC=C(C(C)C(=O)OCCN3CCNCC3)C=C2C=C1","-1.52","0.0","1","G1","342.439","2.4002999999999997","99.18370000000004","25.0","5.0","1.0","5.0","6.0","134.0","2.0","1.0","1.0","3.0","50.800000000000004","148.45496605453798","1.5790147216785053","725.9530883269229"
"F-1155","2-(4-methylpiperazin-1-yl)ethyl 2-(6-methoxynaphthalen-2-yl)propanoate","InChI=1S/C21H28N2O3/c1-16(21(24)26-13-12-23-10-8-22(2)9-11-23)17-4-5-19-15-20(25-3)7-6-18(19)14-17/h4-7,14-16H,8-13H2,1-3H3","CBVJNCUEPFCOOK-UHFFFAOYSA-N","COC1=CC2=CC=C(C(C)C(=O)OCCN3CCN(C)CC3)C=C2C=C1","-1.49","0.0","1","G1","356.46600000000007","2.7425000000000015","103.81100000000005","26.0","5.0","0.0","5.0","6.0","140.0","2.0","1.0","1.0","3.0","42.010000000000005","155.02987965552987","1.5479663442294191","754.0046422141215"
"F-1156","Naproxen morpholinobutyl ester","InChI=1S/C22H29NO4/c1-17(18-5-6-20-16-21(25-2)8-7-19(20)15-18)22(24)27-12-4-3-9-23-10-13-26-14-11-23/h5-8,15-17H,3-4,9-14H2,1-2H3","FOJQWBARRQHNJT-UHFFFAOYSA-N","COC1=CC2=CC=C(C(C)C(=O)OCCCCN3CCOCC3)C=C2C=C1","-3.7","0.0","1","G1","371.47700000000015","3.6075000000000026","106.36700000000006","27.0","5.0","0.0","5.0","8.0","146.0","2.0","1.0","1.0","3.0","48.0","160.74853332923","1.4549393527010819","755.0612298713637"
"F-1158","4-(4-methylpiperazin-1-yl)butyl 2-(6-methoxynaphthalen-2-yl)propanoate","InChI=1S/C23H32N2O3/c1-18(19-6-7-21-17-22(27-3)9-8-20(21)16-19)23(26)28-15-5-4-10-25-13-11-24(2)12-14-25/h6-9,16-18H,4-5,10-15H2,1-3H3","GNDPMKMIFIOZEP-UHFFFAOYSA-N","COC1=CC=C2C=C(C(C)C(=O)OCCCCN3CCN(C)CC3)C=CC2=C1","-1.29","0.0","1","G1","384.52000000000015","3.522700000000002","113.04500000000006","28.0","5.0","0.0","5.0","8.0","152.0","2.0","1.0","1.0","3.0","42.010000000000005","167.75976388432312","1.4296613253840909","784.5111395185636"
"F-1159","6a,7,8,9-tetrahydro-5H-pyrrolo[2,1-c][1,4]benzodiazepine-6,11-dione","InChI=1S/C12H12N2O2/c15-11-10-6-3-7-14(10)12(16)8-4-1-2-5-9(8)13-11/h1-2,4-5,10H,3,6-7H2,(H,13,15)","MXBNEEHQIDLPLQ-UHFFFAOYSA-N","O=C1NC2=C(C=CC=C2)C(=O)N2CCCC12","-3.75","0.0","1","G1","216.23999999999992","1.2432999999999998","59.13020000000002","16.0","2.0","1.0","4.0","0.0","82.0","1.0","1.0","2.0","3.0","49.410000000000004","93.24213355271709","2.112894157822699","469.84149412625413"
"F-1160","2-chloro-6a,7,8,9-tetrahydro-5H-pyrrolo[2,1-c][1,4]benzodiazepine-6,11-dione","InChI=1S/C12H11ClN2O2/c13-7-3-4-9-8(6-7)12(17)15-5-1-2-10(15)11(16)14-9/h3-4,6,10H,1-2,5H2,(H,14,16)","AUNHJVGFQWTEOA-UHFFFAOYSA-N","O=C1NC2=C(C=C(Cl)C=C2)C(=O)N2CCCC12","-4.7","0.0","1","G1","250.68499999999997","1.8966999999999998","64.14020000000002","17.0","2.0","1.0","5.0","0.0","88.0","1.0","1.0","2.0","3.0","49.410000000000004","103.54539977959878","2.1226091123728192","515.2271346395117"
"F-1162","8-hydroxy-6a,7,8,9-tetrahydro-5H-pyrrolo[2,1-c][1,4]benzodiazepine-6,11-dione","InChI=1S/C12H12N2O3/c15-7-5-10-11(16)13-9-4-2-1-3-8(9)12(17)14(10)6-7/h1-4,7,10,15H,5-6H2,(H,13,16)","QMZBNOQLELVDQU-UHFFFAOYSA-N","O=C1NC2=C(C=CC=C2)C(=O)N2CC(O)CC12","-2.37","0.0","1","G1","232.23899999999995","0.2140999999999998","60.520000000000024","17.0","3.0","2.0","5.0","0.0","88.0","1.0","1.0","2.0","3.0","69.64","98.03636730491311","2.0793437807611483","500.2790378430076"
"F-1163","9-hydroxy-1,5,8-trimethyl-1,3a,4,5,5a,6,9,9a-octahydroazuleno[5,6-d]furan-2,7-dione","InChI=1S/C15H20O4/c1-6-4-11-13(8(3)15(18)19-11)14(17)12-7(2)10(16)5-9(6)12/h6,8-9,11,13-14,17H,4-5H2,1-3H3","BFWXQSLJSDLIAA-UHFFFAOYSA-N","CC1=C2C(O)C3C(CC(C)C2CC1=O)OC(=O)C3C","-1.95","0.0","1","G1","264.32099999999997","1.4703","68.13580000000003","19.0","4.0","1.0","4.0","0.0","104.0","0.0","2.0","3.0","3.0","63.6","112.37216731840053","2.051923341430971","478.5372462613826"
"F-1164","2-acetamido-3-(1H-indol-3-yl)propanoic acid","InChI=1S/C13H14N2O3/c1-8(16)15-12(13(17)18)6-9-7-14-11-5-3-2-4-10(9)11/h2-5,7,12,14H,6H2,1H3,(H,15,16)(H,17,18)","DZTHIGRZJZPRDV-UHFFFAOYSA-N","CC(=O)NC(CC1=CNC2=C1C=CC=C2)C(=O)O","-2.31","0.0","1","G1","246.266","1.2996999999999999","67.24320000000003","18.0","2.0","3.0","5.0","4.0","94.0","2.0","0.0","0.0","2.0","82.19","103.81407878012114","2.255584922915833","588.6888111996076"
"F-1165","Eburnamenine-14-carboxylic acid, ethyl ester, (3alpha,16alpha)-","InChI=1S/C22H26N2O2/c1-3-22-11-7-12-23-13-10-16-15-8-5-6-9-17(15)24(19(16)20(22)23)18(14-22)21(25)26-4-2/h5-6,8-9,14,20H,3-4,7,10-13H2,1-2H3","DDNCQMVWWZOMLN-UHFFFAOYSA-N","CCOC(=O)C1=CC2(CC)CCCN3CCC4=C(C32)N1C1=C4C=CC=C1","-4.84","0.0","1","G1","350.462","4.148300000000003","102.82000000000004","26.0","4.0","0.0","4.0","3.0","136.0","2.0","1.0","3.0","5.0","34.47","153.96919366737635","1.8488750308563915","925.6103409286904"
"F-1167","4-[[4-(5-phenyl-1,3-oxazol-2-yl)phenyl]methyl]morpholine","InChI=1S/C20H20N2O2/c1-2-4-17(5-3-1)19-14-21-20(24-19)18-8-6-16(7-9-18)15-22-10-12-23-13-11-22/h1-9,14H,10-13,15H2","LQUCGMWVJVCUFX-UHFFFAOYSA-N","C1=CC=C(C2=CN=C(C3=CC=C(CN4CCOCC4)C=C3)O2)C=C1","-4.35","0.0","1","G1","320.39199999999994","3.8408000000000024","93.47100000000003","24.0","4.0","0.0","4.0","4.0","122.0","3.0","1.0","1.0","4.0","38.5","141.25182709481243","1.4759376640942596","774.9132393899407"
"F-1169","(3,6-dihydroxy-1-methyl-2,3-dihydroindol-5-yl)iminourea","InChI=1S/C10H12N4O3/c1-14-4-9(16)5-2-6(12-13-10(11)17)8(15)3-7(5)14/h2-3,9,16H,4H2,1H3,(H3,11,13,17)","XSXCZNVKFKNLPR-UHFFFAOYSA-N","CN1CC(O)C2=CC(=NNC(N)=O)C(=O)C=C21","-2.72","0.0","1","G1","236.23099999999997","-1.2899999999999994","59.96390000000001","17.0","5.0","3.0","7.0","1.0","90.0","0.0","1.0","2.0","2.0","108.01999999999998","97.26518469517482","2.311515634623904","477.94268229030087"
"F-1171","4-dimethylaminodiazenylbenzoic acid","InChI=1S/C9H11N3O2/c1-12(2)11-10-8-5-3-7(4-6-8)9(13)14/h3-6H,1-2H3,(H,13,14)","GUAZPUYTLMUTMA-UHFFFAOYSA-N","CN(C)N=NC1=CC=C(C(=O)O)C=C1","-0.8","0.0","1","G1","193.206","1.9451","51.60430000000002","14.0","3.0","1.0","5.0","3.0","74.0","1.0","0.0","0.0","1.0","65.26","81.658732849854","2.7843380621672695","343.57962882289627"
"F-1172","2-[[2-amino-3-(1H-indol-3-yl)propanoyl]amino]acetic acid","InChI=1S/C13H15N3O3/c14-10(13(19)16-7-12(17)18)5-8-6-15-11-4-2-1-3-9(8)11/h1-4,6,10,15H,5,7,14H2,(H,16,19)(H,17,18)","UYKREHOKELZSPB-UHFFFAOYSA-N","NC(CC1=CNC2=C1C=CC=C2)C(=O)NCC(=O)O","-0.85","0.0","1","G1","261.28099999999995","0.2384999999999997","70.62360000000002","19.0","3.0","4.0","6.0","5.0","100.0","2.0","0.0","0.0","2.0","108.21","109.15396947713386","2.038857648809445","605.9541784768663"
"F-1173","4-amino-1-[4-fluoro-5-(hydroxymethyl)oxolan-2-yl]pyrimidin-2-one","InChI=1S/C9H12FN3O3/c10-5-3-8(16-6(5)4-14)13-2-1-7(11)12-9(13)15/h1-2,5-6,8,14H,3-4H2,(H2,11,12,15)","HNSUDSIHCJEYQG-UHFFFAOYSA-N","NC1=NC(=O)N(C2CC(F)C(CO)O2)C=C1","-1.18","0.0","1","G1","229.21099999999998","-0.5566000000000006","53.41820000000002","16.0","6.0","2.0","7.0","2.0","88.0","1.0","1.0","1.0","2.0","90.37","90.47427716812474","2.232655521064887","436.2525413977774"
"F-1174","2-chloro-4-[(4-hydroxyphenyl)diazenyl]benzoic acid","InChI=1S/C13H9ClN2O3/c14-12-7-9(3-6-11(12)13(18)19)16-15-8-1-4-10(17)5-2-8/h1-7,17H,(H,18,19)","AQQKGZJPWKEZJE-UHFFFAOYSA-N","O=C(O)C1=C(Cl)C=C(N=NC2=CC=C(O)C=C2)C=C1","-2.62","0.0","1","G1","276.67900000000003","4.159200000000001","70.69410000000002","19.0","4.0","2.0","6.0","3.0","96.0","2.0","0.0","0.0","2.0","82.25","113.35347311576419","2.2156126534382174","638.8366309730286"
"F-1175","2-(hydroxymethyl)-6-(3-nitrophenoxy)oxane-3,4,5-triol","InChI=1S/C12H15NO8/c14-5-8-9(15)10(16)11(17)12(21-8)20-7-3-1-2-6(4-7)13(18)19/h1-4,8-12,14-17H,5H2","VCCMGHVCRFMITI-UHFFFAOYSA-N","C1=CC(=CC(=C1)OC2C(C(C(C(O2)CO)O)O)O)[N+](=O)[O-]","-1.28","0.0","1","G1","301.25100000000003","-1.2265000000000001","67.4916","21.0","8.0","4.0","9.0","4.0","116.0","1.0","1.0","1.0","2.0","142.52","118.672225842645","2.1410665860385083","507.7857229222692"
"F-1176","6-[Hydroxy(4-quinolinyl)methyl]quinuclidine-3-carboxylic acid","InChI=1S/C18H20N2O3/c21-17(13-5-7-19-15-4-2-1-3-12(13)15)16-9-11-6-8-20(16)10-14(11)18(22)23/h1-5,7,11,14,16-17,21H,6,8-10H2,(H,22,23)","XDPYXPRALQKAHS-UHFFFAOYSA-N","O=C(O)C1CN2CCC1CC2C(O)C1=CC=NC2=C1C=CC=C2","-1.94","0.0","1","G1","312.3690000000001","2.0631999999999993","85.91360000000006","23.0","4.0","2.0","5.0","3.0","120.0","2.0","3.0","3.0","5.0","73.66","134.11535562932886","1.6487462652685227","742.6290470112475"
"F-1177","3-[(2-Nitrophenyl)hydrazono]-6-oxo-1,4-cyclohexadiene-1-carboxylic acid","InChI=1S/C13H9N3O5/c17-12-6-5-8(7-9(12)13(18)19)14-15-10-3-1-2-4-11(10)16(20)21/h1-7,15H,(H,18,19)","OVZUMYVWPIEZMH-UHFFFAOYSA-N","C1=CC=C(C(=C1)NN=C2C=CC(=O)C(=C2)C(=O)O)[N+](=O)[O-]","-2.01","0.0","1","G1","287.23100000000005","1.5125999999999997","74.01989999999999","21.0","6.0","2.0","8.0","4.0","106.0","1.0","0.0","1.0","2.0","121.9","117.78653506686199","2.2651578120440474","718.2718465162063"
"F-1178","N-(3-bromophenyl)-7-(methoxymethyl)-7,8-dihydro-[1,4]dioxino[3,2-g]quinazolin-4-amine","InChI=1S/C18H16BrN3O3/c1-23-8-13-9-24-16-7-15-14(6-17(16)25-13)18(21-10-20-15)22-12-4-2-3-11(19)5-12/h2-7,10,13H,8-9H2,1H3,(H,20,21,22)","UFQCLRMJHOWNLX-UHFFFAOYSA-N","COCC1COC2=C(C=C3C(=C2)N=CN=C3NC2=CC(Br)=CC=C2)O1","-3.22","0.0","1","G1","402.24800000000005","3.922100000000003","98.74970000000002","25.0","6.0","1.0","7.0","4.0","128.0","3.0","0.0","1.0","4.0","65.5","152.82144060101646","1.7191211123779933","919.2069206251987"
"F-1179","(1,5,8a-trimethyl-2,8-dioxo-3a,4,5,5a,9,9a-hexahydro-1H-azuleno[6,5-b]furan-9-yl) acetate","InChI=1S/C17H22O5/c1-8-7-12-14(9(2)16(20)22-12)15(21-10(3)18)17(4)11(8)5-6-13(17)19/h5-6,8-9,11-12,14-15H,7H2,1-4H3","NEIIKBWBBCJSQU-UHFFFAOYSA-N","CC(=O)OC1C2C(CC(C)C3C=CC(=O)C31C)OC(=O)C2C","-2.19","0.0","1","G1","306.35800000000006","1.897","77.61300000000004","22.0","5.0","0.0","5.0","1.0","120.0","0.0","2.0","3.0","3.0","69.67000000000002","129.58288512454837","2.1014500359743433","565.3966058118002"
"F-1180","N-(3-iodophenyl)-7-(methoxymethyl)-7,8-dihydro-[1,4]dioxino[3,2-g]quinazolin-4-amine","InChI=1S/C18H16IN3O3/c1-23-8-13-9-24-16-7-15-14(6-17(16)25-13)18(21-10-20-15)22-12-4-2-3-11(19)5-12/h2-7,10,13H,8-9H2,1H3,(H,20,21,22)","QTSBFJRVBUIZJC-UHFFFAOYSA-N","COCC1COC2=C(C=C3C(=C2)N=CN=C3NC2=CC(I)=CC=C2)O1","-3.52","0.0","1","G1","449.24800000000005","3.7642000000000024","103.76670000000001","25.0","6.0","1.0","7.0","4.0","128.0","3.0","0.0","1.0","4.0","65.5","158.2157311164187","1.7191211123779933","919.2069206251987"
"F-1182","1-[(2-carboxy-5-oxopyrrolidin-1-yl)methyl]-5-oxopyrrolidine-2-carboxylic acid","InChI=1S/C11H14N2O6/c14-8-3-1-6(10(16)17)12(8)5-13-7(11(18)19)2-4-9(13)15/h6-7H,1-5H2,(H,16,17)(H,18,19)","XAYYGTJLXVXLMB-UHFFFAOYSA-N","O=C(O)C1CCC(=O)N1CN1C(=O)CCC1C(=O)O","-1.31","0.0","1","G1","270.24099999999993","-0.9048999999999994","59.87460000000002","19.0","4.0","2.0","8.0","4.0","104.0","0.0","2.0","2.0","2.0","115.22000000000001","108.13123310971103","2.137769473304412","408.46636432477374"
"F-1183","2-[4-[(4-methoxyphenyl)methyl]-2,5-dioxoimidazolidin-1-yl]propanoic acid","InChI=1S/C14H16N2O5/c1-8(13(18)19)16-12(17)11(15-14(16)20)7-9-3-5-10(21-2)6-4-9/h3-6,8,11H,7H2,1-2H3,(H,15,20)(H,18,19)","HCTFEPDEGBYVHP-UHFFFAOYSA-N","COC1=CC=C(CC2NC(=O)N(C(C)C(=O)O)C2=O)C=C1","-0.86","0.0","1","G1","292.291","0.6311999999999995","72.96150000000004","21.0","4.0","2.0","7.0","5.0","112.0","1.0","1.0","1.0","2.0","95.94","121.04715001678623","2.0947428106622827","569.2320284458701"
"F-1184","2-[(4-fluorophenyl)sulfonylamino]-~{N}-(2-hydroxyoxolan-3-yl)-3-methylbutanamide","InChI=1S/C15H21FN2O5S/c1-9(2)13(14(19)17-12-7-8-23-15(12)20)18-24(21,22)11-5-3-10(16)4-6-11/h3-6,9,12-13,15,18,20H,7-8H2,1-2H3,(H,17,19)","QHZOMDFYCYONFD-UHFFFAOYSA-N","CC(C)C(NS(=O)(=O)C1=CC=C(F)C=C1)C(=O)NC1CCOC1O","-2.38","0.0","1","G1","360.4070000000001","0.3520999999999997","83.85400000000003","24.0","5.0","3.0","9.0","6.0","134.0","1.0","1.0","1.0","2.0","104.73","139.80538773984128","2.120398542231197","677.609756012022"
"F-1185","N-(2-hydroxyoxolan-3-yl)-4-methyl-2-(phenylcarbamothioylamino)pentanamide","InChI=1S/C17H25N3O3S/c1-11(2)10-14(15(21)19-13-8-9-23-16(13)22)20-17(24)18-12-6-4-3-5-7-12/h3-7,11,13-14,16,22H,8-10H2,1-2H3,(H,19,21)(H2,18,20,24)","DFTOOBKXSNAAPW-UHFFFAOYSA-N","CC(C)CC(NC(=S)NC1=CC=CC=C1)C(=O)NC1CCOC1O","-2.37","0.0","1","G1","351.4720000000001","1.6111999999999997","97.54790000000004","24.0","4.0","4.0","7.0","6.0","132.0","1.0","1.0","1.0","2.0","82.62","147.51760310410612","1.934686043105821","553.2715658075608"
"F-1186","7-chloro-3',4,6-trimethoxy-5'-methylspiro[1-benzofuran-2,6'-cyclohex-2-ene]-1',3-dione","InChI=1S/C17H17ClO6/c1-8-5-9(21-2)6-12(19)17(8)16(20)13-10(22-3)7-11(23-4)14(18)15(13)24-17/h6-8H,5H2,1-4H3","FFKRWPQQTGWKIH-UHFFFAOYSA-N","COC1=CC(=O)C2(OC3=C(C2=O)C(OC)=CC(OC)=C3Cl)C(C)C1","-4.4","0.0","1","G1","352.77000000000004","2.8103000000000016","86.12550000000005","24.0","6.0","0.0","7.0","3.0","128.0","1.0","0.0","2.0","3.0","71.06","143.82499238361365","2.197752117492907","768.8345393102227"
"F-1187","2-[(2-amino-4-methylpentanoyl)amino]-3-(1H-indol-3-yl)propanoic acid","InChI=1S/C17H23N3O3/c1-10(2)7-13(18)16(21)20-15(17(22)23)8-11-9-19-14-6-4-3-5-12(11)14/h3-6,9-10,13,15,19H,7-8,18H2,1-2H3,(H,20,21)(H,22,23)","BQVUABVGYYSDCJ-UHFFFAOYSA-N","CC(C)CC(N)C(=O)NC(CC1=CNC2=C1C=CC=C2)C(=O)O","-1.12","0.0","1","G1","317.38900000000007","1.6532000000000002","88.99960000000004","23.0","3.0","4.0","6.0","7.0","124.0","2.0","0.0","0.0","2.0","108.21","134.61373793472023","2.1001735355239455","693.2033499846956"
"F-1188","6-[Hydroxy(6-methoxy-4-quinolinyl)methyl]quinuclidine-3-carboxylic acid","InChI=1S/C19H22N2O4/c1-25-12-2-3-16-14(9-12)13(4-6-20-16)18(22)17-8-11-5-7-21(17)10-15(11)19(23)24/h2-4,6,9,11,15,17-18,22H,5,7-8,10H2,1H3,(H,23,24)","SDKSKRHLYWDWGB-UHFFFAOYSA-N","COC1=CC2=C(C=C1)N=CC=C2C(O)C1CC2CCN1CC2C(=O)O","-2.03","0.0","1","G1","342.3950000000001","2.0718","92.46560000000005","25.0","5.0","2.0","6.0","4.0","132.0","2.0","3.0","3.0","5.0","82.89","145.59384297323234","1.6676831567562866","809.1107161362821"
"F-1189","7-Chloro-2',4'-dihydroxy-4,6-dimethoxy-6'-methyl-3H-spiro[1-benzofuran-2,1'-cyclohexan]-3-one","InChI=1S/C16H19ClO6/c1-7-4-8(18)5-11(19)16(7)15(20)12-9(21-2)6-10(22-3)13(17)14(12)23-16/h6-8,11,18-19H,4-5H2,1-3H3","OOMRSSASWJQHLA-UHFFFAOYSA-N","COC1=CC(OC)=C(Cl)C2=C1C(=O)C1(O2)C(C)CC(O)CC1O","-2.34","0.0","1","G1","342.77500000000003","1.8227999999999995","82.65710000000003","23.0","6.0","2.0","7.0","2.0","126.0","1.0","1.0","2.0","3.0","85.22000000000001","138.4630534762427","2.1692920828986697","646.4608126355921"
"F-1191","4-(3,14-dihydroxy-10,13-dimethyl-1,2,3,4,5,6,7,8,9,11,12,15,16,17-tetradecahydrocyclopenta[a]phenanthren-17-yl)-5H-furan-2-one","InChI=1S/C23H34O4/c1-21-8-5-16(24)12-15(21)3-4-19-18(21)6-9-22(2)17(7-10-23(19,22)26)14-11-20(25)27-13-14/h11,15-19,24,26H,3-10,12-13H2,1-2H3","XZTUSOXSLKTKJQ-UHFFFAOYSA-N","CC12CCC(O)CC1CCC1C2CCC2(C)C(C3=CC(=O)OC3)CCC12O","-4.57","0.0","1","G1","374.5210000000002","3.6043000000000034","101.72560000000006","27.0","4.0","2.0","4.0","1.0","150.0","0.0","4.0","5.0","5.0","66.76","161.9127535786672","1.4673853730068038","685.8658330039004"
"F-1193","4-phenyldiazenylphenol","InChI=1S/C12H10N2O/c15-12-8-6-11(7-9-12)14-13-10-4-2-1-3-5-10/h1-9,15H","BEYOBVMPDRKTNR-UHFFFAOYSA-N","OC1=CC=C(N=NC2=CC=CC=C2)C=C1","-3.95","0.30500000000000016","2","G3","198.22500000000005","3.8076000000000025","58.72480000000003","15.0","3.0","1.0","3.0","2.0","74.0","2.0","0.0","0.0","2.0","44.95","87.7295089222461","2.1529892819390986","448.8081523848772"
"F-1194","4-phenyldiazenylbenzene-1,3-diol","InChI=1S/C12H10N2O2/c15-10-6-7-11(12(16)8-10)14-13-9-4-2-1-3-5-9/h1-8,15-16H","BPTKLSBRRJFNHJ-UHFFFAOYSA-N","OC1=CC(O)=C(N=NC2=CC=CC=C2)C=C1","-3.08","0.025000000000000133","2","G3","214.22400000000005","3.513200000000002","60.38960000000004","16.0","4.0","2.0","4.0","2.0","80.0","2.0","0.0","0.0","2.0","65.18","92.52374267444212","2.2421519865382917","509.682139382656"
"F-1195","14-hydroxy-8,16-diazahexacyclo[11.5.2.1^{1,8}.0^{2,7}.0^{16,19}.0^{12,21}]henicosa-2,4,6,10-tetraene-9,15-dione","InChI=1S/C19H18N2O3/c22-15-6-5-10-11-9-14-19(7-8-20(14)18(24)16(11)23)12-3-1-2-4-13(12)21(15)17(10)19/h1-6,10-11,14,16-17,23H,7-9H2","GGPNRMYEAUWVHU-UHFFFAOYSA-N","O=C1C(O)C2CC3N1CCC31C3=C(C=CC=C3)N3C(=O)C=CC2C31","-2.11","0.0","1","G1","322.36400000000003","0.8209","86.25580000000002","24.0","3.0","1.0","5.0","0.0","122.0","1.0","3.0","5.0","6.0","60.85","139.09383709951277","1.6774319977361416","833.6557352659484"
"F-1196","4-[(4-hydroxyphenyl)diazenyl]benzoic acid","InChI=1S/C13H10N2O3/c16-12-7-5-11(6-8-12)15-14-10-3-1-9(2-4-10)13(17)18/h1-8,16H,(H,17,18)","HLVCZTOFOWHIJZ-UHFFFAOYSA-N","O=C(O)C1=CC=C(N=NC2=CC=C(O)C=C2)C=C1","-4.38","0.0","1","G1","242.23400000000004","3.5058000000000016","65.68410000000003","18.0","4.0","2.0","5.0","3.0","90.0","2.0","0.0","0.0","2.0","82.25","103.0502068888825","2.1329911792252636","574.1902812878075"
"F-1197","2-hydroxy-5-phenyldiazenylbenzoic acid","InChI=1S/C13H10N2O3/c16-12-7-6-10(8-11(12)13(17)18)15-14-9-4-2-1-3-5-9/h1-8,16H,(H,17,18)","JHDYSXXPQIFFJZ-UHFFFAOYSA-N","O=C(O)C1=C(O)C=CC(N=NC2=CC=CC=C2)=C1","-3.05","0.0","1","G1","242.234","3.5058000000000016","65.68410000000003","18.0","4.0","2.0","5.0","3.0","90.0","2.0","0.0","0.0","2.0","82.25","103.05020688888251","2.27610010539682","594.4402812878076"
"F-1198","1-(1-phenylpyrazolo[4,5-b]quinoxalin-3-yl)propane-1,2,3-triol","InChI=1S/C18H16N4O3/c23-10-14(24)17(25)15-16-18(20-13-9-5-4-8-12(13)19-16)22(21-15)11-6-2-1-3-7-11/h1-9,14,17,23-25H,10H2","SZIWVPXLZYHQFM-UHFFFAOYSA-N","OCC(O)C(O)C1=NN(C2=CC=CC=C2)C2=C1N=C1C=CC=CC1=N2","-3.13","0.0","1","G1","336.35100000000006","1.3552999999999997","92.21840000000002","25.0","7.0","3.0","7.0","4.0","126.0","4.0","0.0","0.0","4.0","104.28999999999999","142.37588340766317","2.027989154966842","1032.5484661690214"
"F-1199","3,3-dimethyl-7-oxo-6-[[2-(phenoxy)acetyl]amino]-4-thia-1-azabicyclo[3.2.0]heptane-2-carboxylic acid","InChI=1S/C16H18N2O5S/c1-16(2)12(15(21)22)18-13(20)11(14(18)24-16)17-10(19)8-23-9-6-4-3-5-7-9/h3-7,11-12,14H,8H2,1-2H3,(H,17,19)(H,21,22)","BPLBGHOLXOTWMN-UHFFFAOYSA-N","CC1(C)SC2C(NC(=O)COC3=CC=CC=C3)C(=O)N2C1C(=O)O","-2.81","0.16999999999999993","2","G3","350.3960000000001","0.6970999999999998","87.59550000000004","24.0","5.0","2.0","8.0","5.0","128.0","1.0","2.0","2.0","3.0","95.94000000000001","142.8943131174155","1.585949621534698","678.305160116001"
"F-1201","6-hydroxy-5-(phenylmethyl)-2-propan-2-ylmorpholin-3-one","InChI=1S/C14H19NO3/c1-9(2)12-13(16)15-11(14(17)18-12)8-10-6-4-3-5-7-10/h3-7,9,11-12,14,17H,8H2,1-2H3,(H,15,16)","OVJQWEVXNMGBPH-UHFFFAOYSA-N","CC(C)C1OC(O)C(CC2=CC=CC=C2)NC1=O","-2.28","0.0","1","G1","249.31","1.0870999999999997","67.79450000000004","18.0","3.0","2.0","4.0","3.0","98.0","1.0","1.0","1.0","2.0","58.56","106.96427214649532","2.015914829706804","404.75994791184064"
"F-1202","6-hydroxy-2-(2-methylpropyl)-5-(phenylmethyl)morpholin-3-one","InChI=1S/C15H21NO3/c1-10(2)8-13-14(17)16-12(15(18)19-13)9-11-6-4-3-5-7-11/h3-7,10,12-13,15,18H,8-9H2,1-2H3,(H,16,17)","LQLIEICEYDIWLO-UHFFFAOYSA-N","CC(C)CC1OC(O)C(CC2=CC=CC=C2)NC1=O","-2.12","0.0","1","G1","263.337","1.4771999999999998","72.41150000000005","19.0","3.0","2.0","4.0","4.0","104.0","1.0","1.0","1.0","2.0","58.56","113.32921426089193","1.9636981816757535","418.65868024071233"
"F-1204","benzene-1,4-dicarbohydrazide","InChI=1S/C8H10N4O2/c9-11-7(13)5-1-2-6(4-3-5)8(14)12-10/h1-4H,9-10H2,(H,11,13)(H,12,14)","ALHNLFMSAXZKRC-UHFFFAOYSA-N","NNC(=O)C1=CC=C(C(=O)NN)C=C1","-2.29","0.0","1","G1","194.194","-1.1063999999999996","49.7492","14.0","4.0","4.0","6.0","2.0","74.0","1.0","0.0","0.0","1.0","110.24","80.20410935008918","2.8864821283777804","311.8638413380406"
"F-1205","2-amino-2-phenyl-N-(1-phenylethyl)acetamide","InChI=1S/C16H18N2O/c1-12(13-8-4-2-5-9-13)18-16(19)15(17)14-10-6-3-7-11-14/h2-12,15H,17H2,1H3,(H,18,19)","KOTUCVMGXNNUJL-UHFFFAOYSA-N","CC(NC(=O)C(N)C1=CC=CC=C1)C1=CC=CC=C1","-1.66","0.0","1","G1","254.33300000000003","2.5638000000000005","76.37010000000005","19.0","2.0","2.0","3.0","4.0","98.0","2.0","0.0","0.0","2.0","55.120000000000005","112.99954076381198","2.0159480830569962","524.9599012168449"
"F-1206","5-chloro-6-(pyrrolidin-1-ylmethyl)-1H-pyrimidine-2,4-dione","InChI=1S/C9H12ClN3O2/c10-7-6(5-13-3-1-2-4-13)11-9(15)12-8(7)14/h1-5H2,(H2,11,12,14,15)","UMNZZEWMRNSNIH-UHFFFAOYSA-N","O=C1NC(=O)C(Cl)=C(CN2CCCC2)N1","-1.54","0.0","1","G1","229.66699999999994","0.31240000000000007","57.204400000000014","15.0","3.0","2.0","6.0","2.0","82.0","1.0","1.0","1.0","2.0","68.96000000000001","91.07572259701638","2.267759756475562","459.16064054523764"
"F-1207","5-bromo-6-(pyrrolidin-1-ylmethyl)-1H-pyrimidine-2,4-dione","InChI=1S/C9H12BrN3O2/c10-7-6(5-13-3-1-2-4-13)11-9(15)12-8(7)14/h1-5H2,(H2,11,12,14,15)","ACVNMTOONYGQIK-UHFFFAOYSA-N","O=C1NC(=O)C(Br)=C(CN2CCCC2)N1","-1.78","0.0","1","G1","274.11799999999994","0.42150000000000004","59.89440000000002","15.0","3.0","2.0","6.0","2.0","82.0","1.0","1.0","1.0","2.0","68.96000000000001","94.64000397577605","2.267759756475562","459.16064054523764"
"F-1209","N-methyl-3-phenyl-3-[4-(trifluoromethyl)phenoxy]propan-1-amine","InChI=1S/C17H18F3NO/c1-21-12-11-16(13-5-3-2-4-6-13)22-15-9-7-14(8-10-15)17(18,19)20/h2-10,16,21H,11-12H2,1H3","RTHCYVBBDHJXIQ-UHFFFAOYSA-N","CNCCC(OC1=CC=C(C(F)(F)F)C=C1)C1=CC=CC=C1","-1.59","0.0","1","G1","309.33099999999996","4.435000000000003","79.79870000000004","22.0","2.0","1.0","5.0","6.0","118.0","2.0","0.0","0.0","2.0","21.259999999999998","127.47322151943769","2.130456050091155","566.707963548519"
"F-1210","2,4,5-trihydroxy-2-(hydroxymethyl)pentanoic acid","InChI=1S/C6H12O6/c7-2-4(9)1-6(12,3-8)5(10)11/h4,7-9,12H,1-3H2,(H,10,11)","SGOVJIDEXZEOTB-UHFFFAOYSA-N","O=C(O)C(O)(CO)CC(O)CO","0.61","0.0","1","G1","180.156","-2.4622999999999995","37.381","12.0","5.0","5.0","6.0","5.0","72.0","0.0","0.0","0.0","0.0","118.22000000000001","68.6966524608364","4.234951192190052","158.11730005192325"
"G-14","1,2,4,5-Tetrabromobenzene","InChI=1S/C6H2Br4/c7-3-1-4(8)6(10)2-5(3)9/h1-2H","QCKHVNQHBOGZER-UHFFFAOYSA-N","Brc1cc(Br)c(Br)cc1Br","-6.98","0.006549999999999834","2","G3","393.69800000000004","4.7366","57.242000000000004","10.0","0.0","0.0","4.0","0.0","54.0","1.0","0.0","0.0","1.0","0.0","92.9015935420624","3.2824629074535228","205.9198833722299"
"G-26","1,2-Dichlorotetrafluoroethane","InChI=1S/C2Cl2F4/c3-1(5,6)2(4,7)8","DDMOUSALMHHKOS-UHFFFAOYSA-N","FC(F)(Cl)C(F)(F)Cl","-2.74","0.1893999999999998","2","G3","170.92000000000002","2.6495999999999995","21.6","8.0","0.0","0.0","6.0","1.0","50.0","0.0","0.0","0.0","0.0","0.0","52.37286720769444","4.020391543176799","67.01955000865388"
"G-56","1,8-Cineole","InChI=1S/C10H18O/c1-9(2)8-4-6-10(3,11-9)7-5-8/h8H,4-7H2,1-3H3","WEEGYLXZBRQIMU-UHFFFAOYSA-N","CC12CCC(CC1)C(C)(C)O2","-1.74","0.09066873772144389","4","G5","154.253","2.7441000000000013","45.52700000000002","11.0","1.0","0.0","1.0","0.0","64.0","0.0","3.0","3.0","3.0","9.23","69.12561297984745","2.2239918531978673","160.9567031494677"
"G-68","1-Butene","InChI=1S/C4H8/c1-3-4-2/h3H,1,4H2,2H3","VXNZUUAINFGPBY-UHFFFAOYSA-N","CCC=C","-1.94","0.23133590695000006","2","G3","56.108","1.5824","20.487999999999996","4.0","0.0","0.0","0.0","1.0","24.0","0.0","0.0","0.0","0.0","0.0","27.14447433883512","2.2968352619191386","14.0"
"G-79","1-Decene","InChI=1S/C10H20/c1-3-5-7-9-10-8-6-4-2/h3H,1,4-10H2,2H3","AFFLGGQVNFXPEV-UHFFFAOYSA-N","CCCCCCCCC=C","-5.51","0.331862246180735","3","G5","140.26999999999998","3.9230000000000036","48.190000000000026","10.0","0.0","0.0","0.0","7.0","60.0","0.0","0.0","0.0","0.0","0.0","65.33412702521478","2.703789901245323","64.43856189774723"
"G-92","1-Iodonapthalene","InChI=1S/C10H7I/c11-10-7-3-5-8-4-1-2-6-9(8)10/h1-7H","NHPPIJMARIVBGU-UHFFFAOYSA-N","Ic1cccc2ccccc12","-4.55","0.0","1","G1","254.07000000000002","3.4444000000000017","56.66500000000002","11.0","0.0","0.0","1.0","0.0","54.0","2.0","0.0","0.0","2.0","0.0","79.37490577227581","2.9131611636048604","374.03449039867854"
"G-115","1-Propanol","InChI=1S/C3H8O/c1-2-3-4/h4H,2-3H2,1H3","BDERNNFJNOPAEC-UHFFFAOYSA-N","CCCO","0.62","0.30055000000000004","2","G3","60.096","0.3887","17.376800000000003","4.0","1.0","1.0","1.0","1.0","26.0","0.0","0.0","0.0","0.0","20.23","26.26336900881878","1.9747448713915894","5.245112497836532"
"G-117","2,2',3,3',4,4',5,5',6,6'-PCB","InChI=1S/C12Cl10/c13-3-1(4(14)8(18)11(21)7(3)17)2-5(15)9(19)12(22)10(20)6(2)16","ONXPZLFXDMAPRO-UHFFFAOYSA-N","Clc1c(Cl)c(Cl)c(c(Cl)c1Cl)c2c(Cl)c(Cl)c(Cl)c(Cl)c2Cl ","-11.6","0.3692942939656057","3","G5","498.66200000000026","9.887599999999999","101.978","22.0","0.0","0.0","10.0","1.0","118.0","2.0","0.0","0.0","2.0","0.0","175.52115959437774","3.0269140714779517","669.959813936206"
"G-126","2,2',3,4,5-PCB","InChI=1S/C12H5Cl5/c13-8-3-1-2-6(12(8)17)7-4-10(15)11(16)5-9(7)14/h1-5H","JTUSORDQZVOEAZ-UHFFFAOYSA-N","Clc1cc(Cl)c(cc1Cl)c2cccc(Cl)c2Cl ","-7.21","0.07474999999999987","2","G3","326.437","6.620600000000001","76.92800000000001","17.0","0.0","0.0","5.0","1.0","88.0","2.0","0.0","0.0","2.0","0.0","124.00482845996935","2.6858707823851615","577.3489383657761"
"G-127","2,2',3,4,6-PCB","InChI=1S/C12H5Cl5/c13-6-1-2-7(10(16)5-6)11-8(14)3-4-9(15)12(11)17/h1-5H","CXKIGWXPPVZSQK-UHFFFAOYSA-N","Clc1ccc(c(Cl)c1)c2c(Cl)ccc(Cl)c2Cl ","-7.43","0.13029999999999964","2","G3","326.437","6.620600000000001","76.92800000000003","17.0","0.0","0.0","5.0","1.0","88.0","2.0","0.0","0.0","2.0","0.0","124.00482845996935","2.7215230752246455","577.348938365776"
"G-130","2,2,3-Trimethylbutane","InChI=1S/C7H16/c1-6(2)7(3,4)5/h6H,1-5H3","ZISSAWUMDACLOM-UHFFFAOYSA-N","CC(C)C(C)(C)C","-4.36","0.0","1","G1","100.20499999999998","2.6885000000000012","34.292999999999985","7.0","0.0","0.0","0.0","0.0","44.0","0.0","0.0","0.0","0.0","0.0","46.92890371420919","3.541196965079901","45.548875021634686"
"G-150","2,3,4,5-Tetrachlorophenol","InChI=1S/C6H2Cl4O/c7-2-1-3(11)5(9)6(10)4(2)8/h1,11H","RULKYXXCCZZKDZ-UHFFFAOYSA-N","Oc1cc(Cl)c(Cl)c(Cl)c1Cl","-3.15","0.0","1","G1","231.893","4.0058","48.146800000000006","11.0","1.0","1.0","5.0","0.0","60.0","1.0","0.0","0.0","1.0","20.23","83.43870177921967","3.4555464838177836","270.8740242221354"
"G-151","2,3,4,6-Tetrachlorophenol","InChI=1S/C6H2Cl4O/c7-2-1-3(8)6(11)5(10)4(2)9/h1,11H","VGVRPFIJEJYOFN-UHFFFAOYSA-N","Oc1c(Cl)cc(Cl)c(Cl)c1Cl","-3.1","0.45179999999999976","2","G3","231.89299999999997","4.005799999999999","48.146800000000006","11.0","1.0","1.0","5.0","0.0","60.0","1.0","0.0","0.0","1.0","20.23","83.43870177921967","3.4555464838177836","270.8740242221354"
"G-152","2',3,4-PCB","InChI=1S/C12H7Cl3/c13-9-6-4-8(5-7-9)10-2-1-3-11(14)12(10)15/h1-7H","ZMHWQAHZKUPENF-UHFFFAOYSA-N","Clc1ccc(cc1)c2cccc(Cl)c2Cl ","-6.29","0.015699999999999825","2","G3","257.547","5.313800000000001","66.90800000000002","15.0","0.0","0.0","3.0","1.0","76.0","2.0","0.0","0.0","2.0","0.0","103.398296006206","2.54151459652031","474.7259470533523"
"G-154","2,3,4-Trichlorophenol","InChI=1S/C6H3Cl3O/c7-3-1-2-4(10)6(9)5(3)8/h1-2,10H","HSQFVBWFPBKHEB-UHFFFAOYSA-N","Oc1ccc(Cl)c(Cl)c1Cl","-2.67","0.0","1","G1","197.448","3.3524000000000003","43.13680000000001","10.0","1.0","1.0","4.0","0.0","54.0","1.0","0.0","0.0","1.0","20.23","73.135435552338","3.3421538077705124","232.41499587006638"
"G-156","2,3,5,6-Tetrachlorophenol","InChI=1S/C6H2Cl4O/c7-2-1-3(8)5(10)6(11)4(2)9/h1,11H","KEWNKZNZRIAIAK-UHFFFAOYSA-N","Oc1c(Cl)c(Cl)cc(Cl)c1Cl","-3.37","0.0","1","G1","231.893","4.0058","48.14680000000001","11.0","1.0","1.0","5.0","0.0","60.0","1.0","0.0","0.0","1.0","20.23","83.43870177921967","3.4555464838177836","270.8740242221354"
"G-158","2,3,5-Trichlorophenol","InChI=1S/C6H3Cl3O/c7-3-1-4(8)6(9)5(10)2-3/h1-2,10H","WWGQHTJIFOQAOC-UHFFFAOYSA-N","Oc1cc(Cl)cc(Cl)c1Cl","-2.67","0.0","1","G1","197.44799999999998","3.3523999999999994","43.13680000000001","10.0","1.0","1.0","4.0","0.0","54.0","1.0","0.0","0.0","1.0","20.23","73.135435552338","3.3105328747224068","236.16499587006643"
"G-167","2,4,5-PCB","InChI=1S/C12H7Cl3/c13-9-3-1-8(2-4-9)11-7-10(14)5-6-12(11)15/h1-7H","VAHKBZSAUKPEOV-UHFFFAOYSA-N","Clc1ccc(cc1)c2cc(Cl)ccc2Cl ","-6.27","0.007249999999999979","2","G3","257.547","5.313800000000001","66.90800000000002","15.0","0.0","0.0","3.0","1.0","76.0","2.0","0.0","0.0","2.0","0.0","103.398296006206","2.530594789348171","474.7259470533523"
"G-184","2,6-Dichlorophenol","InChI=1S/C6H4Cl2O/c7-4-2-1-3-5(8)6(4)9/h1-3,9H","HOLHYSJJBXSLMV-UHFFFAOYSA-N","Oc1c(Cl)cccc1Cl","-1.79","0.07169999999999999","2","G3","163.003","2.699","38.12680000000001","9.0","1.0","1.0","3.0","0.0","48.0","1.0","0.0","0.0","1.0","20.23","62.83216932545633","3.2478347337367035","202.0478870500104"
"G-195","2-Bromotoluene","InChI=1S/C7H7Br/c1-6-4-2-3-5-7(6)8/h2-5H,1H3","QSSXJPIWXQTSIX-UHFFFAOYSA-N","Cc1ccccc1Br","-2.23","0.0","1","G1","171.03699999999998","2.7575200000000013","38.87900000000001","8.0","0.0","0.0","1.0","0.0","42.0","1.0","0.0","0.0","1.0","0.0","57.66389283953494","3.134861511345448","160.49662946459569"
"G-212","2-Ethyl-2-hexanal","InChI=1S/C8H14O/c1-3-5-6-8(4-2)7-9/h6-7H,3-5H2,1-2H3","PYLMCYQHBRSDND-UHFFFAOYSA-N","CCCC=C(CC)C=O","-2.46","0.0","1","G1","126.19899999999998","2.3218000000000005","39.346000000000004","9.0","1.0","0.0","1.0","4.0","52.0","0.0","0.0","0.0","0.0","17.07","56.765764896465306","3.608178415345876","103.13526283059372"
"G-213","2-Ethylbutanal","InChI=1S/C6H12O/c1-3-6(4-2)5-7/h5-6H,3-4H2,1-2H3","UNNGUFMVYQJGTD-UHFFFAOYSA-N","CCC(CC)C=O","-1.52","0.0","1","G1","100.16099999999999","1.6215","30.13599999999998","7.0","1.0","0.0","1.0","3.0","42.0","0.0","0.0","0.0","0.0","17.07","44.72548369985635","3.1646093088392386","46.14170945007629"
"G-238","2-Methylheptane","InChI=1S/C8H18/c1-4-5-6-7-8(2)3/h8H,4-7H2,1-3H3","JVSWJIKNEAIKJW-UHFFFAOYSA-N","CCCCCC(C)C","-5.08","0.0","1","G1","114.23199999999999","3.2227000000000023","38.98","8.0","0.0","0.0","0.0","4.0","50.0","0.0","0.0","0.0","0.0","0.0","53.29384582860579","2.7158427612932585","37.30296890880646"
"G-258","2-Propanol","InChI=1S/C3H8O/c1-3(2)4/h3-4H,1-2H3","KFZMGEQAYNKOFK-UHFFFAOYSA-N","CC(C)O","0.43","0.39555000000000007","2","G3","60.096000000000004","0.38710000000000006","17.354800000000004","4.0","1.0","1.0","1.0","0.0","26.0","0.0","0.0","0.0","0.0","20.23","26.263369008818774","2.3237900077244498","8.0"
"G-267","3,4-Dimethylphenol","InChI=1S/C8H10O/c1-6-3-4-8(9)5-7(6)2/h3-5,9H,1-2H3","YCOXTKKNXUZSKD-UHFFFAOYSA-N","Cc1ccc(O)cc1C","-1.38","0.014673478250000094","2","G3","122.16699999999999","2.0090399999999997","37.5808","9.0","1.0","1.0","1.0","0.0","48.0","1.0","0.0","0.0","1.0","20.23","54.955521100486195","3.171678030440915","215.80766205433727"
"G-281","3-Heptanoyloxymethylphenytoin","InChI=1S/C23H26N2O4/c1-2-3-4-11-16-20(26)29-17-25-21(27)23(24-22(25)28,18-12-7-5-8-13-18)19-14-9-6-10-15-19/h5-10,12-15H,2-4,11,16-17H2,1H3,(H,24,28)","FFGKFDRZZAJYCH-UHFFFAOYSA-N","O=C1N(COC(=O)CCCCCC)C(=O)C(N1)(c2ccccc2)c3ccccc3","-6.301","0.0","1","G1","394.471","3.9531000000000027","108.75970000000002","29.0","4.0","1.0","6.0","9.0","152.0","2.0","1.0","1.0","3.0","75.71","170.40483681384404","1.7817095292670202","812.1962606250393"
"G-284","3-Hexanoyloxymethylphenyltoin","InChI=1S/C22H24N2O4/c1-2-3-6-15-19(25)28-16-24-20(26)22(23-21(24)27,17-11-7-4-8-12-17)18-13-9-5-10-14-18/h4-5,7-14H,2-3,6,15-16H2,1H3,(H,23,27)","OLWXRKNZPGNRLT-UHFFFAOYSA-N","O=C1N(COC(=O)CCCCC)C(=O)C(N1)(c2ccccc2)c3ccccc3","-5.886","0.20699999999999985","2","G3","380.444","3.5630000000000024","104.14270000000003","28.0","4.0","1.0","6.0","8.0","146.0","2.0","1.0","1.0","3.0","75.71","164.03989469944744","1.8442870845208479","796.6299620703876"
"G-287","3-Methyl-2-butanol","InChI=1S/C5H12O/c1-4(2)5(3)6/h4-6H,1-3H3","MXLMTQWGSQIYOW-UHFFFAOYSA-N","CC(C)C(C)O","-0.18","0.008499999999999994","2","G3","88.14999999999999","1.0231999999999999","26.518799999999988","6.0","1.0","1.0","1.0","1.0","38.0","0.0","0.0","0.0","0.0","20.23","38.99325323761199","2.9934972434784735","24.919684538543997"
"G-289","3-Methyl-2-pentanol","InChI=1S/C6H14O/c1-3-6(2)4-5-7/h6-7H,3-5H2,1-2H3","IWTBVKIGCDZRPL-UHFFFAOYSA-N","CCC(C)CCO","-0.72","0.31157799451608686","3","G5","102.17699999999999","1.4149","31.15779999999998","7.0","1.0","1.0","1.0","3.0","44.0","0.0","0.0","0.0","0.0","20.23","45.35819535200859","2.8318199660707846","35.161259458730164"
"G-296","3-Methylcholanthrene","InChI=1S/C21H16/c1-13-5-8-17-15(11-13)7-9-18-19-10-6-14-3-2-4-16(21(14)19)12-20(17)18/h2-5,7-9,11-12H,6,10H2,1H3","HVVINGXJHBOTJQ-UHFFFAOYSA-N","c1cc(C)cc2c1c3cc4cccc5CCc(c45)c3cc2","-7.92","0.0","1","G1","268.3589999999999","5.553220000000004","91.10500000000003","21.0","0.0","0.0","0.0","0.0","100.0","4.0","0.0","1.0","5.0","0.0","123.5653919043632","2.0551649110000074","1038.130433495046"
"G-339","5-Ethyl-5-isopropylbarbituric acid","InChI=1S/C9H14N2O3/c1-4-9(5(2)3)6(12)10-8(14)11-7(9)13/h5H,4H2,1-3H3,(H2,10,11,12,13,14)","HHLXJTDUHFBYAU-UHFFFAOYSA-N","O=C1NC(=O)NC(=O)C1(CC)C(C)C","-2.148","0.033199999999999896","2","G3","198.22199999999998","0.4047999999999994","49.24340000000002","14.0","3.0","2.0","5.0","2.0","78.0","0.0","1.0","1.0","1.0","75.27000000000001","82.23724745682054","3.1057980173184867","276.43219213017323"
"G-346","5-Nonanone","InChI=1S/C9H18O/c1-3-5-7-9(10)8-6-4-2/h3-8H2,1-2H3","WSGCRAOTEDLMFQ-UHFFFAOYSA-N","CCCCC(=O)CCCC","-2.58","0.006750000000000034","2","G3","142.242","2.935900000000001","44.057000000000016","10.0","1.0","0.0","1.0","6.0","60.0","0.0","0.0","0.0","0.0","17.07","63.82031004304618","3.0863484262353005","76.72905595320057"
"G-365","Acetonitrile","InChI=1S/C2H3N/c1-2-3/h1H3","WEVYAHXRMPXWCK-UHFFFAOYSA-N","CC#N","0.26","0.5633275504","2","G2","41.053","0.52988","11.287","3.0","1.0","0.0","1.0","0.0","16.0","0.0","0.0","0.0","0.0","23.79","19.496772823694872","2.475534205527556","24.264662506490403"
"G-367","acetyl sulfisoxazole","InChI=1S/C13H15N3O3S/c1-8-9(2)15-19-13(8)16(10(3)17)20(18)12-6-4-11(14)5-7-12/h4-7H,14H2,1-3H3","WIDMDEHGDAFXAJ-UHFFFAOYSA-N","CC(=O)N(S(=O)c1ccc(N)cc1)c2onc(C)c2C ","-3.59","0.0","1","G1","293.34800000000007","1.9493400000000003","76.39980000000003","20.0","5.0","1.0","7.0","3.0","106.0","2.0","0.0","0.0","2.0","89.43","118.68447751540435","2.4378082099884137","664.0009465875022"
"G-374","aldosterone","InChI=1S/C21H28O5/c1-20-7-6-13(24)8-12(20)2-3-14-15-4-5-16(18(26)10-22)21(15,11-23)9-17(25)19(14)20/h8,11,14-17,19,22,25H,2-7,9-10H2,1H3","PQSUYGKTWSAVDQ-UHFFFAOYSA-N","CC13CCC(=O)C=C1CCC4C2CCC(C(=O)CO)C2(CC(O)C34)C=O ","-3.85","0.0","1","G1","360.45000000000005","1.8457","94.07260000000004","26.0","5.0","2.0","5.0","3.0","142.0","0.0","3.0","4.0","4.0","91.67000000000002","153.39819947398388","1.7357255991595135","681.8889217536757"
"G-383","Amigdalin","InChI=1S/C20H27NO11/c21-6-10(9-4-2-1-3-5-9)30-20-18(28)16(26)14(24)12(32-20)8-29-19-17(27)15(25)13(23)11(7-22)31-19/h1-5,10-20,22-28H,7-8H2","XUCIJNAGGSZNQT-UHFFFAOYSA-N","OCC3OC(OCC2OC(OC(C#N)c1ccccc1)C(O)C(O)C2O)C(O)C(O)C3O ","-0.77","0.0","1","G1","457.4320000000001","-3.1080199999999985","102.28160000000003","32.0","12.0","7.0","12.0","7.0","178.0","1.0","2.0","2.0","3.0","202.31999999999996","182.93532727885932","1.6549374848621088","759.6629378441625"
"G-401","Apazone","InChI=1S/C16H20N4O2/c1-5-6-11-14(21)19-13-9-10(2)7-8-12(13)17-16(18(3)4)20(19)15(11)22/h7-9,11H,5-6H2,1-4H3","MPHPHYZQRGLTBO-UHFFFAOYSA-N","CCCC1C(=O)N3N(C1=O)c2cc(C)ccc2N=C3N(C)C ","-3.5380000000000003","0.0","1","G1","300.3620000000001","2.0642199999999997","84.69100000000003","22.0","4.0","0.0","6.0","2.0","116.0","1.0","1.0","2.0","3.0","56.220000000000006","129.53716567319734","2.1749452813953205","680.7234211788236"
"G-402","Atovaquone(0,430mg/ml) - neutral","InChI=1S/C22H19ClO3/c23-16-11-9-14(10-12-16)13-5-7-15(8-6-13)19-20(24)17-3-1-2-4-18(17)21(25)22(19)26/h1-4,9-13,15,26H,5-8H2","KUCQYCKVKVOKAY-UHFFFAOYSA-N","OC4=C(C1CCC(CC1)c2ccc(Cl)cc2)C(=O)c3ccccc3C4=O","-5.931","0.0","1","G1","366.84400000000016","5.505100000000005","100.90880000000004","26.0","3.0","1.0","4.0","2.0","132.0","2.0","1.0","2.0","4.0","54.37","156.8571973094496","1.5571493631961495","903.2395331906187"
"G-407","Azodrin","InChI=1S/C7H14NO5P/c1-6(5-7(9)8-2)13-14(10,11-3)12-4/h5H,1-4H3,(H,8,9)","KRTSDMXIXPKRQR-UHFFFAOYSA-N","CNC(=O)C=C(C)OP(=O)(OC)OC","0.6509999999999999","0.0","1","G1","223.16499999999996","1.0536999999999999","50.53320000000002","14.0","5.0","1.0","7.0","5.0","82.0","0.0","0.0","0.0","0.0","73.86","82.84093132867248","4.44286476234683","267.25371961519227"
"G-476","Carbaryl","InChI=1S/C12H11NO2/c1-13-12(14)15-11-8-4-6-9-5-2-3-7-10(9)11/h2-8H,1H3,(H,13,14)","CVXBEEMKQHEXEN-UHFFFAOYSA-N","CNC(=O)Oc1cccc2ccccc12","-3.2239999999999998","0.3888840423571015","5","G5","201.225","2.5580000000000007","59.03170000000003","15.0","2.0","1.0","3.0","1.0","76.0","2.0","0.0","0.0","2.0","38.33","87.66788139318408","2.464953756163773","488.45103080120373"
"G-493","Chlorimuron-ethyl (ph 7)","InChI=1S/C15H15ClN4O6S/c1-3-26-14(22)10-6-4-5-7-11(10)27(23,24)19-20(9-21)15-17-12(16)8-13(18-15)25-2/h4-9,19H,3H2,1-2H3","MBDMKWJEKDHRRP-UHFFFAOYSA-N","CCOC(=O)c1ccccc1S(=O)(=O)NN(C=O)c2nc(Cl)cc(OC)n2","-4.5760000000000005","0.0","1","G1","414.82700000000017","1.1715999999999998","94.85700000000003","27.0","8.0","1.0","12.0","8.0","144.0","2.0","0.0","0.0","2.0","127.79","159.64651251188147","2.416345735912541","953.0733676344607"
"G-495","Chloroacetonitrile","InChI=1S/C2H2ClN/c3-1-2-4/h1H2","RENMDAKOXSCIGH-UHFFFAOYSA-N","ClCC#N","-0.092","0.10705","2","G3","75.498","0.74878","16.333","4.0","1.0","0.0","2.0","0.0","22.0","0.0","0.0","0.0","0.0","23.79","29.800039050576547","2.4330963097956344","35.79319390447952"
"G-502","chloropropylate","InChI=1S/C17H16Cl2O3/c1-11(2)22-16(20)17(21,12-6-8-14(18)9-7-12)13-4-3-5-15(19)10-13/h3-11,21H,1-2H3","XCKRRIQXHFBKKB-UHFFFAOYSA-N","c1ccc(Cl)cc1C(c2ccc(Cl)cc2)(O)C(=O)OC(C)C","-4.53","0.0","1","G1","339.21800000000013","4.180900000000003","87.13080000000004","22.0","3.0","1.0","5.0","4.0","116.0","2.0","0.0","0.0","2.0","46.53","138.98904143305407","2.5768752637611745","667.8591973394052"
"G-514","cis 1,2-Dichloroethylene","InChI=1S/C2H2Cl2/c3-1-2-4/h1-2H/b2-1-","KFUSEUYYWQURPO-UPHRSURJSA-N","Cl\C=C/Cl","-1.3","0.07119999999999993","2","G3","96.94400000000002","1.9352","20.845999999999997","4.0","0.0","0.0","2.0","0.0","24.0","0.0","0.0","0.0","0.0","0.0","35.02112256380526","2.549193338482967","19.219280948873624"
"G-515","cis-1,2-Dimethylcyclohexane","InChI=1S/C8H16/c1-7-5-3-4-6-8(7)2/h7-8H,3-6H2,1-2H3","KVZJLSYJROEPSQ-UHFFFAOYSA-N","C/C1CCCCC1\C","-4.3","0.023723452999557876","3","G5","112.216","2.832600000000001","36.79599999999999","8.0","0.0","0.0","0.0","0.0","48.0","0.0","1.0","1.0","1.0","0.0","52.28801467507656","2.2794002709583667","56.43856189774725"
"G-523","cortisone acetate","InChI=1S/C23H30O6/c1-13(24)29-12-19(27)23(28)9-7-17-16-5-4-14-10-15(25)6-8-21(14,2)20(16)18(26)11-22(17,23)3/h10,16-17,20,28H,4-9,11-12H2,1-3H3","ITRJWOMZKQRYTA-UHFFFAOYSA-N","CC(=O)OCC(=O)C3(O)CCC4C2CCC1=CC(=O)CCC1(C)C2C(=O)CC34C ","-4.21","0.1290348790056394","4","G5","402.48700000000025","2.560600000000001","103.68980000000006","29.0","6.0","1.0","6.0","3.0","158.0","0.0","3.0","4.0","4.0","97.74000000000001","170.60891728013172","1.6645960183635236","827.2246952751074"
"G-524","Coumachlor","InChI=1S/C19H15ClO4/c1-11(21)10-15(12-6-8-13(20)9-7-12)17-18(22)14-4-2-3-5-16(14)24-19(17)23/h2-9,15,22H,10H2,1H3","DEKWZWCFHUABHE-UHFFFAOYSA-N","CC(=O)CC(c1ccc(Cl)cc1)c2c(O)c3ccccc3oc2=O","-5.8389999999999995","0.0","1","G1","342.7780000000001","4.263000000000003","92.74180000000005","24.0","4.0","1.0","5.0","4.0","122.0","3.0","0.0","0.0","3.0","67.50999999999999","142.85529131805689","2.2421768608919077","957.2578858098649"
"G-525","Coumaphos","InChI=1S/C14H16ClO5PS/c1-4-17-21(22,18-5-2)20-10-6-7-12-11(8-10)9(3)13(15)14(16)19-12/h6-8H,4-5H2,1-3H3","SJNIEBAPMPLYAB-UHFFFAOYSA-N","CCOP(=S)(OCC)Oc2ccc1oc(=O)c(Cl)c(C)c1c2","-5.382000000000001","0.0","1","G1","362.77100000000013","4.4311200000000035","90.39600000000003","22.0","6.0","0.0","8.0","6.0","120.0","2.0","0.0","0.0","2.0","57.9","137.9279471658833","2.448076436182876","778.6322379127124"
"G-532","Cycloheptanol","InChI=1S/C7H14O/c8-7-5-3-1-2-4-6-7/h7-8H,1-6H2","QCRFMSUKWRQZEM-UHFFFAOYSA-N","OC1CCCCCC1","-0.88","0.0","1","G1","114.188","1.7015","33.70879999999999","8.0","1.0","1.0","1.0","0.0","48.0","0.0","1.0","1.0","1.0","20.23","50.71730631287599","2.1659635854873978","53.407165571558394"
"G-533","Cycloheptene","InChI=1S/C7H12/c1-2-4-6-7-5-3-1/h1-2H,3-7H2","ZXIJMRYMVAMXQP-UHFFFAOYSA-N","C1CCC=CCC1","-3.18","0.00825000000000009","2","G3","96.173","2.5067000000000004","32.22499999999999","7.0","0.0","0.0","0.0","0.0","40.0","0.0","0.0","1.0","1.0","0.0","45.23346952849571","2.202927766407529","54.43856189774725"
"G-542","Cyclooctanol","InChI=1S/C8H16O/c9-8-6-4-2-1-3-5-7-8/h8-9H,1-7H2","FHADSMKORVFYOS-UHFFFAOYSA-N","OC1CCCCCCC1","-1.29","0.0","1","G1","128.215","2.0915999999999997","38.3258","9.0","1.0","1.0","1.0","0.0","54.0","0.0","1.0","1.0","1.0","20.23","57.0822484272726","2.124788507254725","62.96788691072807"
"G-546","Cyclopentyl-5-spirobarbituric acid","InChI=1S/C8H10N2O3/c11-5-8(3-1-2-4-8)6(12)10-7(13)9-5/h1-4H2,(H2,9,10,11,12,13)","HYPRUQJUBWRVEM-UHFFFAOYSA-N","O=C2NC(=O)C1(CCCC1)C(=O)N2","-2.349","0.3554999999999999","2","G3","182.179","-0.08720000000000011","42.582400000000014","13.0","3.0","2.0","5.0","0.0","70.0","0.0","2.0","2.0","2.0","75.27","74.86647418889473","2.3079791597469486","269.7642645701818"
"G-549","Cyfluthrin","InChI=1S/C22H18Cl2FNO3/c1-22(2)15(11-19(23)24)20(22)21(27)29-18(12-26)13-8-9-16(25)17(10-13)28-14-6-4-3-5-7-14/h3-11,15,18,20H,1-2H3","QQODLKZGRKWIFG-UHFFFAOYSA-N","CC1(C)C(C=C(Cl)Cl)C1C(=O)OC(C#N)c2ccc(F)c(Oc3ccccc3)c2","-7.337000000000001","1.1842878394489522","3","G4","434.29400000000015","6.317080000000003","107.91199999999999","29.0","4.0","0.0","7.0","6.0","150.0","2.0","1.0","1.0","3.0","59.32000000000001","177.99574438102943","1.769045077982632","981.2970518178006"
"G-550","Cyhalothrin","InChI=1S/C23H19ClF3NO3/c1-22(2)17(12-19(24)23(25,26)27)20(22)21(29)31-18(13-28)14-7-6-10-16(11-14)30-15-8-4-3-5-9-15/h3-12,17-18,20H,1-2H3","ZXQYGBMAQZUVMI-UHFFFAOYSA-N","CC1(C)C(C=C(Cl)C(F)(F)F)C1C(=O)OC(C#N)c2cccc(Oc3ccccc3)c2","-8.176","0.0","1","G1","449.8560000000001","6.543980000000005","108.156","31.0","4.0","0.0","8.0","6.0","162.0","2.0","1.0","1.0","3.0","59.32000000000001","182.3884910743968","1.7229707400890295","1028.3524836641898"
"G-554","Dapsone","InChI=1S/C12H12N2O2S/c13-9-1-5-11(6-2-9)17(15,16)12-7-3-10(14)4-8-12/h1-8H,13-14H2","MQJKPEGWNLWLTK-UHFFFAOYSA-N","Nc1ccc(cc1)S(=O)(=O)c2ccc(N)cc2","-3.094","0.17985070351698812","3","G5","248.307","1.6838000000000002","67.16060000000002","17.0","4.0","2.0","5.0","2.0","88.0","2.0","0.0","0.0","2.0","86.18","99.79367710137302","2.4961289671937283","565.0601341830188"
"G-560","Deltamethrin","InChI=1S/C22H19Br2NO3/c1-22(2)17(12-19(23)24)20(22)21(26)28-18(13-25)14-7-6-10-16(11-14)27-15-8-4-3-5-9-15/h3-12,17-18,20H,1-2H3","OWZREIFADZCYQD-UHFFFAOYSA-N","CC1(C)C(C=C(Br)Br)C1C(=O)OC(C#N)c2cccc(Oc3ccccc3)c2","-8.402000000000001","0.0","1","G1","505.20600000000024","6.490180000000005","114.10199999999999","28.0","4.0","0.0","6.0","6.0","144.0","2.0","1.0","1.0","3.0","59.32000000000001","180.95877173562255","1.7214814947399866","930.2980937199308"
"G-584","Dienestrol","InChI=1S/C18H18O2/c1-3-17(13-5-9-15(19)10-6-13)18(4-2)14-7-11-16(20)12-8-14/h3-12,19-20H,1-2H3","NFDFQCUYFHCNBW-UHFFFAOYSA-N","CC=C(C(=CC)c1ccc(O)cc1)c2ccc(O)cc2","-4.95","0.0","1","G1","266.34","4.604600000000004","83.51560000000003","20.0","2.0","2.0","2.0","3.0","102.0","2.0","0.0","0.0","2.0","40.46","118.8874114519642","2.438615446571036","572.6233694045893"
"G-589","Diethyldisulfide","InChI=1S/C4H10S2/c1-3-5-6-4-2/h3-4H2,1-2H3","CETBSQOFQKLHHZ-UHFFFAOYSA-N","CCSSCC","-2.42","0.09505000000000008","2","G3","122.258","2.4076000000000004","36.264","6.0","2.0","0.0","2.0","3.0","38.0","0.0","0.0","0.0","0.0","0.0","47.48025950809952","2.3390923149762908","17.509775004326936"
"G-595","Dihexyl phthalate","InChI=1S/C20H30O4/c1-3-5-7-11-15-23-19(21)17-13-9-10-14-18(17)20(22)24-16-12-8-6-4-2/h9-10,13-14H,3-8,11-12,15-16H2,1-2H3","KCXZNSGUUQJJTR-UHFFFAOYSA-N","CCCCCCOC(=O)c1ccccc1C(=O)OCCCCCC","-6.144","0.4225450824073886","3","G5","334.45600000000024","5.160800000000005","95.29100000000007","24.0","4.0","0.0","4.0","12.0","134.0","1.0","0.0","0.0","1.0","52.60000000000001","145.09072738015084","2.5016837685957376","451.16714517212966"
"G-599","Diisopropylsulfide","InChI=1S/C6H14S/c1-5(2)7-6(3)4/h5-6H,1-4H3","XYWDPYKBIRQXQS-UHFFFAOYSA-N","CC(C)SC(C)C","-2.24","0.0","1","G1","118.24499999999999","2.5364000000000004","37.863","7.0","1.0","0.0","1.0","2.0","44.0","0.0","0.0","0.0","0.0","0.0","50.687071625177836","2.9532231745612925","33.44467835888275"
"G-600","Dimecron","InChI=1S/C10H19ClNO5P/c1-5-12(6-2)10(13)9(11)7-8-17-18(14,15-3)16-4/h7H,5-6,8H2,1-4H3","RWXKUYSKUSXRGL-UHFFFAOYSA-N","CCN(CC)C(=O)C(=CCOP(=O)(OC)OC)Cl","0.523","0.0","1","G1","299.6909999999999","2.3950000000000005","69.44050000000004","18.0","5.0","0.0","8.0","8.0","106.0","0.0","0.0","0.0","0.0","65.07000000000001","112.44899538533927","4.441294810976577","335.1597404803091"
"G-611","Di-n-propylsulfide","InChI=1S/C6H14S/c1-3-5-7-6-4-2/h3-6H2,1-2H3","ZERULLAPCVRMCO-UHFFFAOYSA-N","CCCSCCC","-2.58","0.0","1","G1","118.24499999999999","2.539600000000001","37.907000000000004","7.0","1.0","0.0","1.0","4.0","44.0","0.0","0.0","0.0","0.0","0.0","50.687071625177836","2.447472887876344","23.360990398949916"
"G-613","Diosgenin","InChI=1S/C27H42O3/c1-16-9-22-23(29-15-16)14-27(4)24(30-22)12-21-20-11-18-10-19(28)6-7-25(18,2)13-17(20)5-8-26(21,27)3/h11,16-17,19-24,28H,5-10,12-15H2,1-4H3","CPMZWWWXIWHTMU-UHFFFAOYSA-N","C1C(O)CCC2(C)CC3CCC4(C)C5(C)CC6OCC(C)CC6OC5CC4C3C=C21","-7.32","0.0","1","G1","414.63000000000017","5.508800000000006","117.9988000000001","30.0","3.0","1.0","3.0","0.0","168.0","0.0","5.0","6.0","6.0","38.69","182.52448025999152","1.330127588527747","746.3902102956506"
"G-640","Ethalfluralin","InChI=1S/C13H14F3N3O4/c1-4-17(7-8(2)3)12-10(18(20)21)5-9(13(14,15)16)6-11(12)19(22)23/h5-6H,2,4,7H2,1,3H3","PTFJIKYUEPWBMS-UHFFFAOYSA-N","CCN(CC(C)=C)c1c(cc(cc1N(=O)=O)C(F)(F)F)N(=O)=O","-6.124","0.07212379789100297","3","G5","333.266","3.9242000000000035","77.4538","23.0","5.0","0.0","10.0","6.0","126.0","1.0","0.0","0.0","1.0","89.51999999999998","128.8587862120706","3.7407578946726843","623.3502087975944"
"G-659","Ethyl hexanoate","InChI=1S/C8H16O2/c1-3-5-6-7-8(9)10-4-2/h3-7H2,1-2H3","SHZIWNPUGXLXDT-UHFFFAOYSA-N","CCCCCC(=O)OCC","-2.35","0.02181991954359339","3","G5","144.21399999999997","2.1298000000000004","40.775000000000006","10.0","2.0","0.0","2.0","5.0","60.0","0.0","0.0","0.0","0.0","26.3","62.568913158156434","3.0523751890457076","89.25838096618138"
"G-668","Ethylene","InChI=1S/C2H4/c1-2/h1-2H2","VGGSQFUCUMXWEO-UHFFFAOYSA-N","C=C","-0.4","0.9653617484999999","2","G2","28.053999999999995","0.8022","11.254000000000001","2.0","0.0","0.0","0.0","0.0","12.0","0.0","0.0","0.0","0.0","0.0","14.414590110041905","2.0","0.0"
"G-686","fluconazole","InChI=1S/C13H12F2N6O/c14-10-1-2-11(12(15)3-10)13(22,4-20-8-16-6-18-20)5-21-9-17-7-19-21/h1-3,6-9,22H,4-5H2","RFHAOTPXVQNOHP-UHFFFAOYSA-N","OC(Cn1cncn1)(Cn2cncn2)c3ccc(F)cc3F ","-1.8","0.0","1","G1","306.276","0.7357999999999993","70.29880000000001","22.0","7.0","1.0","9.0","5.0","114.0","3.0","0.0","0.0","3.0","81.64999999999999","123.41948530867809","2.0062012637427222","707.748307396491"
"G-688","Flucytosine","InChI=1S/C4H4FN3O/c5-2-1-7-4(9)8-3(2)6/h1H,(H3,6,7,8,9)","XRECTZIEBJDKEO-UHFFFAOYSA-N","Nc1nc(=O)[nH]cc1F","-0.972","0.048096456179926216","3","G5","129.09399999999997","-0.5088000000000001","29.228100000000005","9.0","3.0","2.0","5.0","0.0","48.0","1.0","0.0","0.0","1.0","71.77","49.537647281372706","3.3360928870055955","268.7604122853712"
"G-690","Flumethasone","InChI=1S/C22H28F2O5/c1-11-6-13-14-8-16(23)15-7-12(26)4-5-19(15,2)21(14,24)17(27)9-20(13,3)22(11,29)18(28)10-25/h4-5,7,11,13-14,16-17,25,27,29H,6,8-10H2,1-3H3","WXURHACBFYSXBI-UHFFFAOYSA-N","CC1CC2C3CC(F)C4=CC(=O)C=CC4(C)C3(F)C(O)CC2(C)C1(O)C(=O)CO","-5.6129999999999995","0.0","1","G1","410.4570000000002","1.8436999999999997","100.22340000000004","29.0","5.0","3.0","7.0","2.0","160.0","0.0","3.0","4.0","4.0","94.83","168.0373210142009","1.8702143281922918","839.0592591842883"
"G-704","Fructose","InChI=1S/C6H12O6/c7-1-3-4(9)5(10)6(11,2-8)12-3/h3-5,7-11H,1-2H2","RFSUNEUAIZKAJO-UHFFFAOYSA-N","OCC1OC(O)(CO)C(O)C1O","0.64","0.0","1","G1","180.156","-3.2197999999999998","36.008","12.0","6.0","5.0","6.0","2.0","72.0","0.0","1.0","1.0","1.0","110.38000000000001","68.64284443677028","2.724112234103965","162.11730005192322"
"G-707","gentisin","InChI=1S/C14H14O5/c1-18-8-5-10(16)13-12(6-8)19-11-3-2-7(15)4-9(11)14(13)17/h2-6,9,11-13,15-16H,1H3","DOIBQIDXMYSSJY-UHFFFAOYSA-N","c1c(O)C2C(=O)C3cc(O)ccC3OC2cc1(OC)","-2.943","0.0","1","G1","262.261","1.5528","66.30360000000002","19.0","5.0","2.0","5.0","1.0","100.0","0.0","1.0","3.0","3.0","75.99000000000001","109.68467298911027","1.9531480488044934","540.0395780954755"
"G-731","hydrochlorothiazide","InChI=1S/C7H8ClN3O4S2/c8-4-1-5-7(2-6(4)16(9,12)13)17(14,15)11-3-10-5/h1-2,10-11H,3H2,(H2,9,12,13)","JZUFKLXOESDKRF-UHFFFAOYSA-N","NS(=O)(=O)c2cc1c(NCNS1(=O)=O)cc2Cl ","-2.63","0.02311368041273873","3","G5","297.745","-0.35129999999999945","61.63640000000001","17.0","5.0","3.0","10.0","1.0","94.0","1.0","0.0","1.0","2.0","118.35999999999999","103.05494715630499","2.790493724042408","683.3155123780438"
"G-732","Hydrocortisone ","InChI=1S/C21H30O5/c1-19-7-5-13(23)9-12(19)3-4-14-15-6-8-21(26,17(25)11-22)20(15,2)10-16(24)18(14)19/h9,14-16,18,22,24,26H,3-8,10-11H2,1-2H3","JYGXADMDTFJGBT-UHFFFAOYSA-N","CC12CC(O)C3C(CCC4=CC(=O)CCC34C)C2CCC1(O)C(=O)CO","-3.09","0.10034316120194745","4","G5","362.4660000000002","1.7815999999999996","95.14240000000004","26.0","5.0","3.0","5.0","2.0","144.0","0.0","3.0","4.0","4.0","94.83","154.03091112613612","1.7350832012021693","683.8889217536757"
"G-743","Iodobenzene","InChI=1S/C6H5I/c7-6-4-2-1-3-5-6/h1-5H","SNHMUERNLJLMHN-UHFFFAOYSA-N","Ic1ccccc1","-3.01","0.11698550717455937","3","G5","204.01000000000002","2.2912","39.15900000000001","7.0","0.0","0.0","1.0","0.0","36.0","1.0","0.0","0.0","1.0","0.0","56.6932412405406","3.0214653097240864","134.10736969541455"
"G-771","Khellin","InChI=1S/C14H12O5/c1-7-6-9(15)10-11(16-2)8-4-5-18-12(8)14(17-3)13(10)19-7/h4-6H,1-3H3","HSMPDPBYAYSOBC-UHFFFAOYSA-N","COc2c1occc1c(OC)c3c(=O)cc(C)oc23 ","-3.0210000000000004","0.3196322574459594","3","G5","260.24499999999995","2.8648200000000017","70.09700000000002","19.0","5.0","0.0","5.0","2.0","98.0","3.0","0.0","0.0","3.0","61.81","107.8773171733006","2.6822776237565717","825.070503587223"
"G-776","Lindane","InChI=1S/C6H6Cl6/c7-1-2(8)4(10)6(12)5(11)3(1)9/h1-6H","JLYXXMFPNIAWKQ-UHFFFAOYSA-N","ClC1C(Cl)C(Cl)C(Cl)C(Cl)C1Cl","-4.64","0.5236260712569611","8","G4","290.832","3.644400000000001","57.846000000000025","12.0","0.0","0.0","6.0","0.0","72.0","0.0","1.0","1.0","1.0","0.0","101.37772780757338","2.7602520756252087","103.58797503894242"
"G-790","meconin","InChI=1S/C10H12O4/c1-12-7-4-3-6-5-14-10(11)8(6)9(7)13-2/h3-4,6,8H,5H2,1-2H3","TVDYTVXARUOWKL-UHFFFAOYSA-N","c1c(OC)c(OC)C2C(=O)OCC2c1","-1.899","0.0","1","G1","196.20199999999997","0.8497999999999999","48.123000000000026","14.0","4.0","0.0","4.0","2.0","76.0","0.0","1.0","2.0","2.0","44.760000000000005","82.13501947453643","2.3737874336659255","316.08368795993283"
"G-811","Methyl acetate","InChI=1S/C3H6O2/c1-3(4)5-2/h1-2H3","KXKVLQRXCPHEJC-UHFFFAOYSA-N","COC(=O)C","0.46","0.4619653744195736","4","G5","74.07900000000001","0.1792999999999999","17.689999999999998","5.0","2.0","0.0","2.0","0.0","30.0","0.0","0.0","0.0","0.0","26.3","30.74420258617341","2.847378923087672","40.1577218810798"
"G-815","Methyl butyrate","InChI=1S/C6H12O2/c1-3-5-8-6(7)4-2/h3-5H2,1-2H3","MCSINKKTEDDPNK-UHFFFAOYSA-N","CCCOC(=O)CC","-0.82","0.2603903669","2","G3","116.15999999999998","1.3496000000000001","31.540999999999983","8.0","2.0","0.0","2.0","3.0","48.0","0.0","0.0","0.0","0.0","26.3","49.83902892936323","2.988598647973156","68.92878689342031"
"G-819","Methyl hexanoate","InChI=1S/C7H14O2/c1-3-4-5-6-7(8)9-2/h3-6H2,1-2H3","NUKZAGXMHTUAFE-UHFFFAOYSA-N","CCCCCC(=O)OC","-1.87","0.06035798920000002","2","G3","130.18699999999998","1.7397","36.157999999999994","9.0","2.0","0.0","2.0","4.0","54.0","0.0","0.0","0.0","0.0","26.3","56.20397104375984","2.9730624080867365","78.98533616859814"
"G-823","Methyl nonanoate","InChI=1S/C10H20O2/c1-3-4-5-6-7-8-9-10(11)12-2/h3-9H2,1-2H3","IJXHLVMUNBOGRR-UHFFFAOYSA-N","CCCCCCCCC(=O)OC","-3.38","0.24819999999999998","2","G3","172.268","2.910000000000001","50.009000000000036","12.0","2.0","0.0","2.0","7.0","72.0","0.0","0.0","0.0","0.0","26.3","75.29879738694967","2.9517571314463957","110.40620687739316"
"G-824","Methyl octanoate","InChI=1S/C9H18O2/c1-3-4-5-6-7-8-9(10)11-2/h3-8H2,1-2H3","JGHZJRVDZXSNKQ-UHFFFAOYSA-N","CCCCCCCC(=O)OC","-3.17","0.11021657569999999","2","G3","158.24099999999999","2.5199000000000007","45.39200000000002","11.0","2.0","0.0","2.0","6.0","66.0","0.0","0.0","0.0","0.0","26.3","68.93385527255306","2.9549874302986416","99.73585546369786"
"G-825","Methyl pentanoate","InChI=1S/C6H12O2/c1-3-5-6(7)8-4-2/h3-5H2,1-2H3","OBNCKNCVKJNDBV-UHFFFAOYSA-N","CCCC(=O)OCC","-1.36","0.04400381296610057","3","G5","116.15999999999998","1.3496000000000001","31.540999999999983","8.0","2.0","0.0","2.0","3.0","48.0","0.0","0.0","0.0","0.0","26.3","49.83902892936323","3.0551722039096187","60.92878689342031"
"G-832","Methylparaben","InChI=1S/C8H8O3/c1-11-8(10)6-2-4-7(9)5-3-6/h2-5,9H,1H3","LXCFILQKKLGQFO-UHFFFAOYSA-N","COC(=O)c1ccc(O)cc1","-1.827","0.08592933763442054","5","G5","152.149","1.1788","39.446300000000015","11.0","3.0","1.0","3.0","1.0","58.0","1.0","0.0","0.0","1.0","46.53","64.23058843003683","2.8953480359887567","250.54461008172765"
"G-837","Metolcarb","InChI=1S/C8H9NO2/c1-9-8(10)11-7-5-3-2-4-6-7/h2-6H,1H3,(H,9,10)","SCWKRWCUMCMVPW-UHFFFAOYSA-N","c1ccccc1(OC(=O)NC)","-1.8030000000000002","0.0","1","G1","151.165","1.4048","41.525700000000015","11.0","2.0","1.0","3.0","1.0","58.0","1.0","0.0","0.0","1.0","38.33","64.98621686144887","2.5793022920073194","233.10719092921434"
"G-838","Metoxuron","InChI=1S/C10H13ClN2O2/c1-13(2)10(14)12-7-4-5-9(15-3)8(11)6-7/h4-6H,1-3H3,(H,12,14)","DSRNRYQBBJQVCW-UHFFFAOYSA-N","COc1ccc(NC(=O)N(C)C)cc1Cl","-2.5639999999999996","0.021238382445207395","3","G5","228.67899999999997","2.4421","60.70970000000002","15.0","2.0","1.0","5.0","2.0","82.0","1.0","0.0","0.0","1.0","41.57","93.77920098732712","2.798213756358398","366.44006291232483"
"G-864","nevirapine","InChI=1S/C15H14N4O/c1-9-6-8-17-14-12(9)18-15(20)11-3-2-7-16-13(11)19(14)10-4-5-10/h2-3,6-8,10H,4-5H2,1H3,(H,18,20)","NQDJXKOVJZTUJA-UHFFFAOYSA-N","Cc3ccnc4N(C1CC1)c2ncccc2C(=O)Nc34 ","-3.19","0.0","1","G1","266.30400000000003","2.6512200000000004","76.32520000000002","20.0","4.0","1.0","5.0","1.0","100.0","2.0","1.0","2.0","4.0","58.120000000000005","116.21205950623379","2.0018389097081015","708.7697433173413"
"G-867","nifedipine","InChI=1S/C17H18N2O6/c1-9-13(16(20)24-3)15(14(10(2)18-9)17(21)25-4)11-7-5-6-8-12(11)19(22)23/h5-8,15,18H,1-4H3","HYIMSNHJOBLJNT-UHFFFAOYSA-N","COC(=O)C1=C(C)NC(=C(C1c2ccccc2N(=O)=O)C(=O)OC)C ","-4.76","0.11430952132988154","3","G5","346.33900000000017","2.1756","88.40510000000002","25.0","7.0","1.0","8.0","4.0","132.0","1.0","0.0","1.0","2.0","107.77","143.8137017251711","2.803490087611988","771.1110283918143"
"G-875","Nitroethane","InChI=1S/C2H5NO2/c1-2-3(4)5/h2H2,1H3","MCSAJNNLRCFZED-UHFFFAOYSA-N","CCN(=O)=O","-0.22","0.012896088699999989","2","G3","75.067","0.2829999999999999","17.5354","5.0","2.0","0.0","3.0","1.0","30.0","0.0","0.0","0.0","0.0","43.14","29.757168864725955","2.847378923087672","42.91260938324327"
"G-877","nitrofurantoin","InChI=1S/C8H6N4O5/c13-6-4-11(8(14)10-6)9-3-5-1-2-7(17-5)12(15)16/h1-3H,4H2,(H,10,13,14)","NXFQHRVNIOXGAQ-UHFFFAOYSA-N","O=C2CN(N=Cc1ccc(o1)N(=O)=O)C(=O)N2 ","-3.38","0.04500000000000015","2","G3","238.15899999999996","0.07349999999999995","53.201100000000004","17.0","6.0","1.0","9.0","3.0","88.0","1.0","1.0","1.0","2.0","118.04999999999998","93.83084397012485","2.0702875864987447","519.7401440929855"
"G-882","norbormide","InChI=1S/C33H25N3O3/c37-31-28-22-19-23(33(39,21-13-5-2-6-14-21)25-16-8-10-18-35-25)29(30(28)32(38)36-31)27(22)26(20-11-3-1-4-12-20)24-15-7-9-17-34-24/h1-19,22,28-30,39H,(H,36,37,38)","DNTHHIVFNQZZRD-UHFFFAOYSA-N","OC(C1=CC2C5C(C1C2=C(c3ccccc3)c4ccccn4)C(=O)NC5=O)(c6ccccc6)c7ccccn7 ","-3.931","0.0","1","G1","511.5810000000002","4.289400000000002","145.57149999999982","39.0","5.0","2.0","6.0","5.0","190.0","4.0","2.0","3.0","7.0","92.18","225.32678556888007","1.5262365013211197","1552.1418141649647"
"G-885","Norethisterone","InChI=1S/C20H26O3/c1-3-19(22)10-8-16-15-5-4-13-12-14(21)6-11-20(13,23)17(15)7-9-18(16,19)2/h1,12,15-17,22-23H,4-11H2,2H3","GYRPICHNIDQFOD-UHFFFAOYSA-N","CC34CCC1C(CCC2=CC(=O)CCC12O)C3CCC4(O)C#C","-4.57","0.0","1","G1","314.42500000000007","2.607400000000001","87.33560000000003","23.0","3.0","2.0","3.0","0.0","124.0","0.0","3.0","4.0","4.0","57.53","137.709438551359","1.7024099249747309","629.2882690727863"
"G-906","Oxamyl","InChI=1S/C7H13N3O3S/c1-8-7(12)13-9-5(14-4)6(11)10(2)3/h1-4H3,(H,8,12)","KZAUOCCYDRDERY-UHFFFAOYSA-N","CNC(=O)ON=C(SC)C(=O)N(C)C","0.106","0.0","1","G1","219.266","0.10709999999999997","55.18470000000002","14.0","5.0","1.0","7.0","1.0","80.0","0.0","0.0","0.0","0.0","70.99999999999999","86.64766000831835","4.399365653142079","252.56457479341313"
"G-907","Oxazepam","InChI=1S/C15H11ClN2O2/c16-10-6-7-12-11(8-10)13(9-4-2-1-3-5-9)18-15(20)14(19)17-12/h1-8,15,20H,(H,17,19)","ADIMAYPTOBDMTL-UHFFFAOYSA-N","OC3N=C(c1ccccc1)c2cc(Cl)ccc2NC3=O ","-3.952","0.014000000000000012","2","G3","286.718","2.4478999999999997","78.16950000000003","20.0","3.0","2.0","5.0","1.0","100.0","2.0","0.0","1.0","3.0","61.690000000000005","120.2816992638112","2.231586455482015","698.2746308195046"
"G-923","p-Chloroiodobenzene","InChI=1S/C6H4ClI/c7-5-1-3-6(8)4-2-5/h1-4H","GWQSENYKCGJTRI-UHFFFAOYSA-N","Clc1ccc(I)cc1","-4.03","0.24255858398883093","3","G5","238.45499999999998","2.944600000000001","44.16900000000001","8.0","0.0","0.0","2.0","0.0","42.0","1.0","0.0","0.0","1.0","0.0","66.99650746742228","3.0324555320336755","147.38833891467198"
"G-927","Pencycuron","InChI=1S/C19H21ClN2O/c20-16-12-10-15(11-13-16)14-22(18-8-4-5-9-18)19(23)21-17-6-2-1-3-7-17/h1-3,6-7,10-13,18H,4-5,8-9,14H2,(H,21,23)","OGYFATSSENRIKG-UHFFFAOYSA-N","Clc1ccc(CN(C2CCCC2)C(=O)Nc3ccccc3)cc1","-5.915","0.062450000000000117","2","G3","328.84299999999996","5.316700000000004","94.71170000000004","23.0","1.0","1.0","4.0","4.0","120.0","2.0","1.0","1.0","3.0","32.34","141.81174515354488","1.742786972081346","636.1790056264637"
"G-958","Phoxim","InChI=1S/C12H15N2O3PS/c1-3-15-18(19,16-4-2)17-14-12(10-13)11-8-6-5-7-9-11/h5-9H,3-4H2,1-2H3","ATROHALUCMTWTB-UHFFFAOYSA-N","CCOP(=S)(OCC)ON=C(C#N)c1ccccc1","-4.862","0.0","1","G1","298.304","3.2283800000000014","77.21400000000004","19.0","6.0","0.0","7.0","7.0","102.0","1.0","0.0","0.0","1.0","63.839999999999996","117.58356026441706","2.8809507542904287","503.4558226694405"
"G-959","phthalamide","InChI=1S/C8H7NO2/c10-7-5-3-1-2-4-6(5)8(11)9-7/h1-6H,(H,9,10,11)","RDHHZPRHIKNBBI-UHFFFAOYSA-N","c1cC2C(=O)NC(=O)C2cc1","-2.932","0.0","1","G1","149.149","0.0011999999999999234","38.40970000000001","11.0","2.0","1.0","3.0","0.0","56.0","0.0","1.0","2.0","2.0","46.17","63.77588384087439","2.365680204607201","249.81664552240946"
"G-964","Picene","InChI=1S/C22H14/c1-3-7-17-15(5-1)9-11-21-19(17)13-14-20-18-8-4-2-6-16(18)10-12-22(20)21/h1-14H","GBROPGWFBFCKAG-UHFFFAOYSA-N","c1ccc2c(c1)ccc3c2ccc4c5ccccc5ccc43","-7.87","0.0301499999999999","2","G3","278.354","6.299400000000004","96.46600000000005","22.0","0.0","0.0","0.0","0.0","102.0","5.0","0.0","0.0","5.0","0.0","128.15806124643782","2.0413785020816704","1071.5478172121288"
"G-978","Prednisolone","InChI=1S/C21H28O5/c1-19-7-5-13(23)9-12(19)3-4-14-15-6-8-21(26,17(25)11-22)20(15,2)10-16(24)18(14)19/h5,7,9,14-16,18,22,24,26H,3-4,6,8,10-11H2,1-2H3","OIGNJSKKLXVSLS-UHFFFAOYSA-N","CC12CC(O)C3C(CCC4=CC(=O)C=CC34C)C2CCC1(O)C(=O)CO","-3.18","0.05214163403653554","4","G5","360.4500000000002","1.5575999999999999","95.04840000000003","26.0","5.0","3.0","5.0","2.0","142.0","0.0","3.0","4.0","4.0","94.83","153.34130809395185","1.7472814479871792","723.9130815015496"
"G-991","Propetamphos","InChI=1S/C10H20NO4PS/c1-6-11-16(17,13-5)15-9(4)7-10(12)14-8(2)3/h7-8H,6H2,1-5H3,(H,11,17)","BZNDWPRGXNILMS-UHFFFAOYSA-N","CCNP(=S)(OC)OC(=CC(=O)OC(C)C)C","-3.408","0.0","1","G1","281.314","2.3388","71.04070000000003","17.0","5.0","1.0","7.0","7.0","100.0","0.0","0.0","0.0","0.0","56.790000000000006","107.73561421823095","4.503497672294196","330.2675873523821"
"G-1002","Propylene","InChI=1S/C3H6/c1-3-2/h3H,1H2,2H3","QQONPFPTGQHPMA-UHFFFAOYSA-N","CC=C","-1.08","0.621528028","2","G2","42.080999999999996","1.1923000000000001","15.871000000000002","3.0","0.0","0.0","0.0","0.0","18.0","0.0","0.0","0.0","0.0","0.0","20.779532224438512","2.1874960973678963","7.5097750043269365"
"G-1011","Pyrazinamide","InChI=1S/C5H5N3O/c6-5(9)4-3-7-1-2-8-4/h1-3H,(H2,6,9)","IPEHBUMCGVEMRF-UHFFFAOYSA-N","NC(=O)c1cnccn1","-0.667","0.12359999999999999","2","G3","123.11499999999998","-0.4245000000000001","30.549899999999997","9.0","3.0","1.0","4.0","1.0","46.0","1.0","0.0","0.0","1.0","68.87","51.73705399284308","2.981454614041131","208.70290908206394"
"G-1020","Quinonamid","InChI=1S/C13H8Cl3NO3/c14-8(15)5-9(18)17-11-10(16)12(19)6-3-1-2-4-7(6)13(11)20/h1-4,8H,5H2,(H,17,18)","DHTZKRIZYPAKLO-UHFFFAOYSA-N","ClC(Cl)CC(=O)NC2=C(Cl)C(=O)c1ccccc1C2=O","-5.03","0.0","1","G1","332.57000000000005","2.8260000000000005","76.23570000000002","20.0","3.0","1.0","7.0","3.0","104.0","1.0","0.0","1.0","2.0","63.24","129.2347908989441","2.3472920923969456","637.5034812482794"
"G-1023","Reposal","InChI=1S/C14H18N2O3/c1-2-14(11(17)15-13(19)16-12(14)18)10-6-4-8-3-5-9(10)7-8/h6,8-9H,2-5,7H2,1H3,(H2,15,16,17,18,19)","YGOGAACPYALXRT-UHFFFAOYSA-N","CCC1(C(=O)NC(=O)NC1=O)C2=CCC3CCC2C3","-2.696","0.0","1","G1","262.30899999999997","1.4951999999999999","67.93640000000002","19.0","3.0","2.0","5.0","2.0","102.0","0.0","2.0","3.0","3.0","75.27000000000001","111.36069268956089","2.028581708627825","474.91954501412886"
"G-1024","Reverse Transcriptase inhibitor 1","InChI=1S/C14H14N4O/c1-3-18-12-10(6-4-8-15-12)14(19)17(2)11-7-5-9-16-13(11)18/h4-9H,3H2,1-2H3","SVFKQHLOBRUZGV-UHFFFAOYSA-N","CCN2c1ncccc1N(C)C(=O)c3cccnc23 ","-2.62","0.0","1","G1","254.29299999999998","2.2245999999999997","73.88750000000003","19.0","4.0","0.0","5.0","1.0","96.0","2.0","0.0","1.0","3.0","49.330000000000005","111.06292003196174","2.314459898588003","640.8480202986965"
"G-1027","Risocaine","InChI=1S/C10H13NO2/c1-2-7-13-10(12)8-3-5-9(11)6-4-8/h3-6H,2,7,11H2,1H3","NBFQYHKHPBMJJV-UHFFFAOYSA-N","CCCOC(=O)c1ccc(N)cc1","-2.452","0.08692066625505249","3","G5","179.21899999999997","1.8356","51.42790000000003","13.0","3.0","1.0","3.0","3.0","70.0","1.0","0.0","0.0","1.0","52.32","77.50612960364676","2.611171250638134","279.48114931490306"
"G-1031","RTI 10","InChI=1S/C13H10N2O2/c1-15-10-6-2-3-7-11(10)17-12-9(13(15)16)5-4-8-14-12/h2-8H,1H3","BBMMISOHGVCAMY-UHFFFAOYSA-N","O2c1ccccc1N(C)C(=O)c3cccnc23 ","-3.6719999999999997","0.0","1","G1","226.235","2.4639000000000006","63.48650000000002","17.0","3.0","0.0","4.0","0.0","84.0","2.0","0.0","1.0","3.0","42.43","98.46709938152549","2.2391656290175708","595.4782632095029"
"G-1032","RTI 11","InChI=1S/C15H14N2O2/c1-9-3-5-13-11(7-9)15(18)17(2)12-8-10(16)4-6-14(12)19-13/h3-8H,16H2,1-2H3","COGWTYZJZRNZQG-UHFFFAOYSA-N","O2c1ccc(N)cc1N(C)C(=O)c3cc(C)ccc23 ","-3.928","0.0","1","G1","254.28900000000002","2.9595200000000013","74.84090000000003","19.0","3.0","1.0","4.0","0.0","96.0","2.0","0.0","1.0","3.0","55.56","110.95228421198831","2.2237849453025835","679.8409463497773"
"G-1033","RTI 12","InChI=1S/C14H13ClN4O/c1-3-19-12-9(5-4-8-16-12)14(20)18(2)10-6-7-11(15)17-13(10)19/h4-8H,3H2,1-2H3","YSEMEGXOKULCML-UHFFFAOYSA-N","CCN2c1nc(Cl)ccc1N(C)C(=O)c3cccnc23 ","-4.114","0.0","1","G1","288.73800000000006","2.878000000000001","78.89750000000004","20.0","4.0","0.0","6.0","1.0","102.0","2.0","0.0","1.0","3.0","49.330000000000005","121.3661862588434","2.32340388869338","688.6241630195814"
"G-1034","RTI 13","InChI=1S/C15H13F3N4O/c1-3-22-12-9(5-4-6-19-12)14(23)21-11-10(15(16,17)18)7-8(2)20-13(11)22/h4-7H,3H2,1-2H3,(H,21,23)","KDDQDUIBYASSFC-UHFFFAOYSA-N","CCN2c1nc(C)cc(C(F)(F)F)c1NC(=O)c3cccnc23 ","-4.207","0.0","1","G1","322.29","3.5275200000000018","78.84620000000002","23.0","4.0","1.0","8.0","1.0","120.0","2.0","0.0","1.0","3.0","58.120000000000005","129.71449686854172","2.331666499118501","788.776836165183"
"G-1035","RTI 15","InChI=1S/C15H16N4O/c1-4-19-13-11(6-5-7-16-13)15(20)18-12-9(2)8-10(3)17-14(12)19/h5-8H,4H2,1-3H3,(H,18,20)","UDDMNBYVRLYNKY-UHFFFAOYSA-N","CCN2c1nc(C)cc(C)c1NC(=O)c3cccnc23 ","-4.553999999999999","0.0","1","G1","268.32","2.817140000000001","78.58120000000002","20.0","4.0","1.0","5.0","1.0","102.0","2.0","0.0","1.0","3.0","58.120000000000005","117.21789065976301","2.308414567885147","696.268023368677"
"G-1036","RTI 16","InChI=1S/C14H14N4S/c1-3-18-12-10(6-4-8-15-12)14(19)17(2)11-7-5-9-16-13(11)18/h4-9H,3H2,1-2H3","YNARWAUTTJJADX-UHFFFAOYSA-N","CCN2c1ncccc1N(C)C(=S)c3cccnc23 ","-4.6339999999999995","0.0","1","G1","270.361","2.759900000000001","81.25700000000003","19.0","4.0","0.0","5.0","1.0","96.0","2.0","0.0","1.0","3.0","32.260000000000005","117.26017817912283","2.314459898588003","640.8480202986965"
"G-1037","RTI 17","InChI=1S/C15H15N3S/c1-3-18-13-9-5-4-8-12(13)17(2)15(19)11-7-6-10-16-14(11)18/h4-10H,3H2,1-2H3","ZSLBEMKAJDJVND-UHFFFAOYSA-N","CCN2c1ccccc1N(C)C(=S)c3cccnc23 ","-4.706","0.0","1","G1","269.373","3.3649000000000022","83.46200000000003","19.0","3.0","0.0","4.0","1.0","96.0","2.0","0.0","1.0","3.0","19.37","118.04053019817633","2.314459898588003","638.7927427712117"
"G-1038","RTI 19","InChI=1S/C16H16N2O/c1-3-18-13-9-5-4-8-12(13)16(19)17(2)14-10-6-7-11-15(14)18/h4-11H,3H2,1-2H3","IUMRYNUBZSCOQG-UHFFFAOYSA-N","CCN2c1ccccc1N(C)C(=O)c3ccccc23 ","-4.749","0.0","1","G1","252.31699999999995","3.4346000000000023","78.29750000000004","19.0","2.0","0.0","3.0","1.0","96.0","2.0","0.0","1.0","3.0","23.55","112.62362407006873","2.314459898588003","636.150989207503"
"G-1039","RTI 2","InChI=1S/C15H16N4O/c1-3-18-12-8-6-10-17-14(12)19(4-2)13-11(15(18)20)7-5-9-16-13/h5-10H,3-4H2,1-2H3","ISMYLNZMKJLINI-UHFFFAOYSA-N","CCN2c1ncccc1N(CC)C(=O)c3cccnc23 ","-2.86","0.0","1","G1","268.32","2.614700000000001","78.50450000000004","20.0","4.0","0.0","5.0","2.0","102.0","2.0","0.0","1.0","3.0","49.330000000000005","117.42786214635834","2.3095431990005384","655.8267025213812"
"G-1041","RTI 22","InChI=1S/C17H20N4O/c1-5-21-14-10-12(20(3)4)9-11(2)15(14)19-17(22)13-7-6-8-18-16(13)21/h6-10H,5H2,1-4H3,(H,19,22)","ZLVJUFHIMOUPMS-UHFFFAOYSA-N","CCN2c1cc(N(C)C)cc(C)c1NC(=O)c3cccnc23 ","-4.871","0.0","1","G1","296.374","3.1797200000000014","90.37620000000004","22.0","4.0","1.0","5.0","2.0","114.0","2.0","0.0","1.0","3.0","48.47","130.12301846341646","2.27970406420164","739.4339512236613"
"G-1042","RTI 23","InChI=1S/C16H17N3O2/c1-4-19-13-9-11(21-3)8-10(2)14(13)18-16(20)12-6-5-7-17-15(12)19/h5-9H,4H2,1-3H3,(H,18,20)","PVVKNINYCJVIFZ-UHFFFAOYSA-N","CCN2c1cc(OC)cc(C)c1NC(=O)c3cccnc23 ","-5.153","0.0","1","G1","283.331","3.122320000000001","82.60120000000003","21.0","4.0","1.0","5.0","2.0","108.0","2.0","0.0","1.0","3.0","54.46","123.11178790832338","2.2842209953458767","712.6634312277487"
"G-1043","RTI 24","InChI=1S/C14H12ClN3O/c1-2-18-12-8-9(15)5-6-11(12)17-14(19)10-4-3-7-16-13(10)18/h3-8H,2H2,1H3,(H,17,19)","ZSFUDSWIVAQKEN-UHFFFAOYSA-N","CCN2c1cc(Cl)ccc1NC(=O)c3cccnc23 ","-5.36","0.0","1","G1","273.723","3.458700000000001","76.32220000000002","19.0","3.0","1.0","5.0","1.0","96.0","2.0","0.0","1.0","3.0","45.230000000000004","115.57162467690496","2.2683240416965513","656.8893784000563"
"G-1044","RTI 3","InChI=1S/C14H13N3O2/c1-8-3-4-11-12(5-8)19-13-10(14(18)17(11)2)6-9(15)7-16-13/h3-7H,15H2,1-2H3","MUKSMBAVCDPKRC-UHFFFAOYSA-N","O2c1cc(C)ccc1N(C)C(=O)c3cc(N)cnc23 ","-3.043","0.0","1","G1","255.277","2.35452","72.63590000000002","19.0","4.0","1.0","5.0","0.0","96.0","2.0","0.0","1.0","3.0","68.45","110.17193219293483","2.229298097196286","682.3864488729351"
"G-1045","RTI 5","InChI=1S/C15H15N3O/c1-3-18-13-9-5-4-8-12(13)17(2)15(19)11-7-6-10-16-14(11)18/h4-10H,3H2,1-2H3","QIBWCUCLHZVYNL-UHFFFAOYSA-N","CCN2c1ccccc1N(C)C(=O)c3cccnc23 ","-3.324","0.0","1","G1","253.30499999999995","2.829600000000001","76.09250000000003","19.0","3.0","0.0","4.0","1.0","96.0","2.0","0.0","1.0","3.0","36.44","111.84327205101522","2.314459898588003","638.7927427712117"
"G-1046","RTI 6","InChI=1S/C16H19N5O2/c1-3-21-14-11(5-4-8-17-14)16(23)18-12-6-7-13(19-15(12)21)20(2)9-10-22/h4-8,22H,3,9-10H2,1-2H3,(H,18,23)","RSPPUQXSQYBMEE-UHFFFAOYSA-N","CCN2c1nc(N(C)(CCO))ccc1NC(=O)c3cccnc23 ","-3.36","0.0","1","G1","313.36100000000005","1.6287999999999996","89.46300000000004","23.0","6.0","2.0","7.0","4.0","120.0","2.0","0.0","1.0","3.0","81.59000000000002","134.136900196559","2.1225544218446344","734.1605762946306"
"G-1047","RTI 7","InChI=1S/C16H14FNO/c17-9-10-18-15-8-4-2-6-13(15)11-12-5-1-3-7-14(12)16(18)19/h1-8H,9-11H2","SYGHQFHDDIIPNX-UHFFFAOYSA-N","C2c1ccccc1N(CCF)C(=O)c3ccccc23 ","-3.535","0.6319999999999997","2","G2","255.29199999999997","3.2071000000000023","73.34150000000002","19.0","1.0","0.0","3.0","2.0","96.0","2.0","0.0","1.0","3.0","20.310000000000002","111.02932580279159","2.1831182136321763","623.6509276194483"
"G-1048","RTI 9","InChI=1S/C15H13NO2/c1-2-16-12-8-4-6-10-14(12)18-13-9-5-3-7-11(13)15(16)17/h3-10H,2H2,1H3","MRBRHCRUXKHKKI-UHFFFAOYSA-N","O2c1ccccc1N(CC)C(=O)c3ccccc23 ","-3.68","0.0","1","G1","239.274","3.4590000000000023","70.30850000000002","18.0","2.0","0.0","3.0","1.0","90.0","2.0","0.0","1.0","3.0","29.54","105.61239351497562","2.2312406774283073","606.9475261916774"
"G-1056","Simetryn","InChI=1S/C8H15N5S/c1-12(2)6-9-7(13(3)4)11-8(10-6)14-5/h1-5H3","PRLMFHYBTOQSLN-UHFFFAOYSA-N","CSc1nc(nc(n1)N(C)C)N(C)C","-2.676","0.0","1","G1","213.31","0.7254999999999998","60.26200000000003","14.0","6.0","0.0","6.0","3.0","78.0","1.0","0.0","0.0","1.0","45.150000000000006","88.55783500009152","3.1333660683554387","286.349990391818"
"G-1058","Sparsomycin (3,8mg/ml)","InChI=1S/C13H19N3O5S2/c1-8-10(12(19)16-13(20)14-8)3-4-11(18)15-9(5-17)6-23(21)7-22-2/h3-4,9,17H,5-7H2,1-2H3,(H,15,18)(H2,14,16,19,20)","XKLZIVIOZDNKEQ-UHFFFAOYSA-N","CSCS(=O)CC(CO)NC(=O)C=Cc1c(C)[nH]c(=O)[nH]c1=O","-1.9809999999999999","0.0","1","G1","361.4450000000001","-1.068879999999999","91.86230000000003","23.0","6.0","4.0","10.0","8.0","128.0","1.0","0.0","0.0","1.0","132.11999999999998","138.79160154365172","2.735905620665637","710.2969217059044"
"G-1060","stadacaine","InChI=1S/C17H27NO3/c1-5-9-12-21-14-10-11-15(17(19)20-8-4)16(13-14)18(6-2)7-3/h10-11,13H,5-9,12H2,1-4H3","VZPIPJKBIZCCCK-UHFFFAOYSA-N","CCCCOc1ccc(C(=O)OCC)c(c1)N(CC)CC ","-3.84","0.0","1","G1","293.40700000000004","3.8884000000000034","86.36250000000007","21.0","4.0","0.0","4.0","9.0","118.0","1.0","0.0","0.0","1.0","38.77","127.59421260712054","3.038835686486066","441.66140284393384"
"G-1066","Sucrose","InChI=1S/C12H22O11/c13-1-4-6(16)8(18)9(19)11(21-4)23-12(3-15)10(20)7(17)5(2-14)22-12/h4-11,13-20H,1-3H2","CZMRCDWAGMRECN-UHFFFAOYSA-N","OCC2OC(OC1(CO)OC(CO)C(O)C1O)C(O)C(O)C2O ","0.79","0.0","1","G1","342.297","-5.395599999999993","68.64140000000003","23.0","11.0","8.0","11.0","5.0","136.0","0.0","2.0","2.0","2.0","189.52999999999997","130.43645768522254","2.1772696581273263","393.2032272794937"
"G-1069","Sulfanilamide","InChI=1S/C6H8N2O2S/c7-5-1-3-6(4-2-5)11(8,9)10/h1-4H,7H2,(H2,8,9,10)","FDDDEECHVMSUSB-UHFFFAOYSA-N","Nc1ccc(cc1)S(N)(=O)=O","-1.34","0.010499999999999954","2","G3","172.20899999999997","-0.08379999999999999","42.2276","11.0","3.0","2.0","5.0","1.0","60.0","1.0","0.0","0.0","1.0","86.18","64.87196040593747","3.2015159310664942","341.3499619957353"
"G-1072","t-Crotonaldehyde","InChI=1S/C4H6O/c1-2-3-4-5/h2-4H,1H3/b3-2+","MLUCVPSAIODCQM-NSCUHMNNSA-N","C/C=C/C=O","0.32","0.0050000000000000044","2","G3","70.09100000000001","0.7614000000000001","20.877999999999993","5.0","1.0","0.0","1.0","1.0","28.0","0.0","0.0","0.0","0.0","17.07","31.305996438878882","2.9244181981729174","45.60964047443681"
"G-1078","Testosterone","InChI=1S/C19H28O2/c1-18-9-7-13(20)11-12(18)3-4-14-15-5-6-17(21)19(15,2)10-8-16(14)18/h11,14-17,21H,3-10H2,1-2H3","MUMGGOZAMZWBJJ-UHFFFAOYSA-N","CC12CCC3C(CCC4=CC(=O)CCC34C)C2CCC1O","-4.02","0.2010441493801796","4","G5","288.431","3.879200000000003","82.71680000000005","21.0","2.0","1.0","2.0","0.0","116.0","0.0","3.0","4.0","4.0","37.3","127.55103729290711","1.6883496404253646","507.69574308017087"
"G-1079","testosterone acetate","InChI=1S/C21H30O3/c1-13(22)24-19-7-6-17-16-5-4-14-12-15(23)8-10-20(14,2)18(16)9-11-21(17,19)3/h12,16-19H,4-11H2,1-3H3","DJPZSBANTAQNFN-UHFFFAOYSA-N","CC(=O)OC3CCC4C2CCC1=CC(=O)CCC1(C)C2CCC34C ","-5.184","0.0129999999999999","2","G3","330.4680000000001","4.450000000000004","92.26400000000005","24.0","3.0","0.0","3.0","1.0","132.0","0.0","3.0","4.0","4.0","43.370000000000005","144.76175509905497","1.621332560507921","606.2051148204893"
"G-1086","Tetrafluthrin","InChI=1S/C17H14ClF7O2/c1-6-11(19)13(21)7(14(22)12(6)20)5-27-15(26)10-8(16(10,2)3)4-9(18)17(23,24)25/h4,8,10H,5H2,1-3H3","ZFHGXWPMULPQSE-UHFFFAOYSA-N","Cc1c(F)c(F)c(COC(=O)C2C(C=C(Cl)C(F)(F)F)C2(C)C)c(F)c1F","-7.321000000000001","0.0","1","G1","418.7360000000001","5.551820000000002","81.55900000000003","27.0","2.0","0.0","10.0","4.0","150.0","1.0","1.0","1.0","2.0","26.3","154.4874135690621","2.161739210762795","785.4755517428026"
"G-1107","t-Pentylbenzene","InChI=1S/C11H16/c1-11(2,3)9-10-7-5-4-6-8-10/h4-8H,9H2,1-3H3","CJGXJKVMUHXVHL-UHFFFAOYSA-N","CC(C)(C)Cc1ccccc1","-4.15","0.0","1","G1","148.249","3.2752000000000017","49.60100000000004","11.0","0.0","0.0","0.0","1.0","60.0","1.0","0.0","0.0","1.0","0.0","69.25611369148","2.657660984532226","203.22996149735152"
"G-1116","Triamterene","InChI=1S/C12H11N7/c13-9-7(6-4-2-1-3-5-6)16-8-10(14)18-12(15)19-11(8)17-9/h1-5H,(H6,13,14,15,17,18,19)","FNYLWPVRPXGIIP-UHFFFAOYSA-N","Nc3nc(N)c2nc(c1ccccc1)c(N)nc2n3","-2.404","0.7730000000000001","2","G2","253.26900000000003","0.8334000000000001","73.8012","19.0","7.0","3.0","7.0","1.0","94.0","3.0","0.0","0.0","3.0","129.62","108.06842587212039","2.3078316699480332","754.8677985188037"
"G-1122","Trichloroacetonitrile","InChI=1S/C2Cl3N/c3-2(4,5)1-6","DRUIESSIVFYOMK-UHFFFAOYSA-N","ClC(Cl)(Cl)C#N","-2.168","0.0","1","G1","144.388","1.88018","25.903","6.0","1.0","0.0","4.0","0.0","34.0","0.0","0.0","0.0","0.0","23.79","50.406571504339894","3.552734354515761","75.77443751081735"
"G-1127","Tricresyl phosphate","InChI=1S/C21H21O4P/c1-16-11-13-19(14-12-16)23-26(22,24-20-9-6-7-17(2)15-20)25-21-10-5-4-8-18(21)3/h4-15H,1-3H3","FSNFYCPCXFQJSI-UHFFFAOYSA-N","Cc1ccc(OP(=O)(Oc2cccc(C)c2)Oc3ccccc3C)cc1","-6.01","0.0","1","G1","368.3690000000001","6.256760000000005","103.02750000000003","26.0","4.0","0.0","5.0","6.0","134.0","3.0","0.0","0.0","3.0","44.760000000000005","153.53066423781058","1.923972362830702","934.7509318870073"
"G-1132","triforine","InChI=1S/C10H10Cl6N4O2/c11-9(12,13)7(17-5-21)19-1-2-20(4-3-19)8(18-6-22)10(14,15)16/h1-8H,(H,17,21)(H,18,22)","XEOXEBNPBKUGJH-UHFFFAOYSA-N","ClC(Cl)(Cl)C(NC=O)N1C=CN(C=C1)C(NC=O)C(Cl)(Cl)Cl ","-4.19","0.0","1","G1","430.9340000000001","2.431","88.51339999999999","22.0","4.0","2.0","12.0","6.0","124.0","0.0","0.0","1.0","1.0","64.68","156.40072610850171","2.8999036751471916","407.31355316158204"
"G-1141","Vinclozolin","InChI=1S/C12H9Cl2NO3/c1-3-12(2)10(16)15(11(17)18-12)9-5-7(13)4-8(14)6-9/h3-6H,1H2,2H3","FSCWZHGZWWDELK-UHFFFAOYSA-N","CC1(OC(=O)N(C1=O)c2cc(Cl)cc(Cl)c2)C=C","-4.925","0.05830000000000002","2","G3","286.11400000000003","3.4213000000000022","69.03100000000002","18.0","3.0","0.0","6.0","2.0","94.0","1.0","1.0","1.0","2.0","46.61","113.72857717372425","2.4823479789713647","538.0035466066531"
"H-11","Androstanedione  ","InChI=1S/C19H28O2/c1-18-8-3-4-14(18)13-6-5-12-10-16(20)17(21)11-19(12,2)15(13)7-9-18/h12-15H,3-11H2,1-2H3","BVOKWOPQCAWSLV-UHFFFAOYSA-N","CC12CCCC1C1CCC3CC(=O)C(=O)CC3(C)C1CC2","-3.76","0.0","1","G1","288.43100000000004","4.167300000000004","81.74100000000006","21.0","2.0","0.0","2.0","0.0","116.0","0.0","4.0","4.0","4.0","34.14","127.60792867293914","1.6614698377565698","495.79482179259645"
"H-25","Betamethasone  ","InChI=1S/C28H37FO7/c1-6-23(33)35-15-22(32)28(36-24(34)7-2)16(3)12-20-19-9-8-17-13-18(30)10-11-25(17,4)27(19,29)21(31)14-26(20,28)5/h10-11,13,16,19-21,31H,6-9,12,14-15H2,1-5H3","CIWBQSYVNNPZIQ-UHFFFAOYSA-N","CCC(=O)OCC(=O)C1(OC(=O)CC)C(C)CC2C3CCC4=CC(=O)C=CC4(C)C3(F)C(O)CC21C","-3.77","0.0","1","G1","504.5950000000003","3.8175000000000026","128.27280000000007","36.0","7.0","1.0","8.0","6.0","198.0","0.0","3.0","4.0","4.0","106.97000000000001","211.02310545236355","1.801524168042904","1048.4984065372723"
"H-81","Cholesterol  ","InChI=1S/C27H46O/c1-18(2)7-6-8-19(3)23-11-12-24-22-10-9-20-17-21(28)13-15-26(20,4)25(22)14-16-27(23,24)5/h9,18-19,21-25,28H,6-8,10-17H2,1-5H3","HVYWMOMLDIMFJA-UHFFFAOYSA-N","CC(C)CCCC(C)C1CCC2C3CC=C4CC(O)CCC4(C)C3CCC12C","-7.0","0.18000000000000016","2","G3","386.6640000000002","7.388700000000009","119.05280000000009","28.0","1.0","1.0","1.0","5.0","160.0","0.0","3.0","4.0","4.0","20.23","174.30905210803618","1.4894525128431004","591.069705945873"
"H-94","Decachlorodiphenyl ether  ","InChI=1S/C12Cl10O/c13-1-3(15)7(19)11(8(20)4(1)16)23-12-9(21)5(17)2(14)6(18)10(12)22","CIPFDHFTBYJKQB-UHFFFAOYSA-N","ClC1=C(Cl)C(Cl)=C(OC2=C(Cl)C(Cl)=C(Cl)C(Cl)=C2Cl)C(Cl)=C1Cl","-12.95","0.0","1","G1","514.6610000000003","10.0129","103.058","23.0","1.0","0.0","11.0","2.0","124.0","2.0","0.0","0.0","2.0","9.23","180.6347048238846","2.712767402893689","690.9545330792267"
"H-102","4,4'-Dibromobiphenyl  ","InChI=1S/C12H8Br2/c13-11-5-1-9(2-6-11)10-3-7-12(14)8-4-10/h1-8H","HQJQYILBCQPYBI-UHFFFAOYSA-N","BrC1=CC=C(C2=CC=C(Br)C=C2)C=C1","-7.74","0.0","1","G1","312.004","4.878600000000002","67.27800000000002","14.0","0.0","0.0","2.0","1.0","70.0","2.0","0.0","0.0","2.0","0.0","100.22359253684374","2.396509039726096","371.5796467381504"
"H-130","Dichlorodifluoromethane  ","InChI=1S/CCl2F2/c2-1(3,4)5","PXBRQCKWGAHEHS-UHFFFAOYSA-N","FC(F)(Cl)Cl","-1.99","0.32265","2","G3","120.91300000000001","2.0143","16.653","5.0","0.0","0.0","4.0","0.0","32.0","0.0","0.0","0.0","0.0","0.0","37.676854287445366","3.0237157840738176","23.11941547876375"
"H-137","2,2'-Dichloroethyl ether  ","InChI=1S/C4H6Cl4O/c5-3(6)1-9-2-4(7)8/h3-4H,1-2H2","SXQXMKMHOFIAHT-UHFFFAOYSA-N","ClC(Cl)COCC(Cl)Cl","-1.12","0.0","1","G1","211.90300000000002","2.6104000000000003","41.807000000000016","9.0","1.0","0.0","5.0","4.0","56.0","0.0","0.0","0.0","0.0","9.23","74.16068750805294","2.914658625512464","57.58797503894243"
"H-178","1,4-Dipentadiene  ","InChI=1S/C10H14/c1-4-6-7-9-10(3)8-5-2/h4-9H,2H2,1,3H3","JXQNEJRKTHOCGQ-UHFFFAOYSA-N","C=CC=C(C)C=CC=CC","-2.09","0.0","1","G1","134.22199999999995","3.251000000000002","47.90800000000002","10.0","0.0","0.0","0.0","3.0","54.0","0.0","0.0","0.0","0.0","0.0","63.26531792866199","3.877813057578704","168.47733175670794"
"H-197","Ethylenedichloride  ","InChI=1S/C2H4Cl2/c3-1-2-4/h1-2H2","WSLDOOZREJYCGB-UHFFFAOYSA-N","ClCCCl","-1.08","0.017420182316495204","4","G5","98.96000000000001","1.464","21.439999999999994","4.0","0.0","0.0","2.0","1.0","26.0","0.0","0.0","0.0","0.0","0.0","35.71072559598951","1.9747448713915894","6.0"
"H-215","2,2',3,4',5,5',6-Heptachlorobiphenyl  ","InChI=1S/C12H3Cl7/c13-5-2-7(15)6(14)1-4(5)10-11(18)8(16)3-9(17)12(10)19/h1-3H","UDMZPLROONOSEF-UHFFFAOYSA-N","ClC1=CC(Cl)=C(Cl)C=C1C1=C(Cl)C(Cl)=CC(Cl)=C1Cl","-8.94","0.4985999999999997","2","G3","395.3270000000001","7.9274000000000004","86.94800000000001","19.0","0.0","0.0","7.0","1.0","100.0","2.0","0.0","0.0","2.0","0.0","144.61136091373268","2.826969437955591","637.6079666719706"
"H-219","2,2',3,3',4,4',5-Heptachlorodiphenyl ether  ","InChI=1S/C12H3Cl7O/c13-4-1-2-6(10(17)8(4)15)20-7-3-5(14)9(16)12(19)11(7)18/h1-3H","BLBURLWSCHSPIS-UHFFFAOYSA-N","ClC1=CC=C(OC2=CC(Cl)=C(Cl)C(Cl)=C2Cl)C(Cl)=C1Cl","-9.12","0.0","1","G1","411.32600000000014","8.0527","88.02800000000002","20.0","1.0","0.0","8.0","2.0","106.0","2.0","0.0","0.0","2.0","9.23","149.72490614323954","2.48494624786845","684.2365474566768"
"H-231","Hexachlorobenzene  ","InChI=1S/C6Cl6/c7-1-2(8)4(10)6(12)5(11)3(1)9","CKAPSXZOOQJIBF-UHFFFAOYSA-N","ClC1=C(Cl)C(Cl)=C(Cl)C(Cl)=C1Cl","-7.56","0.3939719138325582","3","G5","284.784","5.606999999999999","56.502","12.0","0.0","0.0","6.0","0.0","66.0","1.0","0.0","0.0","1.0","0.0","99.25100048078698","3.6035674514745475","226.30309024251744"
"H-232","2,2',4,4',5,5'-Hexachlorobiphenyl  ","InChI=1S/C12H4Cl6/c13-5-1-7(11(17)9(15)3-5)8-2-6(14)4-10(16)12(8)18/h1-4H","AJKLKINFZLWHQE-UHFFFAOYSA-N","ClC1=CC(Cl)=C(Cl)C(C2=CC(Cl)=CC(Cl)=C2Cl)=C1","-8.56","0.8000000000000003","2","G2","360.88200000000006","7.274000000000001","81.938","18.0","0.0","0.0","6.0","1.0","94.0","2.0","0.0","0.0","2.0","0.0","134.308094686851","2.7671500561476026","564.9500798683472"
"H-238","2,2',3,4,4',5'-Hexachlorobiphenyl  ","InChI=1S/C12H4Cl6/c13-5-1-2-6(8(14)3-5)7-4-9(15)11(17)12(18)10(7)16/h1-4H","CKLLRBPBZLTGDJ-UHFFFAOYSA-N","ClC1=CC=C(C2=CC(Cl)=C(Cl)C(Cl)=C2Cl)C(Cl)=C1","-8.32","0.49233389979655984","3","G5","360.88200000000006","7.274","81.938","18.0","0.0","0.0","6.0","1.0","94.0","2.0","0.0","0.0","2.0","0.0","134.308094686851","2.7165459731419475","620.4500798683472"
"H-245","1,2,3,4,7,8-Hexachlorodibenzofuran  ","InChI=1S/C12H2Cl6O/c13-4-1-3-6(2-5(4)14)19-12-7(3)8(15)9(16)10(17)11(12)18/h1-2H","LVYBAQIVPKCOEE-UHFFFAOYSA-N","ClC1=C(Cl)C=C2C(=C1)OC1=C(Cl)C(Cl)=C(Cl)C(Cl)=C21","-10.66","0.019999999999999574","2","G3","374.86500000000007","7.5064","83.78000000000002","19.0","1.0","0.0","7.0","0.0","98.0","3.0","0.0","0.0","3.0","13.14","137.40865880833422","2.6263703863675003","835.6989004553219"
"H-268","11-a-Hydroxyprogesterone  ","InChI=1S/C21H30O3/c1-12(22)16-6-7-17-15-5-4-13-10-14(23)11-19(24)21(13,3)18(15)8-9-20(16,17)2/h10,15-19,24H,4-9,11H2,1-3H3","AARNXMRADQFOEB-UHFFFAOYSA-N","CC(=O)C1CCC2C3CCC4=CC(=O)CC(O)C4(C)C3CCC12C","-3.82","0.0","1","G1","330.46800000000013","3.694300000000003","92.27080000000005","24.0","3.0","1.0","3.0","1.0","132.0","0.0","3.0","4.0","4.0","54.370000000000005","144.4424436217441","1.6984815104454178","620.5733968704452"
"H-315","Methyl chloride  ","InChI=1S/CH3Cl/c1-2/h1H3","NEHMKBQYUWJMIP-UHFFFAOYSA-N","CCl","-0.88","0.048638267449999995","2","G3","50.488","0.855","11.777000000000001","2.0","0.0","0.0","1.0","0.0","14.0","0.0","0.0","0.0","0.0","0.0","19.042517254711225","1.0","2.0"
"H-341","17-Methyl testosterone  ","InChI=1S/C20H30O2/c1-18-9-6-14(21)12-13(18)4-5-15-16(18)7-10-19(2)17(15)8-11-20(19,3)22/h12,15-17,22H,4-11H2,1-3H3","GCKMFJBGXUYNAG-UHFFFAOYSA-N","CC12CCC(=O)C=C1CCC1C2CCC2(C)C1CCC2(C)O","-3.97","0.029439202887759617","3","G5","302.458","4.269300000000005","87.33380000000005","22.0","2.0","1.0","2.0","0.0","122.0","0.0","3.0","4.0","4.0","37.3","133.9159794073037","1.6968001719233181","545.9104984355639"
"H-353","2-Nitropropane  ","InChI=1S/C4H9NO2/c1-3-4(2)5(6)7/h4H,3H2,1-2H3","SUGZATOHBPXTDV-UHFFFAOYSA-N","CCC(C)[N+](=O)[O-]","-0.62","0.0","1","G1","103.121","1.0615999999999999","26.74739999999999","7.0","2.0","0.0","3.0","2.0","42.0","0.0","0.0","0.0","0.0","43.14","42.487053093519165","3.3434170589539596","72.09004635215048"
"H-354","m-Nitrotoluene  ","InChI=1S/C7H7NO2/c1-6-3-2-4-7(5-6)8(9)10/h2-5H,1H3","QZYHIOPPLUPUJF-UHFFFAOYSA-N","CC1=CC(=CC=C1)[N+](=O)[O-]","-2.46","0.037845945403312854","4","G5","137.13799999999998","1.90322","37.83340000000002","10.0","2.0","0.0","3.0","1.0","52.0","1.0","0.0","0.0","1.0","43.14","58.44932095639337","3.069899265759275","257.53794892648057"
"H-391","1-Mentanol  ","InChI=1S/C10H20O/c1-8(2)10(3)6-4-5-9(11)7-10/h8-9,11H,4-7H2,1-3H3","GXVKKGSUMOYXRP-UHFFFAOYSA-N","CC(C)C1(C)CCCC(O)C1","-0.6","0.0","1","G1","156.26899999999998","2.5836000000000006","47.41980000000002","11.0","1.0","1.0","1.0","1.0","66.0","0.0","1.0","1.0","1.0","20.23","69.8121326560658","2.5525707621128975","130.83446685613666"
"H-392","2-Mentanol  ","InChI=1S/C10H20O/c1-7(2)10-8(3)5-4-6-9(10)11/h7-11H,4-6H2,1-3H3","INRYEFODKKMLFS-UHFFFAOYSA-N","CC(C)C1C(C)CCCC1O","-0.29","0.0","1","G1","156.269","2.439500000000001","47.34980000000002","11.0","1.0","1.0","1.0","1.0","66.0","0.0","1.0","1.0","1.0","20.23","69.81213265606581","2.5511579864899736","110.04118472439222"
"H-393","3-Mentanol  ","InChI=1S/C10H20O/c1-8(2)10(11)6-4-5-9(3)7-10/h8-9,11H,4-7H2,1-3H3","FLDULGZAEKFCIK-UHFFFAOYSA-N","CC1CCCC(O)(C(C)C)C1","-0.24","0.0","1","G1","156.26899999999998","2.5836000000000006","47.41980000000002","11.0","1.0","1.0","1.0","1.0","66.0","0.0","1.0","1.0","1.0","20.23","69.8121326560658","2.5525707621128975","130.83446685613666"
"H-399","Phenacetin  ","InChI=1S/C10H13NO2/c1-3-13-10-6-4-9(5-7-10)11-8(2)12/h4-7H,3H2,1-2H3,(H,11,12)","CPJSUEIXXCENMM-UHFFFAOYSA-N","CCOC1=CC=C(NC(C)=O)C=C1","-2.3","0.05583495679231792","5","G5","179.219","2.0437","51.914700000000025","13.0","2.0","1.0","3.0","3.0","70.0","1.0","0.0","0.0","1.0","38.33","77.71610109024209","2.635972640607562","279.48114931490306"
"H-409","Propane  ","InChI=1S/C3H8/c1-3-2/h3H2,1-2H3","ATUOYWHBWRKTHZ-UHFFFAOYSA-N","CCC","-2.84","0.4381085080133397","5","G5","44.096999999999994","1.4163","15.965000000000003","3.0","0.0","0.0","0.0","0.0","20.0","0.0","0.0","0.0","0.0","0.0","21.469135256622767","1.6329931618554523","0.0"
"H-419","Propyzamide  ","InChI=1S/C3H7NO/c1-2-3(4)5/h2H2,1H3,(H2,4,5)","QLNJFJADRCOGBJ-UHFFFAOYSA-N","CCC(N)=O","-4.23","0.0","1","G1","73.09499999999998","-0.11829999999999996","19.485400000000002","5.0","1.0","1.0","2.0","1.0","30.0","0.0","0.0","0.0","0.0","43.09","30.970548053679245","2.847378923087672","42.1577218810798"
"H-426","2,2',5,5'-Tetrabromobiphenyl  ","InChI=1S/C12H6Br4/c13-7-1-3-11(15)9(5-7)10-6-8(14)2-4-12(10)16/h1-6H","XEFMFJLRXHQLEM-UHFFFAOYSA-N","BrC1=CC=C(Br)C(C2=CC(Br)=CC=C2Br)=C1","-8.06","0.0","1","G1","469.796","6.403600000000003","82.678","16.0","0.0","0.0","4.0","1.0","82.0","2.0","0.0","0.0","2.0","0.0","127.95868774812642","2.6616827212373178","485.037124074059"
"H-427","1,1,2,2-Tetrabromoethane  ","InChI=1S/C2H2Br4/c3-1(4)2(5)6/h1-2H","QXSZNDIIPUOQMB-UHFFFAOYSA-N","BrC(Br)C(Br)Br","-2.72","0.01004390362359176","3","G5","345.654","3.2182000000000004","43.284000000000006","6.0","0.0","0.0","4.0","1.0","38.0","0.0","0.0","0.0","0.0","0.0","70.57438356479159","2.9934972434784735","26.52932501298081"
"H-430","2,4,5,6-Tetrachloroanisole  ","InChI=1S/C7H4Cl4O/c1-12-7-4(9)2-3(8)5(10)6(7)11/h2H,1H3","ITXDBGLYYSJNPK-UHFFFAOYSA-N","COC1=C(Cl)C(Cl)=C(Cl)C=C1Cl","-5.13","0.010000000000000231","2","G3","245.92000000000002","4.308800000000001","53.03400000000001","12.0","1.0","0.0","5.0","1.0","66.0","1.0","0.0","0.0","1.0","9.23","90.12295537092713","3.404478398889996","310.7649525073721"
"H-432","1,2,3,5-Tetrachlorobenzene  ","InChI=1S/C6H2Cl4/c7-3-1-4(8)6(10)5(9)2-3/h1-2H","QZYNWJQFTJXIRN-UHFFFAOYSA-N","ClC1=CC(Cl)=C(Cl)C(Cl)=C1","-4.68","0.06799328398207202","3","G5","215.894","4.3002","46.482000000000006","10.0","0.0","0.0","4.0","0.0","54.0","1.0","0.0","0.0","1.0","0.0","78.64446802702365","3.310532874722407","232.91988337222986"
"H-433","1,2,4,5-Tetrachlorobenzene  ","InChI=1S/C6H2Cl4/c7-3-1-4(8)6(10)2-5(3)9/h1-2H","JHBKHLUZVFWLAG-UHFFFAOYSA-N","ClC1=CC(Cl)=C(Cl)C=C1Cl","-5.47","0.04485000000000028","2","G3","215.894","4.3002","46.482000000000006","10.0","0.0","0.0","4.0","0.0","54.0","1.0","0.0","0.0","1.0","0.0","78.64446802702365","3.2824629074535228","205.9198833722299"
"H-434","2,2',4,6'-Tetrachlorobenzyl 3-toluene  ","InChI=1S/C14H10Cl4/c1-8-11(15)6-5-9(14(8)18)7-10-12(16)3-2-4-13(10)17/h2-6H,7H2,1H3","WQCFXZHBWZFDAX-UHFFFAOYSA-N","CC1=C(Cl)C(CC2=C(Cl)C=CC=C2Cl)=CC=C1Cl","-7.99","0.0","1","G1","320.04600000000005","6.199420000000003","80.46700000000003","18.0","0.0","0.0","4.0","2.0","94.0","2.0","0.0","0.0","2.0","0.0","126.43144646188091","2.4391630773682094","570.338129854746"
"H-435","2,2',4,4'-Tetrachlorobenzyl 3-toluene  ","InChI=1S/C14H10Cl4/c1-8-12(16)5-3-10(14(8)18)6-9-2-4-11(15)7-13(9)17/h2-5,7H,6H2,1H3","ITKYXPSZKACZJS-UHFFFAOYSA-N","CC1=C(Cl)C(CC2=CC=C(Cl)C=C2Cl)=CC=C1Cl","-7.4","0.0","1","G1","320.04600000000005","6.199420000000003","80.46700000000003","18.0","0.0","0.0","4.0","2.0","94.0","2.0","0.0","0.0","2.0","0.0","126.4314464618809","2.3729184012917255","590.5881298547458"
"H-436","2,2',5,5'-Tetrachlorobenzyl 4-toluene  ","InChI=1S/C14H10Cl4/c1-8-4-14(18)10(7-13(8)17)5-9-6-11(15)2-3-12(9)16/h2-4,6-7H,5H2,1H3","FLNHUBDFYWZFMU-UHFFFAOYSA-N","CC1=C(Cl)C=C(CC2=CC(Cl)=CC=C2Cl)C(Cl)=C1","-8.03","0.0","1","G1","320.04600000000005","6.199420000000002","80.46700000000001","18.0","0.0","0.0","4.0","2.0","94.0","2.0","0.0","0.0","2.0","0.0","126.4314464618809","2.395447154682652","590.5881298547458"
"H-437","2,2',4,6'-Tetrachlorobenzyl 5-toluene  ","InChI=1S/C14H10Cl4/c1-8-5-9(14(18)7-13(8)17)6-10-11(15)3-2-4-12(10)16/h2-5,7H,6H2,1H3","LWTZRUALFAUJAX-UHFFFAOYSA-N","CC1=C(Cl)C=C(Cl)C(CC2=C(Cl)C=CC=C2Cl)=C1","-8.36","0.0","1","G1","320.04600000000005","6.199420000000003","80.46700000000001","18.0","0.0","0.0","4.0","2.0","94.0","2.0","0.0","0.0","2.0","0.0","126.43144646188091","2.4328992272680905","570.338129854746"
"H-438","2,2',4,4'-Tetrachlorobenzyl 5-toluene  ","InChI=1S/C14H10Cl4/c1-8-4-10(14(18)7-12(8)16)5-9-2-3-11(15)6-13(9)17/h2-4,6-7H,5H2,1H3","DLJAQEIAZPTWSB-UHFFFAOYSA-N","CC1=C(Cl)C=C(Cl)C(CC2=CC=C(Cl)C=C2Cl)=C1","-7.49","0.0","1","G1","320.04600000000005","6.199420000000003","80.46700000000001","18.0","0.0","0.0","4.0","2.0","94.0","2.0","0.0","0.0","2.0","0.0","126.43144646188091","2.366973066040271","590.5881298547458"
"H-439","2,3,4,4'-Tetrachlorobenzyl 5-toluene  ","InChI=1S/C14H10Cl4/c1-8-6-10(13(17)14(18)12(8)16)7-9-2-4-11(15)5-3-9/h2-6H,7H2,1H3","MWHFGNXYBKEXGQ-UHFFFAOYSA-N","CC1=C(Cl)C(Cl)=C(Cl)C(CC2=CC=C(Cl)C=C2)=C1","-8.18","0.0","1","G1","320.04600000000005","6.1994200000000035","80.46700000000003","18.0","0.0","0.0","4.0","2.0","94.0","2.0","0.0","0.0","2.0","0.0","126.43144646188092","2.3759972480421645","573.338129854746"
"H-440","2,3,4,6'-Tetrachlorobenzyl 6-toluene  ","InChI=1S/C14H10Cl4/c1-8-6-12(16)14(18)13(17)10(8)7-9-4-2-3-5-11(9)15/h2-6H,7H2,1H3","CCDRCQNHQGRXHO-UHFFFAOYSA-N","CC1=C(CC2=C(Cl)C=CC=C2)C(Cl)=C(Cl)C(Cl)=C1","-7.24","0.0","1","G1","320.04600000000005","6.199420000000002","80.46700000000003","18.0","0.0","0.0","4.0","2.0","94.0","2.0","0.0","0.0","2.0","0.0","126.43144646188088","2.4749176688298267","590.5881298547458"
"H-441","2,3,4,4'-Tetrachlorobenzyl 6-toluene  ","InChI=1S/C14H10Cl4/c1-8-6-12(16)14(18)13(17)11(8)7-9-2-4-10(15)5-3-9/h2-6H,7H2,1H3","ZCGZBWMAQSDEHU-UHFFFAOYSA-N","CC1=C(CC2=CC=C(Cl)C=C2)C(Cl)=C(Cl)C(Cl)=C1","-7.44","0.0","1","G1","320.04600000000005","6.199420000000003","80.46700000000003","18.0","0.0","0.0","4.0","2.0","94.0","2.0","0.0","0.0","2.0","0.0","126.43144646188088","2.4017673566009767","573.338129854746"
"H-447","3,3',4,4'-Tetrachlorobiphenyl  ","InChI=1S/C12H6Cl4/c13-9-3-1-7(5-11(9)15)8-2-4-10(14)12(16)6-8/h1-6H","UQMGJOKDKOLIDP-UHFFFAOYSA-N","ClC1=CC=C(C2=CC=C(Cl)C(Cl)=C2)C=C1Cl","-8.53","0.09890858854967496","3","G5","291.99199999999996","5.967200000000001","71.91800000000002","16.0","0.0","0.0","4.0","1.0","82.0","2.0","0.0","0.0","2.0","0.0","113.70156223308767","2.5020803743746223","485.037124074059"
"H-450","2,4,4',6-Tetrachlorobiphenyl  ","InChI=1S/C12H6Cl4/c13-8-3-1-7(2-4-8)12-10(15)5-9(14)6-11(12)16/h1-6H","RZFZBHKDGHISSH-UHFFFAOYSA-N","ClC1=CC=C(C2=C(Cl)C=C(Cl)C=C2Cl)C=C1","-6.94","0.2171000000000003","2","G3","291.992","5.967200000000002","71.91800000000002","16.0","0.0","0.0","4.0","1.0","82.0","2.0","0.0","0.0","2.0","0.0","113.70156223308769","2.597174452013575","494.03712407405914"
"H-453","1,2,3,4-Tetrachlorodibenzo-p-dioxin  ","InChI=1S/C12H4Cl4O2/c13-7-8(14)10(16)12-11(9(7)15)17-5-3-1-2-4-6(5)18-12/h1-4H","DJHHDLMTUOLVHY-UHFFFAOYSA-N","ClC1=C(Cl)C(Cl)=C2OC3=CC=CC=C3OC2=C1Cl","-8.77","0.08882848642186782","3","G5","321.97400000000005","6.198200000000001","73.07200000000002","18.0","2.0","0.0","6.0","0.0","92.0","2.0","0.0","1.0","3.0","18.46","122.92282153857221","2.2472750415466165","599.0110495664155"
"H-463","Tetrachloroethylene  ","InChI=1S/C2Cl4/c3-1(4)2(5)6","CYTYCFOTNPOANT-UHFFFAOYSA-N","ClC(Cl)=C(Cl)Cl","-2.74","0.18983773879383883","4","G5","165.834","3.0682","30.438000000000002","6.0","0.0","0.0","4.0","0.0","36.0","0.0","0.0","0.0","0.0","0.0","55.6276550175686","3.675948764555208","55.617270614347476"
"H-475","2,4,6-Tribromobiphenyl  ","InChI=1S/C12H7Br3/c13-9-6-10(14)12(11(15)7-9)8-4-2-1-3-5-8/h1-7H","YCLZBYQDXVJFII-UHFFFAOYSA-N","BrC1=CC(Br)=C(C2=CC=CC=C2)C(Br)=C1","-7.3","0.0","1","G1","390.90000000000003","5.6411000000000024","74.97800000000002","15.0","0.0","0.0","3.0","1.0","76.0","2.0","0.0","0.0","2.0","0.0","114.09114014248509","2.635224937794043","454.47594705335234"
"H-479","2,4,6-Trichloroanisole  ","InChI=1S/C7H5Cl3O/c1-11-7-5(9)2-4(8)3-6(7)10/h2-3H,1H3","WCVOGSZTONGSQY-UHFFFAOYSA-N","COC1=C(Cl)C=C(Cl)C=C1Cl","-4.2","0.0626500000000001","2","G3","211.475","3.655400000000001","48.024000000000015","11.0","1.0","0.0","4.0","1.0","60.0","1.0","0.0","0.0","1.0","9.23","79.81968914404547","3.2477131903358982","249.38335062299745"
"H-482","1,3,5-Trichlorobenzene  ","InChI=1S/C6H3Cl3/c7-4-1-5(8)3-6(9)2-4/h1-3H","XKEFYDZQGKAQCN-UHFFFAOYSA-N","ClC1=CC(Cl)=CC(Cl)=C1","-4.6","0.06803268822166783","3","G5","181.449","3.6468000000000007","41.47200000000001","9.0","0.0","0.0","3.0","0.0","48.0","1.0","0.0","0.0","1.0","0.0","68.34120180014197","3.165670309917317","169.06517765499825"
"H-491","1,2,4-Trichlorodibenzo-p-dioxin  ","InChI=1S/C12H5Cl3O2/c13-6-5-7(14)11-12(10(6)15)17-9-4-2-1-3-8(9)16-11/h1-5H","HRVUKLBFRPWXPJ-UHFFFAOYSA-N","ClC1=CC(Cl)=C2OC3=CC=CC=C3OC2=C1Cl","-7.58","0.03129859776766731","3","G5","287.529","5.5448","68.06200000000001","17.0","2.0","0.0","5.0","0.0","86.0","2.0","0.0","1.0","3.0","18.46","112.61955531169053","2.2089128480293483","610.9400033837917"
"H-496","1,1,1-Trichloroethane  ","InChI=1S/C2H3Cl3/c1-2(3,4)5/h1H3","UOCLXMDMGBRAIB-UHFFFAOYSA-N","CC(Cl)(Cl)Cl","-2.14","0.25699924551915704","6","G5","133.405","2.376500000000001","25.963999999999995","5.0","0.0","0.0","3.0","0.0","32.0","0.0","0.0","0.0","0.0","0.0","46.013991822871176","3.0237157840738176","20.36452797660028"
"H-499","1,1,2-Trichlorofluoroethane  ","InChI=1S/C2H2Cl3F/c3-1-2(4,5)6/h1H2","ZKVMMSGRDBQIOQ-UHFFFAOYSA-N","FC(Cl)(Cl)CCl","-3.04","0.0","1","G1","151.395","2.3261000000000003","26.265","6.0","0.0","0.0","4.0","1.0","38.0","0.0","0.0","0.0","0.0","0.0","50.179527225797415","3.1684898726705697","38.54808140664299"
"H-514","Vernolate  ","InChI=1S/C10H21NOS/c1-4-7-11(8-5-2)10(12)13-9-6-3/h4-9H2,1-3H3","OKUGPJPKMAEJOE-UHFFFAOYSA-N","CCCSC(=O)N(CCC)CCC","-3.3","0.026999999999999913","2","G3","203.35099999999994","3.3716000000000026","60.30000000000004","13.0","2.0","0.0","3.0","6.0","78.0","0.0","0.0","0.0","0.0","20.310000000000002","86.06819585301139","3.7993393278259617","132.88643538696058"
"H-516","1,1,3,4,4-Pentachloro-1,2-Butadiene  ","InChI=1S/C4HCl5/c5-2(4(8)9)1-3(6)7/h4H","UKADPXJGNACTCY-UHFFFAOYSA-N","ClC(Cl)=C=C(Cl)C(Cl)Cl","-4.23","0.0","1","G1","226.317","3.8307","43.592000000000006","9.0","0.0","0.0","5.0","1.0","52.0","0.0","0.0","0.0","0.0","0.0","77.97120244105922","4.345505694451469","148.34093004940027"
"H-517","2,2',3,3',4,4',5,5',6'-Nonachlorodiphenyl ether  ","InChI=1S/C12HCl9O/c13-2-1-3(5(15)6(16)4(2)14)22-12-10(20)8(18)7(17)9(19)11(12)21/h1H","FPEYJPVHPGDXDD-UHFFFAOYSA-N","ClC1=C(Cl)C(Cl)=C(Cl)C(OC2=C(Cl)C(Cl)=C(Cl)C(Cl)=C2Cl)=C1","-10.55","0.47499999999999964","2","G3","480.21600000000024","9.359499999999999","98.048","22.0","1.0","0.0","10.0","2.0","118.0","2.0","0.0","0.0","2.0","9.23","170.3314385970029","2.6281734618237107","743.162964973806"
"H-519","2,2',4,5'-Tetrachlorobenzyl-5 toluene  ","InChI=1S/C14H10Cl4/c1-8-4-9(14(18)7-13(8)17)5-10-6-11(15)2-3-12(10)16/h2-4,6-7H,5H2,1H3","QMUKHHNFJVHXQY-UHFFFAOYSA-N","CC1=C(Cl)C=C(Cl)C(CC2=CC(Cl)=CC=C2Cl)=C1","-8.06","0.0","1","G1","320.04600000000005","6.199420000000003","80.46700000000001","18.0","0.0","0.0","4.0","2.0","94.0","2.0","0.0","0.0","2.0","0.0","126.43144646188091","2.3954471546826515","590.588129854746"
"H-524","Alachlor","InChI=1S/C14H20ClNO2/c1-4-11-7-6-8-12(5-2)14(11)16(10-18-3)13(17)9-15/h6-8H,4-5,9-10H2,1-3H3","XCSGPAVHZFQHGE-UHFFFAOYSA-N","CCC1=CC=CC(CC)=C1N(COC)C(=O)CCl","-3.17","0.0856824110045669","3","G5","269.77199999999993","2.9871000000000016","75.28000000000004","18.0","2.0","0.0","4.0","6.0","100.0","1.0","0.0","0.0","1.0","29.54","113.68910726130552","3.2766131919478854","384.5305068733243"
"H-525","Aldicarb","InChI=1S/C7H14N2O2S/c1-7(2,12-4)5-9-11-6(10)8-3/h5H,1-4H3,(H,8,10)","QGLZXHRNAYXIBU-UHFFFAOYSA-N","CNC(=O)ON=CC(C)(C)SC","-0.71","0.0","1","G1","190.26799999999997","1.4698","51.62670000000003","12.0","4.0","1.0","5.0","3.0","70.0","0.0","0.0","0.0","0.0","50.69","76.72630423807122","3.8317472942012736","180.24518934974517"
"H-530","Carbophenothion","InChI=1S/C11H16ClO2PS3/c1-3-13-15(16,14-4-2)18-9-17-11-7-5-10(12)6-8-11/h5-8H,3-4,9H2,1-2H3","VEDTXTNSFWUXGQ-UHFFFAOYSA-N","CCOP(=S)(OCC)SCSC1=CC=C(Cl)C=C1","-6.05","0.1570999999999998","2","G3","342.875","5.420300000000004","87.30400000000003","18.0","5.0","0.0","7.0","8.0","102.0","1.0","0.0","0.0","1.0","18.46","127.07453289631017","2.431478516077076","389.77972797712056"
"H-545","dialifos","InChI=1S/C14H17ClNO4PS2/c1-3-19-21(22,20-4-2)23-12(9-15)16-13(17)10-7-5-6-8-11(10)14(16)18/h5-8,12H,3-4,9H2,1-2H3","MUMQYXACQUZOFP-UHFFFAOYSA-N","CCOP(=S)(OCC)SC(CCl)N1C(=O)C2=CC=CC=C2C1=O","-5.85","0.24505","2","G3","393.85400000000016","3.878200000000003","96.57800000000005","23.0","6.0","0.0","9.0","8.0","126.0","1.0","0.0","1.0","2.0","55.84","149.12329593089646","2.2686239942524744","612.4193667711982"
"H-548","o-dibutylphthalate","InChI=1S/C16H22O4/c1-3-5-7-11-9-10-13(15(17)18)14(16(19)20)12(11)8-6-4-2/h9-10H,3-8H2,1-2H3,(H,17,18)(H,19,20)","NUONTTMMRCYJMI-UHFFFAOYSA-N","CCCCC1=C(CCCC)C(C(O)=O)=C(C(O)=O)C=C1","-4.4","0.0","1","G1","278.34799999999996","3.768200000000002","77.58460000000005","20.0","2.0","2.0","4.0","8.0","110.0","1.0","0.0","0.0","1.0","74.6","118.99233596794264","3.3525919678510308","491.49539394598946"
"H-553","Digoxin","InChI=1S/C41H64O14/c1-19-36(47)28(42)15-34(50-19)54-38-21(3)52-35(17-30(38)44)55-37-20(2)51-33(16-29(37)43)53-24-8-10-39(4)23(13-24)6-7-26-27(39)14-31(45)40(5)25(9-11-41(26,40)48)22-12-32(46)49-18-22/h12,19-21,23-31,33-38,42-45,47-48H,6-11,13-18H2,1-5H3","LTMHDMANZUZIPE-UHFFFAOYSA-N","CC1OC(OC2C(O)CC(OC3C(O)CC(OC4CCC5(C)C(CCC6C5CC(O)C5(C)C(C7=CC(=O)OC7)CCC65O)C4)OC3C)OC2C)CC(O)C1O","-4.16","0.15864075418658619","3","G5","780.9490000000002","2.218100000000003","192.61079999999941","55.0","14.0","6.0","14.0","7.0","312.0","0.0","7.0","8.0","8.0","203.05999999999997","323.3224245630436","0.8374981988041249","1409.0037418555949"
"H-556","b-Endosulfan","InChI=1S/C9H6Cl6O3S/c10-5-6(11)8(13)4-2-18-19(16)17-1-3(4)7(5,12)9(8,14)15/h3-4H,1-2H2","RDYMFSUJUZBWLH-UHFFFAOYSA-N","O=S1OCC2C(CO1)C1(Cl)C(Cl)=C(Cl)C2(Cl)C1(Cl)Cl","-6.08","0.09020437905113035","4","G5","406.9290000000001","3.689800000000001","77.36340000000001","19.0","3.0","0.0","10.0","0.0","108.0","0.0","2.0","3.0","3.0","35.53","141.7906412262262","2.187726044332392","470.1834139056276"
"H-569","Parathion","InChI=1S/C10H14NO5PS/c1-3-14-17(18,15-4-2)16-10-7-5-9(6-8-10)11(12)13/h5-8H,3-4H2,1-2H3","LCCNCVORNKJIRZ-UHFFFAOYSA-N","CCOP(=S)(OCC)OC1=CC=C(C=C1)[N+](=O)[O-]","-4.29","0.2448302511435218","4","G5","291.26500000000004","3.2711000000000023","71.26140000000002","18.0","6.0","0.0","8.0","7.0","100.0","1.0","0.0","0.0","1.0","70.83","110.26471109131683","2.809298823967879","440.0861904749746"
"H-570","Pebulate","InChI=1S/C10H21NOS/c1-4-7-8-11(6-3)10(12)13-9-5-2/h4-9H2,1-3H3","SGEJQUSYQTVSIU-UHFFFAOYSA-N","CCCCN(CC)C(=O)SCCC","-3.41","0.08355601414620012","4","G5","203.35099999999997","3.3716000000000026","60.30000000000004","13.0","2.0","0.0","3.0","6.0","78.0","0.0","0.0","0.0","0.0","20.310000000000002","86.06819585301139","3.70553036903024","138.88643538696058"
"H-572","Perthane","InChI=1S/C18H20Cl2/c1-3-13-5-9-15(10-6-13)17(18(19)20)16-11-7-14(4-2)8-12-16/h5-12,17-18H,3-4H2,1-2H3","QFMDFTQOJHFVNR-UHFFFAOYSA-N","CCC1=CC=C(C(C2=CC=C(CC)C=C2)C(Cl)Cl)C=C1","-7.04","0.2762500000000001","2","G3","307.264","5.747000000000004","88.97700000000005","20.0","0.0","0.0","2.0","5.0","106.0","2.0","0.0","0.0","2.0","0.0","131.28468246570398","2.3332777784938163","478.84960987081564"
"H-574","Prasterone","InChI=1S/C19H28O2/c1-18-9-7-13(20)11-12(18)3-4-14-15-5-6-17(21)19(15,2)10-8-16(14)18/h3,13-16,20H,4-11H2,1-2H3","FMGSKLZLMKYGDP-UHFFFAOYSA-N","CC12CCC3C(CC=C4CC(O)CCC43C)C1CCC2=O","-4.01","0.1961292091114086","3","G5","288.43100000000004","3.8792000000000026","82.71680000000005","21.0","2.0","1.0","2.0","0.0","116.0","0.0","3.0","4.0","4.0","37.3","127.55103729290711","1.692354659363723","507.69574308017087"
"I-2","2_amino_5_bromobenzoic_acid","InChI=1S/C7H6BrNO2/c8-4-1-2-6(9)5(3-4)7(10)11/h1-3H,9H2,(H,10,11)","CUKXRHLWPSBCTI-UHFFFAOYSA-N","Brc1cc(C(O)=O)c(N)cc1","-3.07","0.0","1","G1","216.034","1.7295","45.5137","11.0","2.0","2.0","4.0","1.0","58.0","1.0","0.0","0.0","1.0","63.31999999999999","71.95953938878743","3.2322088703054916","298.492089776386"
"I-4","5_bromo_2_4_dihydroxybenzoic_acid","InChI=1S/C7H5BrO4/c8-4-1-3(7(11)12)5(9)2-6(4)10/h1-2,9-10H,(H,11,12)","ZRBCISXJLHZOMS-UHFFFAOYSA-N","Oc1c(Br)cc(C(O)=O)c(O)c1","-2.62","0.0","1","G1","233.017","1.5584999999999998","44.43090000000001","12.0","3.0","3.0","5.0","1.0","64.0","1.0","0.0","0.0","1.0","77.76","76.20811619616674","3.3258841466405995","334.423415200434"
"I-6","acetazolamide","InChI=1S/C4H6N4O3S2/c1-2(9)6-3-7-8-4(12-3)13(5,10)11/h1H3,(H2,5,10,11)(H,6,7,9)","BZKPWHYZMXOIDC-UHFFFAOYSA-N","S(=O)(=O)(N)c1sc(NC(=O)C)nn1","-2.44","0.059230922854723665","3","G5","222.251","-0.8561000000000003","45.585899999999995","13.0","6.0","2.0","9.0","2.0","72.0","1.0","0.0","0.0","1.0","115.03999999999999","78.02145102207903","2.9386914588268516","422.35246826398924"
"I-9","amitryptyline","InChI=1S/C20H23N/c1-21(2)15-7-12-20-18-10-5-3-8-16(18)13-14-17-9-4-6-11-19(17)20/h3-6,8-12H,7,13-15H2,1-2H3","KRMDCWKBEZIMAB-UHFFFAOYSA-N","CN(C)CC\C=C1\c2ccccc2CCc2ccccc12","-4.55","0.047050000000000036","2","G3","277.411","4.168600000000003","90.54200000000006","21.0","1.0","0.0","1.0","3.0","108.0","2.0","0.0","1.0","3.0","3.24","127.47243372522377","2.0659497027232017","602.8929198710237"
"I-10","amodiaquine","InChI=1S/C20H22ClN3O/c1-3-24(4-2)13-14-11-16(6-8-20(14)25)23-18-9-10-22-19-12-15(21)5-7-17(18)19/h5-12,25H,3-4,13H2,1-2H3,(H,22,23)","OVCDSSHSILBFBN-UHFFFAOYSA-N","c1(c(CN(CC)CC)cc(cc1)Nc1ccnc2c1ccc(c2)Cl)O","-5.79","0.0","1","G1","355.8690000000001","5.179200000000005","104.76750000000003","25.0","4.0","2.0","5.0","6.0","130.0","3.0","0.0","0.0","3.0","48.39","152.62171624311483","1.9078862505736287","877.9443065405388"
"I-11","atropine","InChI=1S/C17H23NO3/c1-18-13-7-8-14(18)10-15(9-13)21-17(20)16(11-19)12-5-3-2-4-6-12/h2-6,13-16,19H,7-11H2,1H3/t13-,14+,15+,16?","RKUNBYITZUJHSG-SPUOUPEWSA-N","CN1[C@H]2CC[C@@H]1C[C@@H](C2)OC(=O)C(CO)C1=CC=CC=C1","-2.0","0.0","1","G1","289.375","1.9309","79.95580000000005","21.0","4.0","1.0","4.0","4.0","114.0","1.0","2.0","2.0","3.0","49.769999999999996","125.26323882275126","1.632677623313254","476.06840462966727"
"I-13","benzylimidazole","InChI=1S/C10H10N2/c1-2-4-10(5-3-1)8-12-7-6-11-9-12/h1-7,9H,8H2","KKKDZZRICRFGSD-UHFFFAOYSA-N","n1(Cc2ccccc2)cncc1","-2.26","0.0","1","G1","158.20399999999998","1.9313999999999998","47.77100000000003","12.0","2.0","0.0","2.0","2.0","60.0","2.0","0.0","0.0","2.0","17.82","71.49221932851373","2.151145466909155","324.00395194326194"
"I-14","bromogramine","InChI=1S/C11H13BrN2/c1-14(2)7-8-6-13-11-4-3-9(12)5-10(8)11/h3-6,13H,7H2,1-2H3","FSERHDPEOFYMMK-UHFFFAOYSA-N","Brc1cc2c(CN(C)C)c[nH]c2cc1","-4.06","0.0","1","G1","253.143","2.992000000000001","63.38970000000002","14.0","1.0","1.0","3.0","2.0","74.0","2.0","0.0","0.0","2.0","19.03","92.04443569128102","2.497908210012612","445.48429933395767"
"I-17","carvedilol","InChI=1S/C24H26N2O4/c1-28-21-10-4-5-11-22(21)29-14-13-25-15-17(27)16-30-23-12-6-9-20-24(23)18-7-2-3-8-19(18)26-20/h2-12,17,25-27H,13-16H2,1H3","OGHNVEJMJSYVRP-UHFFFAOYSA-N","COc1ccccc1OCCNCC(O)COc1cccc2[nH]c3ccccc3c12","-4.26","0.0","1","G1","406.482","3.738000000000002","118.66520000000004","30.0","5.0","3.0","6.0","10.0","156.0","4.0","0.0","0.0","4.0","75.74000000000001","174.93537112075003","1.2575379884643594","1108.7174439193618"
"I-18","cephalothin","InChI=1S/C16H16N2O6S2/c1-8(19)24-6-9-7-26-15-12(14(21)18(15)13(9)16(22)23)17-11(20)5-10-3-2-4-25-10/h2-4,12,15H,5-7H2,1H3,(H,17,20)(H,22,23)/t12-,15-/m1/s1","XIURVHNZVLADCM-IUODEOHRSA-N","C1(=C(COC(C)=O)CS[C@@H]2[C@H](NC(=O)Cc3cccs3)C(N12)=O)C(O)=O","-2.94","0.0","1","G1","396.4460000000001","0.5922999999999998","94.34050000000006","26.0","7.0","2.0","10.0","6.0","138.0","1.0","1.0","2.0","3.0","113.01000000000002","156.73647968447966","1.6915380267707596","788.6704465871796"
"I-19","chlorpheniramine","InChI=1S/C16H19ClN2/c1-19(2)12-10-15(16-5-3-4-11-18-16)13-6-8-14(17)9-7-13/h3-9,11,15H,10,12H2,1-2H3/t15-/m0/s1","SOYKEARSMXGVTM-HNNXBMFYSA-N","C([C@H](c1ccccn1)c1ccc(cc1)Cl)CN(C)C","-2.67","0.0","1","G1","274.795","3.8186000000000027","80.70300000000005","19.0","2.0","0.0","3.0","5.0","100.0","2.0","0.0","0.0","2.0","16.130000000000003","119.59595577557559","2.25847511572667","493.91719964890143"
"I-20","chlorpromazine","InChI=1S/C17H19ClN2S/c1-19(2)10-5-11-20-14-6-3-4-7-16(14)21-17-9-8-13(18)12-15(17)20/h3-4,6-9,12H,5,10-11H2,1-2H3","ZPEIMTDSQAKGNT-UHFFFAOYSA-N","c1c(Cl)ccc2Sc3ccccc3N(CCCN(C)C)c12","-5.07","0.03639416925216963","3","G5","318.8730000000001","4.8944000000000045","92.19400000000006","21.0","3.0","0.0","4.0","4.0","110.0","2.0","0.0","1.0","3.0","6.48","135.2534203366685","1.9437632658356154","642.4372765270095"
"I-21","chlorpropamide","InChI=1S/C10H13ClN2O3S/c1-2-7-12-10(14)13-17(15,16)9-5-3-8(11)4-6-9/h3-6H,2,7H2,1H3,(H2,12,13,14)","RKWGIWYCVPQPMF-UHFFFAOYSA-N","Clc1ccc(S(=O)(NC(=O)NCCC)=O)cc1","-3.25","0.10975000000000001","2","G3","276.74499999999995","1.7379","65.46320000000003","17.0","3.0","2.0","7.0","4.0","94.0","1.0","0.0","0.0","1.0","75.27000000000001","105.21646016364001","2.750346436287121","484.77740369929194"
"I-24","chlorzoxazone","InChI=1S/C7H4ClNO2/c8-4-1-2-6-5(3-4)9-7(10)11-6/h1-3H,(H,9,10)","TZFWDZFKRBELIQ-UHFFFAOYSA-N","c1cc2c(cc1Cl)[nH]c(=O)o2","-2.66","0.08499999999999996","2","G3","169.56699999999998","1.7744999999999997","41.844699999999996","11.0","2.0","1.0","4.0","0.0","56.0","2.0","0.0","0.0","2.0","46.0","66.59183322318094","2.920939354744553","442.88245407860506"
"I-26","ciprofloxacin","InChI=1S/C17H18FN3O3/c18-13-7-11-14(8-15(13)20-5-3-19-4-6-20)21(10-1-2-10)9-12(16(11)22)17(23)24/h7-10,19H,1-6H2,(H,23,24)","MYSWGUAQZAJSOK-UHFFFAOYSA-N","O=C(c1cn(C2CC2)c2c(cc(F)c(N3CCNCC3)c2)c1=O)O","-3.6","1.1314883649423886","4","G4","331.3470000000001","1.5833000000000002","88.47900000000006","24.0","5.0","2.0","7.0","3.0","126.0","2.0","2.0","2.0","4.0","74.57000000000001","137.04307093590964","1.948598124702446","882.7602568968719"
"I-27","danofloxacin","InChI=1S/C19H20FN3O3/c1-21-7-12-4-11(21)8-22(12)17-6-16-13(5-15(17)20)18(24)14(19(25)26)9-23(16)10-2-3-10/h5-6,9-12H,2-4,7-8H2,1H3,(H,25,26)/t11-,12-/m0/s1","QMLVECGLEOSESV-RYUDHWBXSA-N","C[N@]1C[C@@H]2C[C@H]1CN2c1c(cc2c(n(cc(C(=O)O)c2=O)C2CC2)c1)F","-2.9","0.0","1","G1","357.3850000000001","2.0664","95.56530000000004","26.0","5.0","1.0","7.0","3.0","136.0","2.0","3.0","3.0","5.0","65.78","148.9770954977689","1.6958345503812136","995.667402275612"
"I-28","deprenyl","InChI=1S/C13H17N/c1-4-10-14(3)12(2)11-13-8-6-5-7-9-13/h1,5-9,12H,10-11H2,2-3H3/t12-/m1/s1","MEZLKOACVSPNER-GFCCVEGCSA-N","C[C@H](CC1=CC=CC=C1)N(C)CC#C","-2.51","0.0","1","G1","187.28599999999994","2.1826","61.07100000000004","14.0","1.0","0.0","1.0","4.0","74.0","1.0","0.0","0.0","1.0","3.24","86.74505698233587","2.4924781054434817","296.76164352109106"
"I-33","diltiazem","InChI=1S/C22H26N2O4S/c1-15(25)28-20-21(16-9-11-17(27-4)12-10-16)29-19-8-6-5-7-18(19)24(22(20)26)14-13-23(2)3/h5-12,20-21H,13-14H2,1-4H3/t20-,21+/m1/s1","HSUGRBWQSSZJOP-RTWAWAEBSA-N","O=C1[C@H](OC(C)=O)[C@H](c2ccc(OC)cc2)Sc2ccccc2N1CCN(C)C","-3.16","0.1049500000000001","2","G3","414.5270000000002","3.368500000000002","114.49500000000008","29.0","6.0","0.0","7.0","6.0","154.0","2.0","0.0","1.0","3.0","59.08000000000001","175.3249993408712","2.055852318919889","869.370915000003"
"I-34","diphenydramine","InChI=1S/C17H21NO/c1-18(2)13-14-19-17(15-9-5-3-6-10-15)16-11-7-4-8-12-16/h3-12,17H,13-14H2,1-2H3","ZZVUWRFHKOJYTH-UHFFFAOYSA-N","CN(C)CCOC(c1ccccc1)c1ccccc1","-2.95","0.0","1","G1","255.36100000000002","3.3542000000000023","79.23300000000006","19.0","2.0","0.0","2.0","6.0","100.0","2.0","0.0","0.0","2.0","12.47","115.18658679725432","2.1446055624492186","427.63544259070466"
"I-37","famotidine","InChI=1S/C8H15N7O2S3/c9-6(15-20(12,16)17)1-2-18-3-5-4-19-8(13-5)14-7(10)11/h4H,1-3H2,(H2,9,15)(H2,12,16,17)(H4,10,11,13,14)","XUFQPHANEAPEMJ-UHFFFAOYSA-N","N\C(CCSCc1csc(\N=C(\N)N)n1)=N\S(=O)(N)=O","-2.65","0.16500000000000004","2","G3","337.4560000000001","-0.767999999999998","83.0924","20.0","6.0","4.0","12.0","7.0","112.0","1.0","0.0","0.0","1.0","175.82999999999998","124.28559613101791","2.3669851097896517","603.3416169759435"
"I-38","fenoprofen","InChI=1S/C15H14O3/c1-11(15(16)17)12-6-5-9-14(10-12)18-13-7-3-2-4-8-13/h2-11H,1H3,(H,16,17)","RDJGLLICXDHJDY-UHFFFAOYSA-N","CC(C(O)=O)c1cccc(Oc2ccccc2)c1","-3.7","0.9100000000000001","2","G2","242.274","3.6670000000000016","69.00880000000004","18.0","2.0","1.0","3.0","4.0","92.0","2.0","0.0","0.0","2.0","46.53","105.6526247504975","2.2004230467040578","534.4447945489236"
"I-42","glipizide","InChI=1S/C21H27N5O4S/c1-15-13-24-19(14-23-15)20(27)22-12-11-16-7-9-18(10-8-16)31(29,30)26-21(28)25-17-5-3-2-4-6-17/h7-10,13-14,17H,2-6,11-12H2,1H3,(H,22,27)(H2,25,26,28)","ZJJXGWJIGJFDTL-UHFFFAOYSA-N","O=C(NC1CCCCC1)NS(=O)(c1ccc(CCNC(c2cnc(cn2)C)=O)cc1)=O","-5.49","0.0","1","G1","445.5450000000002","2.0781199999999993","114.97440000000003","31.0","6.0","3.0","10.0","7.0","166.0","2.0","1.0","1.0","3.0","130.15","181.66973203561426","1.480862252980503","1001.0705398115275"
"I-43","guanine","InChI=1S/C5H5N5O/c6-5-9-3-2(4(11)10-5)7-1-8-3/h1H,(H4,6,7,8,9,10,11)","UYTPUPDQBNUYGX-UHFFFAOYSA-N","[nH]1cnc2nc(N)[nH]c(=O)c12","-4.43","0.5025178824899889","3","G4","151.129","-0.7716000000000001","38.92179999999999","11.0","4.0","3.0","6.0","0.0","56.0","2.0","0.0","0.0","2.0","100.44999999999999","60.482584812142484","3.0243071363836074","441.3146575841347"
"I-45","hydroflumethiazide","InChI=1S/C8H8F3N3O4S2/c9-8(10,11)4-1-5-7(2-6(4)19(12,15)16)20(17,18)14-3-13-5/h1-2,13-14H,3H2,(H2,12,15,16)","DMDGGSIALPNSEE-UHFFFAOYSA-N","S1(=O)(=O)NCNc2c1cc(S(=O)(N)=O)c(c2)C(F)(F)F","-2.97","0.03654999999999986","2","G3","331.29699999999997","0.014100000000000112","61.6284","20.0","5.0","3.0","12.0","1.0","112.0","1.0","0.0","1.0","2.0","118.36000000000001","111.61322925259861","2.86773879182791","770.8922156146341"
"I-54","nalidixic_acid","InChI=1S/C12H12N2O3/c1-3-14-6-9(12(16)17)10(15)8-5-4-7(2)13-11(8)14/h4-6H,3H2,1-2H3,(H,16,17)","MHWLWQUZZRMNGJ-UHFFFAOYSA-N","CCn1cc(c(=O)c2ccc(nc12)C)C(=O)O","-3.61","0.20583208366692182","3","G5","232.23899999999998","1.42302","63.373300000000015","17.0","4.0","1.0","5.0","2.0","88.0","2.0","0.0","0.0","2.0","72.19","97.33938150959051","2.9467439727581026","658.5837076111416"
"I-55","naloxone","InChI=1S/C19H21NO4/c1-2-8-20-9-7-18-15-11-3-4-12(21)16(15)24-17(18)13(22)5-6-19(18,23)14(20)10-11/h2-4,14,17,21,23H,1,5-10H2/t14-,17+,18+,19-/m1/s1","UZHSEJADLWPNLE-GRGSLBFTSA-N","O[C@]1([C@H](N(CC=C)CC2)C3)[C@@]42C5=C3C=CC(O)=C5O[C@H]4C(CC1)=O","-2.9","0.0","1","G1","327.3800000000001","1.3014","87.27060000000004","24.0","5.0","2.0","5.0","2.0","126.0","1.0","2.0","4.0","5.0","70.0","140.08609146449777","1.796948010282009","774.8754473625407"
"I-56","naproxen","InChI=1S/C14H14O3/c1-9(14(15)16)10-3-4-12-8-13(17-2)6-5-11(12)7-10/h3-9H,1-2H3,(H,15,16)/t9-/m0/s1","CMWTZPSULFXXJA-VIFPVBQESA-N","O=C(O)[C@@H](C)c1ccc2cc(ccc2c1)OC","-4.5","0.0","1","G1","230.263","3.036500000000001","66.55080000000004","17.0","2.0","1.0","3.0","3.0","88.0","2.0","0.0","0.0","2.0","46.53","99.64213719056525","2.478964438638833","560.3959195741091"
"I-60","nortriptiline","InChI=1S/C19H21N/c1-20-14-6-11-19-17-9-4-2-7-15(17)12-13-16-8-3-5-10-18(16)19/h2-5,7-11,20H,6,12-14H2,1H3","PHVGLTMQBUFIQQ-UHFFFAOYSA-N","N(CC\C=C1\c2c(CCc3c1cccc3)cccc2)C","-4.02","0.0","1","G1","263.38400000000007","3.826400000000003","85.91470000000005","20.0","1.0","1.0","1.0","3.0","102.0","2.0","0.0","1.0","3.0","12.03","120.89752012423185","2.1133271211644953","575.6683055943937"
"I-62","oxytetracycline","InChI=1S/C22H24N2O9/c1-21(32)7-5-4-6-8(25)9(7)15(26)10-12(21)17(28)13-14(24(2)3)16(27)11(20(23)31)19(30)22(13,33)18(10)29/h4-6,12-14,17,25-28,32-33H,1-3H3,(H2,23,31)/t12-,13-,14+,17+,21-,22+/m1/s1","JLGOGFIHBRJQHY-PXOLEDIWSA-N","OC1=C(C(O)=C(C([C@@](C(C(C(N)=O)=C(O)[C@H]2N(C)C)=O)(O)[C@@]2([H])[C@H]3O)=O)[C@@]3([H])[C@@]4(O)C)C4=CC=C1","-3.09","0.0","1","G1","460.43900000000014","-1.4001999999999992","111.50120000000001","33.0","10.0","7.0","11.0","2.0","176.0","1.0","1.0","3.0","4.0","201.84999999999997","187.22347060540991","2.0862331500391837","1182.3066220599724"
"I-63","papaverine","InChI=1S/C20H21NO4/c1-22-17-6-5-13(10-18(17)23-2)9-16-15-12-20(25-4)19(24-3)11-14(15)7-8-21-16/h5-8,10-12H,9H2,1-4H3","XQYZDYMELSJDRZ-UHFFFAOYSA-N","c1(nccc2cc(c(OC)cc12)OC)Cc1cc(c(cc1)OC)OC","-3.87","0.79","2","G2","339.3910000000001","3.860000000000003","97.19900000000005","25.0","5.0","0.0","5.0","6.0","130.0","3.0","0.0","0.0","3.0","49.81","146.6687013282533","2.03987108374421","892.2437032331906"
"I-65","phenazopyridine","InChI=1S/C11H11N5/c12-10-7-6-9(11(13)14-10)16-15-8-4-2-1-3-5-8/h1-7H,(H4,12,13,14)/b16-15+","QPFYXYFORQJZEC-FOCLMDBBSA-N","c1ccc(cc1)\N=N\c1c(nc(cc1)N)N","-4.19","0.0","1","G1","213.244","2.6614","63.67980000000001","16.0","5.0","2.0","5.0","2.0","80.0","2.0","0.0","0.0","2.0","89.64999999999999","92.83470454502203","2.2421519865382917","507.0383011118628"
"I-66","phenobarbital","InChI=1S/C12H12N2O3/c1-2-12(8-6-4-3-5-7-8)9(15)13-11(17)14-10(12)16/h3-7H,2H2,1H3,(H2,13,14,15,16,17)","DDBREPKUVSBGFI-UHFFFAOYSA-N","C1(NC(C(c2ccccc2)(C(=O)N1)CC)=O)=O","-2.29","0.0956697318904992","5","G5","232.23899999999995","0.7003999999999995","60.092400000000026","17.0","3.0","2.0","5.0","2.0","88.0","1.0","1.0","1.0","2.0","75.27000000000001","98.19951531969478","2.535973053206109","461.78392534517104"
"I-70","pindolol","InChI=1S/C14H20N2O2/c1-10(2)16-8-11(17)9-18-14-5-3-4-13-12(14)6-7-15-13/h3-7,10-11,15-17H,8-9H2,1-2H3","JZQKKSLKJUAGIC-UHFFFAOYSA-N","CC(C)NCC(O)COc1cccc2[nH]ccc12","-3.79","0.0946337971105226","3","G5","248.32600000000002","1.9055999999999995","72.93920000000004","18.0","3.0","3.0","4.0","6.0","98.0","2.0","0.0","0.0","2.0","57.279999999999994","106.96952192393705","1.914309542148051","493.2545779023449"
"I-72","procaine","InChI=1S/C13H20N2O2/c1-3-15(4-2)9-10-17-13(16)11-5-7-12(14)8-6-11/h5-8H,3-4,9-10,14H2,1-2H3","MFDFERRIHVXMIY-UHFFFAOYSA-N","Nc1ccc(C(OCCN(CC)CC)=O)cc1","-1.72","0.3163883323939112","4","G5","236.31499999999997","1.7673999999999999","68.92490000000004","17.0","4.0","1.0","4.0","6.0","94.0","1.0","0.0","0.0","1.0","55.56","102.36078961703996","2.3694575785961214","344.94202439465573"
"I-74","quinine","InChI=1S/C20H24N2O2/c1-3-13-12-22-9-7-14(13)10-19(22)20(23)16-6-8-21-18-5-4-15(24-2)11-17(16)18/h3-6,8,11,13-14,19-20,23H,1,7,9-10,12H2,2H3/t13?,14?,19-,20+/m0/s1","LOUPRKONTZGTKE-LFDRZELQSA-N","[H]C1(CN2CCC1C[C@@]2([H])[C@H](O)C1=CC=NC2=C1C=C(OC)C=C2)C=C","-2.79","0.0","1","G1","324.4240000000001","3.1732000000000014","95.02680000000007","24.0","4.0","1.0","4.0","4.0","126.0","2.0","3.0","3.0","5.0","45.59","142.3134262032049","1.6870853618182942","760.3873010425311"
"I-75","ranitidine","InChI=1S/C13H22N4O3S/c1-14-13(9-17(18)19)15-6-7-21-10-12-5-4-11(20-12)8-16(2)3/h4-5,9,14-15H,6-8,10H2,1-3H3/b13-9+","VMXUWOKSQNHOCA-UKTHLTGXSA-N","S(Cc1oc(CN(C)C)cc1)CCN\C(NC)=C\N(=O)=O","-2.5","0.0","1","G1","314.41100000000006","1.459","84.40080000000003","21.0","7.0","2.0","8.0","10.0","118.0","1.0","0.0","0.0","1.0","83.58000000000001","128.4562521662435","2.2182772434937243","473.7363586621033"
"I-76","sarafloxacin","InChI=1S/C20H17F2N3O3/c21-12-1-3-13(4-2-12)25-11-15(20(27)28)19(26)14-9-16(22)18(10-17(14)25)24-7-5-23-6-8-24/h1-4,9-11,23H,5-8H2,(H,27,28)","XBHBWNFJWIASRO-UHFFFAOYSA-N","C1CN(CCN1)c1c(cc2c(n(cc(C(=O)O)c2=O)c2ccc(cc2)F)c1)F","-3.13","0.0050000000000001155","2","G3","385.37000000000006","2.3767000000000005","101.50300000000001","28.0","5.0","2.0","8.0","3.0","144.0","3.0","1.0","1.0","4.0","74.57","158.17670535523928","2.0131648557301696","1120.2294594201444"
"I-77","sparfloxacin","InChI=1S/C19H22F2N4O3/c1-8-5-24(6-9(2)23-8)17-13(20)15(22)12-16(14(17)21)25(10-3-4-10)7-11(18(12)26)19(27)28/h7-10,23H,3-6,22H2,1-2H3,(H,27,28)/t8-,9+","DZZWHBIBMUVIIW-DTORHVGOSA-N","C[C@H]1CN(C[C@@H](C)N1)C1=C(F)C2=C(C(=O)C(=CN2C2CC2)C(O)=O)C(N)=C1F","-3.37","0.0","1","G1","392.4060000000002","2.0816","102.03940000000007","28.0","6.0","3.0","9.0","3.0","150.0","2.0","2.0","2.0","4.0","100.58999999999999","159.27838126464178","2.0467950561832855","1038.1212061890906"
"I-79","sulfamethazine","InChI=1S/C12H14N4O2S/c1-8-7-9(2)15-12(14-8)16-19(17,18)11-5-3-10(13)4-6-11/h3-7H,13H2,1-2H3,(H,14,15,16)","ASWVTGNCAZCNNR-UHFFFAOYSA-N","S(=O)(=O)(Nc1nc(C)cc(n1)C)c1ccc(N)cc1","-2.73","0.23075","2","G3","278.337","1.47644","73.16890000000002","19.0","5.0","2.0","7.0","3.0","100.0","2.0","0.0","0.0","2.0","97.97","111.30820628928309","2.3305090060525346","675.9193645265302"
"I-80","sulfasalazine","InChI=1S/C18H14N4O5S/c23-16-9-6-13(11-15(16)18(24)25)21-20-12-4-7-14(8-5-12)28(26,27)22-17-3-1-2-10-19-17/h1-11,23H,(H,19,22)(H,24,25)/b21-20+","NCEXYHBECQHGNR-QZQOTICOSA-N","C(=O)(O)c1cc(ccc1O)\N=N\c1ccc(cc1)S(=O)(Nc1ccccn1)=O","-6.14","0.0","1","G1","398.4000000000001","3.7016000000000018","100.72960000000002","28.0","7.0","3.0","10.0","6.0","142.0","3.0","0.0","0.0","3.0","141.31","159.63758715191614","1.765846496485871","1130.3973704840953"
"I-83","sulindac_form_II","InChI=1S/C20H17FO3S/c1-12-17(9-13-3-6-15(7-4-13)25(2)24)16-8-5-14(21)10-19(16)18(12)11-20(22)23/h3-10H,11H2,1-2H3,(H,22,23)/b17-9+","MLKXDPUZXIRXEP-RQZCQDPDSA-N","CC1=C(CC(O)=O)c2cc(F)ccc2C\1=C\c1ccc(cc1)S(C)=O","-4.5","0.4099999999999999","2","G3","356.41800000000006","4.3655000000000035","97.89220000000003","25.0","2.0","1.0","5.0","4.0","128.0","2.0","0.0","1.0","3.0","54.37","147.5185424815781","2.1011120578982485","939.9136691174383"
"I-84","tetracaine","InChI=1S/C15H24N2O2/c1-4-5-10-16-14-8-6-13(7-9-14)15(18)19-12-11-17(2)3/h6-9,16H,4-5,10-12H2,1-3H3","GKCBAIGFKIBETG-UHFFFAOYSA-N","C(c1ccc(cc1)NCCCC)(=O)OCCN(C)C","-3.01","0.0","1","G1","264.36899999999997","2.617000000000001","78.67620000000005","19.0","4.0","1.0","4.0","8.0","106.0","1.0","0.0","0.0","1.0","41.57","115.3006453324285","2.3945481718983954","374.236893489923"
"I-85","tetracycline","InChI=1S/C22H24N2O8/c1-21(31)8-5-4-6-11(25)12(8)16(26)13-9(21)7-10-15(24(2)3)17(27)14(20(23)30)19(29)22(10,32)18(13)28/h4-6,9-10,15,25,27-28,31-32H,7H2,1-3H3,(H2,23,30)/t9-,10-,15-,21+,22-/m0/s1","OFVLGDICTFRJMM-WESIUVDSSA-N","OC1=C(C(C2=C(O)[C@@](C(C(C(N)=O)=C(O)[C@H]3N(C)C)=O)(O)[C@@]3([H])C[C@]2([H])[C@@]4(O)C)=O)C4=CC=C1","-2.93","0.0","1","G1","444.44000000000017","-0.21439999999999926","109.54090000000002","32.0","9.0","6.0","10.0","2.0","170.0","1.0","0.0","3.0","4.0","181.61999999999998","182.42923685321392","2.047922027130386","1148.5849748086323"
"I-86","thymol","InChI=1S/C10H14O/c1-7(2)9-5-4-8(3)6-10(9)11/h4-7,11H,1-3H3","MGSRCZKZVOBKFT-UHFFFAOYSA-N","c1(cc(ccc1C(C)C)C)O","-2.19","0.019221812913424226","3","G5","150.221","2.8240200000000013","46.93280000000003","11.0","1.0","1.0","1.0","1.0","60.0","1.0","0.0","0.0","1.0","20.23","67.6854053292794","3.092719758380193","251.04973178598337"
"I-93","verapamil","InChI=1S/C27H38N2O4/c1-20(2)27(19-28,22-10-12-24(31-5)26(18-22)33-7)14-8-15-29(3)16-13-21-9-11-23(30-4)25(17-21)32-6/h9-12,17-18,20H,8,13-16H2,1-7H3","SGTNSNPWRIOYBX-UHFFFAOYSA-N","COc1ccc(CCN(C)CCCC(C#N)(C(C)C)c2ccc(OC)c(OC)c2)cc1OC","-3.98","0.0","1","G1","454.6110000000002","5.093080000000005","131.656","33.0","6.0","0.0","6.0","13.0","180.0","2.0","0.0","0.0","2.0","63.95","198.56922331120978","2.023333418849267","938.2039770028957"
"I-94","warfarin","InChI=1S/C19H16O4/c1-12(20)11-15(13-7-3-2-4-8-13)17-18(21)14-9-5-6-10-16(14)23-19(17)22/h2-10,15,21H,11H2,1H3","PJVWKTKQMONHTI-UHFFFAOYSA-N","CC(=O)CC(c1ccccc1)c1c(O)c2ccccc2oc1=O","-4.78","0.45050588848044554","3","G5","308.3330000000001","3.609600000000003","87.73180000000005","23.0","4.0","1.0","4.0","4.0","116.0","3.0","0.0","0.0","3.0","67.50999999999999","132.5520250911752","2.2580724675530317","909.5509726944721"
