"","Solubility","MolWt","MolLogP","MolMR","HeavyAtomCount","NumHAcceptors","NumHDonors","NumHeteroatoms","NumRotatableBonds","NumValenceElectrons","NumAromaticRings","NumSaturatedRings","NumAliphaticRings","RingCount","TPSA","LabuteASA","BalabanJ","BertzCT","Group_num","Lipinski"
"1",-1.65,162.152,0.0215199999999999,42.6907,12,4,1,5,0,60,2,0,0,2,71.53,67.5181237894586,2.97518059647342,476.035224843126,1,0
"2",-2.69,162.156,-0.4158,43.9528,12,6,2,6,0,60,2,0,0,2,103.6,67.6714409690436,2.89206504517352,425.307866193448,1,0
"3",-5.93,358.522,5.23020000000001,101.498,26,3,0,3,3,144,0,3,4,4,43.37,157.491639327848,1.55402409724078,635.364188667906,1,1
"4",-1.13,230.195,-0.0235,52.2807,16,5,1,7,4,88,1,0,0,1,81.16,89.6690280725328,2.82184606163615,491.017732030934,1,0
"5",-2.71,212.212,1.70426,58.7302,16,5,1,5,3,78,1,0,0,1,89.04,92.6181158441644,2.78394349574986,486.271479626502,1,0
"6",-3.36,163.14,-0.7047,42.3661,12,5,2,6,0,60,2,0,0,2,97.55,66.4930723720747,2.98761204019471,476.567293818766,1,0
"7",-3.97,163.14,-0.7047,42.3661,12,5,2,6,0,60,2,0,0,2,97.55,66.4930723720747,2.99217526015592,476.567293818766,1,0
"8",-2.69,164.124,-0.9936,40.7794,12,4,2,6,0,60,2,0,0,2,91.5,65.3147037751057,3.03251162187545,478.049390451204,1,0
"9",-2.84,221.216,0.6141,58.0641,16,4,2,6,3,84,1,0,0,1,93.78,92.0829723933937,2.60435344487574,411.822360466212,1,0
"10",-2.82,164.124,-0.9936,40.7794,12,4,2,6,0,60,2,0,0,2,91.5,65.3147037751057,3.05707643935184,526.549390451204,1,0
"11",-0.09,175.195,0.4858,49.455,13,5,0,5,1,66,2,0,0,2,54.8,75.4813774740148,2.61987386972831,425.558829557009,3,0
"12",-2.96,164.124,-0.9936,40.7794,12,4,2,6,0,60,2,0,0,2,91.5,65.3147037751057,3.07502865948644,526.549390451204,1,0
"13",-2.91,263.341,2.2031,73.2219,19,3,2,5,7,104,1,0,0,1,71.09,113.328434717552,2.14549439550503,392.937367104954,1,0
"14",-6.19,372.549,5.62030000000001,106.115,27,3,0,3,4,150,0,3,4,4,43.37,163.856581442245,1.51349818487559,650.011726309394,1,1
"15",-3.52,236.283,2.022,65.8404,17,6,1,8,6,92,1,0,0,1,116.69,99.513446134707,2.97001778891042,411.456922580797,1,0
"16",-3,209.161,1.323,51.9638,15,5,0,7,3,78,1,1,1,2,89.29,84.2212413099639,2.48050602900812,441.512964200963,1,0
"17",-2.57,237.255,2.5704,63.0127,17,4,1,5,4,92,1,0,0,1,64.63,99.721052648586,2.49928520152776,385.997031550934,1,0
"18",-1.66,244.222,0.3666,56.8977,17,5,1,7,5,94,1,0,0,1,81.16,96.0339701869294,2.70047195000675,505.762741192802,1,0
"19",-3.48,225.281,2.3556,59.1727,15,6,1,8,4,80,1,0,0,1,99.46,91.356809747671,3.04616524042091,384.925132191781,3,0
"20",-1.55,178.22,1.1417,46.909,12,5,0,5,1,60,2,0,0,2,51.56,73.4797117147801,2.67399646276156,403.283438329728,1,0
"21",-2.94,255.484,3.1102,54.6028,14,2,1,6,3,76,1,0,0,1,46.53,95.1403871106818,2.84193050247233,341.844291329387,1,0
"22",-4.14,249.31,3.1307,70.5227,18,3,1,4,6,98,1,0,0,1,55.4,107.337391647872,2.42614748724921,398.005060409677,1,0
"23",-3.52,277.368,2.5932,77.8389,20,3,2,5,8,110,1,0,0,1,71.09,119.693376831948,2.0945893591626,406.839469758305,1,0
"24",-1.84,236.267,2.7264,63.1083,17,3,1,4,5,92,1,0,0,1,63.6,100.216821102064,2.87862270589302,407.635418760107,1,0
"25",-3,255.484,3.1102,54.6028,14,2,1,6,3,76,1,0,0,1,46.53,95.1403871106818,2.90339048468302,365.094291329387,1,0
"26",-1.99,246.354,2.72624,74.8147,18,2,1,3,2,98,1,1,1,2,32.34,109.181268949392,2.10947984923134,421.869783860833,3,0
"27",-3.9,261.321,2.2923,71.7402,19,3,1,4,4,102,1,1,1,2,55.4,112.69650260874,1.72375550427389,424.276644092463,1,0
"28",-3.93,215.172,1.40986,55.3801,16,6,1,7,3,78,1,0,0,1,115.11,90.3796852378272,2.99868083651968,507.436261944095,1,0
"29",-4.4,270.372,3.5293,78.7066,20,2,2,2,0,106,1,2,3,4,40.46,119.692079503876,1.75609457967482,589.08106062781,1,0
"30",-2.02,183.21,2.3126,54.1115,14,2,0,2,2,68,2,0,0,2,29.96,82.2346095209479,2.34863760450971,381.089421742477,1,0
"31",-2.11,258.249,0.7567,61.5147,18,5,1,7,6,100,1,0,0,1,81.16,102.398912301326,2.58962537755849,520.509877139291,1,0
"32",-3.58,325.474,4.1134,91.4038000000001,22,5,1,5,6,124,0,1,2,2,58.89,136.918831611383,2.14901427397808,452.820403320017,1,0
"33",-3.37,251.282,2.9605,67.6297,18,4,1,5,5,98,1,0,0,1,64.63,106.085994762983,2.42614748724921,399.957200484813,1,0
"34",-3.44,186.21,2.7651,55.257,14,2,0,2,1,70,2,0,0,2,26.3,82.118019209576,2.45749560972687,474.460353193355,1,0
"35",-5.72,414.63,6.79060000000001,119.966,30,3,0,3,8,168,0,3,4,4,43.37,182.951407785435,1.31046172995986,665.019329422459,1,1
"36",-2.28,249.31,2.1003,69.2475,18,3,0,4,5,98,1,0,0,1,46.61,107.547363134468,2.62246570072164,398.759947911841,3,0
"37",-1.66,247.294,1.4332,66.5838,18,3,1,4,3,96,1,1,1,2,57.61,106.222220503628,2.44524538109184,457.366725252063,1,0
"38",-4.17,291.395,2.9833,82.4559,21,3,2,5,9,116,1,0,0,1,71.09,126.058318946345,2.04904866324206,420.790082297766,1,0
"39",-4.85,198.265,4.09574,62.432,15,1,0,1,2,76,2,0,0,2,9.23,90.3319267838611,2.1467113756182,382.400809080489,1,0
"40",-1.69,253.254,1.8068,64.5977,18,5,1,6,5,98,1,0,0,1,73.86,104.834597878093,2.42614748724921,401.433726337556,1,0
"41",-2.7,199.593,1.1977,47.7028,13,4,1,5,1,68,2,0,0,2,55.37,77.9609805763689,2.88507843366888,499.548715212823,1,0
"42",-2.38,178.151,-0.2203,44.4492,13,5,1,6,0,66,2,0,0,2,80.64,72.2125254989668,2.90584609376116,524.517218428339,1,0
"43",-5.25,320.43,4.9792,68.999,16,1,0,6,2,88,1,1,1,2,12.53,118.515216787469,2.29656540998495,387.910682864885,1,0
"44",-2.29,176.179,0.32994,47.4277,13,4,1,5,0,66,2,0,0,2,71.53,73.8830659038552,2.9693745960815,517.02322051618,1,0
"45",-5.17,358.478,3.8902,98.4356000000001,26,3,2,4,3,142,0,2,4,4,74.6,154.912016456152,1.65521594783132,706.93080853467,1,0
"46",-1.54,191.186,1.1065,50.0847,14,3,1,4,1,72,1,0,1,2,55.4,80.8717920367566,2.27997497730897,411.828179750291,1,0
"47",-0.18,188.234,1.5446,53.884,14,4,0,4,2,72,2,0,0,2,51.56,82.4514280326046,2.68764159342472,410.31631658149,3,0
"48",-2.87,229.631,-1.08233,55.2471,15,6,5,9,1,80,1,0,0,1,156.79,89.3202569110196,3.09224456399815,431.733740890483,1,NA
"49",-1.65,278.352,2.1436,78.8162,20,4,1,5,7,110,1,0,0,1,58.64,119.462167432472,2.4506861321735,438.936777333779,1,0
"50",-3.19,246.657,1.92316,63.7762,17,5,1,6,4,84,1,0,0,1,89.04,102.921382071046,2.7713439900718,505.887792081264,1,0
"51",-0.99,267.325,1.701,71.935,19,5,3,5,7,106,1,0,0,1,92.78,112.554365565625,2.42237613428322,419.907033139144,1,0
"52",-3.66,292.335,1.7311,76.9791,21,4,2,6,6,114,1,0,0,1,98.49,123.203746559325,2.81466753571084,509.664719373383,1,0
"53",-4.44,277.364,3.9109,79.7567,20,3,1,4,8,110,1,0,0,1,55.4,120.067275876666,2.28985287924159,425.853054666746,1,0
"54",-3.29,275.348,2.6345,76.3675,20,3,0,4,4,108,1,1,1,2,46.61,119.271416209732,1.80702262939771,452.049606032655,1,0
"55",-3.86,179.139,-1.4114,45.1918,13,5,3,7,0,66,2,0,0,2,117.52,70.6545944721185,3.03499884884583,568.981699013084,1,0
"56",-3.34,180.123,-1.7003,43.6051,13,4,3,7,0,66,2,0,0,2,111.47,69.4762258751495,3.12152419863734,614.542460890691,1,0
"57",-2.72,275.348,2.6345,76.3675,20,3,0,4,4,108,1,1,1,2,46.61,119.271416209732,1.8668675755051,458.049606032655,1,0
"58",-3.29,286.303,1.5369,70.7487,20,5,1,7,8,112,1,0,0,1,81.16,115.128796530119,2.40204376534792,550.037517146931,1,0
"59",-3.69,180.123,-1.7003,43.6051,13,4,3,7,0,66,2,0,0,2,111.47,69.4762258751495,3.14915119989499,619.792460890692,1,0
"60",-4.99,268.356,3.7375,77.7068,20,2,1,2,0,104,1,2,3,4,37.3,119.059367851724,1.77423822295219,628.305435060316,3,0
"61",-2.75,264.281,0.7023,68.1531,19,4,2,6,4,102,1,0,0,1,98.49,110.473862330532,3.34955350346287,486.676400974327,1,0
"62",-2.48,267.281,2.1953,69.1927,19,5,1,6,5,104,1,0,0,1,73.86,111.199539992489,2.48244124261047,429.16464621632,1,0
"63",-4.32,279.336,3.7407,76.8637,20,4,1,5,7,110,1,0,0,1,64.63,118.815878991776,2.28985287924159,428.004583234782,1,0
"64",-1.72,196.166,-1.5074,46.2256,14,7,2,7,2,74,2,0,0,2,93.17,77.8494423899104,2.79115885344283,515.119531342925,1,0
"65",-2.81,192.178,0.1698,49.0662,14,5,1,6,1,72,2,0,0,2,80.64,78.5774676133634,2.75920859640185,539.510009709897,1,0
"66",-3.56,291.391,2.984,82.9805,21,3,0,4,7,116,1,0,0,1,46.61,126.642189477657,2.54614162177169,444.362841712006,1,0
"67",-6.89,410.598,6.01380000000001,118.508,30,3,0,3,6,164,0,3,4,4,43.37,181.950633177294,1.48625765003517,758.560092803352,1,1
"68",-1.17,298.291,-0.932100000000001,70.8417,21,7,4,7,4,116,1,1,1,2,116.45,120.910656448982,2.0846314529379,484.600819567713,1,0
"69",0.08,209.209,-0.9392,54.7052,15,6,3,7,3,80,2,0,0,2,95.83,84.791587880719,2.58369277272513,529.301817504436,1,0
"70",-2.47,262.766,1.8301,66.5137,16,4,1,7,3,90,1,0,0,1,58.12,103.808594901719,2.90956373710422,379.340819588288,1,0
"71",-1.18,295.335,0.4336,76.6661,21,5,2,6,7,116,1,0,0,1,87.07,123.500772753256,2.54614162177169,448.391598106861,1,0
"72",-4.53,305.418,4.6911,88.9907,22,3,1,4,10,122,1,0,0,1,55.4,132.797160105459,2.17453568271903,453.905002216803,1,0
"73",-3.58,248.307,0.8653,67.2944,17,3,2,5,2,88,1,1,1,2,58.2,104.396773466856,2.53597305320611,464.538812847334,1,0
"74",-4.85,211.289,4.0879,66.564,15,2,0,2,2,72,2,0,0,2,12.36,94.1075421730226,2.35692198990862,481.704219491767,1,0
"75",-1.86,217.202,0.2137,47.6283,14,4,3,7,2,76,1,0,0,1,117.69,79.7206277931867,3.53970880510072,478.853563530372,1,0
"76",-1.27,279.336,1.8435,74.416,20,5,3,5,4,110,1,1,1,2,92.78,117.913476526493,1.87570215021682,468.941359596364,1,0
"77",-5.96,208.304,3.8172,67.998,16,0,0,0,0,80,2,0,2,4,0,96.2910580305534,2.21232521092022,478.848271202265,1,0
"78",-3.41,289.929,3.7636,59.6128,15,2,1,7,3,82,1,0,0,1,46.53,105.443653337564,3.06621498706796,405.363522183807,1,0
"79",-3.27,206.205,0.5599,53.6832,15,5,1,6,2,78,2,0,0,2,80.64,84.94240972776,2.59009997458293,554.482840625857,1,0
"80",-3.04,203.249,1.1268,58.2964,15,5,1,5,2,78,2,0,0,2,77.58,87.7913187296174,2.69383654028168,494.38188438222,1,0
"81",-3.73,212.248,2.9807,63.2178,16,1,1,2,3,80,2,0,0,2,37.3,94.174137406594,2.22867712594817,471.848345083956,1,0
"82",-2.93,203.249,1.1268,58.2964,15,5,1,5,2,78,2,0,0,2,77.58,87.7913187296174,2.75196400069938,494.38188438222,1,0
"83",-2.63,228.317,1.2993,60.9612,15,3,1,5,4,84,1,0,0,1,63.4,90.7516718367146,3.10561710709777,407.553458256417,1,0
"84",-4.4,212.248,3.2789,63.187,16,2,0,2,2,80,2,0,0,2,26.3,94.4934488839049,2.22867712594817,471.848345083956,1,0
"85",-8.76,399.575,5.101,114.1905,29,2,2,4,2,160,0,2,4,4,66.4,174.762471230754,1.60058264597683,788.380405363157,1,1
"86",-4.5,325.434,1.4062,86.0488,22,4,1,7,3,122,0,3,3,3,73.21,134.48632497271,1.67967339887812,500.261140341236,1,0
"87",-0.71,296.201,-0.803900000000001,57.9443,20,6,3,10,2,112,1,1,1,2,104.55,108.786155243601,2.43477146557855,608.136231139739,1,0
"88",-0.41,210.193,-1.6165,52.4338,15,7,1,7,1,80,2,0,0,2,82.05,83.8231907703453,3.11223837107897,633.599804861709,1,0
"89",-1.6,262.265,0.362599999999999,65.8815,19,4,2,6,3,100,1,1,1,2,86.71,109.568662672883,2.57257115266975,528.704571361924,1,0
"90",-2.15,224.245,0.9656,54.1737,15,6,1,7,3,78,2,0,0,2,80.76,89.4741757131917,2.1318868041307,484.201334431743,1,0
"91",-4.06,196.122,-2.407,46.4308,14,4,4,8,0,72,2,0,0,2,131.44,73.6377479751933,3.19608661920627,715.159640939396,1,0
"92",-2.5,314.411,1.459,84.4008,21,7,2,8,10,118,1,0,0,1,83.58,128.456252166244,2.21827724349372,473.736358662103,1,0
"93",-3.48,358.434,1.7658,94.0486,26,5,2,5,2,140,0,3,4,4,91.67,152.7085964418,1.76053704260781,764.363126318878,1,0
"94",-2.1,202.213,0.8336,55.5798,15,4,1,4,0,76,2,0,1,3,55.12,85.8070861416209,2.46136204105368,588.647882331382,1,0
"95",0.02,222.248,-0.1563,60.506,16,6,0,6,2,86,2,0,0,2,61.82,91.7588412469426,2.94776937935205,647.108386300889,1,0
"96",-1.99,217.228,0.8914,58.4609,16,3,2,5,3,82,2,0,0,2,78.61,91.5548242517457,2.45204483924923,554.108693927644,1,0
"97",-1.9,264.281,0.1444,68.2541,19,4,2,6,5,102,1,0,0,1,98.49,110.473862330532,2.71584124329068,481.921513472163,1,0
"98",-1.38,251.135,0.20902,51.6145,16,6,2,10,5,90,1,0,0,1,127.72,90.0696084821167,2.69833877476055,437.472314417338,1,0
"99",-4.6,223.279,2.90002,69.0457,17,3,1,3,2,84,2,0,0,2,37.81,100.936649320508,2.28933304894392,565.011460627877,3,0
"100",-2.39,238.272,1.3557,58.7907,16,6,1,7,4,84,2,0,0,2,80.76,95.8391178275883,2.03679643725592,498.969571772209,1,0
"101",-1.04,341.433,0.279700000000001,85.6619,23,5,3,8,3,128,0,3,3,3,112.73,138.882443797311,1.70974360407263,558.925243276311,1,0
"102",-5.06,227.263,3.43682,67.863,17,2,2,3,3,86,2,0,0,2,49.33,99.7239995902021,2.32948387514628,549.423402849539,1,0
"103",-3.55,219.248,0.4201,61.1221,16,5,2,6,2,84,2,0,0,2,97.55,91.9528408296611,2.8281265754746,589.514462276791,1,0
"104",-4.28,219.248,0.4201,61.1221,16,5,2,6,2,84,2,0,0,2,97.55,91.9528408296611,2.83095561176968,589.514462276791,1,0
"105",-2.39,220.232,0.1312,59.5354,16,4,2,6,2,84,2,0,0,2,91.5,90.7744722326922,2.88445109350301,641.28958006172,3,0
"106",-2.69,252.299,1.7458,63.4077,17,6,1,7,5,90,2,0,0,2,80.76,102.204059941985,1.94742884525469,513.730136238025,1,0
"107",-1.87,342.344,-1.1206,83.509,24,8,5,8,6,134,1,1,1,2,128.84,138.69719452725,2.18195878080104,559.008434108817,1,NA
"108",-4.09,228.251,2.7106,67.5384,17,3,3,4,3,86,2,0,0,2,75.35,98.6989481728181,2.32948387514628,552.620655422512,1,0
"109",-3.75,324.374,4.417,64.6228,16,2,1,8,3,88,1,0,0,1,46.53,115.746919564445,3.22888197900434,416.785302285908,1,0
"110",-7.51,265.954,5.4534,63.988,14,0,0,4,0,72,2,0,0,2,0,101.326132558759,2.99661826123414,504.93842469911,1,1
"111",-2.25,277.372,2.3008,79.2122,20,6,2,6,7,110,2,0,0,2,89.85,118.60974698046,2.2095765324393,551.487880817758,1,0
"112",-4.66,304.129,2.8817,70.71,19,4,0,7,3,102,1,1,1,2,55.84,119.531725435415,2.40039698309435,528.280962684777,1,0
"113",-3.5,238.197,0.7035,53.9999,17,4,1,7,3,88,2,0,0,2,73.8,94.8462001635753,2.2822461406412,546.933582889483,1,0
"114",-3.54,229.235,2.834,64.7908,17,3,3,4,3,86,2,0,0,2,69.56,98.1532912280015,2.32948387514628,551.865767920348,1,0
"115",-2.08,291.303,1.0074,73.4755,21,5,0,6,4,112,1,1,1,2,72.91,122.181541424886,1.8966651248931,528.125331412119,1,0
"116",-3.57,242.061,3.2398,58.7223,15,2,1,5,1,76,2,0,0,2,50.19,95.2599460525784,2.87572130070568,554.35884001727,1,0
"117",-3.06,196.213,2.0199,57.1197,15,3,1,4,1,72,3,0,0,3,54.46,86.03826622115,2.20610142281121,552.604950335133,1,0
"118",-2.54,241.25,1.1564,65.6114,18,3,2,5,2,90,2,0,0,2,71.09,103.830934122839,1.92966304351108,489.177519191321,1,0
"119",-3.51,245.103,0.822400000000001,49.7348,17,8,2,11,3,90,1,0,0,1,169.88,90.9787977913884,3.75625509196357,500.302320728441,2,0
"120",-4.32,264.147,4.3366,66.334,14,2,0,3,1,68,2,0,0,2,12.36,95.5996601043351,2.80756237962279,529.798611555,1,0
"121",-2.78,256.283,0.4698,61.7482,17,4,2,7,3,92,1,0,0,1,92.34,99.0747160368021,2.94425704158793,533.929254796257,1,0
"122",-5.01,258.292,3.4088,72.516,19,2,0,3,5,98,2,0,0,2,26.3,111.388868515624,2.0081362208046,520.205013714681,1,0
"123",-1.53,301.386,2.8712,87.0633,22,4,3,4,7,118,2,0,0,2,61.72,130.930024929448,1.82181076040444,556.30476863816,1,0
"124",-5.06,343.467,4.3374,97.3165000000001,25,3,0,4,5,136,1,2,2,3,46.61,150.090295628185,1.62296903094403,541.763710816774,1,0
"125",-1.4,222.204,-0.9062,56.5155,16,7,0,7,0,84,2,0,0,2,78.89,89.5554212325897,3.12958947021676,703.838001787792,1,0
"126",-6.61,256.334,3.6719,76.7564,18,3,2,5,3,90,2,0,0,2,48.78,110.728857919103,1.84355200447608,525.202212151544,1,0
"127",-3.1,266.326,2.1359,68.0247,18,6,1,7,6,96,2,0,0,2,80.76,108.569002056382,1.86591804544328,528.492499118127,1,0
"128",-5.4,239.299,3.6519,71.0025,17,3,0,3,3,82,2,0,0,2,29.43,104.634006387463,2.37737054125599,586.181021994456,1,0
"129",-5.3,247.681,3.7818,68.136,17,2,2,4,3,86,2,0,0,2,49.33,103.662323702687,2.32948387514628,554.620655422512,1,0
"130",-3.84,240.711,3.49022,62.9118,15,2,1,4,2,78,2,0,0,2,37.3,96.1072793439549,2.58242611829705,530.612597676026,1,0
"131",-2.47,255.277,1.0853,69.9919,19,3,2,5,3,96,2,0,0,2,71.09,110.195876237236,1.82641014838664,555.418464402887,1,0
"132",-3.05,223.253,1.6687,58.175,15,3,2,5,1,78,2,0,0,2,80.39,87.0815943582855,2.75248535237919,619.600147553092,1,0
"133",-1.73,232.308,3.01224,65.9832,16,3,1,4,2,82,2,0,0,2,41.99,98.1547192037606,2.18049367683847,504.992241600835,1,0
"134",-5.91,273.546,5.4391,67.988,16,1,0,4,2,82,2,0,0,2,9.23,108.511841235713,2.30121014927808,473.867101477618,1,1
"135",-3.63,280.353,2.526,72.6417,19,6,1,7,7,102,2,0,0,2,80.76,114.933944170778,1.79266777476974,543.263834298009,1,0
"136",-2.24,223.253,1.6687,58.175,15,3,2,5,1,78,2,0,0,2,80.39,87.0815943582855,2.78641438606587,619.600147553092,1,0
"137",-4.8,243.262,3.137,69.678,18,3,2,4,4,92,2,0,0,2,58.56,104.837544819709,2.30556325532124,566.470491614022,1,0
"138",-6.11,273.546,5.4391,67.988,16,1,0,4,2,82,2,0,0,2,9.23,108.511841235713,2.35358116553131,473.867101477618,1,1
"139",-2.66,311.381,2.4245,87.0020000000001,23,4,0,4,2,120,1,1,4,5,30.93,135.873589286891,1.83945022276946,766.123384832381,1,0
"140",-2.34,223.253,1.6687,58.175,15,3,2,5,1,78,2,0,0,2,80.39,87.0815943582855,2.8471933444323,619.600147553092,1,0
"141",-5.95,273.546,5.4391,67.988,16,1,0,4,2,82,2,0,0,2,9.23,108.511841235713,2.38434056534116,497.117101477618,1,1
"142",-1.87,299.37,2.044,83.3298,22,4,1,4,1,116,1,1,3,4,49.77,129.932746751434,1.9840327459334,681.154996148535,1,0
"143",-2.73,255.277,1.46482,70.3484,19,3,2,5,2,96,2,0,0,2,71.09,110.195876237236,1.9828080159236,596.649888946465,1,0
"144",-2.5,243.31,1.793,71.665,18,4,0,4,1,94,2,0,1,3,38.13,105.867512402818,2.2694768760445,647.019429629912,1,0
"145",-2.25,282.252,2.9418,69.7658,20,6,0,8,5,108,1,0,0,1,112.58,114.202074580427,3.60730379899641,569.311129324314,3,0
"146",-1.1,236.231,-0.5161,61.1325,17,7,0,7,1,90,2,0,0,2,78.89,95.9203633469863,3.01007787483026,719.451842026172,1,0
"147",-2.6,265.36,2.6949,84.2387000000001,20,3,1,3,5,102,2,0,1,3,27.63,119.512395083686,1.79359166775647,563.303692342736,1,0
"148",-2.75,223.253,1.6687,58.175,15,3,2,5,1,78,2,0,0,2,80.39,87.0815943582855,2.89282039135609,619.600147553092,1,0
"149",-4.64,268.356,3.7362,80.0226,20,2,2,2,0,104,2,1,2,4,40.46,118.609409763739,1.92814575366023,691.122855124669,1,0
"150",-3.37,236.296,2.7322,63.4489,16,3,2,5,2,84,2,0,0,2,66.56,96.8577759837674,2.36296092670429,490.433849092165,1,0
"151",-2.35,223.253,1.6687,58.175,15,3,2,5,1,78,2,0,0,2,80.39,87.0815943582855,2.95695059203618,619.600147553092,1,0
"152",-2.91,223.253,1.6687,58.175,15,3,2,5,1,78,2,0,0,2,80.39,87.0815943582855,2.96195887152434,619.600147553092,1,0
"153",-2.99,313.401,1.6914,89.3694000000001,23,3,2,5,3,122,2,2,2,4,57.36,135.544750092516,1.32214335921805,689.109539471803,1,0
"154",-3.13,280.24,1.0727,69.971,20,6,1,9,5,106,1,1,1,2,118.39,113.027451936806,2.59176712244779,596.721434872161,1,0
"155",-6.22,450.572,3.7947,115.9208,31,6,1,7,2,170,0,3,4,4,80.67,186.411379690592,1.86112027797273,913.645730726731,1,0
"156",-4.14,255.273,2.8642,72.1462,19,3,1,4,3,96,2,0,0,2,55.4,110.569775281953,2.03605156558107,576.099498921144,1,0
"157",-2.09,243.31,1.9639,71.759,18,4,0,4,0,94,2,0,1,3,38.13,105.867512402818,2.38534551554949,661.626957937858,1,0
"158",-3.07,223.253,1.6687,58.175,15,3,2,5,1,78,2,0,0,2,80.39,87.0815943582855,2.99300547924232,614.350147553092,1,0
"159",-1.05,244.246,2.37,66.0853,18,3,1,4,1,92,2,0,1,3,67.51,102.854041845979,2.30371227407129,696.741588579008,1,0
"160",-4.85,255.298,3.6401,72.5285,18,4,0,4,3,88,2,0,0,2,38.66,109.74755161697,2.16785265636289,604.200873483339,1,0
"161",-1.24,238.203,-0.951800000000001,58.018,17,8,0,8,0,90,2,0,0,2,88.12,94.6689664620966,3.01007787483026,720.896685464228,1,0
"162",-3.41,334.416,1.4755,91.1894,24,4,1,6,8,132,1,0,0,1,89.7,142.508544389111,2.5496900990841,581.186486249534,1,0
"163",-1.83,252.23,-1.0457,61.981,18,8,0,8,2,96,2,0,0,2,88.12,101.033908576493,2.69624035993618,736.641240892052,1,0
"164",-1.7,284.359,2.2062,81.5968,21,3,1,4,6,110,2,0,0,2,53.43,124.61338751533,2.14678266671709,557.517495635527,1,0
"165",-4.3,256.286,3.0351,70.3235,18,5,0,5,3,88,2,0,0,2,51.55,108.967199597916,2.16785265636289,607.398126056311,1,0
"166",-4.62,308.407,3.3062,81.8757,21,6,1,7,9,114,2,0,0,2,80.76,127.663828399571,1.6691953827786,572.854278678585,1,0
"167",-2.31,257.337,2.1831,76.282,19,4,0,4,2,100,2,0,1,3,38.13,112.232454517215,2.16751519686602,661.978540642004,1,0
"168",-1.27,268.273,-2.7083,63.7744,19,6,2,8,3,104,0,2,2,2,98.82,109.642489972535,1.90779268590917,404.411122541407,1,0
"169",-1.53,250.258,-0.126,65.7495,18,7,0,7,2,96,2,0,0,2,78.89,102.285305461383,2.85959950311354,735.051886533751,1,0
"170",-4.24,400.471,2.3366,103.5958,29,6,1,6,3,156,0,3,4,4,97.74,169.919314247947,1.67403383275912,868.593839834726,1,0
"171",-3.89,294.267,1.4628,74.588,21,6,1,9,6,112,1,1,1,2,118.39,119.392394051202,2.51044447973696,611.910503571383,1,0
"172",-4.96,266.34,3.9444,79.0228,20,2,1,2,0,102,2,1,2,4,37.3,117.976698111586,1.94984071530317,731.52079641752,3,0
"173",-1.22,349.412,0.3486,89.7909,24,5,3,8,4,128,0,1,3,3,112.73,143.178576815155,1.67845247421487,697.436092339841,1,0
"174",-1.86,282.256,-0.4357,68.322,20,9,0,9,3,108,2,0,0,2,97.35,112.512395920397,2.44624415774166,769.43706918858,1,0
"175",-3.5,294.267,1.4612,74.566,21,6,1,9,5,112,1,1,1,2,118.39,119.392394051202,2.56336058434787,624.318955266844,1,0
"176",-6.23,291.992,5.9672,71.918,16,0,0,4,1,82,2,0,0,2,0,113.701562233088,2.69352678061594,534.537124074059,1,1
"177",-1.65,252.23,-0.5617,62.635,18,8,0,8,1,96,2,0,0,2,88.12,101.033908576493,2.85959950311354,736.641240892052,1,0
"178",-2.46,257.337,2.354,76.376,19,4,0,4,1,100,2,0,1,3,38.13,112.232454517215,2.31482332154965,676.635289078233,1,0
"179",-4.44,270.288,3.2559,76.8344,20,3,2,5,3,102,2,0,0,2,67.43,116.119637465561,1.92581040289676,594.27550782764,1,0
"180",-2.3,266.257,-0.6556,66.598,19,8,0,8,3,102,2,0,0,2,88.12,107.39885069089,2.57158370313781,752.366562459081,1,0
"181",-2.91,268.185,-0.2643,58.9902,19,7,1,10,4,100,1,1,1,2,129.49,105.199991323313,2.08416530551266,564.810994030821,1,0
"182",-4.86,255.273,3.331,73.1305,19,3,2,4,4,96,2,0,0,2,66.4,110.250463804642,2.33622684698201,634.792742771212,1,0
"183",-6.3,291.992,5.9672,71.918,16,0,0,4,1,82,2,0,0,2,0,113.701562233088,2.72632387288105,514.287124074059,1,1
"184",-2.82,261.277,0.6279,69.9564,19,5,3,5,4,100,2,0,0,2,82.69,109.557166492924,2.53747709999047,606.588183706315,1,0
"185",-6.98,307.991,6.0925,72.998,17,1,0,5,2,88,2,0,0,2,9.23,118.815107462595,2.24918229304757,504.697046745365,1,1
"186",-3.31,287.359,3.383,81.5545,21,2,2,4,4,112,2,0,1,3,62.32,123.670177030033,2.23650054653007,688.645203371575,1,0
"187",-1.68,258.306,-1.443,49.7487,14,7,2,11,3,80,1,0,0,1,132.11,84.2557627000537,3.01759704960055,527.93266519718,1,0
"188",-5.23,306.236,5.1796,85.7817,20,1,1,3,2,104,2,0,1,3,12.03,129.463771381386,2.04623802940452,624.137110958348,1,1
"189",-4.92,274.287,3.91706,79.3437,21,6,1,6,4,100,2,0,0,2,96.69,121.23058156588,2.03178789840421,716.473577054226,1,0
"190",-7.35,307.991,6.0925,72.998,17,1,0,5,2,88,2,0,0,2,9.23,118.815107462595,2.27152382985702,513.697046745365,1,1
"191",-7.32,307.991,6.0925,72.998,17,1,0,5,2,88,2,0,0,2,9.23,118.815107462595,2.27687208549568,533.947046745365,1,1
"192",-2.12,264.285,0.2641,70.3665,19,7,0,7,3,102,2,0,0,2,78.89,108.65024757578,2.70113386715672,750.645872753274,1,0
"193",-1.81,287.315,1.711,77.689,21,5,3,5,5,110,2,0,0,2,92.78,122.151691314103,1.88496984032827,612.928970742374,1,0
"194",-7,307.991,6.0925,72.998,17,1,0,5,2,88,2,0,0,2,9.23,118.815107462595,2.28025885457334,554.197046745365,1,1
"195",-7.04,307.991,6.0925,72.998,17,1,0,5,2,88,2,0,0,2,9.23,118.815107462595,2.29626104842175,536.947046745365,1,1
"196",-5.4,252.613,3.3096,62.2668,17,4,0,7,2,86,2,0,0,2,86.28,99.7222853231135,2.94449538875221,641.48365692022,1,0
"197",-3.85,308.294,1.7088,79.135,22,6,1,9,6,118,1,1,1,2,118.39,125.757336165599,2.46302202959675,639.562774486116,1,0
"198",-7.14,307.991,6.0925,72.998,17,1,0,5,2,88,2,0,0,2,9.23,118.815107462595,2.3087182377385,533.947046745365,1,1
"199",-7.07,307.991,6.0925,72.998,17,1,0,5,2,88,2,0,0,2,9.23,118.815107462595,2.30814694963152,554.197046745365,1,1
"200",-7.01,307.991,6.0925,72.998,17,1,0,5,2,88,2,0,0,2,9.23,118.815107462595,2.30315275017852,536.947046745365,1,1
"201",-2.46,410.164,-0.2572,79.8235,21,7,2,9,4,116,1,1,1,2,110.62,132.762104962014,2.10340831517322,639.370201547413,1,0
"202",-7.14,307.991,6.0925,72.998,17,1,0,5,2,88,2,0,0,2,9.23,118.815107462595,2.32499782662227,536.947046745365,1,1
"203",-6.9,307.991,6.0925,72.998,17,1,0,5,2,88,2,0,0,2,9.23,118.815107462595,2.31417927783497,554.197046745365,1,1
"204",-2.17,294.311,-0.019500000000001,75.762,21,8,0,8,2,114,2,0,0,2,88.12,120.128734919683,2.46470096328315,819.524668725452,1,0
"205",-7.27,307.991,6.0925,72.998,17,1,0,5,2,88,2,0,0,2,9.23,118.815107462595,2.33049613807756,554.197046745365,1,1
"206",-6.83,307.991,6.0925,72.998,17,1,0,5,2,88,2,0,0,2,9.23,118.815107462595,2.32819843719712,513.697046745365,1,1
"207",-6.43,258.233,3.0366,69.7804,19,4,2,6,4,96,2,0,0,2,92.47,108.012033198305,2.33622684698201,640.045272871669,1,0
"208",-7.09,307.991,6.0925,72.998,17,1,0,5,2,88,2,0,0,2,9.23,118.815107462595,2.33758875676232,554.197046745365,1,1
"209",-6.77,307.991,6.0925,72.998,17,1,0,5,2,88,2,0,0,2,9.23,118.815107462595,2.34090861189531,554.197046745365,1,1
"210",-1.45,266.257,-0.1716,67.252,19,8,0,8,2,102,2,0,0,2,88.12,107.39885069089,2.70113386715672,752.366562459081,1,0
"211",-6.56,307.991,6.0925,72.998,17,1,0,5,2,88,2,0,0,2,9.23,118.815107462595,2.34589909185096,533.947046745365,1,1
"212",-6.65,307.991,6.0925,72.998,17,1,0,5,2,88,2,0,0,2,9.23,118.815107462595,2.34710501575758,554.197046745365,1,1
"213",-2.24,271.364,2.7441,80.993,20,4,0,4,2,106,2,0,1,3,38.13,118.597396631611,2.2236504557175,691.671730146304,1,0
"214",-6.64,307.991,6.0925,72.998,17,1,0,5,2,88,2,0,0,2,9.23,118.815107462595,2.35704318503882,536.947046745365,1,1
"215",-3.17,308.294,1.8513,79.183,22,6,1,9,4,118,1,1,1,2,118.39,125.757336165599,2.55903435763867,661.129674924229,1,0
"216",-1.86,280.284,-0.2655,71.215,20,8,0,8,4,108,2,0,0,2,88.12,113.763792805286,2.44624415774166,768.080907459373,1,0
"217",-7,307.991,6.0925,72.998,17,1,0,5,2,88,2,0,0,2,9.23,118.815107462595,2.36899397622025,554.197046745365,1,1
"218",-2.86,432.983,1.5558,72.856,15,3,3,6,3,82,1,0,0,1,83.55,114.139786006223,2.92372703074235,371.939001083279,1,0
"219",-6.74,307.991,6.0925,72.998,17,1,0,5,2,88,2,0,0,2,9.23,118.815107462595,2.37629661197509,554.197046745365,1,1
"220",-2.26,329.422,0.463300000000001,81.2852,22,4,2,8,4,124,0,2,3,3,87.74,130.807180792227,1.47143471794743,562.435258176523,1,0
"221",-7.52,307.991,6.0925,72.998,17,1,0,5,2,88,2,0,0,2,9.23,118.815107462595,2.40590759257179,539.947046745365,1,1
"222",-2.59,308.294,1.805,79.2153,22,6,0,9,6,118,1,1,1,2,109.6,125.967307652194,2.6048584591871,637.562774486116,1,0
"223",-3.8,325.273,-2.2263,72.2522,23,8,6,9,0,124,1,1,3,4,148.71,129.243090077728,1.90624935102378,691.845106644981,1,1
"224",-7.06,307.991,6.0925,72.998,17,1,0,5,2,88,2,0,0,2,9.23,118.815107462595,2.4327386909656,539.947046745365,1,1
"225",-3.74,261.252,2.346,68.1573,19,3,1,5,1,98,2,0,1,3,59.3,107.644379892438,2.53442529675056,763.355620118214,3,0
"226",-7.02,307.991,6.0925,72.998,17,1,0,5,2,88,2,0,0,2,9.23,118.815107462595,2.4566989948132,513.697046745365,1,1
"227",-1.93,280.284,0.2185,71.869,20,8,0,8,3,108,2,0,0,2,88.12,113.763792805286,2.54753025116952,768.080907459373,1,0
"228",-2.37,294.311,0.1246,75.832,21,8,0,8,5,114,2,0,0,2,88.12,120.128734919683,2.32685630912543,783.790772878825,1,0
"229",-1.14,293.334,-2.05073,64.456,18,7,4,12,4,100,1,0,0,1,168.15,106.536410617353,2.66157634986857,565.490873723957,1,0
"230",-3.41,299.666,1.6134,68.4458,20,6,1,8,5,106,2,0,0,2,98.74,116.85733846355,2.11489926095439,716.296113694193,1,0
"231",-3.19,292.382,3.3139,87.8455000000001,22,3,0,3,3,112,2,3,3,5,33.2,130.202227207149,1.6861934355106,733.797532404654,1,0
"232",-3.17,320.305,1.9491,81.7183,23,6,0,9,4,122,1,2,2,3,109.6,131.326418613061,2.06119071904234,679.990353672708,1,0
"233",-6.75,246.353,5.18022,82.833,19,0,0,0,0,94,3,0,1,4,0,113.613611601421,2.17174090841993,780.74467028338,1,1
"234",-2.64,308.338,0.5147,80.449,22,8,0,8,6,120,2,0,0,2,88.12,126.49367703408,2.21649287054736,799.501344926224,1,0
"235",-2.54,296.308,0.9596,69.579,20,9,0,9,5,106,2,0,0,2,96.2,118.054040872528,2.16147274497104,642.38487468897,1,0
"236",-2.89,322.277,0.7954,78.6863,23,7,0,10,4,122,1,2,2,3,118.83,130.075021728172,2.06119071904234,681.28747171579,1,0
"237",-2.05,272.333,-2.0107,52.865,15,7,1,11,2,86,1,0,0,1,124.48,90.1761366032977,3.5108327682965,633.671813290197,1,0
"238",-6.96,326.437,6.6206,76.928,17,0,0,5,1,88,2,0,0,2,0,124.004828459969,2.72509979923311,577.348938365776,1,1
"239",-4.96,304.394,2.3639,86.4047,22,5,1,6,5,120,2,1,1,3,72.68,128.732691293198,2.2322078088082,777.765318946326,1,0
"240",-4.17,273.244,2.54542,71.0375,20,5,2,6,3,102,2,0,0,2,100.67,113.62134688129,2.498650958063,691.455605366062,1,0
"241",-2.19,267.31,1.67444,67.6399,18,5,2,7,3,96,2,0,0,2,98.22,104.834243878183,2.32759236132499,659.341926631542,1,0
"242",-1.9,286.327,3.3225,80.0803,21,3,1,4,3,110,2,0,1,3,67.51,121.948868189168,2.37744290311568,770.43426176087,1,0
"243",-3.3,282.299,1.4318,76.1275,21,3,2,5,3,106,2,1,1,3,69.64,121.369408435713,2.22932552814859,630.936148789902,2,0
"244",-3,308.338,0.9987,81.103,22,8,0,8,5,120,2,0,0,2,88.12,126.49367703408,2.27630490186312,799.501344926224,1,0
"245",-8.25,342.436,6.7459,78.008,18,1,0,6,2,94,2,0,0,2,9.23,129.118373689476,2.31040506864561,574.011908280462,1,1
"246",-7.75,402.534,5.35720000000001,115.5145,30,3,0,3,2,156,1,3,4,5,43.37,178.818074696978,1.41821105726689,938.604906910402,1,1
"247",-7.83,342.436,6.7459,78.008,18,1,0,6,2,94,2,0,0,2,9.23,129.118373689476,2.33546013020036,597.261908280462,1,1
"248",-4.2,474.55,2.2193,120.3384,34,7,3,8,6,186,0,3,4,4,138.2,198.602608095529,1.56436928176727,981.285050073354,1,0
"249",-7.89,342.436,6.7459,78.008,18,1,0,6,2,94,2,0,0,2,9.23,129.118373689476,2.34121036123543,574.011908280462,1,1
"250",-4.23,240.222,0.8081,64.3192,18,5,1,6,1,88,3,0,0,3,80.64,100.904677590634,2.19185101034543,773.376676296117,1,0
"251",-7.13,354.491,6.4955,85.037,19,0,0,5,2,100,2,0,0,2,0,136.734712688763,2.54665259918059,556.794161421959,3,1
"252",-8.06,342.436,6.7459,78.008,18,1,0,6,2,94,2,0,0,2,9.23,129.118373689476,2.36372472923977,577.011908280462,1,1
"253",-7.83,342.436,6.7459,78.008,18,1,0,6,2,94,2,0,0,2,9.23,129.118373689476,2.36364456645859,597.261908280462,1,1
"254",-7.61,342.436,6.7459,78.008,18,1,0,6,2,94,2,0,0,2,9.23,129.118373689476,2.36697306604027,597.261908280462,1,1
"255",-7.86,342.436,6.7459,78.008,18,1,0,6,2,94,2,0,0,2,9.23,129.118373689476,2.36967006449122,577.011908280462,1,1
"256",-8.06,342.436,6.7459,78.008,18,1,0,6,2,94,2,0,0,2,9.23,129.118373689476,2.37599724804216,580.011908280462,1,1
"257",-7.62,342.436,6.7459,78.008,18,1,0,6,2,94,2,0,0,2,9.23,129.118373689476,2.36663237359669,574.011908280462,1,1
"258",-3.55,266.282,0.1529,66.5206,18,5,3,8,3,94,2,0,0,2,117.94,102.739844160534,2.32641960478131,706.402692991985,1,0
"259",-7.44,342.436,6.7459,78.008,18,1,0,6,2,94,2,0,0,2,9.23,129.118373689476,2.37291840129173,597.261908280462,1,1
"260",-7.56,342.436,6.7459,78.008,18,1,0,6,2,94,2,0,0,2,9.23,129.118373689476,2.39544715468265,597.261908280462,1,1
"261",-7.64,342.436,6.7459,78.008,18,1,0,6,2,94,2,0,0,2,9.23,129.118373689476,2.39591851287682,597.261908280462,1,1
"262",-7.35,342.436,6.7459,78.008,18,1,0,6,2,94,2,0,0,2,9.23,129.118373689476,2.39493002491409,597.261908280462,1,1
"263",-7.77,342.436,6.7459,78.008,18,1,0,6,2,94,2,0,0,2,9.23,129.118373689476,2.40176735660098,580.011908280462,1,1
"264",-3.45,336.392,1.2949,89.683,24,8,0,8,8,132,2,0,0,2,88.12,139.223561262873,2.02590344901089,830.940594204567,1,0
"265",-7.33,342.436,6.7459,78.008,18,1,0,6,2,94,2,0,0,2,9.23,129.118373689476,2.39901777230985,574.011908280462,1,1
"266",-7.48,342.436,6.7459,78.008,18,1,0,6,2,94,2,0,0,2,9.23,129.118373689476,2.4007173831749,597.261908280462,1,1
"267",-7.7,342.436,6.7459,78.008,18,1,0,6,2,94,2,0,0,2,9.23,129.118373689476,2.40154857239098,597.261908280462,1,1
"268",-1.77,296.334,1.89874,87.5576,22,3,6,7,4,112,2,0,0,2,140.87,126.895053528566,2.06887490425323,678.817460590789,1,1
"269",-7.38,342.436,6.7459,78.008,18,1,0,6,2,94,2,0,0,2,9.23,129.118373689476,2.40681880088322,597.261908280462,1,1
"270",-7.76,342.436,6.7459,78.008,18,1,0,6,2,94,2,0,0,2,9.23,129.118373689476,2.42497393815809,553.761908280462,1,1
"271",-4.87,273.727,3.1171,70.392,19,5,0,6,1,96,1,2,4,5,52.68,114.889464912454,1.52200514244708,597.556069125603,1,0
"272",-7.24,342.436,6.7459,78.008,18,1,0,6,2,94,2,0,0,2,9.23,129.118373689476,2.42808583847813,597.261908280462,1,1
"273",-7.12,342.436,6.7459,78.008,18,1,0,6,2,94,2,0,0,2,9.23,129.118373689476,2.43289922726809,577.011908280462,1,1
"274",-7.23,342.436,6.7459,78.008,18,1,0,6,2,94,2,0,0,2,9.23,129.118373689476,2.43916307736821,577.011908280462,1,1
"275",-1.98,331.368,1.997,89.8874,24,6,1,6,7,128,2,0,0,2,87.85,140.036175152026,1.97818471974705,728.420942499375,1,0
"276",-2.68,287.348,-1.5962,57.5117,16,7,2,12,4,92,1,0,0,1,135.35,96.5159159952822,2.98475178792164,572.569883110408,1,0
"277",-7.94,342.436,6.7459,78.008,18,1,0,6,2,94,2,0,0,2,9.23,129.118373689476,2.51964999085533,553.761908280462,1,1
"278",-2.78,324.362,1.7398,78.813,22,9,0,9,7,118,2,0,0,2,96.2,130.783925101321,2.07936525579503,673.103884034766,1,0
"279",-5.04,327.163,4.6376,80.7038,21,3,1,6,5,110,2,0,0,2,55.76,131.372702433768,2.06814249135237,640.621918999824,1,0
"280",-4.7,273.719,4.1626,76.8655,19,1,2,4,2,96,3,0,0,3,53.09,114.357741026293,2.24321695578309,791.29085707671,1,0
"281",-2.44,331.368,2.343,89.6154,24,6,1,6,6,128,2,0,0,2,87.85,140.036175152026,2.1050048125229,743.266581564807,1,0
"282",-5.19,240.214,1.8732,63.0786,18,4,2,4,0,88,2,0,1,3,74.6,102.124062105305,2.3989305393536,643.435333968713,1,0
"283",-2.36,280.309,0.1633,71.1409,19,6,2,8,3,100,2,0,0,2,107.08,109.314757761526,2.33088442651835,750.254920064744,1,0
"284",-4.41,312.325,2.8226,86.4499,23,4,2,6,4,118,2,0,0,2,84.5,133.011043794398,2.00507140871763,721.263516336814,1,0
"285",-5,256.265,0.6273,72.0117,19,5,1,6,1,96,3,0,0,3,72.68,107.511137623221,2.3981290658557,871.279987878917,1,0
"286",-4.59,330.432,2.6099,93.3847000000001,24,5,1,6,7,130,2,2,2,4,72.68,140.456744368462,1.90391536525677,855.496707402792,1,0
"287",-2.68,302.326,3.0281,81.7451,22,4,2,5,3,116,2,0,1,3,87.74,126.743101941364,2.45615642235303,816.134708747876,1,0
"288",-1.99,349.412,0.3181,89.0289,24,5,3,8,4,128,1,2,2,3,112.73,143.120658584921,1.7112933155713,693.822755420587,1,0
"289",-3.81,347.502,4.4547,105.4708,26,2,1,2,1,136,2,1,3,5,23.47,156.404376660132,1.64749248409939,841.854329539586,1,0
"290",-2.21,665.733,-1.93179999999999,161.2311,47,13,6,14,3,262,0,3,4,4,235.44,272.942122471293,1.58196868596769,1218.83035366868,1,3
"291",-2.76,319.336,1.2683,85.882,23,5,2,7,3,122,2,1,1,3,74.57,131.683959975042,2.24358485236174,825.410759400695,3,0
"292",-3.71,352.416,2.52,88.047,24,9,0,9,9,130,2,0,0,2,96.2,143.513809330114,1.99955189706647,703.838921881984,1,0
"293",-1.58,347.396,0.444899999999999,88.7289000000001,24,5,3,8,4,126,1,1,2,3,112.73,142.431055552737,1.7144846348891,734.097887887709,1,0
"294",-3.59,292.32,1.2358,73.5862,20,5,2,8,4,104,2,0,0,2,101.05,115.679699875922,2.19447778698124,699.242110808317,1,0
"295",-3.16,318.377,1.5429,86.7947,23,6,1,7,5,124,2,1,1,3,89.75,132.894213393241,2.2105906393488,858.558109509805,1,0
"296",-8.49,376.881,7.3993,83.018,19,1,0,7,2,100,2,0,0,2,9.23,139.421639916358,2.39445486439022,617.352114185868,1,1
"297",-3.72,311.341,2.2241,86.6250000000001,23,4,2,6,3,118,2,0,1,3,91.65,132.808884015574,2.21578706074893,857.282456662921,3,0
"298",-3.34,306.249,0.358199999999999,72.8565,22,7,0,8,3,114,2,0,0,2,87.37,122.732673750839,2.55662290857414,838.547081076592,1,0
"299",-2.89,374.397,1.78892,96.4389000000001,27,8,0,9,7,144,2,1,1,3,99.73,156.207347041918,1.50731505716375,796.583359090468,1,0
"300",-4.94,317.197,3.3764,78.1249,19,3,2,7,3,100,2,0,0,2,72.19,120.74555855236,2.30447712971162,700.16936452653,1,0
"301",-5.08,293.348,1.6604,79.0693,20,5,3,7,4,106,2,0,0,2,107.44,116.957404139513,2.37488007908137,712.141281974646,1,0
"302",-2.92,320.324,0.6633,83.677,23,6,2,8,3,122,2,1,1,3,87.46,130.903607955989,2.24358485236174,827.562287968731,1,0
"303",-2.7,301.375,-2.1639,60.628,17,7,1,12,3,98,1,0,0,1,127.72,102.436289898526,3.4626789912005,679.378371454397,1,0
"304",-8.41,376.881,7.3993,83.018,19,1,0,7,2,100,2,0,0,2,9.23,139.421639916358,2.44384349710285,640.602114185868,1,1
"305",-8.55,376.881,7.3993,83.018,19,1,0,7,2,100,2,0,0,2,9.23,139.421639916358,2.44905425131113,640.602114185868,1,1
"306",-8.3,376.881,7.3993,83.018,19,1,0,7,2,100,2,0,0,2,9.23,139.421639916358,2.45652615560995,614.352114185868,1,1
"307",-8.47,376.881,7.3993,83.018,19,1,0,7,2,100,2,0,0,2,9.23,139.421639916358,2.46526818823671,640.602114185868,1,1
"308",-4.24,306.343,2.0591,77.444,21,5,1,7,5,110,2,0,0,2,85.36,122.388677055271,2.15469596150406,712.399044120469,1,0
"309",-3.89,326.352,1.4383,88.3456,24,4,2,6,6,124,2,0,0,2,98.49,139.1660144222,2.04342838723853,726.443797142268,1,0
"310",-7.88,376.881,7.3993,83.018,19,1,0,7,2,100,2,0,0,2,9.23,139.421639916358,2.47532283027461,640.602114185868,1,1
"311",-1.13,364.413,-2.54443,82.0827,23,8,5,14,7,128,1,0,0,1,197.25,135.342621244195,2.36203557482567,700.159007340273,1,NA
"312",-6.66,282.303,1.1307,81.9457,21,5,1,6,2,106,3,0,0,3,72.68,119.55141881983,2.12612844819377,945.449450006429,1,0
"313",-8.42,376.881,7.3993,83.018,19,1,0,7,2,100,2,0,0,2,9.23,139.421639916358,2.48917644527775,614.352114185868,1,1
"314",-7.96,376.881,7.3993,83.018,19,1,0,7,2,100,2,0,0,2,9.23,139.421639916358,2.48065801162141,640.602114185868,1,1
"315",-4.58,570.934,3.7359,94.1262,17,2,2,6,4,94,1,0,0,1,63.32,141.337274603863,3.14386100824642,448.832950758754,1,1
"316",-1.16,326.303,-1.1207,52.996,18,7,1,14,2,104,1,0,0,1,124.48,102.672742812076,3.50958375799687,724.37211480518,1,0
"317",-3.31,270.292,0.6377,76.632,20,6,0,6,1,102,3,0,0,3,61.82,114.086051224213,2.48769993915716,916.227391408792,1,0
"318",-2.29,389.408,2.171,100.3559,28,7,0,9,8,150,2,1,1,3,98.29,162.122730087642,1.46876423446404,798.255227090311,1,0
"319",-3.11,306.347,0.8123,80.3569,21,6,2,8,5,110,2,0,0,2,107.08,121.355038958135,2.2829040776972,810.055171423418,1,0
"320",-3.43,297.361,1.9023,73.6682,19,5,2,8,4,100,2,0,0,2,88.16,114.100415165387,2.18798003675773,663.720790221954,1,0
"321",-3.17,308.363,1.2072,80.5449,21,6,2,8,4,112,2,0,0,2,107.08,122.044641990319,2.30778219426875,794.911239843755,1,0
"322",-3.18,376.369,2.18408,95.9799,27,7,2,10,7,144,1,0,0,1,145.8,155.342237785246,3.4299476690972,808.377036197206,1,0
"323",-4.33,380.47,3.3002,97.281,26,9,0,9,11,142,2,0,0,2,96.2,156.243693558907,1.92587925135576,734.621216184166,1,0
"324",-4.64,308.315,2.4042,76.8989,21,5,1,8,5,110,2,0,0,2,98.54,120.930598467987,2.22194283560785,739.1360166889,1,0
"325",-2.17,365.411,0.0236999999999996,90.6937,25,6,4,9,4,134,1,2,2,3,132.96,147.914892337117,1.70434648370649,735.790664638169,1,0
"326",-5.85,356.47,2.784,100.4287,26,5,1,6,5,140,2,4,4,6,72.68,152.180797443726,1.72751219944078,968.083237770863,1,0
"327",-4.14,358.142,2.2685,77.5416,21,4,2,8,3,110,2,0,0,2,77.12,126.059416514098,2.60230939461987,789.716332150356,1,0
"328",-3.82,387.476,3.4117,108.2634,28,6,1,6,9,152,2,0,0,2,87.85,165.495943609612,1.8521835268219,817.679324896385,1,0
"329",-3.09,322.39,1.4264,85.0679,22,6,2,8,6,118,2,0,0,2,107.08,128.409584104715,2.20919435234349,797.58281700245,1,0
"330",-3.82,387.476,3.4117,108.2634,28,6,1,6,9,152,2,0,0,2,87.85,165.495943609612,1.86878546355832,819.679324896384,1,0
"331",-3.76,288.322,4.1082,75.525,20,3,0,5,1,100,3,0,1,4,17.82,117.987175652334,1.96565124908845,792.488770293469,1,0
"332",-1.14,365.39,-0.416999999999998,93.4690000000001,26,9,0,10,7,142,2,0,0,2,108.43,149.14491703312,2.06507779515036,934.879150804773,1,0
"333",-3.11,322.39,1.2823,84.9979,22,6,2,8,5,118,2,0,0,2,107.08,128.409584104715,2.24662869417734,810.726748582112,1,0
"334",-3.73,334.303,1.1384,82.0905,24,7,0,8,5,126,2,0,0,2,87.37,135.462557979633,2.41886854433293,870.271887924321,1,0
"335",-3.73,334.351,0.7639,90.12,24,6,2,8,3,128,2,1,1,3,77.81,137.413929665481,2.18315903134567,856.501837485682,1,0
"336",-3.73,314.388,1.8952,76.0832,20,6,1,8,2,108,2,0,0,2,99.35,120.173523393552,2.37217681362175,772.341497731889,1,0
"337",-2.76,322.39,1.5973,85.1619,22,6,2,8,5,118,2,0,0,2,107.08,128.409584104715,2.28557999081102,812.726748582112,1,0
"338",-4.3,401.459,2.3705,108.092,29,7,0,7,8,156,2,1,1,3,74.3,170.023600658781,1.43674072639528,846.311417223103,1,0
"339",-8.9,395.327,7.9274,86.948,19,0,0,7,1,100,2,0,0,2,0,144.611360913733,2.78542584170158,634.607966671971,1,1
"340",-9.1,395.327,7.9274,86.948,19,0,0,7,1,100,2,0,0,2,0,144.611360913733,2.7912442734502,614.357966671971,1,1
"341",-3.48,420.422,-0.392199999999997,100.4528,30,9,2,11,5,162,0,2,4,4,154.26,172.091851231611,1.75231310794579,925.843708771509,1,0
"342",-5.55,296.33,1.1411,86.566,22,6,0,6,2,112,3,0,0,3,61.82,126.126332420822,2.2141388024281,990.888205101158,1,0
"343",-4.52,415.53,4.1919,117.4974,30,6,1,6,11,164,2,0,0,2,87.85,178.225827838406,1.74327422944365,850.605216355262,1,0
"344",-2.79,394.471,2.1097,106.513,29,5,0,6,2,152,1,4,6,7,51.24,169.932654239851,1.5219335948756,973.869675469949,3,0
"345",-9.54,411.326,8.0527,88.028,20,1,0,8,2,106,2,0,0,2,9.23,149.72490614324,2.4543151510694,660.986547456677,1,1
"346",-2.97,254.332,5.2448,86.368,20,0,0,0,0,94,4,0,1,5,0,117.200449789967,2.07095186385791,992.785994815168,1,1
"347",-4.3,334.397,2.1747,87.7124,23,5,2,7,5,122,2,0,0,2,98.49,134.873861885734,2.12808743931182,781.834877797037,1,0
"348",-5.32,286.308,3.3663,78.7303,20,4,1,5,2,100,3,0,0,3,67.51,117.569821213418,2.42180662824438,895.393706017331,1,0
"349",-2.33,351.353,1.7959,90.435,25,5,2,8,3,134,2,1,1,3,74.57,142.214437492365,2.30872800861252,910.371818911506,1,0
"350",-3.18,359.401,2.3156,97.7233000000001,26,5,1,7,4,138,2,2,2,4,65.78,149.982926651298,1.83423830245638,927.751757198637,1,0
"351",-2.24,293.322,4.0258,83.3318,22,3,1,4,5,110,3,0,0,3,63.33,127.610150972078,2.04312591243423,706.541070336389,1,0
"352",-2.64,556.863,3.157,85.856,16,2,2,7,2,86,1,0,0,1,66.4,132.978883961709,3.44352124948558,473.55728161111,1,1
"353",-9.64,411.326,8.0527,88.028,20,1,0,8,2,106,2,0,0,2,9.23,149.72490614324,2.54038974851423,654.986547456677,1,1
"354",-4.38,417.351,3.6039,109.3384,26,2,2,6,3,138,2,0,2,4,51.37,162.098867335463,1.71852850880533,883.308678194021,1,0
"355",-3.85,286.33,4.1489,84.6235,22,2,0,2,2,106,3,0,1,4,26.3,128.54471193644,2.06434557992613,783.095685386686,1,0
"356",-2.9,357.385,2.0664,95.5653000000001,26,5,1,7,3,136,2,3,3,5,65.78,148.977095497769,1.69583455038121,995.667402275612,1,0
"357",-3.61,286.239,2.2824,74.5792,21,6,4,6,1,106,3,0,0,3,111.13,117.313435790133,2.29434595659507,909.916284955401,1,0
"358",-3.63,300.362,1.97972,87.1408,22,6,1,6,3,116,3,0,0,3,62.25,127.771555228028,2.58186367691577,921.416849997174,1,0
"359",-7.52,284.402,6.4888,97.572,22,0,0,0,3,108,4,0,0,4,0,130.936165172289,1.96949005146092,963.313705280009,1,1
"360",-1.89,365.411,-0.0673999999999995,91.1259,25,6,3,9,5,134,0,1,3,3,121.96,148.292122044662,1.69378304983137,714.55874824079,1,0
"361",-1.27,356.813,-1.2073,76.7548,21,6,4,12,5,118,1,0,0,1,161.45,126.292075335684,3.51773308446114,775.572904116477,1,0
"362",-7.44,276.766,6.10802,88.707,20,0,0,1,0,96,4,0,0,4,0,122.144605055981,2.28016915292612,967.286756920164,1,1
"363",-4.29,387.41,2.0304,91.1432000000001,26,8,0,10,8,144,1,0,0,1,129.88,150.909333026851,3.22250808204305,767.944411401536,1,0
"364",-2.73,369.343,1.6992,90.7683000000001,26,5,1,9,4,140,2,1,1,3,65.78,146.589944381887,2.27376594138006,921.079770477366,1,0
"365",-3.78,360.385,2.3071,95.6111000000001,26,5,2,7,2,138,2,1,2,4,82.77,149.017326733291,2.00408891540098,960.391063071957,1,0
"366",-2.71,336.373,1.0224,85.7252,23,6,2,9,5,122,2,0,0,2,110.16,132.781077691355,2.22799346612672,872.395434324198,1,0
"367",-3.4,326.403,1.8597,80.8412,21,6,2,9,5,112,2,0,0,2,101.05,126.018400943532,2.16630697750878,738.117961262146,1,0
"368",-3.28,384.205,2.63012,88.2779,23,5,2,8,4,122,2,0,0,2,72.36,139.901320555545,2.57220824230678,820.34489260479,1,0
"369",-3.18,346.703,4.31472,83.7175,22,6,0,8,6,120,2,0,0,2,74.97,132.097629737145,2.43202137459269,774.732103382822,1,0
"370",-2.47,386.412,0.5945,102.6286,28,9,2,10,8,148,3,0,0,3,128.36,160.452691534839,1.45855841458138,1009.08288478495,1,0
"371",-2.21,384.388,0.5835,97.6623,28,6,3,8,7,146,2,1,1,3,116.17,160.898477975046,1.92536692917161,812.01433767119,1,0
"372",-2.42,382.416,1.508,102.5219,28,5,1,7,8,146,2,0,0,2,106.77,162.632334352028,2.02595332957565,879.374497357089,1,0
"373",-8.57,298.429,6.87890000000001,102.189,23,0,0,0,4,114,4,0,0,4,0,137.301107286686,2.05596144474649,978.909779619878,1,1
"374",-10.1,445.771,8.7061,93.038,21,1,0,9,2,112,2,0,0,2,9.23,160.028172370121,2.53864507421689,666.672970138639,3,1
"375",-3.82,398.232,3.02022,92.8949,24,5,2,8,5,128,2,0,0,2,72.36,146.266262669942,2.51972608290512,836.047840309889,1,0
"376",-6.52,408.498,4.3432,113.3767,30,4,1,6,10,158,2,1,1,3,75.71,176.769778928241,1.72182628273682,827.789371245379,1,0
"377",-4.78,372.2,2.7403,82.4593,21,5,2,9,4,110,2,0,0,2,115.33,128.659549426738,2.32483094868957,790.649879930124,1,0
"378",-5.02,302.307,2.3818,79.2817,21,4,1,6,2,106,3,0,0,3,84.58,120.820965391629,2.41992783189674,895.862671261867,1,0
"379",-5.51,326.373,4.0128,89.2093000000001,23,4,1,5,5,116,3,0,0,3,67.51,136.664647556608,2.0692478121576,877.677906431327,1,0
"380",-1.71,357.779,1.35242,81.9082,23,7,2,11,4,122,2,0,0,2,123.17,136.681101427654,2.16397804815798,843.094731391446,1,0
"381",-2.9,320.377,-0.0136999999999994,68.5327,19,7,2,11,4,102,2,0,0,2,132.11,112.947914791721,2.29554180176941,782.411355701279,1,0
"382",-4.19,402.195,2.8509,88.1159,24,5,2,9,5,128,2,0,0,2,72.36,144.066855958472,2.51972608290512,839.444481375762,1,0
"383",-10.3,374.865,7.5064,83.78,19,1,0,7,0,98,3,0,0,3,13.14,137.408658808334,2.62053956360021,835.698900455322,3,1
"384",-1.99,302.238,1.988,76.244,22,7,5,7,1,112,3,0,0,3,131.36,122.107669542329,2.37725796844924,956.242682783467,1,NA
"385",-5.08,416.135,6.4548,102.681,25,3,0,7,6,130,3,0,0,3,27.05,165.605807900405,1.82699224739834,852.287332800423,2,1
"386",-3.31,304.266,-2.4222,78.008,22,10,0,10,0,114,3,0,0,3,113.78,121.058362872789,2.77142328500971,1102.38736415019,1,NA
"387",-2.7,334.404,0.127400000000001,73.9707,20,7,2,11,5,108,2,0,0,2,132.11,119.312856906118,2.14810679506736,798.728022854776,1,0
"388",-4.57,347.348,2.5826,86.7172,24,6,0,8,5,124,2,0,0,2,103.58,137.8121041848,2.53840953716966,885.924696146279,1,0
"389",-5.84,342.778,4.0693,91.6478,24,4,1,5,1,122,3,0,1,4,59.67,142.801483293991,2.00662769114915,972.818501314605,1,0
"390",-4.52,314.366,2.96442,83.4852,22,4,1,6,3,112,3,0,0,3,86.19,127.976533786242,2.11520867087032,898.32379423634,1,0
"391",-2.96,414.231,1.99262,94.3067,25,6,3,9,6,134,2,0,0,2,92.59,151.060496422138,2.45402119941552,854.003964118776,1,0
"392",-1.3,388.427,-1.0594,89.5113,25,9,3,12,8,136,2,0,0,2,163.7,146.70328571812,1.82902358311991,879.771608326471,1,0
"393",-1.22,334.404,0.29472,73.2697,20,7,2,11,4,108,2,0,0,2,132.11,119.312856906118,2.2901364972394,824.332543736089,1,0
"394",-3.56,364.423,3.0365,94.6882,25,5,3,8,8,134,2,0,0,2,118.72,146.033037752327,2.59180358583954,850.841970217836,1,0
"395",-3.37,392.406,2.0816,102.0394,28,6,3,9,3,150,2,2,2,4,100.59,159.278381264642,2.04679505618329,1038.12120618909,1,0
"396",-4.54,372.808,3.1418,99.8528,26,6,3,7,6,134,3,0,0,3,91.68,154.566241540262,1.88344000335507,932.311112940396,4,0
"397",-1.5,335.392,-0.4315,72.9451,20,8,3,12,4,108,2,0,0,2,158.13,118.287805488734,2.2901364972394,825.252228274633,1,0
"398",-8.49,371.524,5.99610000000001,119.582,28,2,0,2,8,144,3,0,0,3,12.47,168.648904314324,1.99594737729279,880.735533510235,1,1
"399",-1.54,335.392,-0.4315,72.9451,20,8,3,12,4,108,2,0,0,2,158.13,118.287805488734,2.3171610298005,842.502228274634,1,0
"400",-4.13,325.774,4.32422,89.054,23,3,0,5,1,114,3,0,1,4,30.18,137.63749072551,2.02749617375082,943.189798585342,1,0
"401",-4.86,406.486,2.8796,101.3726,26,7,0,12,9,146,1,0,0,1,136.02,154.204807875543,3.8394224507007,792.833908603959,1,0
"402",-1.57,388.457,-0.298499999999999,98.9362,27,8,4,11,4,142,2,2,2,4,155.91,158.97041059043,1.48200615750398,869.055250619724,1,0
"403",-1.37,374.272,1.1333,65.4674,23,6,2,14,3,124,2,0,0,2,115.04,127.541280128378,2.41115720518882,885.145583751371,1,0
"404",-0.35,442.52,2.1549,121.0966,32,9,2,10,12,172,3,0,0,3,128.36,185.912459992425,1.47532134366484,1087.45972197901,1,0
"405",-2.01,354.822,0.6397,73.5427,20,7,2,12,4,108,2,0,0,2,132.11,123.251181018603,2.2901364972394,828.86186874907,1,0
"406",-1.29,409.489,0.4849,103.2142,27,5,5,10,7,144,2,0,0,2,141.75,161.622368705829,1.97085274440069,901.925937413855,1,NA
"407",-2.48,348.431,-0.4403,77.087,21,7,1,11,4,114,2,0,0,2,124.48,125.233230809362,2.41404208801564,910.712456798816,1,0
"408",-2.25,350.403,-0.00509999999999972,75.0847,21,8,2,12,5,114,2,0,0,2,141.34,124.426402135625,2.26202944768845,841.763213447919,1,0
"409",-5.09,383.408,1.7846,103.8789,28,8,1,9,4,146,3,1,1,4,106.95,161.20072132699,1.55619133566198,997.226674229881,1,0
"410",-2.84,348.431,-0.272979999999999,76.386,21,7,1,11,3,114,2,0,0,2,124.48,125.233230809362,2.57840316906822,936.934179634447,1,0
"411",-3.75,421.493,3.6083,118.9544,31,6,1,6,9,162,3,0,0,3,87.85,181.458211472487,1.4544362683785,1034.52161490427,1,0
"412",-0.91,972.846000000001,-13.0548,195.8004,66,30,18,30,6,384,0,22,22,22,474.9,372.130157250617,1.19025437031718,1233.4857443469,3,3
"413",-4.8,356.407,1.6746,95.7039,25,6,2,8,5,128,3,0,0,3,107.08,144.37185196759,1.80872221507353,1029.49304214983,1,0
"414",-2.03,352.394,-0.4423,71.607,21,7,1,12,3,114,2,0,0,2,124.48,123.033824097891,2.57840316906822,941.62413557034,1,0
"415",-1.21,395.528,0.0704000000000012,91.0117,24,7,2,11,5,136,1,0,1,2,126.64,145.547697191018,2.6148896986412,844.203363559253,1,0
"416",-2.5,349.419,-0.999199999999999,76.0614,21,8,2,12,3,114,2,0,0,2,150.5,124.208179391978,2.57840316906822,938.014495095903,1,0
"417",-8.11,478.632,7.02420000000001,140.9505,36,3,0,3,3,184,2,3,4,6,43.37,213.875168903042,1.22242499145284,1250.09096229611,1,1
"418",-2.45,349.419,-0.999199999999999,76.0614,21,8,2,12,3,114,2,0,0,2,150.5,124.208179391978,2.60996712952102,955.264495095902,1,0
"419",-2.7,362.458,0.91156,82.7437,22,7,2,11,4,120,2,0,0,2,132.11,132.042741134911,2.42973586435238,908.991932172182,1,0
"420",-3.79,365.842,2.0834,92.3784,24,4,2,8,3,126,2,0,1,3,92.5,144.787721420018,1.88854908879589,914.533696848063,3,0
"421",-1.64,435.44,-1.1725,95.6505,28,10,4,15,7,154,1,1,1,2,201.58,162.590310699957,2.25927629832377,953.885135306735,1,NA
"422",-3.5,421.493,3.9543,118.6824,31,6,1,6,8,162,3,0,0,3,87.85,181.458211472487,1.56795616037619,1050.22152382523,1,0
"423",-2.13,399.273,0.7488,76.2327,20,7,2,12,4,108,2,0,0,2,132.11,126.815462397363,2.2901364972394,828.86186874907,1,0
"424",-2.44,368.849,0.0720000000000004,76.659,21,7,1,12,3,114,2,0,0,2,124.48,129.171554921847,2.57840316906822,941.62413557034,1,0
"425",-2.05,458.967,3.9663,120.875,31,5,0,8,4,162,2,1,2,4,59.08,190.297773496436,1.37196748078404,1018.63121846718,1,0
"426",-5.63,413.503,2.4367,114.5737,29,7,1,9,5,152,3,1,1,4,75.89,173.972893075143,1.45123325564571,987.200282442781,1,0
"427",-5.3,399.476,3.0626,109.7657,28,7,1,9,4,146,3,1,1,4,79.82,166.25672681992,1.51067017129917,971.114480156442,1,0
"428",-1.27,370.394,1.5149,95.3201,26,7,3,10,5,132,3,0,0,3,139.96,148.931390645549,1.72198353071079,1023.3654351147,1,0
"429",-2.01,613.915,3.1154,100.1597,20,3,3,9,3,108,1,0,0,1,95.5,155.420152474154,3.67600239408444,573.171179762366,1,1
"430",-6.84,494.631,7.14950000000001,142.0305,37,4,0,4,4,190,2,3,4,6,52.6,218.988714132549,1.18788140838504,1269.6514147134,1,1
"431",-2.76,364.43,-0.572799999999999,78.201,22,8,1,12,4,120,2,0,0,2,133.71,130.346776038869,2.52952812633584,954.736090217682,1,0
"432",-1.33,365.374,-0.1055,75.1871,22,9,2,14,5,118,2,0,0,2,175.25,127.600890514221,2.27529664098883,917.436039502756,1,0
"433",-1.23,434.283,-1.6984,89.9022,25,7,5,15,6,140,1,0,0,1,204.54,152.461696474019,3.42653591375325,931.604676424142,1,NA
"434",-0.94,457.483,0.186600000000002,118.0011,33,9,5,10,3,176,1,0,3,4,164.63,189.759778885618,1.97742019294953,1166.83137728443,1,NA
"435",-1.46,365.374,-0.1055,75.1871,22,9,2,14,5,118,2,0,0,2,175.25,127.600890514221,2.33833844573013,934.686039502756,1,0
"436",-2.7,453.564,4.57330000000001,125.6184,32,5,0,8,6,168,2,1,1,3,83.76,191.791165800966,1.74348581931168,1043.28988552069,1,0
"437",-2.32,364.386,-0.3155,75.492,22,8,3,13,5,118,2,0,0,2,169.41,128.268612758358,2.40950889406079,933.766354964212,1,0
"438",-1.62,377.429,-0.0553,82.8364,23,8,3,13,5,124,2,0,0,2,161.21,135.389183304166,2.2150700357742,933.521336238072,1,0
"439",-1.82,365.374,-0.1055,75.1871,22,9,2,14,5,118,2,0,0,2,175.25,127.600890514221,2.40950889406079,934.686039502756,1,0
"440",-2.74,439.968,4.6764,121.7417,30,3,1,7,4,154,3,1,1,4,56.41,184.237454914908,1.38749692520737,1116.58863710673,1,0
"441",-3,376.485,0.34386,85.86,23,7,1,11,3,126,2,0,0,2,124.48,137.963115038155,2.70521402167063,1023.21033346452,1,0
"442",-3.97,410.412,0.101,96.7307000000001,28,9,2,13,6,150,2,0,0,2,152.71,160.507562543716,2.26142809207943,972.01590244828,1,0
"443",-2.2,446.273,0.5909,81.2497,20,7,2,12,4,108,2,0,0,2,132.11,132.209752912765,2.2901364972394,828.86186874907,1,0
"444",-2.95,414.527,3.3685,114.495,29,6,0,7,6,154,2,0,1,3,59.08,175.324999340871,2.05585231891989,869.370915000003,1,0
"445",-2.51,413.3,0.181100000000001,79.349,21,7,1,12,3,114,2,0,0,2,124.48,132.735836300607,2.57840316906822,941.62413557034,1,0
"446",-3.19,403.398,0.2473,87.9297,26,11,2,14,6,140,2,0,0,2,158.7,151.136695259034,2.19524434451092,905.550329296485,1,1
"447",-4.26,401.846,3.3046,107.1214,28,6,3,7,2,146,3,1,1,4,94.14,165.766123467872,1.99673257882633,1109.88163249057,1,0
"448",-8.4,346.38,5.0015,96.749,26,2,0,4,4,128,4,0,0,4,17.82,149.937478546494,2.14254814635551,996.023689669878,1,1
"449",-3.88,337.382,1.6425,81.6833,22,6,2,9,2,114,2,0,1,3,99.6,130.139070447258,2.06066674958465,871.699980970591,1,0
"450",-1.19,392.444,-1.1165,86.2168,24,9,4,14,6,130,2,0,0,2,187.23,140.729074001179,2.18137325802985,951.124973298964,1,0
"451",-2.7,379.401,-0.6732,78.3034,23,9,1,14,4,124,2,0,0,2,167.62,133.521264417465,2.52812291818265,1032.09091798576,1,0
"452",-2.67,379.401,-0.6732,78.3034,23,9,1,14,4,124,2,0,0,2,167.62,133.521264417465,2.60098133136621,1049.34091798576,1,0
"453",-3.82,399.397,2.7189,106.1303,29,5,1,8,3,150,3,1,1,4,65.78,164.751618956231,1.97108747186761,1150.53044183021,3,0
"454",-2.95,383.517,0.0869000000000008,87.3617,23,7,2,11,7,132,1,0,1,2,118.8,140.270155716713,2.44423070346814,756.904264027101,1,0
"455",-1.69,391.456,-0.622999999999999,85.9527,24,8,2,13,4,130,2,0,0,2,153.58,141.30955720741,2.44596521199315,1048.2142625195,1,0
"456",-2.51,378.413,-0.883199999999999,78.6083,23,8,2,13,4,124,2,0,0,2,161.78,134.188986661602,2.68330472014576,1048.2606025243,1,0
"457",-6.14,398.4,3.7016,100.7296,28,7,3,10,6,142,3,0,0,3,141.31,159.637587151916,1.76584649648587,1130.3973704841,1,0
"458",-4.2,435.528,4.1617,121.3865,32,5,2,8,10,168,3,0,0,3,112.07,187.210531481543,1.87056008720186,1032.05295223808,1,0
"459",-2.79,379.401,-0.6732,78.3034,23,9,1,14,4,124,2,0,0,2,167.62,133.521264417465,2.68330472014576,1049.34091798576,1,0
"460",-1.99,399.819,0.547900000000001,80.1971,23,9,2,15,5,124,2,0,0,2,175.25,137.904156741103,2.37909525620431,985.384913043683,1,0
"461",-6.95,438.444,2.9093,118.5431,32,8,1,11,5,166,3,1,1,4,122.96,183.269339272008,1.44498347690213,1145.37543828537,1,0
"462",-3.82,332.311,3.9686,93.1661,25,4,2,5,2,122,2,0,2,4,87.74,141.287551586381,2.21937571604499,1156.26489048386,1,0
"463",-3.76,458.588,1.7226,125.5505,32,7,1,10,8,172,3,1,1,4,94.66,188.616030363172,1.37983872211414,1169.37780542201,1,0
"464",-2.77,460.3,0.0232000000000004,84.366,21,7,1,12,3,114,2,0,0,2,124.48,138.130126816009,2.57840316906822,941.62413557034,1,0
"465",-2.62,454.519,-0.63608,102.8715,29,12,2,15,7,152,2,1,2,4,156.09,175.667860557923,1.43741209497773,990.913744308179,1,1
"466",-3.62,497.661,2.9834,138.9157,35,5,3,8,7,188,2,1,1,3,98.74,211.218266003093,1.85572166569054,1037.39682396334,1,0
"467",-1.21,410.327,0.6818,68.3227,24,7,2,16,4,132,2,0,0,2,132.11,133.775591806352,2.55079603393063,1007.21770032481,1,0
"468",-0.14,462.513,-0.225600000000001,110.6083,31,10,3,13,7,162,2,1,2,4,150.54,184.413981509409,1.46108505546763,1058.71958591219,1,NA
"469",-6.39,375.374,5.85362,104.2273,28,2,1,5,3,138,4,0,0,4,50.19,159.463614931192,1.87578004901392,1217.4329743061,1,1
"470",-5.42,416.35,5.7641,97.029,28,4,0,11,2,146,2,1,1,3,40.32,158.869500314721,2.20498666988462,920.158946024369,1,1
"471",-3.72,511.688,2.9123,143.2962,36,5,3,8,8,194,2,1,1,3,98.74,217.583208117489,1.81544956752924,1053.46939847679,1,1
"472",-3.8,417.387,2.9043,106.056,30,5,2,9,3,156,3,1,1,4,74.57,168.707182872562,2.02798124959274,1225.56775229063,1,0
"473",-4.11,511.688,3.29182,143.6527,36,5,3,8,7,194,2,1,1,3,98.74,217.58320811749,1.8603340650455,1080.2236754998,1,1
"474",-5.44,441.404,-0.0448000000000007,111.8946,32,9,6,13,9,166,3,0,0,3,213.28,179.277519550654,1.62183484119349,1225.05868563698,1,1
"475",-4.53,416.359,1.8945,101.3417,30,6,2,10,3,154,3,2,2,5,101.45,166.711028213384,1.76176705549091,1280.50732866134,1,0
"476",-2.47,413.846,-0.0197999999999995,83.3134,24,9,1,15,4,130,2,0,0,2,167.62,143.824530644347,2.63076024510674,1100.93384240193,1,0
"477",-2.55,405.461,1.6684,100.3804,27,7,3,11,6,140,3,0,0,3,144.14,155.946054342577,1.77952623455116,1148.92972958602,1,0
"478",-1.84,1134.987,-15.2306,228.4338,77,35,21,35,7,448,0,21,21,21,554.05,433.923770499069,1.07640594084016,1467.08814682645,3,3
"479",-3.83,527.687,2.7486,145.0872,37,6,3,9,9,200,2,1,1,3,107.97,222.696753346996,1.7749632334788,1072.23013581437,1,1
"480",-2.7,419.488,1.8095,105.8184,28,7,3,11,7,146,3,0,0,3,144.14,162.310996456974,1.71554386126021,1165.6843213103,1,0
"481",-4.28,532.106,3.6368,143.9257,36,5,3,9,7,194,2,1,1,3,98.74,221.521532229974,1.8603340650455,1086.447650759,1,1
"482",-2.91,410.371,-0.1973,81.8415,25,11,2,17,6,134,2,0,0,2,218.39,142.253866236721,2.47569218162191,1075.03970849828,1,1
"483",-4.11,527.687,2.992,145.4677,37,6,3,9,8,200,2,1,1,3,107.97,222.696753346996,1.85662331020665,1099.05074729574,1,1
"484",-1.29,449.496,-2.0003,99.2265,28,10,5,16,8,152,2,0,0,2,216.33,163.170342513624,2.03821308618026,1079.16676623524,1,NA
"485",-5.69,492.436,1.48412,107.5627,33,10,2,16,7,180,2,0,0,2,152.71,185.734052981288,2.30367588301186,1156.41639937932,1,NA
"486",-5.01,555.741,3.36544,154.5612,39,6,3,9,9,212,2,1,1,3,107.97,235.42663757579,1.79657569723923,1158.61537958112,1,1
"487",-2.74,424.398,-0.765,84.9578,26,11,1,17,5,140,2,0,0,2,210.76,148.174240139965,2.71202491250329,1192.28428384597,1,1
"488",-3.98,542.658,2.8916,145.5701,38,7,3,11,8,204,2,1,1,3,141.88,225.871241725593,1.86358507531464,1180.3040281441,1,1
"489",-5.61,407.52,4.8601,114.6489,28,5,2,7,5,140,4,0,0,4,85.08,167.113225762083,1.53470809682109,1184.6563876711,1,0
"490",-2.62,484.357,2.4309,108.0804,28,7,3,12,6,146,3,0,0,3,144.14,169.813601948218,1.77673620922813,1198.54183699173,1,0
"491",-4.3,462.513,1.68642,113.6491,31,8,4,13,6,162,3,0,0,3,173.24,178.387322855022,1.67103747154501,1308.30613072922,1,0
"492",-8.65,540.659,7.093,113.6279,34,4,2,14,4,178,3,0,0,3,80.32,202.133855347848,1.74319105776358,1244.78451345341,1,2
"493",-2.55,461.795,2.7114,102.8856,29,6,3,13,6,154,3,0,0,3,130.75,169.549915766414,2.01301933799316,1209.89309214981,1,0
"494",-1.82,473.458,2.6872,105.3824,31,7,3,14,6,164,3,0,0,3,144.14,174.807602665752,1.80284860938759,1312.09371098666,1,0
"495",-4,482.931,2.0314,113.9221,31,8,4,14,6,162,3,0,0,3,173.24,182.325646967507,1.67103747154501,1313.87791245392,1,0
"496",-0.75,1297.128,-17.4064,261.0672,88,40,24,40,8,512,0,30,30,30,633.2,495.717383747521,0.975393516346852,1704.41305902536,3,3
"497",-4,659.821,3.6615,178.873899999999,47,9,4,12,18,262,2,0,0,2,153.68,278.378278707369,2.47611198032101,1255.79624754621,1,1
"498",-1.57,495.411,2.3639,100.1704,32,7,3,16,6,170,3,0,0,3,144.14,176.773731357208,1.89507116625995,1388.47183367709,1,0
"499",-6.77,520.534,4.6543,135.7296,38,7,2,9,10,198,3,0,2,5,120.75,219.027530334943,1.68733766485299,1366.14991974464,1,1
"500",-5.27,611.743,2.7172,166.5302,45,6,3,10,5,236,3,4,5,8,118.21,262.235659389045,1.1163811009194,1689.79343842474,1,1
"501",-5.97,608.688,4.1711,160.6872,44,10,1,11,8,236,3,2,3,6,117.78,256.173423468097,1.29356464285883,1526.48178275057,1,NA
"502",-4.45,527.414,7.18370000000001,141.5886,35,4,2,5,6,174,5,0,0,5,70.67,210.8015306467,1.50407071599895,1507.15074913531,1,2
"503",-8.46,781.902,13.1405,217.642199999999,54,4,4,8,12,296,2,4,4,6,115.06,332.290113231379,1.19439269353223,1712.85640296721,1,2
"504",-2.37,817.042,1.1787,219.159599999999,58,11,9,17,26,326,2,0,0,2,247.34,342.40845496277,2.20291812942625,1512.98070297155,1,3
"505",-2.22,772.945,1.30400000000001,204.1592,55,10,9,17,22,306,2,0,0,2,266.96,322.260973994238,2.2463187832964,1529.96627438611,1,NA
"506",-3.95,667.854,2.366,181.4889,46,9,4,13,13,246,3,1,1,4,149.96,277.162444397488,1.45761572810113,1513.91351196022,1,1
"507",-5.18,624.391,7.49724000000001,143.8604,35,5,2,8,4,186,3,0,1,4,83.83,223.095749610692,2.32744442414559,1389.62388259844,1,2
"508",-3.36,762.953,3.0972,207.004999999999,55,9,7,15,20,300,3,0,0,3,216.53,323.147243288806,1.7588635020839,1646.51428349114,1,2
"509",-3.42,762.953,3.0972,207.004999999999,55,9,7,15,20,300,3,0,0,3,216.53,323.147243288806,1.7588635020839,1646.51428349114,1,2
"510",-2.38,778.952,2.3356,208.169999999999,56,9,7,16,20,306,3,0,0,3,230.58,328.105487027075,1.75609130138611,1695.03783082864,1,2
"511",-2.85,791.007,3.1609,217.101399999999,57,9,8,15,21,312,3,0,0,3,229.66,335.632428119269,1.75707844735909,1727.14179702742,1,2
"512",-3.4,791.995,2.597,215.096399999999,57,10,8,16,21,312,3,0,0,3,242.55,334.852076100215,1.74883903991384,1700.09225564174,1,NA
"513",-3.39,1139.764,6.8482,178.832,34,4,4,14,9,182,2,0,0,2,132.8,276.313343238779,1.94011889606202,1095.61951378827,1,2
"514",-4.7,831.072,4.08520000000001,228.838399999999,60,9,8,15,21,328,3,1,1,4,229.66,353.721423308929,1.50534468948419,1808.97673874705,1,2
"515",-3.13,805.974,3.3279,215.882799999999,58,9,8,16,21,316,3,0,0,3,240.94,339.248293274496,1.79264118842921,1781.00283978068,1,2
"516",-5.57,740.946,3.0813,203.605399999999,54,6,2,12,6,290,2,4,4,6,139.44,318.521627791634,1.42454147816005,1671.51325711058,1,1
"517",-2.82,849.043,2.65660000000001,228.525199999999,61,10,9,17,23,334,3,0,0,3,266.96,357.318068200302,1.78147204573954,1882.41633663683,1,NA
"518",-2.58,755.921,1.9435,202.980499999999,55,7,5,15,6,294,3,4,4,7,192.7,320.266347545353,1.28061783112001,1893.49666459205,1,NA
"519",-2.7,742.922,1.51960000000001,203.480499999999,54,8,4,14,9,290,2,2,3,5,186.61,316.792952432883,1.58599889736075,1672.62324007612,1,1
"520",-3.98,766.944,2.6154,208.629799999999,56,7,4,14,6,298,3,4,4,7,176.91,327.057187124338,1.27523566203479,1934.36871916523,1,1
"521",-2.75,780.971,1.98190000000001,214.480799999999,57,7,4,14,6,304,3,4,4,7,167.26,333.597372813595,1.30344540845628,1968.26562769023,1,1
"522",-2.6,754.893,1.53920000000001,201.9885,55,8,5,16,6,292,3,3,4,7,205.06,318.766863937051,1.28520629481444,1942.77360837025,1,NA
"523",-4.04,738.89,2.2727,201.621399999999,54,8,2,14,6,286,2,2,4,6,164.16,315.522660575031,1.43492404484381,1769.59245416332,1,1
"524",-6.41,170.34,4.9272,57.5180000000001,12,0,0,0,9,74,0,0,0,0,0,78.7536142861922,2.72724281291869,56.4385618977472,2,0
"525",-7.456,198.394,5.70740000000001,66.7520000000001,14,0,0,0,11,86,0,0,0,0,0,91.4834985149855,2.78476553055458,74.0391000173077,3,1
"526",-1.275,106.95,1.5248,19.124,3,0,0,1,0,18,0,0,0,0,0,28.2821377156833,2.1874960973679,10.2646625064904,1,0
"527",-0.858,72.107,1.1664,21.823,5,1,0,1,2,30,0,0,0,0,9.23,32.258019568342,2.4017152226172,24.8289214233104,3,0
"528",-1.344,220.976,2.6804,42.4985,11,4,0,7,4,66,0,0,0,0,44.76,74.6412531555942,4.10254190931309,180.531079561718,3,0
"529",0.799,158.072,-2.0646,33.6194,8,0,0,3,2,52,0,0,0,0,0,62.6251841216458,0,48.8805845212363,1,0
"530",-4.63,298.304,3.22838,77.214,19,6,0,7,7,102,1,0,0,1,63.84,117.583560264417,2.88095075429043,503.455822669441,3,0
"531",-2.245,214.294,0.3715,56.9234,14,6,1,6,1,78,1,0,0,1,73.8,86.6881415319763,3.39709120022821,393.308244656322,3,0
"532",-4.133,305.34,2.52732,79.2610000000001,19,7,0,8,7,108,1,0,0,1,56.71,118.905691344103,3.06071972664125,460.498674316251,3,0
"533",-1.993,329.318,2.6633,82.2475,21,8,0,9,7,114,2,0,0,2,83.31,125.466848413349,2.21778604558006,710.959910833716,1,0
"534",-3.834,341.19,4.726,85.084,22,4,0,6,5,116,2,0,0,2,44.76,138.056956025475,2.03971725947111,655.695423998274,4,0
"535",-6.99,391.294,6.1133,103.304,26,3,0,5,6,136,2,1,1,3,35.53,163.072687182238,1.59218354551333,811.01571960104,3,1
"536",-1.604,381.37,0.48562,88.2377,26,9,2,12,5,138,2,0,0,2,149.47,148.382786759116,2.23596490957368,946.5935872986,1,0
"537",-2.511,146.111,2.7054,31.444,10,0,0,3,0,54,1,0,0,1,0,56.2929514426723,2.96604317858166,199.841246033663,3,0
"538",1.558,45.085,-0.1644,14.9837,3,1,1,1,0,20,0,0,0,0,12.03,20.6540553258342,1.63299316185545,2.75488750216347,2,0
"539",-2.503,207.107,2.3192,39.7632,14,3,1,7,1,76,1,0,0,1,63.37,75.7401609173681,3.26788641470428,374.933036138638,1,0
"540",0.519,163.387,1.4412,27.9258,7,1,1,5,0,42,0,0,0,0,37.3,54.969747675111,3.79111841708697,83.4259219652206,4,0
"541",-2.639,150.177,1.9849,42.7283,11,2,1,2,2,58,1,0,0,1,37.3,65.4819853149266,2.89534803598876,248.77017257091,1,0
"542",-4.67,253.43,4.5297,77.6580000000001,18,1,0,2,11,106,0,1,1,1,20.31,113.128907360497,1.77077712905013,215.142500004584,3,0
"543",-3.223,297.439,3.8404,84.1668000000001,21,2,1,4,12,122,0,1,1,1,57.61,128.449605327133,1.92662966008348,317.157081318921,1,0
"544",-0.954,143.142,-0.4507,33.3798,10,2,1,4,1,56,0,1,1,1,57.61,58.4352420687703,2.57210423878657,177.831742237878,1,0
"545",0.804,157.169,-0.3623,37.76,11,3,0,4,1,62,0,1,1,1,46.61,65.1194956604777,2.53186784695192,190.124707605152,1,0
"546",-1.246,227.304,1.5882,60.845,16,3,0,4,6,92,0,1,1,1,46.61,96.9442062324608,2.28196376759873,252.64842783252,1,0
"547",0.501,107.156,1.644,33.615,8,1,0,1,1,42,1,0,0,1,12.89,49.3809353292367,2.83208583500709,145.732814450335,1,0
"548",0.447,107.156,1.69844,33.711,8,1,0,1,0,42,1,0,0,1,12.89,49.3809353292367,3.07766043797055,164.246629464596,1,0
"549",-2.813,260.253,1.1077,67.1701,19,5,1,7,5,98,2,0,0,2,90.06,108.586463563459,1.91023190134355,579.670248604383,1,0
"550",-6.3,237.258,2.5037,69.2957,18,3,1,3,1,88,2,0,1,3,46.17,104.450398898917,2.33887786470711,673.943861122474,3,0
"551",-5.859,238.246,1.6264,68.5738,18,4,2,4,0,88,2,0,1,3,86.18,103.215375994938,2.40941506694545,644.935333968713,1,0
"552",-5.746,268.272,1.635,75.1258,20,5,2,5,1,100,2,0,1,3,95.41,114.693863338841,2.39050314982751,765.95420985553,1,0
"553",-6.293,314.345,3.8288,88.6872,23,6,1,7,7,120,2,0,0,2,91.33,133.602086772536,2.06058221147532,668.729632896532,1,0
"554",-6.57,378.816,3.76302,99.846,26,7,2,9,8,138,2,0,0,2,111.56,155.06452886601,2.21829621953448,807.345038667106,1,0
"555",-6.269,369.402,4.1392,100.0716,26,5,2,8,6,132,3,0,0,3,101.34,150.059067513756,1.94121673338422,1022.81656009307,2,0
"556",-6.13,373.8,4.37598,98.2532,26,7,1,9,8,134,2,0,0,2,115.12,154.662874795283,2.11820556516649,833.28225827471,1,0
"557",-2.205,160.172,2.251,47.2776,12,2,2,2,0,60,2,0,0,2,40.46,69.7015351556242,2.78665308140511,379.858135253228,1,0
"558",-1.063,126.111,0.65382,31.3798,9,3,1,3,0,48,1,0,0,1,50.44,51.5569179101424,3.42573121552281,261.250637281044,1,0
"559",0.277,176.124,-1.4074,35.2562,12,6,4,6,2,68,0,0,1,1,107.22,67.3205297524338,2.72648385553051,232.192809488736,1,0
"560",-0.504,303.358,0.918099999999999,79.3828,22,5,1,5,4,118,1,3,3,4,62.3,129.370952898729,1.42000281787668,545.037182254803,5,0
"561",-4.402,290.447,3.9591,82.7408000000001,21,2,1,2,0,118,0,4,4,4,37.3,128.240640325091,1.63753937665709,458.482706636342,3,0
"562",-4.122,288.431,3.8792,82.7168,21,2,1,2,0,116,0,3,4,4,37.3,127.551037292907,1.69235465936372,507.695743080171,5,0
"563",-1.343,220.228,0.8279,59.2787,16,3,4,5,3,84,2,0,0,2,99.34,91.5069347168848,2.37483996145298,533.009238741898,1,0
"564",-0.489,90.078,-1.4615,19.1566,6,3,2,3,2,36,0,0,0,0,57.53,35.2191248610586,2.96490049475906,43.3029689088065,1,0
"565",-3.046,244.316,0.7968,61.5932,16,3,3,6,5,90,0,2,2,2,78.43,98.3521800952054,1.7030406543935,297.788729266362,1,0
"566",0.402,124.161,-0.0175000000000001,26.4698,7,3,0,4,2,44,0,0,0,0,43.37,43.4170827439743,3.60219682241508,123.115446052588,1,0
"567",0.522,150.155,-0.1559,32.6626,9,3,3,5,3,52,0,0,0,0,74.6,56.9006557389006,3.63243215193984,132.529325012981,1,0
"568",-2.627,149.193,1.8615,45.4759,11,2,1,2,2,58,1,0,0,1,43.09,66.0276422597433,2.89534803598876,250.77017257091,3,0
"569",-1.36,62.499,1.3687,16.05,3,0,0,1,0,18,0,0,0,0,0,24.7178563369236,2.1874960973679,10.2646625064904,5,0
"570",-0.276,46.044,1.0994,11.305,3,0,0,1,0,18,0,0,0,0,0,18.5801255129681,2.1874960973679,10.2646625064904,3,0
"571",-3.411,154.465,2.3803,16.855,8,0,0,6,0,50,0,0,0,0,0,46.235136383739,4.0203915431768,65.4099095342171,3,0
"572",-4.518,188.017,2.7463,17.057,11,0,0,8,0,68,0,0,0,0,0,54.7934184800326,4.74840857792517,120.396610346116,1,0
"573",0.179,192.167,-2.3214,39.84,13,5,5,6,1,76,0,1,1,1,118.22,74.0557634217038,2.78660068840734,203.028306855727,1,NA
"574",-2.432,137.02,2.0373,28.632,5,0,0,1,1,32,0,0,0,0,0,41.7016249766607,2.53953886135939,17.6096404744368,1,0
"575",-3.163,72.151,2.0524,25.129,5,0,0,0,1,32,0,0,0,0,0,34.199019485416,2.53953886135939,14,3,0
"576",-0.615,89.094,0.6715,22.1304,6,2,0,3,1,36,0,0,0,0,43.14,36.1221109791226,3.25758616123349,59.8135375281251,3,0
"577",-2.597,292.36,1.5058,78.3237,20,5,3,6,5,106,2,0,0,2,92.42,117.527766568958,2.27490503347506,664.570133342662,1,0
"578",-1.634,172.268,1.6985,48.8796,12,2,2,2,1,72,0,1,1,1,40.46,74.6063664082618,2.46886397901072,145.71173956631,5,0
"579",-4.353,270.372,4.78520000000001,82.2776,20,2,2,2,5,106,2,0,0,2,40.46,120.266617516333,2.31631965717855,476.849609870816,3,0
"580",-4.948,266.34,4.6046,83.5156,20,2,2,2,3,102,2,0,0,2,40.46,118.887411451964,2.43861544657104,572.623369404589,1,0
"581",-2.149,183.119,0.9986,41.7205,13,4,2,6,2,68,1,0,0,1,100.67,72.1993105608292,3.34544197081099,340.895693099883,1,0
"582",-5.916,247.301,4.8374,78.9784,19,3,1,3,2,92,3,0,0,3,50.74,110.956830398798,2.09813991811311,733.32503980406,1,0
"583",-1.44,275.348,1.8884,75.0888,20,4,1,4,3,108,1,2,2,3,49.77,118.898296708355,1.5975120721745,461.870145812477,1,0
"584",-0.1,180.156,-3.8346,36.0408,12,6,6,6,0,72,0,1,1,1,121.38,68.3235329594594,2.76025207562521,103.587975038942,4,1
"585",-2.669,247.55,2.0646,51.4152,16,6,0,10,3,84,1,0,0,1,129.42,91.693596513878,3.57275453805513,466.032394537425,1,0
"586",-1.259,254.15,0.4794,54.2792,18,4,4,8,4,94,1,0,0,1,149.2,98.7141949860425,3.70990953145218,473.23556602352,1,0
"587",-3.853,285.343,2.9972,81.17,21,3,0,4,3,110,1,1,2,3,38.77,124.203344235694,1.55965471497978,571.397994523531,1,0
"588",-2.374,236.334,2.3836,37.229,6,0,0,3,2,38,0,0,0,0,0,59.5074966947872,2.75418478603766,27.9741684510371,3,0
"589",-0.115,128.986,0.8249,27.4468,6,1,1,3,2,38,0,0,0,0,20.23,46.8699014625821,2.75418478603766,27.9741684510371,1,0
"590",-3.567,195.476,3.5133,45.679,10,0,0,3,0,54,1,0,0,1,0,74.7061439145386,2.96604317858166,199.841246033663,1,0
"591",0.275,176.124,-0.3634,35.6314,12,3,3,6,5,68,0,0,0,0,111.9,67.4312291565319,4.13598232721313,192.083849978623,1,0
"592",-3.695,198.265,3.4034,61.377,15,1,0,1,4,76,2,0,0,2,9.23,90.3319267838611,1.80958075796959,341.098158962461,3,0
"593",-1.964,138.126,0.5075,35.2575,10,2,2,4,2,52,1,0,0,1,65.98,57.2211906847031,2.63733777901429,238.260311847418,1,0
"594",-1.905,130.187,1.7397,36.158,9,2,0,2,4,54,0,0,0,0,26.3,56.2039710437598,3.06131683937216,78.9853361685981,5,0
"595",-3.74,86.178,2.4425,29.746,6,0,0,0,2,38,0,0,0,0,0,40.5639615998126,2.62721484789886,21.2192809488736,3,0
"596",-2.159,144.258,2.4395,44.9168,10,1,1,1,4,62,0,0,0,0,20.23,64.4530216951984,3.33743034862928,66.7974515459134,3,0
"597",-0.294,116.189,0.00560000000000005,34.9851,7,1,2,3,2,40,0,0,0,0,38.05,48.3930074666607,2.96705288326978,79.7589800644238,1,0
"598",-1.261,70.091,1.29,21.479,5,1,0,1,2,28,0,0,0,0,9.23,31.5684165361577,2.65316307468033,32.9126093832433,3,0
"599",0.835,146.238,-1.917,43.8482,10,4,4,4,7,62,0,0,0,0,76.1,62.3434673610541,2.64760484894383,49.7095059445467,3,0
"600",0.723,189.307,-2.3274,56.7179,13,5,5,5,10,80,0,0,0,0,88.13,80.6232137734554,2.75814981843329,78.6035714714179,3,NA
"601",-1.927,228.335,0.5919,53.0006,13,4,0,6,4,80,0,0,0,0,68.28,80.1797004777824,5.48931710119621,325.296722903143,1,0
"602",-3.638,200.028,2.5412,19.788,12,0,0,8,0,72,0,1,1,1,0,60.1525294409,3.15959179422654,151.097750043269,3,0
"603",-2.661,311.381,2.4245,87.0020000000001,23,4,0,4,2,120,1,1,4,5,30.93,135.873589286891,1.83945022276946,766.123384832381,1,0
"604",-3.107,198.134,1.5116,46.3028,14,5,0,7,3,74,1,0,0,1,95.51,78.2158419084001,3.27441444539339,389.666586146426,1,0
"605",-1.901,180.926,2.2392,19.878,7,0,0,5,0,44,0,0,0,0,0,45.6338823595725,3.5411969650799,55.2003594760379,1,0
"606",-3.537,344.319,1.49982,84.7611,25,7,2,7,2,130,1,0,2,3,117.97,142.457544287088,2.41334871581102,922.08765060108,1,0
"607",0.821,151.118,-2.0212,30.9828,10,5,3,6,4,60,0,0,0,0,103.83,56.8697543501072,4.305619426083,112.551695836202,3,0
"608",-2.535,445.468,2.6688,115.9148,32,8,1,9,10,172,2,0,1,3,103.76,185.941867200416,2.08681876864661,1031.38694654959,1,0
"609",-4.652,316.485,4.5153,91.8808000000001,23,2,1,2,1,128,0,3,4,4,37.3,140.2809215217,1.66196312434675,550.044823834248,1,0
"610",-2,114.094,1.9648,26.358,8,0,0,2,0,42,1,0,0,1,0,45.7624739253494,3.13486151134545,162.638338914672,3,0
"611",-1.478,126.077,1.7088,22.204,8,1,0,4,2,48,0,0,0,0,9.23,44.7546257771207,3.23928074526634,75.8428331035301,1,0
"612",-3.955,530.658,3.0138,138.1102,38,8,4,8,3,210,1,4,5,6,129.59,223.206561571432,1.21147111920598,1126.8120625446,1,1
"613",0.363,190.246,0.555,54.4197,14,3,1,3,0,74,1,1,2,3,34.03,82.7503972500118,2.14693416135399,409.993712894155,1,0
"614",-0.694,130.099,0.1019,29.0286,9,2,2,4,2,50,0,0,0,0,74.6,51.4209281577113,4.16921453373428,167.796808334038,1,0
"615",0.754,176.171,-1.2805,27.9642,9,4,2,8,2,56,0,0,0,0,108.74,51.9965230479108,4.45822708155091,236.17972125264,5,0
"616",-1.507,92.569,2.0237,25.606,5,0,0,1,0,32,0,0,0,0,0,38.1373435979011,3.02371578407382,19.1194154787637,1,0
"617",-4.512,325.191,3.7924,82.5358,21,3,1,5,4,110,2,0,0,2,46.53,132.624099318657,2.55453937464334,575.475277933952,3,0
"618",-2,92.569,1.8812,25.558,5,0,0,1,1,32,0,0,0,0,0,38.137343597901,2.53953886135939,17.6096404744368,1,0
"619",-1.72,262.217,1.4456,64.6405,19,6,5,6,2,98,2,0,0,2,118.22,106.986130300981,2.52840068593239,639.173284799193,1,NA
"620",-1.226,168.148,0.2213,39.027,12,4,0,4,1,64,0,0,1,1,60.44,69.1965231725305,2.98366314642803,287.432985745165,2,0
"621",-1.784,164.164,0.26558,42.95,12,4,0,4,1,62,1,0,0,1,55.02,69.623495941248,3.49387104969887,387.024825756169,1,0
"622",-0.517,212.198,-4.2245,44.2056,14,7,7,7,6,86,0,0,0,0,141.61,80.4885399795813,4.2217137090863,136.973736602512,1,1
"623",-1.174,298.291,-0.932100000000001,70.8417,21,7,4,7,4,116,1,1,1,2,116.45,120.910656448982,2.0846314529379,484.600819567713,1,0
"624",-3.74,312.42,2.2186,80.2719,20,6,2,8,3,108,2,0,0,2,97.97,121.646907356893,2.24548488704735,699.803707442986,1,0
"625",0.538,107.156,1.644,33.615,8,1,0,1,1,42,1,0,0,1,12.89,49.3809353292367,2.83208583500709,145.732814450335,1,0
"626",-2.369,245.322,2.4686,69.4525,18,3,0,3,2,96,1,2,2,3,29.54,107.739120841762,1.62907509649747,417.37955886516,3,0
"627",-0.768,145.202,1.3885,39.8627,10,2,1,3,3,60,0,0,0,0,38.33,61.7538332273679,3.21702316769915,101.779229166139,1,0
"628",-2.467,158.241,2.5199,45.392,11,2,0,2,6,66,0,0,0,0,26.3,68.933855272553,3.04042566587603,99.7358554636979,3,0
"629",-0.649,117.104,-0.7929,26.3195,8,2,2,4,2,46,0,0,0,0,66.4,46.501217506911,3.18184586709362,95.8510503154494,3,0
"630",-0.265,388.369,-1.9426,85.5922,27,10,4,10,4,152,0,2,3,3,151.98,154.825388492302,1.81501217731933,616.835381491983,1,NA
"631",-0.837,210.141,0.7812,47.3199,15,3,3,6,3,78,1,0,0,1,111.9,83.3934970194061,3.55594512931231,415.66583328698,1,0
"632",-3.504,447.01,2.0107,77.386,16,4,0,6,4,88,1,0,0,1,48.3,120.645998830704,2.74839318587602,415.930549313635,1,0
"633",-4.452,282.906,3.0537,46.859,8,0,0,2,0,42,1,0,0,1,0,70.560788846182,3.03245553203368,147.388338914672,3,0
"634",-0.293,98.101,0.8371,24.466,7,2,0,2,0,38,0,0,1,1,26.3,41.7786526292531,2.58031813556697,124.041843979966,1,0
"635",-0.411,102.177,1.4133,31.1358,7,1,1,1,1,44,0,0,0,0,20.23,45.3581953520086,3.5411969650799,49.690584471711,3,0
"636",-0.723,116.204,1.8034,35.7528,8,1,1,1,0,50,0,0,0,0,20.23,51.7231374664052,4.0203915431768,59.3680655542506,1,0
"637",-5.284,384.516,4.5753,106.411,28,4,0,4,2,152,0,2,4,4,60.44,167.328500510104,1.79003153035944,820.461784210351,1,0
"638",-0.167,132.115,0.1818,29.0526,9,2,2,4,2,52,0,0,0,0,74.6,52.1105311898955,4.38172868330212,131.036984590467,1,0
"639",-0.32,146.142,0.5719,33.6696,10,2,2,4,3,58,0,0,0,0,74.6,58.4754733042921,4.12751248705563,159.130751455403,1,0
"640",-1.001,116.204,1.9475,35.8228,8,1,1,1,3,50,0,0,0,0,20.23,51.7231374664052,3.37338155256366,57.4071655715584,3,0
"641",-3.085,243.131,1.4198,52.9572,17,7,0,10,4,90,1,0,0,1,138.65,92.8688176308998,3.62543061821192,477.183940735032,1,0
"642",-1.481,145.161,1.5281,44.5687,11,1,1,2,0,54,2,0,0,2,32.86,63.4942377322224,3.03078990093924,425.260820876106,3,0
"643",-2.273,225.247,2.2568,64.6807,17,2,1,3,2,84,2,0,0,2,46.17,99.0912879380498,2.07992656273387,470.933177853866,1,0
"644",-4.217,329.906,2.8958,51.876,8,0,0,2,0,42,1,0,0,1,0,75.9550793615842,3.13486151134545,162.638338914672,3,0
"645",0.713,88.174,-0.4591,27.9687,6,0,1,1,2,38,0,0,0,0,4.44,39.9588531556194,2.75418478603766,23.1194154787637,1,0
"646",-2.49,144.258,2.7277,45.0568,10,1,1,1,6,62,0,0,0,0,20.23,64.4530216951984,2.9984190943753,53.7486059618544,1,0
"647",-2.63,106.596,2.4138,30.223,6,0,0,1,2,38,0,0,0,0,0,44.5022857122976,2.62721484789886,25.1194154787637,3,0
"648",-4.518,329.906,2.8958,51.876,8,0,0,2,0,42,1,0,0,1,0,75.9550793615842,3.07766043797055,166.388338914672,3,0
"649",-2.744,144.258,2.7277,45.0568,10,1,1,1,6,62,0,0,0,0,20.23,64.4530216951984,2.77318885592747,59.7486059618544,1,0
"650",-1.245,211.129,0.1762,45.1149,15,4,3,7,3,78,1,0,0,1,124.79,82.6131450003526,3.55594512931231,420.195158299961,1,0
"651",-3.203,191.455,3.1025,39.152,8,0,0,2,0,42,1,0,0,1,0,61.60221695202,3.13486151134545,164.638338914672,5,0
"652",-0.215,196.984,0.3092,32.6036,9,2,2,5,3,52,0,0,0,0,74.6,59.6131366811403,3.63243215193984,132.529325012981,1,0
"653",-3.834,259.221,3.2466,69.4755,19,5,1,7,4,96,2,0,0,2,98.31,107.344310954169,2.39914500843166,628.126551696686,1,0
"654",-2.427,294.336,1.2583,74.8639,20,6,2,8,5,106,2,0,0,2,107.2,116.390205087195,2.17155906898845,668.853552242815,1,0
"655",-5.298,170.255,3.9632,58.037,13,0,0,0,1,66,2,0,0,2,0,79.207893994422,2.61987386972831,413.062753695611,1,0
"656",-5.407,306.515,4.4839,88.2838000000001,21,2,1,2,0,118,0,5,5,5,20.23,133.196397096884,1.47373070328525,464.482706636342,1,0
"657",-1.747,92.141,1.4231,31.517,7,0,0,0,2,36,0,0,0,0,0,44.9273544979277,2.76838557904579,84.1871678596017,1,0
"658",-2.487,144.258,2.5852,45.0088,10,1,1,1,6,62,0,0,0,0,20.23,64.4530216951984,2.77318885592747,59.7486059618544,4,0
"659",-4.161,260.676,2.6409,67.5226,18,2,2,4,1,90,2,0,1,3,57.53,108.265806232142,2.42405266121804,665.838722003245,5,0
"660",-1.19,294.303,-0.6178,68.0816,21,6,2,6,1,114,0,5,5,5,91.82,121.220307122508,1.75593806015146,596.971262626573,1,0
"661",-5.358,269.304,2.4981,79.7074,20,4,2,5,3,102,1,0,1,2,70.56,116.619072004567,2.05427675169704,625.023640618554,1,0
"662",-4.094,124.227,2.9801,42.209,9,0,0,0,5,52,0,0,0,0,0,58.6580133348617,2.68805533088827,76.5293250129808,3,0
"663",-1.42,310.302,-1.5029,69.5414,22,7,3,7,1,120,0,5,5,5,112.05,126.014540874704,1.79284745922037,641.802220709202,1,0
"664",-2.591,144.258,2.7277,45.0568,10,1,1,1,6,62,0,0,0,0,20.23,64.4530216951984,2.96801504103694,61.7486059618544,1,0
"665",-0.605,120.535,1.2136,27.2458,7,1,1,3,1,40,0,0,0,0,37.3,46.4034964179566,3.67922803196239,102.257422272016,3,0
"666",-4.858,331.412,2.9649,88.498,24,4,0,5,4,130,0,1,3,3,63.68,142.269454761854,1.61158435496958,638.854272696678,3,0
"667",-0.688,144.126,-2.2416,28.342,10,4,0,4,3,58,0,0,0,0,80.26,58.4754733042921,4.06951190893201,133.82680599647,1,0
"668",-4.779,300.314,3.78422,83.2954,22,4,2,6,3,114,2,0,0,2,76.66,127.598124809465,1.99105692042455,685.350953142825,3,0
"669",-2.419,144.258,2.5852,45.0088,10,1,1,1,5,62,0,0,0,0,20.23,64.4530216951984,3.87477496312048,66.5327890394229,1,0
"670",-2.973,375.468,3.0715,106.6858,28,4,1,4,3,144,2,1,4,6,41.93,164.936032933432,1.4520691118504,955.822664071123,1,0
"671",-1.843,309.529,-0.462899999999999,57.7964,17,6,3,9,2,100,0,2,2,2,88.38,111.915319147301,2.01213074656242,284.924306425664,1,0
"672",-4.933,428.12,4.3991,92.5108,22,3,1,5,4,116,2,0,0,2,46.53,146.117604190573,2.54761868397009,603.109197339405,2,0
"673",-4.193,311.853,4.1574,89.1310000000001,21,2,0,4,9,118,1,0,0,1,29.54,132.783933604495,3.0405929299275,426.166290346097,3,0
"674",-3.02,209.293,1.85272,62.3704,15,3,2,4,5,84,1,0,0,1,57.78,90.1366781658181,2.9373311083142,370.586050315516,3,0
"675",-2.575,225.296,1.5224,63.9184,16,6,2,6,6,90,1,0,0,1,71.96,95.8582114598357,2.85273101371587,330.985469524808,3,0
"676",-1.614,110.971,2.3253,25.463,5,0,0,2,0,30,0,0,0,0,0,41.3860646782019,3.14319730627807,42.8547529722733,1,0
"677",-0.976,200.577,1.7364,45.3706,13,2,2,5,2,68,1,0,0,1,74.6,78.3760652796514,3.42734420450642,372.406818028723,1,0
"678",-1.997,228.321,1.6112,61.4677,15,4,1,6,1,84,1,0,0,1,58.12,93.5053286748376,2.89463159051153,355.239471952935,3,0
"679",-4.814,332.362,3.93112,87.2611,21,5,1,8,8,118,1,0,0,1,73.63,129.765393506239,3.11238764979726,552.972839480522,3,0
"680",-4.552,356.418,4.3655,97.8922,25,2,1,5,4,128,2,0,1,3,54.37,147.518542481578,2.10111205789825,939.913669117438,3,0
"681",-1.202,210.229,0.7707,51.749,15,4,0,4,2,82,0,1,2,2,52.6,88.2375414916542,2.23955948795946,290.549611129118,1,0
"682",-5.693,266.425,4.9045,82.0000000000001,19,2,0,2,9,110,0,0,0,0,26.3,118.474186123357,3.9017092211714,300.383925698159,3,0
"683",-4.561,363.816,4.466,95.3515,25,3,0,6,5,132,2,0,0,2,46.61,150.708316855943,2.45078172289676,764.519451387341,3,0
"684",-6.625,421.734,5.3408,92.8868000000001,28,5,0,12,6,150,2,0,0,2,89.52,159.979458736937,2.72555004271945,881.335872141877,3,1
"685",-1.179,166.188,-0.389700000000001,45.2965,12,6,3,6,2,64,1,1,1,2,102.74,69.4089858296306,2.17704778361574,273.839826425779,3,0
"686",-5.674,377.849,5.0724,97.869,25,6,0,7,6,130,3,0,0,3,57.65,153.660307696083,1.72936735313358,895.668379670524,1,1
"687",-2.64,70.135,1.9505,23.085,5,0,0,0,0,30,0,1,1,1,0,33.1931883318868,2.08333333333333,11.6096404744368,3,0
"688",-3.55,86.178,2.4425,29.746,6,0,0,0,0,38,0,0,0,0,0,40.5639615998126,3.16848987267057,29.7931939044795,3,0
"689",-3.1,84.162,2.3406,27.702,6,0,0,0,0,36,0,1,1,1,0,39.5581304462834,2,15.5097750043269,5,0
"690",-2.54,70.135,1.9725,25.105,5,0,0,0,1,30,0,0,0,0,0,33.5094164532317,2.62241580799022,27.0195500086539,1,0
"691",-3.82,98.189,2.7527,34.339,7,0,0,0,3,42,0,0,0,0,0,46.2393006820249,2.68915741183995,44,1,0
"692",-2.36,82.146,1.8098,28.358,6,0,0,0,2,34,0,0,0,0,0,39.5631869916719,2.54385764444842,47.5488750216347,1,0
"693",-3.31,120.195,2.61186,40.653,9,0,0,0,0,48,1,0,0,1,0,56.5262294626868,3.17167803044092,211.278337041356,3,0
"694",-3.75,134.222,2.8114,45.198,10,0,0,0,2,54,1,0,0,1,0,62.8911715770834,2.79725126296979,160.698213245299,5,0
"695",-3.77,134.222,3.11842,45.268,10,0,0,0,1,54,1,0,0,1,0,62.8911715770834,2.89376278360668,193.78322454352,3,0
"696",-4.17,168.239,3.2774,55.69,13,0,0,0,2,64,2,0,0,2,0,78.8534394399576,2.16147575057866,310.812482336993,3,0
"697",-4.91,166.223,3.2578,54.684,13,0,0,0,0,62,2,0,1,3,0,77.8476082864284,2.32072798474084,411.600419055168,5,0
"698",-4.74,156.228,3.45664,53.422,12,0,0,0,0,60,2,0,0,2,0,72.8429518800254,2.94337285206139,372.057866193448,5,0
"699",-4.72,156.228,3.45664,53.422,12,0,0,0,0,60,2,0,0,2,0,72.8429518800254,2.83951994281084,372.807866193448,3,0
"700",-4.63,154.212,2.9384,51.356,12,0,0,0,0,58,2,0,1,3,0,71.8371207264962,2.58040555112664,401.982628621558,5,0
"701",-5.89,192.261,4.30142,66.191,15,0,0,0,0,72,3,0,0,3,0,89.159674297364,2.59796835956271,581.656722113374,3,0
"702",-0.63,84.933,1.4215,16.573,3,0,0,2,0,20,0,0,0,0,0,29.3457834815929,1.63299316185545,2.75488750216347,3,0
"703",-1.54,163.829,2.1425,24.421,4,0,0,3,0,26,0,0,0,0,0,43.2133310872343,2.32379000772445,10.7548875021635,3,0
"704",-1.9,208.28,2.2986,27.495,4,0,0,3,0,26,0,0,0,0,0,46.7776124659939,2.32379000772445,10.7548875021635,5,0
"705",-1.68,187.862,1.7762,27.588,4,0,0,2,1,26,0,0,0,0,0,42.8392883535089,1.97474487139159,6,3,0
"706",-2.29,169.993,1.8314,29.178,4,0,0,1,1,26,0,0,0,0,0,40.7309733776664,1.97474487139159,5.24511249783653,1,0
"707",-2.03,92.569,2.0253,25.628,5,0,0,1,2,32,0,0,0,0,0,38.1373435979011,2.19060968716425,11.1194154787637,5,0
"708",-2.69,141.041,2.6311,35.247,7,0,0,2,1,44,0,0,0,0,0,54.8055519391793,3.5411969650799,51.5907190016011,1,0
"709",-1.3,96.944,1.9352,20.846,4,0,0,2,0,24,0,0,0,0,0,35.0211225638053,2.54919333848297,19.2192809488736,1,0
"710",-3.22,279.846,2.3276,37.18,4,0,0,2,0,24,0,0,0,0,0,52.9382663521292,2.54919333848297,19.2192809488736,1,0
"711",-1.96,131.389,2.5017,25.642,5,0,0,3,0,30,0,0,0,0,0,45.3243887906869,3.14319730627807,42.8547529722733,5,0
"712",-4.23,226.317,4.1909,44.374,9,0,0,5,1,52,0,0,0,0,0,77.9712024410592,4.24951625019148,148.3409300494,1,0
"713",-4.88,188.657,4.007,56.888,13,0,0,1,1,64,2,0,0,2,0,82.7917635524427,2.47518567336354,392.879047762157,3,0
"714",-5.21,223.102,4.6604,61.898,14,0,0,2,1,70,2,0,0,2,0,93.0950297793243,2.62531448809703,415.07964673815,3,0
"715",-6.27,257.547,5.3138,66.908,15,0,0,3,1,76,2,0,0,2,0,103.398296006206,2.5902651876891,477.725947053352,5,1
"716",-8.56,360.882,7.274,81.938,18,0,0,6,1,94,2,0,0,2,0,134.308094686851,2.69154810764724,564.950079868347,5,1
"717",-8.71,360.882,7.274,81.938,18,0,0,6,1,94,2,0,0,2,0,134.308094686851,2.77165412069993,597.200079868347,1,1
"718",0.04,74.123,0.6347,21.9238,5,1,1,1,1,32,0,0,0,0,20.23,32.6283111232154,2.53953886135939,17.6096404744368,5,0
"719",-1.11,102.177,1.4149,31.1578,7,1,1,1,3,44,0,0,0,0,20.23,45.3581953520086,2.83181996607078,35.1612594587302,3,0
"720",-1.04,102.177,1.4149,31.1578,7,1,1,1,2,44,0,0,0,0,20.23,45.3581953520086,3.36043514269606,42.1417094500763,3,0
"721",-1.17,102.177,1.4149,31.1578,7,1,1,1,3,44,0,0,0,0,20.23,45.3581953520086,2.99230288319409,25.6514844544032,3,0
"722",-0.89,116.204,1.8034,35.7528,8,1,1,1,2,50,0,0,0,0,20.23,51.7231374664052,3.62328100370598,61.2773024390171,5,0
"723",-0.85,116.204,1.9475,35.8228,8,1,1,1,3,50,0,0,0,0,20.23,51.7231374664052,3.58321256526046,47.142503065068,3,0
"724",0.58,58.08,0.5953,16.355,4,1,0,1,1,24,0,0,0,0,17.07,25.6306573566665,2.29683526191914,17.2451124978365,3,0
"725",-0.85,86.134,1.3755,25.589,6,1,0,1,3,36,0,0,0,0,17.07,38.3605415854597,2.48840377187611,32.919684538544,5,0
"726",-1.3,100.161,1.7656,30.206,7,1,0,1,4,42,0,0,0,0,17.07,44.7254836998564,2.55878086932796,41.4446783588828,3,0
"727",0.32,70.091,0.7614,20.878,5,1,0,1,1,28,0,0,0,0,17.07,31.3059964388789,2.92441819817292,45.6096404744368,1,0
"728",0.52,72.107,0.9854,20.972,5,1,0,1,1,30,0,0,0,0,17.07,31.9955994710631,2.84737892308767,38.9126093832433,5,0
"729",-0.19,86.134,1.3755,25.589,6,1,0,1,2,36,0,0,0,0,17.07,38.3605415854597,2.83125710993136,47.9001345298901,5,0
"730",-0.8,100.161,1.7656,30.206,7,1,0,1,3,42,0,0,0,0,17.07,44.7254836998564,2.82193893705918,57.2003594760379,3,0
"731",-0.83,98.145,1.5416,30.112,7,1,0,1,3,40,0,0,0,0,17.07,44.0358806676721,3.17289953385082,74.2492050600968,1,0
"732",-2.3,144.214,2.4315,41.0118,10,1,1,2,6,60,0,0,0,0,37.3,62.2496016808456,2.83858912181392,89.2583809661814,5,0
"733",-1.77,112.128,1.2033,31.5898,8,1,1,2,2,44,0,0,0,0,37.3,48.1405113876839,3.50011259655456,122.490224995673,1,0
"734",-0.89,136.15,1.3137,37.7818,10,1,1,2,2,52,1,0,0,1,37.3,59.1170432005299,2.67424160229513,215.959017450552,5,0
"735",-1.84,346.379,1.0271,85.1734,25,5,3,6,1,134,0,4,5,5,104.06,144.719137941136,1.78412617827414,771.876006984613,1,0
"736",-0.49,88.106,0.5694,22.307,6,2,0,2,3,36,0,0,0,0,26.3,37.10914470057,2.48840377187611,34.5293250129808,3,0
"737",-0.72,102.133,0.9595,26.924,7,2,0,2,2,42,0,0,0,0,26.3,43.4740868149666,2.82193893705918,59.100494005928,5,0
"738",-0.82,160.169,0.5027,37.883,11,4,0,4,4,64,0,0,0,0,52.6,65.4790383733105,3.48996214282965,125.375999953119,3,0
"739",-0.22,86.09,0.3454,22.213,6,2,0,2,1,34,0,0,0,0,26.3,36.4195416683858,3.23439086691587,65.9483369020742,5,0
"740",-0.74,100.117,0.7355,26.83,7,2,0,2,2,40,0,0,0,0,26.3,42.7844837827824,3.17289953385082,76.149339589987,5,0
"741",-0.8,100.117,0.7355,26.83,7,2,0,2,1,40,0,0,0,0,26.3,42.7844837827824,3.57791992627244,94.2532766516348,5,0
"742",-2.35,222.24,2.04,58.355,16,4,0,4,4,86,1,0,0,1,52.6,94.1711904649779,2.9975148158912,347.360079659969,5,0
"743",-5.64,312.365,4.0005,87.194,23,4,0,4,7,120,2,0,0,2,52.6,135.593226785439,2.03395102019339,649.429005626464,5,0
"744",-0.77,118.176,1.0594,32.986,8,2,0,2,5,50,0,0,0,0,18.46,50.7910520588263,2.53006045688352,31.5097750043269,3,0
"745",-3.96,170.211,3.4789,52.958,13,1,0,1,2,64,2,0,0,2,9.23,77.6020425550679,2.16147575057866,315.898648664173,5,0
"746",-4.85,198.265,4.09574,62.432,15,1,0,1,2,76,2,0,0,2,9.23,90.3319267838611,2.2179112612913,416.900809080489,1,0
"747",0.56,72.107,0.7968,20.053,5,1,0,1,0,30,0,1,1,1,9.23,31.941791446997,2.08333333333333,15.2192809488736,5,0
"748",-0.82,68.075,1.2796,18.708,5,1,0,1,0,26,1,0,0,1,13.14,30.2257323835738,3.125,60.1248181126977,3,0
"749",0.64,180.156,-3.2198,36.008,12,6,5,6,1,72,0,1,1,1,110.38,68.6428444367703,2.70583748921181,162.117300051923,3,NA
"750",-4.28,416.583,4.8523,112.21,29,5,0,5,1,158,0,4,5,5,60.44,177.135382414125,1.55722100870998,817.698300362734,3,0
"751",-4.71,330.468,3.8384,92.3408000000001,24,3,1,3,1,132,0,3,4,4,54.37,144.442443621744,1.69758289768704,634.995115124503,5,0
"752",-3.77,392.467,1.8957,99.9444,28,5,3,6,2,154,0,3,4,4,94.83,163.871785611275,1.83769187946728,804.748825488471,5,0
"753",-1.41,138.122,1.0904,35.0661,10,2,2,3,1,52,1,0,0,1,57.53,57.5463348383294,3.00340068457982,237.533061424317,5,0
"754",-1.89,156.568,2.0382,38.4113,10,1,1,3,1,52,1,0,0,1,37.3,63.055367313015,3.15294144668087,257.537948926481,5,0
"755",-1.12,143.013,1.4806,32.259,7,1,0,3,4,44,0,0,0,0,9.23,53.5541550542896,2.44747288787634,28.8707654032769,5,0
"756",-1.85,115.22,1.9155,37.8134,8,1,1,1,5,50,0,0,0,0,26.02,52.2687944112219,2.53006045688352,29.3680655542506,1,0
"757",-1.53,107.156,1.1453,34.3334,8,1,1,1,1,42,1,0,0,1,26.02,49.1362359309063,2.83208583500709,145.732814450335,2,0
"758",-2.7,184.242,2.518,60.7028,14,2,2,2,1,70,2,0,0,2,52.04,83.1682787195864,2.3965090397261,371.57964673815,3,0
"759",0.07,108.144,0.9722,34.2521,8,2,2,2,1,42,1,0,0,1,38.05,48.2912920203527,2.83208583500709,147.874523900411,1,0
"760",0.76,79.102,1.0816,24.237,6,1,0,1,0,30,1,0,0,1,12.89,36.6510511004435,3,75.8611395876855,3,0
"761",0.79,162.236,1.8483,48.842,12,2,0,2,1,64,1,1,1,2,16.13,73.2297641891006,2.19459165778585,245.275308993954,1,0
"762",-2.23,303.358,1.8677,80.3415000000001,22,5,0,5,3,118,1,2,2,3,55.84,129.744072400106,1.78965287987207,559.037182254803,5,0
"763",-4.35,268.356,4.8286,83.6096,20,2,2,2,4,104,2,0,0,2,40.46,119.577014484148,2.52151773879499,536.82027832386,3,0
"764",-3.32,334.419,2.0925,93.409,25,3,0,4,0,128,1,4,6,7,32.78,146.975679552044,1.55242322970119,848.052733715765,5,0
"765",-2.18,244.25,0.8665,64.6154,18,3,2,5,3,92,1,1,1,2,75.27,103.874854401907,2.56032121407301,502.297711130294,5,0
"766",-0.42,165.236,1.3279,49.9235,12,2,2,2,3,66,1,0,0,1,32.26,73.2352675128874,2.71104072323306,222.540005561459,5,0
"767",-2.19,156.097,0.9959,34.7429,11,5,1,6,2,58,1,0,0,1,88.87,60.8872449580043,2.89989548997492,290.427453879024,1,0
"768",-1.48,112.088,-0.9368,27.6834,8,2,2,4,0,42,1,0,0,1,65.72,44.1937432814775,3.50211703883044,246.361953762075,3,0
"769",1.15,71.123,0.3698,22.1037,5,1,1,1,0,30,0,1,1,1,12.03,32.3781084010982,2.08333333333333,15.2192809488736,1,0
"770",0.23,99.177,1.1021,31.348,7,1,0,1,0,42,0,1,1,1,3.24,45.3179641164867,2.12291794995937,46.1417094500763,1,0
"771",-0.8,109.128,0.9744,32.5192,8,2,2,2,0,42,1,0,0,1,46.25,47.5655275687057,3.03245553203368,147.388338914672,3,0
"772",-1.33,135.166,1.645,40.7457,10,1,1,2,1,52,1,0,0,1,29.1,59.872671631942,2.67424160229513,217.959017450552,5,0
"773",-1.52,299.37,1.5011,82.4638,22,4,1,4,1,116,1,1,4,5,41.93,129.878938727368,1.82236542384153,685.154996148535,5,0
"774",-0.8,89.094,0.6731,22.1524,6,2,0,3,2,36,0,0,0,0,43.14,36.1221109791226,2.83125710993136,52.7548875021635,3,0
"775",-1.8,123.111,1.5948,33.0964,9,2,0,3,1,46,1,0,0,1,43.14,52.0843788419968,2.98145461404113,207.557662054337,5,0
"776",-1.51,117.108,-1.44593,27.5526,8,2,4,5,2,46,0,0,0,0,99.2,45.9999949887481,3.18184586709362,97.096162813286,1,0
"777",-6.7,416.366,5.37356,108.0219,29,7,3,8,6,152,3,0,0,3,105.45,167.913365494399,2.04159791549424,1074.13287454177,1,1
"778",-4.1,317.328,2.4906,77.703,19,6,0,8,5,102,1,0,1,2,55.84,119.725203360825,2.15023939651911,534.568542394293,3,0
"779",-5.14,314.522,6.69440000000001,89.7045000000001,17,4,0,5,12,104,0,0,0,0,17.07,119.658298131737,3.99898297284667,178.643209495335,3,1
"780",-3.95,392.58,4.4779,108.6474,28,3,3,4,4,160,0,4,4,4,77.76,169.653818401466,1.56252792126353,605.412568486979,5,0
"781",-0.36,100.146,0.7253,26.5264,6,3,1,3,0,32,1,0,0,1,38.91,39.6313050678677,3.04964832131393,112.353618032322,1,0
"782",-0.29,89.525,1.13888,20.95,5,1,0,2,1,28,0,0,0,0,23.79,36.1649811649731,2.48369957059127,45.3449779679464,1,0
"783",-0.96,81.118,1.47618,25.044,6,1,0,1,1,32,0,0,0,0,23.79,37.9019961347004,2.92009934440592,76.4294595428709,1,0
"784",-0.98,150.181,1.2272,45.1581,11,2,2,3,1,58,1,0,0,1,55.12,65.2125623289547,2.73629807210565,253.299497583891,1,0
"785",-3.08,214.062,2.4075,48.4457,11,1,1,3,1,58,1,0,0,1,29.1,73.7402192375833,2.73629807210565,255.299497583891,3,0
"786",-1.78,153.156,1.7841,40.7037,11,1,1,3,1,58,1,0,0,1,29.1,64.0382070348682,2.73629807210565,255.299497583891,3,0
"787",-3.25,261.062,2.2496,53.4627,11,1,1,3,1,58,1,0,0,1,29.1,79.1345097529856,2.73629807210565,255.299497583891,3,0
"788",-1.3,165.192,1.6536,47.2977,12,2,1,3,2,64,1,0,0,1,38.33,71.3511589758455,2.70914782437365,266.361953762075,3,0
"789",-3.7,343.471,3.4853,102.2672,25,4,1,5,10,136,2,0,0,2,54.46,149.931842073903,2.14693751049486,683.69564310788,5,0
"790",-3.4,279.383,3.9624,87.4660000000001,21,2,0,2,3,108,2,0,1,3,12.47,126.221036840334,2.0659497027232,608.620859013343,1,0
"791",-3.01,222.332,2.0823,63.0517,16,1,1,3,1,90,0,3,3,3,32.34,97.5722808938563,1.65659509632143,302.307719400677,3,0
"792",-4.79,340.463,4.0633,95.4230000000001,25,3,0,3,1,134,0,3,4,4,43.37,150.125922605311,1.64283711505267,683.876126452554,3,0
"793",-3.61,370.915,2.47308,58.2558,11,2,1,4,0,56,1,0,0,1,44.02,91.5068349096456,3.3483696607831,306.697837992464,5,0
"794",-3.12,444.44,-0.214399999999999,109.5409,32,9,6,10,2,170,1,0,3,4,181.62,182.429236853214,2.04792202713039,1148.58497480863,3,1
"795",-2.98,239.318,2.9067,73.421,18,1,0,2,3,92,2,0,0,2,20.31,107.869621553395,2.45211093181324,465.634874117328,5,0
"796",-3,176.215,2.2629,52.109,13,2,0,2,3,68,1,0,0,1,26.3,77.8415779888464,2.53821433304292,288.218405492599,1,0
"797",-3.95,221.3,3.0059,65.2789,16,3,1,3,6,88,1,0,0,1,52.32,96.6009559468366,2.2702939313665,319.209408314676,3,0
"798",-3.27,250.342,2.2054,73.5316,18,4,2,4,8,100,1,0,0,1,64.35,108.515760244841,2.11783677627974,349.316553546389,1,0
"799",-3.8,295.298,2.4086,83.4544,22,4,0,6,2,110,2,0,1,3,75.81,126.412088608225,2.24033376358674,784.477969906714,1,0
"800",-3.84,293.407,3.3641,84.9155000000001,21,4,0,4,10,118,1,0,0,1,38.77,127.594212607121,2.36724039402532,399.00117686962,1,0
"801",-2.64,255.365,2.6498,80.2830000000001,19,3,0,3,6,100,2,0,0,2,19.37,115.052523218897,2.10233907270632,467.867423389797,1,0
"802",-5.35,384.516,4.5753,106.411,28,4,0,4,2,152,0,2,4,4,60.44,167.328500510104,1.79003153035944,820.461784210351,3,0
"803",-2.53,193.029,2.7076,44.6788,11,2,1,4,1,60,1,0,0,1,29.46,74.3106566693598,3.20582762032373,273.388238125161,1,0
"804",-0.4,114.06,-1.6476,21.6814,8,3,2,5,0,42,0,1,1,1,75.27,44.0475947704409,2.78632784114493,155.367348791168,1,0
"805",-0.9,102.093,-0.7988,23.4001,7,2,2,4,0,40,0,0,0,0,72.19,40.681932337331,3.31801959038052,87.1080296239082,1,0
"806",-1.25,142.07,-2.0785,26.6884,10,4,2,6,0,52,0,1,1,1,92.34,54.5740589848813,2.85959615192157,221.64214629221,1,0
"807",-1.5,177.052,0.8363,35.2268,8,2,0,5,3,50,0,0,0,0,34.14,58.7010660921727,3.75511160819278,139.36241254976,1,0
"808",-1.93,156.097,-1.2386,34.6427,11,3,3,6,1,58,1,0,0,1,103.02,59.5144412481139,3.42064910664864,359.709158082416,3,0
"809",-0.06,128.131,-0.3956,30.7534,9,2,2,4,1,50,0,1,1,1,58.2,52.6159568991904,2.57676955792802,155.036984590467,1,0
"810",-4.98,239.514,3.6515,52.445,12,3,0,6,0,62,2,0,0,2,25.78,87.3847055420725,2.96839421760769,439.530972839197,1,0
"811",-0.87,166.571,1.0732,40.138,11,4,0,5,0,54,2,0,0,2,51.56,67.2949258018999,2.8289012156207,388.993996343225,3,0
"812",-2.71,164.193,0.7085,42.38,11,5,1,5,0,54,2,0,0,2,51.56,68.1467262384199,2.8289012156207,388.993996343225,1,0
"813",-1.96,138.126,0.5075,35.2575,10,2,2,4,2,52,1,0,0,1,65.98,57.2211906847031,2.63733777901429,238.260311847418,1,0
"814",-0.83,162.279,1.7553,45.8614,9,2,0,3,5,52,0,0,0,0,17.07,62.0820818507349,3.25756908836112,120.226267876909,1,0
"815",-1.47,131.175,1.2719,35.0604,9,2,1,3,4,54,0,0,0,0,52.32,55.178919626376,2.82886813490969,83.1270456186744,1,0
"816",-0.8,131.175,1.1278,34.9904,9,2,1,3,1,54,0,0,0,0,52.32,55.1789196263759,3.39497092441684,104.11571282194,1,0
"817",1.09,182.172,-3.5854,38.1988,12,6,6,6,5,74,0,0,0,0,121.38,69.3293641129886,3.98516445085858,104.605937817613,4,1
"818",0.06,146.153,0.72822,39.865,11,4,0,4,0,54,2,0,0,2,51.56,63.3566016894148,2.8289012156207,384.852286893149,1,0
"819",-1.76,178.22,1.1417,46.909,12,5,0,5,1,60,2,0,0,2,51.56,73.4797117147801,2.79096702973926,398.033438329728,3,0
"820",-0.86,122.123,1.2047,33.4943,9,2,1,2,1,46,1,0,0,1,37.3,52.7521010861334,3.14797913003975,217.911065102098,3,0
"821",-1.76,137.138,0.4911,36.6247,10,2,2,3,1,52,1,0,0,1,63.32,58.0919917831461,3.15294144668087,257.537948926481,5,0
"822",-2.33,151.169,0.6818,42.7838,11,2,3,4,1,58,1,0,0,1,67.15,64.3676184184011,2.57930229200732,234.700818972648,1,0
"823",-0.94,112.172,1.7656,32.639,8,1,0,1,0,46,0,1,1,1,17.07,50.0845946607237,2.39271357787093,96.5599482172652,1,0
"824",-1.92,145.202,1.662,39.6774,10,2,1,3,5,60,0,0,0,0,52.32,61.5438617407726,2.83858912181392,93.6068965117782,1,0
"825",-1.67,142.198,1.8822,38.639,10,2,0,2,1,58,0,1,1,1,26.3,61.5630820046272,2.19191639120033,114.425998817129,1,0
"826",-1.28,135.166,1.4714,40.8589,10,2,1,2,1,52,1,0,0,1,43.09,59.6627001453467,3.06989926575927,255.189433380884,3,0
"827",-1.84,309.529,-0.462899999999999,57.7964,17,6,3,9,2,100,0,2,2,2,88.38,111.915319147301,2.01213074656242,284.924306425664,1,0
"828",-3.39,223.794,3.0988,62.97,12,2,0,4,4,70,0,0,0,0,3.24,89.1492329660767,3.76628448466746,166.44079551951,3,0
"829",-1.56,142.198,1.7248,39.83,10,2,0,2,5,58,0,0,0,0,34.14,61.6168900286933,3.3469596264717,127.219280948874,1,0
"830",-0.88,142.198,1.5807,39.76,10,2,0,2,4,58,0,0,0,0,34.14,61.6168900286933,3.98140625769874,124.193017551385,1,0
"831",-1.63,142.198,1.5807,39.76,10,2,0,2,2,58,0,0,0,0,34.14,61.6168900286933,3.99075135446656,151.130751455403,1,0
"832",-2.62,159.229,2.0521,44.2944,11,2,1,3,6,66,0,0,0,0,52.32,67.9088038551692,2.84976128223344,104.265180476679,1,0
"833",-2.82,261.064,1.436,59.566,16,5,0,7,1,84,2,0,0,2,57.14,99.3879405987383,2.68125610561553,653.504201226585,4,0
"834",-0.29,218.205,0.6628,49.4124,15,3,3,6,5,86,0,0,0,0,111.9,86.5260554997217,5.3827593041746,305.724430160806,3,0
"835",-0.02,185.223,-0.0853999999999998,46.3226,13,3,2,4,1,74,0,2,2,2,60.77,77.1569489105831,2.21459386896339,230.899703855305,1,0
"836",-1.62,218.322,2.1075,60.8127,14,4,1,5,3,82,0,0,0,0,50.69,89.4561884668644,4.4116665701861,221.342068926114,1,0
"837",-3.3,173.256,2.4422,48.9114,12,2,1,3,7,72,0,0,0,0,52.32,74.2737459695658,2.86138733944056,115.096162813286,1,0
"838",-5.64,338.876,5.0242,71.074,16,0,0,6,0,88,0,1,3,3,0,123.446627893733,2.32273283193733,438.590208425482,3,1
"839",-5.46,354.875,3.995,72.4638,17,1,1,7,0,94,0,1,3,3,20.23,128.240861645929,2.31718427967263,471.416581252436,1,0
"840",-3.7,250.283,0.8596,63.6949,17,5,2,7,3,88,2,0,0,2,97.97,98.5783220604898,2.28550907439965,595.96284130662,1,0
"841",-2.08,241.678,1.48538,57.9337,16,4,1,6,1,86,0,2,2,2,74.48,98.3822041571877,2.10036998589398,376.750656648482,1,0
"842",-3.13,148.205,2.7283,47.702,11,1,0,1,2,58,1,0,0,1,9.23,67.315113774406,2.8240417350315,233.554619288147,1,0
"843",-0.17,254.246,-2.2131,63.3076,18,8,2,8,3,98,2,0,0,2,102.28,101.347308751335,2.7364643675189,696.191196074724,3,0
"844",-2.06,152.237,2.878,48.486,11,1,0,1,4,62,0,0,0,0,17.07,68.8060460930743,3.62575966036878,171.311798612845,1,0
"845",-2.18,152.237,2.5678,46.326,11,1,0,1,1,62,0,1,1,1,17.07,68.4898179717293,2.5274249004723,181.311798612845,1,0
"846",-1.42,200.234,1.5981,49.8836,14,2,2,4,2,80,0,1,1,1,74.6,82.9294106083493,3.08167500607469,281.846585677332,3,0
"847",-2.07,204.229,0.7877,55.8266,15,4,2,4,0,78,1,1,2,3,56.06,87.4880750448771,2.14329240056626,430.35102754853,1,0
"848",-2.7,249.295,1.4646,65.8999,17,4,2,6,3,88,2,0,0,2,85.08,99.3586740795434,2.28550907439965,594.37348694832,4,0
"849",-2.91,267.31,1.67444,67.6399,18,5,2,7,3,96,2,0,0,2,98.22,104.834243878183,2.32759236132499,659.341926631543,4,0
"850",0.36,190.246,0.555,54.4197,14,3,1,3,0,74,1,1,2,3,34.03,82.7503972500118,2.14693416135399,409.993712894155,1,0
"851",-2.34,221.26,1.6262,63.3647,16,3,1,5,3,86,1,0,0,1,53.93,94.7361993607022,2.74575392452422,388.570994361449,3,0
"852",-2.3,308.361,3.1003,76.9394,18,5,0,7,7,102,1,0,0,1,44.76,115.35093168679,2.80929882396788,436.861364093275,3,0
"853",-1.83,236.271,1.7597,64.6914,17,3,2,5,4,92,1,0,0,1,67.43,100.157369602687,2.41992673338869,378.596947961224,1,0
"854",-3.59,309.347,1.61544,77.1772,21,6,1,8,3,112,2,0,0,2,106.5,121.935621693615,2.59573559639163,778.247749072809,1,0
"855",-4.47,296.279,3.03422,74.4968,21,6,0,8,3,114,1,0,0,1,112.58,120.567016694823,3.87809977866723,630.529147718069,1,0
"856",-4.69,214.349,4.0803,63.8600000000001,15,2,0,2,10,90,0,0,0,0,26.3,94.3936237301395,2.95453989147696,143.471379200805,3,0
"857",-4.61,223.231,2.855,65.715,17,3,0,3,1,82,3,0,0,3,43.1,97.3561487622955,2.29999235707628,716.873773468382,1,0
"858",-2.93,258.229,2.366,69.8716,19,5,2,5,1,96,3,0,0,3,79.9,106.828025955316,2.53562528389524,847.689331337812,1,0
"859",-3.68,240.331,3.85392,74.2054,17,3,1,3,1,84,3,0,0,3,38.91,103.735005920064,2.14293843678481,668.254999755912,1,0
"860",-2.52,198.265,2.9627,61.5478,15,1,1,1,3,76,2,0,0,2,20.23,90.0126153065502,2.07845160780946,394.198581530601,1,0
"861",-1.61,265.309,0.502099999999999,70.0495,19,5,2,5,4,104,1,1,1,2,67.79,112.077817376002,2.01542339293305,431.577034117784,1,0
"862",-5.22,650.976,3.9527,112.089,23,4,3,8,5,122,2,0,0,2,92.78,173.572263562837,2.25993832586883,728.492114965753,1,1
"863",-3.09,246.306,2.4196,66.722,18,3,0,3,0,96,0,2,3,3,43.37,106.88833053402,2.09895653158578,499.868103546916,1,0
"864",-2.06,324.402,2.2098,82.1727,22,4,2,7,4,120,1,1,1,2,92.34,129.893595455256,1.99835849041803,646.624949746859,1,0
"865",-1.89,234.387,2.3451,70.0210000000001,17,2,0,2,0,96,0,4,4,4,6.48,105.344783355672,1.56115794478489,262.646407084527,1,0
"866",-5.3,352.425,5.2598,92.186,24,3,0,6,4,128,2,0,1,3,6.48,143.811702432962,1.99081691159942,728.444079264612,1,1
"867",-3.46,285.343,2.9972,81.17,21,3,0,4,3,110,1,1,2,3,38.77,124.203344235694,1.55965471497978,571.397994523531,1,0
"868",-5.59,386.188,5.65940000000001,89.8728000000001,20,0,0,2,3,117,0,3,3,3,31.5,132.887704202742,1.46999899725071e-06,207.349849469142,1,1
"869",-3.07,294.398,3.1646,88.4748,22,3,1,3,3,114,2,3,3,5,36.36,130.834938859301,1.66923102744743,693.399591111803,5,0
"870",-4.74,310.466,4.6311,94.2340000000001,22,3,0,3,2,114,2,1,2,4,6.48,136.674207185051,1.68183320091815,624.489688745009,1,0
"871",-6.7,274.448,4.98830000000001,81.3510000000001,20,1,0,1,0,112,0,4,4,4,17.07,123.446406572895,1.66036532202159,427.482186733308,1,0
"872",-4.4,290.447,3.9591,82.7408000000001,21,2,1,2,0,118,0,4,4,4,37.3,128.240640325091,1.63753937665709,458.482706636342,3,0
"873",-5.19,310.478,5.06200000000001,92.8450000000001,22,3,0,3,10,128,0,0,0,0,35.53,136.317615581658,4.05207319262019,378.141534408971,1,1
"874",-2.82,326.44,1.5545,91.7346,24,4,2,4,1,128,1,5,6,7,46.94,142.619571798202,1.59572331820514,723.345329157242,1,0
"875",-5.54,349.386,3.93902,100.6693,26,4,1,5,5,132,3,0,0,3,68.53,150.685108715288,2.09653753217753,999.773026293106,1,0
"876",-6.29,391.294,6.1133,103.304,26,3,0,5,6,136,2,1,1,3,35.53,163.072687182238,1.59218354551333,811.01571960104,2,1
"877",-2.52,464.858,0.2649,109.9399,32,9,6,11,2,170,1,0,3,4,181.62,186.367560965699,2.02217621070322,1156.69891703814,3,1
"878",-3.98,365.502,4.00778,105.0258,26,5,1,5,4,134,2,1,2,4,50.5,158.590904847509,1.51859176786506,824.246169592386,1,0
"879",-3.85,360.45,2.0031,92.8816,26,5,2,5,2,142,0,4,5,5,83.83,153.344391449918,1.57262773016751,698.515006143575,1,0
"880",-4.65,316.485,4.5153,91.8808000000001,23,2,1,2,1,128,0,3,4,4,37.3,140.2809215217,1.66196312434675,550.044823834248,1,0
"881",-2.88,478.885,0.439000000000001,114.5509,33,9,6,11,2,176,1,0,3,4,181.62,192.732503080096,2.06617596028537,1201.02138953722,1,1
"882",-3.14,413.426,2.8818,105.8945,30,8,0,8,4,158,2,0,3,5,75.69,173.723052156228,1.68522902385801,1034.87660934273,3,0
"883",-2.87,444.44,-0.347599999999999,109.7749,32,9,6,10,2,170,1,0,3,4,181.62,182.429236853214,2.06077279527357,1136.74003929198,1,1
"884",-5.24,350.458,5.7605,102.946,26,3,0,3,6,136,2,1,1,3,35.53,155.196038957268,1.59218354551333,801.212460490083,2,1
"885",-4.7,446.016,4.5135,123.153,30,6,0,7,7,160,2,1,2,4,36.02,187.472142869273,1.30730803513447,886.501979625941,1,0
"886",-5.15,465.631,2.5649,123.0469,33,5,5,7,6,188,0,4,4,4,127.09,196.889320666107,1.4868660433894,759.064140750806,1,NA
"887",-1.42,385.416,1.2245,99.7387,28,7,4,7,1,148,1,0,3,4,118.3,161.768648189565,1.99516389466464,959.39742353982,1,0
"888",-3.21,665.733,0.119700000000003,165.1592,47,13,7,14,3,262,0,3,4,4,230.99,272.942122471293,1.58196868596769,1218.83035366868,1,3
"889",-2.77,106.168,2.249,35.82,8,0,0,0,1,42,1,0,0,1,0,50.1612873482902,2.83208583500709,141.384298904738,5,0
"890",-8.6,228.294,5.1462,78.96,18,0,0,0,0,84,4,0,0,4,0,105.476396714703,2.19706957714626,728.252622138403,5,1
"891",-2.68,180.21,2.783,57.044,14,2,0,2,0,66,3,0,0,3,25.78,81.2340281448604,2.61031868741594,547.292517489293,1,0
"892",-2.31,153.823,2.5529,26.143,5,0,0,4,0,32,0,0,0,0,0,49.9523159353562,3.02371578407382,19.1194154787637,5,0
"893",-1.32,185.846,2.2474,26.994,4,0,0,2,0,24,0,0,0,0,0,42.1496853213246,2.54919333848297,19.2192809488736,1,0
"894",-5.65,250.339,4.9536,51.492,11,0,0,5,0,60,1,0,0,1,0,88.9477342539053,3.45554648381778,267.264383747699,5,0
"895",-5.2,188.657,4.007,56.888,13,0,0,1,1,64,2,0,0,2,0,82.7917635524427,2.42385597277042,375.629047762157,5,0
"896",-6.02,257.547,5.3138,66.908,15,0,0,3,1,76,2,0,0,2,0,103.398296006206,2.63516531775057,491.975947053352,3,1
"897",-6.8,291.992,5.9672,71.918,16,0,0,4,1,82,2,0,0,2,0,113.701562233088,2.71627941011374,514.287124074059,3,1
"898",-0.39,102.177,1.2708,31.0878,7,1,1,1,2,44,0,0,0,0,20.23,45.3581953520086,3.14420820736982,41.4446783588828,3,0
"899",-2.48,148.161,1.7844,43.1118,11,1,1,2,2,56,1,0,0,1,37.3,64.7923822827423,2.72177355406878,262.151039060595,1,0
"900",-0.66,102.133,0.9595,26.924,7,2,0,2,2,42,0,0,0,0,26.3,43.4740868149666,3.00259052867413,59.100494005928,3,0
"901",-1.85,108.14,1.6952,32.994,8,1,0,1,1,42,1,0,0,1,9.23,48.9098904634005,2.83208583500709,145.732814450335,5,0
"902",-0.42,118.176,0.7954,32.8128,8,2,1,2,5,50,0,0,0,0,29.46,50.4717405815155,2.53006045688352,31.5097750043269,2,0
"903",-3.75,330.468,3.6959,92.2928000000001,24,3,1,3,2,132,0,3,4,4,54.37,144.442443621744,1.64602746232612,606.205114820489,3,0
"904",-3.43,380.456,1.8737,95.4914,27,5,3,6,2,150,0,3,4,4,94.83,158.196446529062,1.7976551042621,734.083611388295,4,0
"905",-1.82,138.122,1.0904,35.0661,10,2,2,3,1,52,1,0,0,1,57.53,57.5463348383294,3.15294144668087,254.783061424317,5,0
"906",-3.31,156.568,2.0382,38.4113,10,1,1,3,1,52,1,0,0,1,37.3,63.055367313015,3.00340068457982,240.287948926481,3,0
"907",-1.1,101.193,1.5254,33.1964,7,1,1,1,4,44,0,0,0,0,26.02,45.9038522968253,2.44747288787634,23.3609903989499,5,0
"908",-2.75,129.247,2.3056,42.4304,9,1,1,1,6,56,0,0,0,0,26.02,58.6337365256185,2.59508270679389,37.8322939217873,5,0
"909",-1.13,281.352,1.0415,72.5565,20,4,2,5,3,112,0,2,2,2,83.47,118.665440558259,1.96219554115596,404.096576034875,1,0
"910",-2.8,167.12,1.293,40.0557,12,3,1,5,2,62,1,0,0,1,80.44,67.4050768086332,3.00614983372955,283.683190204761,5,0
"911",-4.04,277.238,2.79932,66.7644,17,6,0,8,5,94,1,0,0,1,70.83,103.89976897692,2.98964948712491,470.454059446583,5,0
"912",-2.84,169.611,2.2984,45.7557,11,1,1,3,1,58,1,0,0,1,29.1,70.1759378588237,2.73629807210565,255.299497583891,3,0
"913",-2.69,180.163,1.5532,47.4001,13,3,1,5,2,68,1,0,0,1,72.24,74.5256473544418,2.80945419416469,331.747305237534,5,0
"914",-4.08,270.225,4.2774,69.754,15,2,0,5,4,88,0,0,0,0,20.31,105.98512527459,4.27920995877855,233.57688747399,5,0
"915",-1.5,113.204,1.5385,35.9327,8,1,1,1,1,48,0,1,1,1,12.03,51.472934744288,2.12501625541467,55.4071655715584,1,0
"916",-4.02,261.919,4.0144,54.6988,13,2,1,6,1,72,1,0,0,1,29.46,94.9171891231232,3.56375767604791,321.83115827664,3,0
"917",-0.74,132.119,-1.7263,29.4226,9,3,3,5,3,52,0,0,0,0,106.41,51.6311367173283,3.63243215193984,133.774437510817,5,0
"918",-1.55,178.22,1.1417,46.909,12,5,0,5,1,60,2,0,0,2,51.56,73.4797117147801,2.67399646276156,403.283438329728,1,0
"919",-1.6,142.198,1.5807,39.76,10,2,0,2,4,58,0,0,0,0,34.14,61.6168900286933,3.54399526784711,136.193017551385,1,0
"920",-1.85,152.237,2.4017,44.236,11,1,0,1,0,62,0,2,2,2,17.07,68.1735898503843,2.41642851917884,210.157779388589,1,0
"921",-2.49,154.253,2.6477,46.35,11,1,0,1,1,64,0,1,1,1,17.07,69.1794210039135,2.50769391643314,148.95176690806,3,0
"922",-1.2,210.229,0.7707,51.749,15,4,0,4,2,82,0,1,2,2,52.6,88.2375414916542,2.23955948795946,290.549611129118,1,0
"923",-3.05,256.327,1.4746,65.0702,17,3,2,6,5,94,1,0,0,1,75.27,101.278136051155,2.58821276810826,456.864704410976,1,0
"924",-1.73,218.208,0.9805,56.9554,16,4,3,4,1,82,1,0,1,2,77.76,91.7802419446107,2.51604250982909,483.740266338256,1,0
"925",-5.53,335.282,4.1482,77.5478,23,5,0,10,7,128,1,0,0,1,89.52,129.548389244255,3.63872151297735,569.612919898684,4,0
"926",-2.85,198.221,2.9058,57.8425,15,2,0,2,2,74,2,0,0,2,26.3,88.1285067695083,2.11642199311778,434.607836657788,1,0
"927",-4.95,266.34,4.3372,82.0896,20,2,2,2,5,102,2,0,0,2,40.46,118.887411451964,2.36645064125973,526.320216735806,1,0
"928",-2.63,296.414,3.3886,88.5688,22,3,1,3,3,116,2,3,3,5,36.36,131.524541891486,1.65610067288039,666.037699683949,3,0
"929",-5.66,312.453,3.8826,90.4928,23,2,1,2,0,124,0,3,4,4,37.3,139.28014691356,1.70240992497473,626.243052594343,3,0
"930",-3.66,408.362,3.0056,106.7736,30,8,2,8,4,152,4,0,0,4,127.18,168.107807528666,2.08938368662403,1296.93423250745,3,0
"931",-0.5,585.608,-8.42420000000002,131.4257,40,17,13,18,10,234,0,3,3,3,331.94,229.264539976869,1.84790372853634,815.054271375203,1,3
"932",-2.32,165.192,1.4455,46.8109,12,3,1,3,2,64,1,0,0,1,52.32,71.1411874892502,2.7537427581096,266.361953762075,5,0
"933",-1.72,180.159,1.3101,44.7103,13,3,1,4,2,68,1,0,0,1,63.6,74.7570526444772,3.0435273546341,343.222867726716,5,0
"934",-3.99,252.273,1.7696,70.3384,19,2,2,4,2,94,2,1,1,3,58.2,110.000261082525,2.23083610500417,583.608538383389,5,0
"935",-2.47,352.471,3.2511,97.1434,25,4,3,5,12,142,0,1,1,1,94.83,149.993859440143,2.47720804987941,468.706971276565,1,0
"936",-2.43,296.374,1.2076,83.7746,22,4,2,5,1,114,2,1,2,4,72.94,129.086426802896,1.97024779896968,728.010210364821,1,0
"937",-4.4,291.394,4.13362,92.287,22,2,0,2,2,112,3,1,1,4,12.47,130.851932615528,1.94022780561119,761.414836820455,1,0
"938",-1.28,351.426,1.9965,93.6169000000001,26,3,1,5,0,134,1,4,6,7,49.77,151.933923290313,1.5645079076489,896.997313533885,1,0
"939",-3.07,196.213,1.3266,61.186,15,4,0,4,1,72,1,0,2,3,49.44,86.825741327862,2.00926963017392,496.579023558274,1,0
"940",-4.82,263.64,3.3845,65.4601,18,4,1,7,2,90,3,0,0,3,84.96,105.349541472715,2.09878450832531,746.914226334605,1,0
"941",-4.24,270.266,0.5395,58.5258,18,6,0,8,4,96,2,0,0,2,96.34,103.051906741426,2.57902411167998,635.542579855198,1,0
"942",-2.51,188.226,2.0923,53.048,14,2,0,2,1,72,1,1,1,2,34.14,82.9382688524349,2.18928268873186,337.844295597368,1,0
"943",-3.51,240.111,2.29332,51.9098,13,2,0,6,2,72,1,0,0,1,37.38,87.1468289153814,3.17011770360681,385.458498676117,3,0
"944",-3.23,255.484,3.1102,54.6028,14,2,1,6,3,76,1,0,0,1,46.53,95.1403871106818,2.90817177598802,341.844291329387,3,0
"945",-2.31,187.198,2.17978,49.6045,14,3,0,3,1,70,1,0,1,2,50.09,81.9179295489701,2.52670861365521,431.403938868468,1,0
"946",-1.37,172.231,3.2751,56.597,13,2,0,2,0,66,1,0,1,2,24.72,78.040927509671,2.59851860284136,351.831681789157,1,0
"947",-2.65,180.228,1.75302,47.3988,12,2,0,3,0,62,1,0,1,2,34.14,71.4561936587599,2.78359129940789,455.41692140824,1,0
"948",-3.06,193.246,2.2257,56.0449,14,3,1,3,4,76,1,0,0,1,52.32,83.8710717180434,2.48107253422534,292.660770563408,5,0
"949",-3.89,255.317,2.80022,76.0760000000001,19,3,0,3,0,98,2,0,2,4,33.45,111.382172739206,2.14843218216759,727.586844794672,1,0
"950",-2.67,180.228,1.8347,47.2788,12,2,0,3,0,62,1,0,1,2,34.14,71.4561936587599,2.85617254768426,455.171808910403,1,0
"951",-2.22,207.32,1.6664,53.4514,12,4,1,5,2,70,0,1,1,1,52.32,80.7842506379738,2.23973373566524,184.245189349745,1,0
"952",-1.89,215.249,1.1575,52.1764,15,4,1,5,2,86,0,2,2,2,70.78,88.8541162359177,1.79870394170904,237.57688747399,1,0
"953",-3.52,247.385,2.5907,65.1884,15,4,1,5,2,86,0,2,2,2,52.32,98.8732458276344,1.79870394170904,241.57688747399,1,0
"954",-5.23,214.22,3.15604,61.73,16,3,0,3,0,80,3,0,0,3,43.35,91.2852845998902,2.54590405032124,746.789068996846,1,0
"955",-3.32,173.215,2.55724,52.8818,13,2,1,2,0,66,2,0,0,2,33.12,76.8568336131679,2.88514496731677,462.842086728023,1,0
"956",-3.73,168.199,2.7161,53.5997,13,1,1,2,0,62,3,0,0,3,28.68,75.2235405849282,2.642438259907,515.849938113553,1,0
"957",-3.28,314.986,2.2971,53.3208,12,2,0,6,2,66,1,0,0,1,37.38,88.1073934886836,3.16629713733958,349.070651701542,1,0
"958",-2.82,231.317,1.8741,58.6824,15,4,1,5,2,86,0,2,2,2,61.55,93.8636810317761,1.79870394170904,240.821999971827,1,0
"959",-3.11,244.331,2.0306,63.4930000000001,17,4,0,4,2,100,0,2,2,2,36.92,103.561075011558,1.83953505256236,206.294242304431,1,0
"960",-2.68,168.192,1.7124,46.098,12,3,0,3,3,66,1,0,0,1,27.69,71.8668651512074,3.01125735429059,202.717893028344,1,0
"961",-0.6,167.164,0.323,42.9548,12,3,1,4,3,64,1,0,0,1,59.3,69.0731268825122,2.69708248506257,329.074899654837,1,0
"962",-0.85,188.23,1.3416,55.2007,14,2,1,3,1,72,1,0,1,2,41.46,82.8569893074627,2.36164154171996,393.008375400645,1,0
"963",-3.06,197.146,0.8158,45.1422,14,5,1,6,2,74,1,0,1,2,81.83,78.8297561284705,2.5402297291289,389.563183098665,1,0
"964",-3.4,265.356,2.259,73.4227,20,2,1,2,3,102,1,7,7,8,21.26,118.439128984196,1.29255600981956,619.565210064643,1,0
"965",-2.91,187.198,1.96378,49.5985,14,3,0,3,0,70,1,0,1,2,50.09,81.9179295489701,2.64865280205476,454.845602732214,1,0
"966",-3.62,186.214,2.0639,55.1038,14,3,1,3,2,70,2,0,0,2,46.01,81.7518206763268,2.68039567250955,479.671267894835,1,0
"967",-5.59,199.278,3.8948,60.2897,14,2,1,2,0,68,2,0,1,3,12.03,87.1556383810051,2.12491832167716,391.752874857392,5,0
"968",-3.79,182.226,3.02452,58.3367,14,1,1,2,0,68,3,0,0,3,28.68,81.5884826993248,2.63272884724561,607.820802630519,1,0
"969",-4.53,169.224,1.2294,45.3987,12,2,1,3,2,68,0,1,1,1,46.17,72.5258631731688,2.77040497192733,206.574074974296,1,0
"970",-1.74,184.22,1.31589,45.3782,12,4,1,5,2,64,1,0,0,1,54.98,74.5993730013353,2.82271716362081,313.928302702597,1,0
"971",-4.57,216.261,2.4998,57.3298,15,2,0,3,0,74,2,0,1,3,34.14,88.1080645538184,2.53161999629554,590.676624815891,1,0
"972",-1.92,198.266,0.5698,53.6774,14,2,2,4,2,80,0,1,1,1,58.2,84.4406674711734,2.93152724767863,249.295563595159,1,0
"973",-3.72,213.261,2.7613,62.512,15,3,0,3,0,72,1,0,2,3,29.96,90.1812076487657,2.49164691710136,659.125478439233,1,0
"974",-4.35,225.316,4.27172,69.793,16,2,0,2,1,78,3,0,0,3,12.89,98.3951152230508,2.15022817908326,589.535314052272,1,0
"975",-3.74,186.166,2.5392,52.256,14,3,0,3,0,68,3,0,0,3,43.35,78.555400371097,2.56458455120642,660.655039239508,1,0
"976",-2.03,201.225,1.85152,58.4408,15,3,1,3,1,76,2,0,0,2,42.23,87.2388147597392,2.65483582056677,529.063537378237,1,0
"977",-3.22,215.252,2.15994,63.1778,16,3,1,3,1,82,2,0,0,2,42.23,93.6037568741358,2.60957338300363,567.476732401757,1,0
"978",-3.2,220.316,2.7818,65.3292,16,2,1,3,7,88,1,0,0,1,41.99,97.2819722992681,2.11672815865216,298.060720625941,1,0
"979",-2.41,169.14,-1.8373,38.9431,12,3,2,6,1,64,0,0,1,1,101.62,67.8277721128955,2.98366314642803,294.413435736511,1,0
"980",-3.62,168.112,-1.7672,40.1608,12,3,4,7,0,62,2,0,0,2,114.37,63.4657383152173,3.1835032806946,582.739631582835,5,0
"981",-4.04,184.18,-0.39791,44.7248,12,3,4,7,0,62,2,0,0,2,97.3,69.6629964623784,3.1835032806946,585.494519084999,1,0
"982",-2.85,176.175,0.3685,47.4049,13,2,2,4,0,66,1,0,1,2,58.2,74.9431668764612,2.49159521876861,373.632380517905,1,0
"983",-2.6,191.186,1.3154,49.8652,14,3,1,4,1,72,1,0,1,2,55.4,80.8717920367566,2.34547543303811,411.828179750291,1,0
"984",-4.46,209.248,2.6917,66.695,16,2,0,2,0,78,3,0,0,3,22,92.7508158649496,2.72647145647992,680.389719210388,1,0
"985",-1.7,176.179,0.142799999999999,48.5971,13,4,2,5,1,66,2,0,0,2,76.7,73.8167915605248,2.58963477011839,456.496307759464,1,0
"986",-2.2,236.271,1.2712,62.9764,17,3,2,5,4,92,0,1,1,1,75.27,99.9528677356419,3.05011351247514,360.554921812151,1,0
"987",-2.47,176.179,0.1428,48.5971,13,4,2,5,1,66,2,0,0,2,76.7,73.8167915605248,2.59324056604184,456.496307759464,1,0
"988",-2.32,200.263,0.3237,51.8984,13,3,2,5,2,72,0,1,1,1,58.2,82.0695634895851,3.00736397502083,249.31759197106,3,0
"989",-0.98,189.218,1.91582,52.256,14,4,0,4,2,72,2,0,0,2,39.94,82.1588082217685,2.19238146525715,402.687083995599,1,0
"990",-0.77,177.163,1.0244,45.8112,13,5,2,5,1,66,2,0,0,2,85.17,73.8247005691443,2.4119152211745,407.582417708313,1,0
"991",-5.16,272.256,2.94264,73.0695,20,5,0,5,1,102,3,0,0,3,69.65,113.290236158234,2.43365065856162,897.894377767959,1,0
"992",-2.09,184.199,-0.565499999999999,44.7618,13,2,4,6,0,72,0,2,2,2,82.26,75.4397343416704,2.3150933251115,244.21712959883,1,0
"993",-2.31,226.32,1.35,62.9114,16,2,2,4,4,92,0,1,1,1,58.2,97.1705516999666,3.02132666628933,261.393885727857,1,0
"994",-2.31,184.151,-1.00128,43.7602,13,3,3,6,2,70,1,0,0,1,103.02,72.2443254769071,3.29217255065237,442.541143745101,1,0
"995",-1.28,192.328,1.2487,53.9844,12,1,0,4,6,74,0,0,0,0,23.55,78.4585223938454,4.12243352441181,119.019550008654,1,0
"996",-1.12,170.212,0.59888,44.4945,12,3,2,4,5,68,0,0,0,0,73.12,72.1920435459223,3.81901097661859,183.987106761035,1,0
"997",-0.98,184.239,0.98898,49.1115,13,3,2,4,6,74,0,0,0,0,73.12,78.556985660319,3.96349781704589,198.281607538568,1,0
"998",-0.17,195.222,0.58886,49.1308,14,4,1,5,6,76,0,0,0,0,88.12,83.159536828383,4.17205043649685,246.211082020234,1,0
"999",-1.68,182.132,-0.0339999999999997,31.9658,12,4,2,8,7,70,0,0,0,0,99.08,67.2751962739887,3.00730563629466,141.62707505625,1,0
"1000",-2.85,266.318,4.5446,70.1865000000001,17,4,0,5,12,104,0,0,0,0,44.76,105.643860649188,3.99898297284667,175.398096997499,3,0
"1001",-1.66,182.132,-0.0356,31.9438,12,4,2,8,6,70,0,0,0,0,99.08,67.2751962739887,3.37081563688415,170.931020515183,1,0
"1002",-0.53,189.171,-2.7379,42.7096,13,4,4,7,5,74,0,0,0,0,121.52,74.2823767163687,3.51597152573881,215.924903807966,3,0
"1003",-2.22,196.159,0.3529,36.5388,13,4,2,8,6,76,0,0,0,0,99.08,73.6401383883853,3.70343000433625,175.463632613778,1,0
"1004",-2.19,196.159,0.3561,36.5828,13,4,2,8,8,76,0,0,0,0,99.08,73.6401383883853,2.99610499791245,154.407546367927,1,0
"1005",-1.14,237.303,1.61506,62.9118,17,4,1,5,8,94,0,0,0,0,88.12,102.254363171573,4.61943219146911,296.692880781785,1,0
"1006",-2.68,210.186,0.743,41.1558,14,4,2,8,7,82,0,0,0,0,99.08,80.0050805027819,3.59916888637178,186.498410120194,1,0
"1007",-0.7,221.213,-2.896,50.9123,15,6,6,8,5,88,0,0,0,0,148.4,86.0225722097529,4.13856315901519,232.66554653774,1,1
"1008",-2.85,268.36,-0.723399999999999,65.8724,16,6,4,8,9,94,0,0,0,0,126.64,102.131358977841,3.34287926962822,216.078200034616,1,0
"1009",-2.49,282.387,-0.333299999999999,70.4894,17,6,4,8,10,100,0,0,0,0,126.64,108.496301092238,3.29928829116814,229.150352777011,1,0
"1010",-3.62,296.414,0.0568000000000005,75.1064,18,6,4,8,11,106,0,0,0,0,126.64,114.861243206635,3.26430020068793,240.262234420425,1,0
"1011",-2.91,310.441,0.4469,79.7234,19,6,4,8,12,112,0,0,0,0,126.64,121.226185321031,3.2359171355179,253.420800067245,1,0
"1012",-2.77,324.468,0.837,84.3404,20,6,4,8,13,118,0,0,0,0,126.64,127.591127435428,3.21267816184948,264.630887524319,1,0
"1013",-3.46,167.128,-1.5267,40.8635,12,4,4,7,0,62,0,0,2,2,120.42,64.9985614666507,2.96954829504143,491.488544064296,1,0
"1014",-2.13,358.439,-0.793899999999996,92.4493000000001,25,5,5,9,10,144,0,0,0,0,150.62,147.643182143987,5.04463034477735,492.916746710014,1,NA
"1015",-1.14,174.24,1.4907,46.7818,12,3,1,3,6,72,0,0,0,0,46.53,73.7280890247491,3.14323750037272,120.942055361765,1,0
"1016",-0.69,173.212,0.6218,44.6955,12,2,2,4,4,70,0,0,0,0,66.4,71.9609859644974,4.2241727825466,179.141786301985,5,0
"1017",-1.89,182.132,-0.0371999999999998,31.9218,12,4,2,8,5,70,0,0,0,0,99.08,67.2751962739887,3.8336591607261,162.386898799821,1,0
"1018",-2.16,174.2,0.2981,43.6679,12,2,3,5,5,70,0,0,0,0,92.42,70.9359345471135,3.86542455318872,170.034423562943,1,0
"1019",0.03,191.252,0.3288,48.2395,12,3,2,5,5,70,0,0,0,0,66.4,75.719153875466,3.86542455318872,172.034423562943,3,0
"1020",-2.04,251.2,0.9614,57.1928,12,2,0,6,7,74,0,0,0,0,34.14,87.9190024607278,3.40257068263009,145.62707505625,1,0
"1021",-0.62,210.276,1.314,49.3776,12,4,2,6,5,70,0,0,0,0,74.6,78.1216554413723,3.68065833166949,162.386898799821,1,0
"1022",-0.43,188.227,-0.439399999999999,48.0759,13,3,3,5,5,76,0,0,0,0,92.42,77.3008766615101,4.09924240362518,191.828160590379,1,0
"1023",-0.71,206.263,1.446,51.0206,13,3,2,5,6,76,0,0,0,0,74.6,81.3284675584506,4.19025095744359,172.583048092542,1,0
"1024",-1.82,224.303,1.3565,54.2446,13,4,2,6,6,76,0,0,0,0,74.6,85.0866354694192,3.55959993825642,174.931563638139,1,0
"1025",-2.89,238.33,1.399,59.1116,14,4,2,6,7,82,0,0,0,0,74.6,91.4515775838159,3.99917199942201,185.517960128848,1,0
"1026",-0.4,216.281,0.1951,57.2179,15,3,3,5,5,88,0,0,0,0,92.42,90.0307608903033,4.4253546126082,238.821999971827,1,0
"1027",-2.56,208.239,-1.4566,48.5474,13,5,4,7,6,76,0,0,0,0,126.64,79.2783647236828,3.55959993825642,179.073273088215,1,0
"1028",-0.17,230.308,0.5852,61.8349,16,3,3,5,6,94,0,0,0,0,92.42,96.3957030046999,4.34858856876084,251.614230036163,1,0
"1029",-0.71,189.167,-0.559499999999999,42.1103,13,3,3,6,5,74,0,0,0,0,103.7,74.5517997023406,4.02317670085803,224.92279144161,1,0
"1030",0.02,207.186,-3.2845,46.3173,14,6,6,8,5,82,0,0,0,0,148.4,79.6576300953563,3.99383041889922,209.64365714792,1,1
"1031",-1.29,238.286,0.9689,55.4916,14,5,2,7,5,80,0,0,0,0,83.83,90.4358509207658,4.1568574955048,240.234653468703,1,0
"1032",-1.7,237.302,0.3696,57.0502,14,5,2,7,5,80,0,0,0,0,89.62,90.9815078655825,4.1568574955048,243.844293943139,1,0
"1033",-1.19,238.286,0.9689,55.4916,14,5,2,7,5,80,0,0,0,0,83.83,90.4358509207658,4.1568574955048,240.234653468703,3,0
"1034",-1.36,266.384,2.1792,68.3456,16,4,2,6,9,94,0,0,0,0,74.6,104.181461812609,4.13903370626066,208.858919085742,1,0
"1035",-0.69,244.335,0.9753,66.4519,17,3,3,5,7,100,0,0,0,0,92.42,102.760645119097,4.34563185046528,264.476355907266,1,0
"1036",-3.12,268.36,-0.0282000000000001,65.3724,16,6,4,8,9,94,0,0,0,0,126.64,101.531321064191,3.34287926962822,216.078200034616,1,0
"1037",-2.2,290.406,2.5114,77.3916,18,4,2,6,11,102,0,0,0,0,74.6,115.532139977034,4.25977894126671,274.452535753819,1,0
"1038",0.31,245.279,-1.3232,61.0856,17,4,4,7,7,98,0,0,0,0,121.52,99.7421451739552,3.82740637640672,291.275597567618,1,0
"1039",-1.43,337.214,0.89,75.0152,19,3,3,7,7,110,0,0,0,0,95.5,120.999686311377,4.28620204545643,346.621084624432,1,0
"1040",-0.11,245.279,-1.3232,61.0856,17,4,4,7,7,98,0,0,0,0,121.52,99.7421451739552,4.12683533130791,291.275597567618,1,0
"1041",-1.82,392.357,-0.119799999999999,85.858,27,11,0,11,10,154,0,0,0,0,140.73,155.702264621039,5.96368669297893,556.569779476694,1,1
"1042",-1.97,187.18,0.2598,42.627,12,5,2,7,2,64,1,0,0,1,98.26,71.1110952277044,2.91208121882521,321.493275856192,1,0
"1043",-2.63,214.271,0.9437,50.9932,13,4,1,6,1,68,2,0,0,2,73.05,79.073745492018,2.7670721155053,511.372813590468,1,0
"1044",-2.24,206.332,3.0978,58.1556,12,2,2,4,7,70,0,0,0,0,40.46,83.5998738274076,3.00730563629466,139.136850060577,1,0
"1045",-1,172.228,0.734,46.1014,12,2,2,4,4,70,0,0,0,0,58.2,72.6867504161444,3.40257068263009,139.136850060577,1,0
"1046",-1.14,208.327,0.9148,54.7618,13,2,0,5,6,80,0,0,0,0,40.62,81.7096665720561,4.7062848573553,200.29852582457,1,0
"1047",-3.06,230.348,3.0511,65.2498000000001,16,3,1,3,10,96,0,0,0,0,46.53,99.1878574823355,3.06855151382054,166.560641672859,1,0
"1048",-2.16,174.2,0.2997,43.6899,12,2,3,5,6,70,0,0,0,0,92.42,70.9359345471135,3.00730563629466,140.73047810401,1,0
"1049",-2.39,220.359,3.4879,62.7726,13,2,2,4,8,76,0,0,0,0,40.46,89.9648159418042,2.99610499791245,150.99763683371,1,0
"1050",-3.07,234.386,3.878,67.3896,14,2,2,4,9,82,0,0,0,0,40.46,96.3297580562008,2.98954412871921,160.960811755427,1,0
"1051",-2.73,183.207,0.91438,45.581,13,4,0,4,4,72,0,0,0,0,67.16,77.4879570540655,4.34805177924448,239.7345941597,1,0
"1052",-2.16,200.282,1.5142,55.3354,14,2,2,4,6,82,0,0,0,0,58.2,85.4166346449376,3.40899312247411,160.960811755427,1,0
"1053",-0.59,185.223,0.6319,49.0737,13,4,1,4,5,74,0,0,0,0,55.4,77.9556365240206,3.7555562308759,220.899703855305,1,0
"1054",-1.8,218.256,1.517,59.6027,16,2,1,4,2,84,1,1,1,2,49.41,94.2479647062463,2.17757252916991,425.904717764672,1,0
"1055",-1.89,182.132,-0.0356,31.9438,12,4,2,8,6,70,0,0,0,0,99.08,67.2751962739887,3.67116821282824,170.931020515183,1,0
"1056",-3.39,244.331,2.8417,65.563,17,4,0,4,9,100,0,0,0,0,52.6,103.66869105969,3.4122207748066,225.459352000037,1,0
"1057",-4.48,212.252,3.03312,64.8887,16,2,1,3,1,80,3,0,0,3,37.91,93.0669700432283,2.45257626670266,670.054989302041,1,0
"1058",-1.74,218.253,0.9834,54.0858,15,4,2,6,6,88,0,0,0,0,104.64,88.8887039961292,4.16560476512675,212.152233955763,5,0
"1059",-1.95,186.175,-1.3153,47.0392,13,4,4,8,3,72,0,0,0,0,134.96,74.0324864589352,3.90541407872389,257.750225973898,1,0
"1060",-0.76,257.377,0.8358,60.5253,15,4,1,7,8,92,0,0,0,0,80.31,92.365259797044,4.31645642524637,322.10290799067,1,0
"1061",-0.7,260.334,-0.4592,67.849,18,4,4,6,9,106,0,0,0,0,98.66,107.764850357888,3.26699931606106,228.461965360645,1,0
"1062",-0.81,195.067,0.187,35.1879,12,6,0,8,1,68,0,3,3,3,87.9,67.3656371494564,2.25072158553987,245.437438124408,1,0
"1063",-2.2,313.485,2.3962,78.9933000000001,19,4,1,7,12,116,0,0,0,0,80.31,117.82502825463,4.08762646822705,375.010337125457,1,0
"1064",-2.1,262.214,-0.109,54.64,18,8,0,8,5,102,0,0,0,0,105.2,103.123999375602,4.90263197255042,281.786842282111,2,0
"1065",-0.92,292.332,-0.0162,71.341,20,6,4,8,11,118,0,0,0,0,117.12,117.991940816902,3.20210789029257,236.332102228103,1,0
"1066",-4.57,370.574,6.35420000000001,107.138,26,4,0,4,19,154,0,0,0,0,52.6,160.95317008926,3.24816517231132,296.103937061648,1,1
"1067",-1.95,334.481,0.7444,76.0214,19,6,0,9,9,116,0,0,0,0,102.42,115.899925202759,5.9437395246019,485.166554494776,1,0
"1068",-1.93,348.44,1.5442,89.809,24,6,4,8,15,142,0,0,0,0,117.12,143.451709274488,3.24013874076283,284.942760749492,1,0
"1069",-2.97,376.562,1.9147,89.8724000000001,22,6,0,9,12,134,0,0,0,0,102.42,134.994751545949,5.79894433685972,526.343715841371,1,0
"1070",-4.55,179.139,-1.4114,45.1918,13,5,3,7,0,66,2,0,0,2,117.52,70.6545944721185,3.03171727478496,568.981699013084,1,0
"1071",-2.15,178.151,-0.68518,45.5164,13,4,2,6,0,66,2,0,0,2,91.5,71.6796458895024,3.0564537692857,568.449630037444,3,0
"1072",-4.08,276.679,4.1592,70.6941,19,4,2,6,3,96,2,0,0,2,82.25,113.353473115764,2.29239845599623,638.836630973029,1,0
"1073",-1.93,213.218,0.3334,50.325,14,5,2,7,3,74,1,0,0,1,91.65,83.2837814704281,2.59136562118654,371.541555712291,1,0
"1074",-3.13,180.123,-1.7003,43.6051,13,4,3,7,0,66,2,0,0,2,111.47,69.4762258751495,3.12427026390977,619.792460890692,1,0
"1075",-3.85,242.234,3.5058,65.6841,18,4,2,5,3,90,2,0,0,2,82.25,103.050206888882,2.20365308825905,591.440281287807,1,0
"1076",-3.33,242.234,3.5058,65.6841,18,4,2,5,3,90,2,0,0,2,82.25,103.050206888883,2.28544321677455,591.440281287808,1,0
"1077",-3.77,291.395,4.6758,83.9233000000001,21,3,1,5,10,116,1,0,0,1,65.26,126.21332765063,2.26359092711404,443.340240248514,1,0
"1078",-3.86,276.679,4.1592,70.6941,19,4,2,6,3,96,2,0,0,2,82.25,113.353473115764,2.32462418328246,638.836630973029,1,0
"1079",-3.31,207.189,0.2719,52.448,15,4,2,6,3,78,1,0,0,1,91.65,85.6434182000166,2.65732456180251,400.323413213669,1,0
"1080",-3.94,182.139,-1.7568,44.7811,13,4,3,7,0,68,2,0,0,2,103.51,70.0406519162093,3.21510276621773,625.592387259088,1,0
"1081",-2.08,209.201,0.9564,53.0779,15,5,1,5,2,80,1,0,1,2,70.78,86.7273889091313,2.71182982902714,427.920831898176,1,0
"1082",-1.16,174.121,2.4316,36.8275,12,1,0,4,1,64,1,0,0,1,17.07,66.8194156571126,2.94434194515936,276.104488932269,1,0
"1083",-3.71,173.171,2.748,50.6024,13,2,0,3,1,64,2,0,0,2,43.14,74.766043373732,2.83097565836767,459.936328588487,5,0
"1084",-2.58,226.703,3.24552,61.9833,15,2,1,3,3,82,1,0,0,1,37.3,94.8800778849981,3.29311652269856,383.45366358977,1,0
"1085",-3.55,247.892,3.7114,49.8116,12,2,2,6,0,66,1,0,0,1,40.46,88.2329355314157,3.60356745147455,231.812865246844,2,0
"1086",-4.36,203.197,2.7566,57.1544,15,3,0,4,2,76,2,0,0,2,52.37,86.2445307176355,2.82761051305441,522.222002811627,1,0
"1087",-3.4,224.213,1.1363,45.8168,15,4,2,8,10,88,0,0,0,0,99.08,86.3700226171785,2.98607837615665,177.919431232106,1,0
"1088",-4.72,211.22,3.166,61.3384,16,2,0,3,1,78,2,0,1,3,43.14,92.5005840089282,2.17535806844321,590.236507406083,2,0
"1089",-4.14,238.24,1.5264,50.4338,16,4,2,8,11,94,0,0,0,0,99.08,92.7349647315751,2.98470830135809,188.705216215714,1,0
"1090",-4.52,365.964,5.6015,78.0115,19,4,0,9,5,106,1,0,0,1,44.76,130.304879815422,3.19506921926789,538.576344242394,1,1
"1091",-0.55,229.28,0.6162,58.9414,16,3,1,6,1,92,0,1,1,1,75.87,95.3140463708837,2.66017245949148,282.482819682025,1,0
"1092",-4.96,371.285,5.2397,95.4709,26,6,0,8,7,132,3,0,0,3,87.9,149.088813617121,1.86263858860087,869.930947739399,1,1
"1093",-3.22,202.165,2.2448,53.9208,15,4,1,4,0,74,3,0,0,3,63.58,83.3496341232931,2.6359589424576,705.248212905967,1,0
"1094",-3.05,333.963,2.3796,60.697,15,3,0,5,1,78,1,1,1,2,43.37,103.057025064431,2.29132157407674,413.180606902503,1,0
"1095",-3.34,253.304,1.5866,66.0803,16,5,3,6,1,82,1,1,1,2,69.56,100.977479451984,2.32438984033729,510.785647895873,1,0
"1096",-2.97,180.159,1.1714,44.7408,13,3,1,4,2,68,1,0,0,1,63.6,74.7570526444772,2.93404194111512,325.972867726716,1,0
"1097",-2.77,210.186,0.7462,41.1998,14,4,2,8,9,82,0,0,0,0,99.08,80.0050805027819,2.98954412871921,165.160542695647,1,0
"1098",-3.04,181.147,1.3814,44.4359,13,4,0,5,2,68,1,0,0,1,69.44,74.0893304003406,2.93404194111512,330.502192739697,1,0
"1099",-5.11,270.372,3.8174,77.7308,20,2,1,2,0,106,1,2,3,4,37.3,119.748970883908,1.72844125739521,576.780996320382,2,0
"1100",-0.6,180.163,0.0187999999999999,44.2186,13,4,2,5,1,68,1,0,1,2,73.58,74.4039576546742,2.35694114064209,351.24241773537,1,0
"1101",-4,231.295,2.94762,70.782,17,3,0,3,3,90,2,0,0,2,33.45,100.663950817471,2.60748727943089,582.282170594714,1,0
"1102",-2.71,224.241,1.0637,55.97,15,4,2,6,1,78,2,0,0,2,93.28,86.301242339232,2.96195887152434,622.290103488985,1,0
"1103",-2.5,224.241,1.0637,55.97,15,4,2,6,1,78,2,0,0,2,93.28,86.301242339232,2.88180962343298,622.290103488985,1,0
"1104",-1.56,188.61,2.0628,46.2208,12,3,1,4,2,66,1,0,0,1,38.69,75.4858777863816,3.23898870294481,285.876616268565,1,0
"1105",-4.27,187.198,3.05642,55.3394,14,2,0,3,1,70,2,0,0,2,43.14,81.1309854881286,2.8951601769883,505.6137328473,1,0
"1106",-1.47,216.262,-0.7039,53.3102,14,4,3,6,3,78,0,1,1,1,78.43,86.8637972417811,2.9734214014507,270.310979124042,1,0
"1107",-3.6,216.192,2.5478,58.808,16,4,0,4,1,80,3,0,0,3,52.58,90.0338877150005,2.58457779785679,720.536095789931,1,0
"1108",-1.69,237.284,0.863,62.3679,16,3,2,6,2,84,1,0,1,2,84.55,93.7415886502659,2.32002092415554,533.931803499722,1,0
"1109",-3.52,216.192,2.5478,58.808,16,4,0,4,1,80,3,0,0,3,52.58,90.0338877150005,2.59603905990224,720.536095789931,3,0
"1110",-4,225.247,2.70042,67.6355,17,3,1,3,0,84,3,0,0,3,42.23,97.4990881166236,2.68147023429201,787.173682173666,1,0
"1111",-2.68,242.321,2.3059,63.9228,15,4,1,5,4,80,1,0,0,1,46.53,97.4423629314002,2.25527209386707,337.780554389117,1,0
"1112",-5.72,266.294,2.305,59.6458,18,4,2,8,12,106,0,0,0,0,99.08,105.464848960368,3.71495381960089,248.522403561497,1,0
"1113",-2.53,212.249,0.939,53.9304,15,3,2,5,4,84,0,1,1,1,75.27,88.6021895712172,2.97044264906346,271.042626219602,3,0
"1114",-2.22,205.173,1.13972,53.7551,15,4,1,6,1,76,2,0,0,2,88.89,83.7318035500654,2.82610933602951,603.064325590199,1,0
"1115",-3.49,306.402,4.3806,86.0570000000001,22,4,0,4,10,122,1,0,0,1,52.6,132.360843151358,2.59832511572004,424.909889718967,1,0
"1116",-2.35,265.269,-0.4857,66.8338,19,4,3,7,6,102,1,0,0,1,110.52,109.658782399744,2.1748555846582,447.547534619098,1,0
"1117",-5.27,368.901,5.25230000000001,100.67,25,4,0,5,13,140,1,0,0,1,52.6,155.393993607032,2.23137316752292,540.62717693813,1,1
"1118",-1.67,212.249,0.939,53.9304,15,3,2,5,4,84,0,1,1,1,75.27,88.6021895712172,2.89133955413837,279.042626219602,5,0
"1119",-1.35,223.184,0.98902,52.8971,16,4,2,6,3,84,1,0,0,1,104.56,90.5487954769498,3.69775236879318,492.227910624932,1,0
"1120",-1.73,241.272,1.1136,59.559,16,5,2,7,5,86,1,0,0,1,91.65,96.0136656992213,2.40497173748715,400.141526297928,1,0
"1121",-1.91,230.311,2.60782,69.836,17,3,0,3,2,90,2,0,0,2,26.93,101.291934941144,2.73026047273788,576.259945142983,1,0
"1122",-3.82,173.171,2.748,50.6024,13,2,0,3,1,64,2,0,0,2,43.14,74.766043373732,2.68603466387699,465.186328588487,3,0
"1123",-2.3,178.191,1.715,49.661,13,4,2,4,2,68,1,0,0,1,65.18,75.813418937755,3.0711411718538,330.72775522888,1,0
"1124",-0.73,198.218,0.4272,51.5816,14,4,2,4,5,78,1,0,0,1,58.92,82.7067295404892,2.5695217573243,274.579437738814,3,0
"1125",-1.02,198.218,0.4288,51.6036,14,4,2,4,6,78,1,0,0,1,58.92,82.7067295404892,2.5001926242792,238.803840391943,1,0
"1126",-2.83,224.304,1.8664,66.548,16,4,0,4,7,90,0,0,0,0,58.86,96.867303458,3.89324272150968,284.980449991346,1,0
"1127",-1.94,182.135,0.7138,42.3491,13,4,2,6,2,68,1,0,0,1,92.47,72.9089774917192,2.93404194111512,332.850708285294,1,0
"1128",-2.87,196.162,1.056,46.9764,14,4,1,6,2,74,1,0,0,1,83.68,79.4838910927111,2.9399537189703,358.108958103859,1,0
"1129",-5.7,254.285,3.2969,74.4653,19,3,1,3,4,96,2,0,0,2,46.53,111.32796383271,2.13621705434488,597.646040117285,1,0
"1130",-2.28,196.162,0.886,47.5716,14,4,1,6,3,74,1,0,0,1,81.47,79.5932310834266,2.82702203934274,346.863841338041,1,0
"1131",-1.52,218.26,1.92766,59.525,16,5,0,5,2,84,2,0,0,2,52.83,94.1083404315082,2.26164469592082,478.948268800151,1,0
"1132",-1.88,208.217,0.398099999999999,53.8241,15,3,2,5,4,80,1,0,0,1,81.42,87.2175138872986,2.25527209386707,337.780554389117,1,0
"1133",-5.09,232.283,1.8551,67.2384,17,2,2,4,4,90,2,0,0,2,54.12,99.9718681573882,2.18687591759256,531.199026014493,1,0
"1134",-2.68,302.414,3.2023,83.1768,22,3,1,3,0,120,0,3,4,4,54.37,131.712559392951,1.77536671592293,591.487716039103,1,0
"1135",-1.59,235.243,1.0521,61.682,17,4,2,6,5,90,1,0,0,1,91.65,98.3733024288098,2.47101002336756,428.847613265245,1,0
"1136",-2.31,224.26,1.1051,58.4534,16,3,2,5,3,88,0,1,1,1,75.27,94.2775286534295,3.20378059310172,351.425964796673,1,0
"1137",-2.62,244.316,-0.0677999999999999,62.4742,16,4,3,6,4,90,0,1,1,1,78.43,99.5936814705743,3.00976892304267,308.025831548963,1,0
"1138",-2.06,230.373,3.0666,62.6658,15,2,0,3,2,88,0,2,2,2,34.14,93.3673503609204,2.02927563666936,258.74398016946,1,0
"1139",-1.61,230.289,-0.3138,57.9272,15,4,3,6,4,84,0,1,1,1,78.43,93.2287393561777,2.97044264906346,275.732582155495,1,0
"1140",-1.46,228.291,3.37,69.502,17,2,0,2,4,88,2,0,0,2,26.3,101.212845552766,2.27949357828086,543.613158901307,1,0
"1141",-0.76,207.229,1.2796,55.623,15,2,2,4,3,80,1,0,0,1,66.4,87.9232538273716,2.77047469615214,370.67924079774,1,0
"1142",-3.48,219.196,1.24588,53.3805,16,5,0,5,2,82,1,0,1,2,68.55,92.1450200079839,2.76562853243656,501.686518533246,1,0
"1143",-2.73,242.23,2.3214,64.9406,18,3,2,4,3,90,2,0,0,2,74.6,103.129893258834,2.45979590747006,599.445985981175,3,0
"1144",-1.97,215.234,-0.3742,50.7593,14,4,3,7,2,76,1,0,0,1,115.28,80.9482868039859,3.04748612636501,437.752753584984,1,0
"1145",-1.19,235.283,1.7581,64.6202,17,3,1,4,4,92,1,0,0,1,55.4,100.972449533476,2.71217472198412,398.385418760107,1,0
"1146",-2.67,223.228,2.1803,58.3957,16,4,1,5,3,86,1,0,0,1,64.63,93.3561105341894,2.57131621344242,372.075881863612,3,0
"1147",-0.75,223.228,0.5433,56.4661,16,4,4,5,1,86,1,0,1,2,89.79,92.3443680781906,2.62517680323719,457.542939062986,1,0
"1148",-1.91,247.25,1.5359,63.2738,18,3,1,5,3,94,1,0,1,2,74.68,104.018800489275,2.5488431704011,516.6771552838,1,0
"1149",-1.39,244.29,2.4622,69.3556,18,3,2,3,4,94,2,0,0,2,49.69,106.28533640265,2.17095915527691,478.851717582432,1,0
"1150",-3.22,251.238,0.432699999999999,61.965,18,4,2,6,5,96,1,0,0,1,92.7,103.563263271319,2.54840180653537,443.040808917358,1,0
"1151",-1.1,238.243,-0.5372,60.4317,17,4,4,6,5,92,1,0,0,1,112.65,98.0573782765803,2.47693073609468,402.437387290931,1,0
"1152",-0.89,234.255,0.7879,61.7877,17,3,1,5,3,90,1,1,1,2,58.64,99.3615099357532,2.05866889122971,441.568892662762,1,0
"1153",-2.83,313.136,3.8619,75.5838,20,3,1,6,5,104,2,0,0,2,55.76,125.007760319371,2.18621136106171,568.127828088784,1,0
"1154",-5.91,314.124,4.7025,76.1844,20,4,0,7,4,104,2,0,0,2,61.6,124.340038075234,2.31965730993845,660.814570115348,3,0
"1155",-1.79,245.348,0.6549,66.4427,16,3,1,6,2,92,0,1,1,1,44.81,101.72127600464,2.33108035591268,226.4486968923,1,0
"1156",-6.54,310.687,3.5801,74.2949,21,2,2,7,2,108,2,0,0,2,58.2,123.275487154392,2.05565141271953,669.623404876769,5,0
"1157",-0.46,216.222,-2.1851,50.2628,14,4,4,8,1,76,0,1,1,1,99.33,84.6009257280517,2.6771257203745,296.198477646302,1,0
"1158",-3.74,353.418,4.0244,99.0835000000001,26,3,2,5,6,136,2,0,1,3,75.63,152.547830567,1.69677320941064,769.663305858065,1,0
"1159",-2.52,362.363,1.4619,88.799,25,5,3,9,5,130,2,0,0,2,129.64,143.087566095106,2.20982303430179,935.352231015186,1,0
"1160",-3.66,235.239,2.7805,60.7719,17,4,0,5,3,90,1,0,1,2,69.44,98.5432677043978,2.57985075579467,491.279037843008,1,0
"1161",-4.16,243.391,4.0488,70.9372,17,2,2,3,10,102,0,0,0,0,49.33,105.943155050311,4.69686117288342,182.624453101673,1,0
"1162",-3.05,179.219,1.5392,52.1085,13,3,0,3,2,70,1,0,0,1,29.54,77.9260725768374,2.8709298381469,290.297984846572,3,0
"1163",-2.14,182.175,1.402,46.5053,13,3,1,4,3,70,1,0,0,1,55.76,75.7090757739403,3.26636717211138,319.390782270972,1,0
"1164",-0.84,188.208,0.1351,43.2244,12,4,3,6,2,66,1,0,0,1,92.42,69.8302041442068,3.09046103473435,356.884517170786,1,0
"1165",-0.47,248.259,2.8327,63.5346,17,3,1,5,1,86,3,0,0,3,67.51,97.2176974570849,2.45730110742912,814.759358516294,1,0
"1166",-2.73,213.236,2.7226,61.48,16,2,1,3,2,80,2,0,0,2,40.54,93.5230674618787,2.23939893032045,467.805971800698,1,0
"1167",-1.41,207.229,0.8184,55.3865,15,2,2,4,4,80,1,0,0,1,66.4,87.9232538273716,2.67014653802804,348.110483558352,1,0
"1168",-3.5,206.289,2.9035,63.2367,15,1,1,3,2,82,1,0,0,1,32.34,91.0922737597318,2.68576898939327,327.980285329337,5,0
"1169",-1.86,235.283,1.2969,64.3837,17,3,1,4,5,92,1,0,0,1,55.4,100.972449533476,2.69535130104456,375.510781634044,1,0
"1170",-1.78,234.343,2.58374,72.3337000000001,17,2,1,3,5,94,1,0,0,1,32.34,103.822157988525,2.68026765604749,363.558641558909,5,0
"1171",-3.47,254.285,3.1057,72.3673,19,2,1,3,4,96,2,0,0,2,54.37,111.065543735431,2.34004173143961,602.400927619448,4,0
"1172",-5.28,228.247,3.46446,66.467,17,3,0,3,0,86,3,0,0,3,43.35,97.6502267142868,2.62632429155133,790.42410105044,1,0
"1173",-3.33,313.353,2.2964,86.14,23,4,2,5,6,120,2,0,0,2,75.63,134.458835377339,2.11874232205892,652.481619998317,1,0
"1174",-0.93,301.32,0.59132,69.7941,20,4,3,8,7,110,1,0,0,1,120.77,115.843205586379,2.88193792316368,592.878491760674,1,0
"1175",-2.31,366.053,2.2417,74.03,17,3,0,6,4,94,1,0,0,1,42.31,116.868648354992,2.89192142769802,440.779502124663,1,0
"1176",-3.18,460.053,1.9259,84.064,17,3,0,6,4,94,1,0,0,1,42.31,127.657229385797,2.89192142769802,440.779502124663,1,0
"1177",-2.2,351.121,1.7917,65.9394,16,4,2,7,1,84,2,0,0,2,87.49,105.017423515459,3.02389142628158,668.508475248278,1,0
"1178",-2.36,238.287,1.3511,63.0004,17,3,2,5,5,94,0,1,1,1,75.27,100.642470767826,3.11364889122328,342.762241976586,3,0
"1179",-3.35,243.391,3.9047,70.8672000000001,17,2,2,3,9,102,0,0,0,0,49.33,105.943155050311,4.6450635191385,212.267749371072,1,0
"1180",-5.22,243.391,4.0488,70.9372,17,2,2,3,10,102,0,0,0,0,49.33,105.943155050311,3.96828098911698,200.39889061249,1,0
"1181",-4,243.391,3.6165,70.7272000000001,17,2,2,3,7,102,0,0,0,0,49.33,105.943155050311,5.11189261792792,207.847383868205,1,0
"1182",-2.82,243.391,4.0488,70.9372,17,2,2,3,10,102,0,0,0,0,49.33,105.943155050311,4.47600491211344,198.39889061249,1,0
"1183",-4.8,243.391,4.0488,70.9372,17,2,2,3,10,102,0,0,0,0,49.33,105.943155050311,3.41579686762049,202.39889061249,1,0
"1184",-1.78,182.175,0.5758,46.0751,13,4,2,4,3,70,1,0,0,1,66.76,75.3897642966295,3.0585977809285,319.390782270972,1,0
"1185",-2.17,244.316,0.0763,62.5442,16,4,3,6,5,90,0,1,1,1,78.43,99.5936814705743,2.91511518908526,297.186002792949,1,0
"1186",-0.68,249.222,0.1557,60.7546,18,4,2,6,3,94,1,1,1,2,94.91,102.448092127074,2.33240824335634,512.458871972028,1,0
"1187",-3.35,235.327,2.84932,67.8272,17,2,2,3,5,94,1,0,0,1,49.33,102.810596569996,2.93413418292505,366.313529061072,1,0
"1188",-0.91,209.201,-0.1381,52.4178,15,3,3,5,4,80,1,0,0,1,86.63,86.352545465171,2.67010259051537,349.699837916652,1,0
"1189",-1.77,207.167,-1.7221,42.8547,13,4,4,9,2,72,1,0,0,1,132.12,71.5076189857547,3.19083002925997,511.07130329291,1,0
"1190",-2.89,235.327,3.03,67.8652,17,2,2,3,6,94,1,0,0,1,49.33,102.810596569996,3.185585782008,342.499659323847,1,0
"1191",-3.52,235.327,2.68596,68.0672,17,2,2,3,3,94,1,0,0,1,49.33,102.810596569996,3.07478762972042,412.843504659285,1,0
"1192",-3.23,255.364,2.2211,70.6008,16,3,1,5,4,86,1,0,0,1,40.54,104.453593486493,2.37984500326059,367.507128892205,1,0
"1193",-2.69,246.31,2.213,69.713,18,2,0,4,3,96,1,1,1,2,40.62,107.15795644187,2.46869487623119,465.942152534049,1,0
"1194",-3.82,250.294,2.8202,67.589,18,4,0,4,6,98,1,0,0,1,52.6,106.901074693771,2.84594749599772,373.009947911841,3,0
"1195",-8.56,362.51,5.94100000000001,104.525,26,4,0,4,14,146,1,0,0,1,52.6,157.820611608944,2.41968373762318,477.628461988641,1,1
"1196",-2.22,203.326,1.2897,59.3383000000001,14,3,3,3,10,86,0,0,0,0,52.49,87.5270018597957,2.91682198365384,109.460653775465,1,0
"1197",-2.64,217.353,1.6798,63.9553000000001,15,3,3,3,11,92,0,0,0,0,52.49,93.8919439741923,2.92411784175596,120.189746743087,1,0
"1198",-3.11,231.38,2.0699,68.5723000000001,16,3,3,3,12,98,0,0,0,0,52.49,100.256886088589,2.93121610382652,131.101001532421,1,0
"1199",-0.96,183.207,0.3506,48.6581,13,4,4,4,3,72,1,0,0,1,72.72,76.4587929028829,2.83516826248818,288.188345084928,2,0
"1200",-2.56,258.343,0.3223,67.0912,17,4,3,6,5,96,0,1,1,1,78.43,105.958623584971,2.90940589132383,321.60824487174,1,0
"1201",-2.38,258.343,0.4664,67.1612,17,4,3,6,6,96,0,1,1,1,78.43,105.958623584971,2.83250505792797,310.678232994082,1,0
"1202",-1.79,248.238,0.2341,61.8145,18,3,2,6,4,94,1,1,1,2,86.71,103.203720558486,2.15545605191581,486.11059457204,1,0
"1203",-4.49,308.315,2.7586,78.0789,21,5,1,8,5,110,2,0,0,2,98.54,120.930598467987,2.42917669262426,759.3860166889,2,0
"1204",-0.37,220.141,-3.6132,41.9219,15,5,7,10,2,84,0,1,1,1,174.01,82.0499331364429,3.09263570402048,344.413955333022,1,1
"1205",-3.09,272.37,0.7124,71.7082,18,4,3,6,6,102,0,1,1,1,78.43,112.323565699368,2.93360088763019,337.231685720167,1,0
"1206",-3.14,272.37,0.7124,71.7082,18,4,3,6,6,102,0,1,1,1,78.43,112.323565699368,3.00193144054966,333.231685720167,1,0
"1207",-1.81,375.191,2.0692,78.6169,18,4,2,7,3,94,2,0,0,2,85.08,118.620512200587,2.26714192247097,638.993472251592,1,0
"1208",-1.52,246.27,0.97502,68.9531,18,4,2,6,2,94,2,0,0,2,82.05,103.613325693015,2.63904625568478,640.087288763364,1,0
"1209",-4,288.387,2.58,80.1204,21,3,3,3,0,114,1,2,3,4,60.69,125.175916288257,1.71027069892816,569.58190829194,3,0
"1210",-3.66,227.474,3.361,49.6888,12,2,1,5,1,66,1,0,0,1,29.46,84.6139228962415,3.38704632901177,312.010065005209,1,0
"1211",-2.91,236.271,1.2013,60.9667,17,3,1,5,1,92,0,1,2,2,66.48,99.8466111008922,2.40012061589437,427.466678381428,5,0
"1212",-2.1,228.631,1.761,54.1848,15,3,1,5,4,80,1,0,0,1,63.6,91.4252609857555,2.8835625812067,374.763707653877,1,0
"1213",-2.94,173.171,1.4608,48.8065,13,3,1,3,0,64,1,0,1,2,49.66,75.0008542289478,2.67068749260717,418.687851806373,1,0
"1214",-3.16,271.323,0.9021,65.2969,17,5,2,8,2,90,2,0,0,2,102.15,101.515014004463,2.51680603552851,690.574032792401,1,0
"1215",-1.55,240.28,2.0202,61.5296,16,3,2,5,6,86,1,0,0,1,74.6,97.2907354213248,2.70738586479992,363.507128892205,1,0
"1216",-6,254.285,3.2969,74.4653,19,3,1,3,4,96,2,0,0,2,46.53,111.32796383271,2.22667904148717,600.646040117285,1,0
"1217",-3.17,231.045,1.9413,47.1463,12,3,1,4,1,64,1,0,0,1,46.53,78.0981360356782,3.04556379153979,309.171324463939,1,0
"1218",-3.12,284.366,1.4835,70.9499,18,6,2,8,4,96,2,0,0,2,97.97,108.917023128099,2.2365806023872,634.152220329635,2,0
"1219",-2.83,358.302,2.0968,87.3676,26,6,2,8,7,134,2,0,0,2,127.2,147.139796375521,1.91490932104427,784.274527504175,1,0
"1220",-3.21,239.183,1.2824,55.3199,17,6,0,7,3,90,1,0,1,2,87.9,96.0404739346184,2.76741107662699,510.007853690638,1,0
"1221",-3.59,191.23,2.4637,56.1738,14,3,1,3,3,74,1,0,0,1,49.66,83.1071920295799,2.75726784281497,352.055210298848,1,0
"1222",-3.54,274.32,2.7162,76.144,20,4,0,5,3,106,1,0,1,2,58.97,117.77193260143,2.44783368487161,547.496870407494,1,0
"1223",-1.6,198.174,0.893,47.6631,14,5,2,5,2,76,1,0,0,1,75.99,80.5033095261363,3.20180629987072,335.215100846296,1,0
"1224",-2.06,239.252,1.3743,59.8398,16,4,3,6,1,84,2,0,0,2,100.62,91.8758281104815,3.02906215607006,663.818519312386,1,0
"1225",-2.54,223.253,1.6687,58.175,15,3,2,5,1,78,2,0,0,2,80.39,87.0815943582855,2.92280203926017,619.600147553092,3,0
"1226",0.01,223.228,0.524,57.0513,16,3,3,5,4,86,1,0,0,1,86.63,92.7174875795676,2.71234225675165,385.475965453322,1,0
"1227",-0.73,238.243,-0.5372,60.4317,17,4,4,6,5,92,1,0,0,1,112.65,98.0573782765803,2.69541709424604,402.437387290931,1,0
"1228",-3.55,191.23,2.4637,56.1738,14,3,1,3,3,74,1,0,0,1,49.66,83.1071920295799,2.8599492733131,369.305210298848,1,0
"1229",-3.64,212.252,2.725,66.2152,16,3,2,3,2,80,2,0,0,2,58.61,93.8828863750265,2.28803107215856,473.345973055476,1,0
"1230",-3.05,216.214,0.7199,47.5961,14,4,1,6,3,76,1,0,0,1,80.67,81.0649906878815,3.12447676818201,431.304372569278,1,0
"1231",-6.04,253.301,3.139,76.6129,19,3,1,3,4,96,2,0,0,2,52.32,111.873620777527,1.88185383873393,576.312621501673,1,0
"1232",-1.41,208.217,-0.1128,54.0159,15,3,3,5,4,80,1,0,0,1,92.42,86.8982024099877,2.57210073516556,350.944950414488,1,0
"1233",-1.89,272.348,3.8296,82.576,20,4,0,4,6,106,1,0,0,1,58.86,119.194513435271,2.78644506960851,503.344533848507,1,0
"1234",-3.92,317.435,3.7959,91.7588,21,3,1,5,5,108,2,0,0,2,40.54,133.145745578161,2.06033698650987,602.188745746701,1,0
"1235",-2.66,390.314,0.408699999999999,84.3312,27,5,3,11,8,148,1,0,0,1,121.8,151.231022221336,2.94041059262717,693.146067953039,1,0
"1236",-3.84,173.171,0.7516,47.9439,13,3,1,3,0,64,1,0,1,2,60.16,74.8586722884701,2.71790859547039,432.305815658123,1,0
"1237",-4.24,223.275,3.2162,68.9877,17,1,1,2,1,84,2,0,1,3,29.1,100.288876798873,2.03686689492112,601.620856964808,3,0
"1238",-0.99,214.608,2.2066,52.4101,14,3,1,6,2,74,1,0,0,1,72.24,84.8289135813234,3.15196031524285,392.172823573102,1,0
"1239",-1.49,218.256,1.18558,59.8025,16,3,2,4,6,84,1,0,0,1,73.12,94.5192535231932,2.52069519046854,370.355192157805,1,0
"1240",-4.02,285.365,2.1955,72.7421000000001,19,3,1,6,7,106,1,0,0,1,74.68,113.462363335131,3.06533053788193,516.079128013266,2,0
"1241",-1.83,274.324,1.62582,78.4424,20,4,2,6,3,106,2,0,0,2,68.06,116.553181408404,2.47149153464271,670.472617399532,1,0
"1242",-4.42,261.708,3.68442,71.227,18,2,1,4,2,92,2,0,0,2,40.54,110.191275803157,2.228964048698,549.011604171257,1,0
"1243",-6.01,366.309,2.7224,99.7531,26,3,2,6,5,130,3,0,0,3,91.67,149.476587364991,2.18486158320745,931.136238979529,1,0
"1244",-3.08,301.327,1.2375,79.1729,21,4,2,7,2,106,3,0,0,3,105.91,119.871646508661,2.34687223590625,993.516907859979,1,0
"1245",-4.17,295.342,3.5767,85.2514,22,3,2,5,2,112,2,0,1,3,62.72,128.547626946877,1.9272826137415,690.688838725825,1,0
"1246",-1.41,179.172,-3.8682,38.0094,12,6,6,6,0,72,0,1,1,1,127.17,68.8691899042761,2.76025207562521,107.488109568833,1,1
"1247",-2.72,191.186,1.2659,51.8475,14,2,2,4,3,72,1,0,0,1,66.4,80.8687086807907,2.54035358497926,356.889677154985,1,0
"1248",-4.07,262.201,1.606,68.9366,18,2,2,5,3,92,2,0,0,2,74.6,103.979699202614,2.42162272772662,604.648187644366,1,0
"1249",-4.15,311.388,2.21072,78.4052,20,5,2,8,4,106,2,0,0,2,88.16,120.465357279784,2.18789375252256,720.660751464722,1,0
"1250",-3.65,304.375,1.7384,80.3369,21,5,2,7,3,110,2,0,1,3,97.97,123.032259364547,1.86685526886807,757.043517088201,1,0
"1251",-0.05,278.264,0.2819,68.1066,20,4,2,7,4,106,1,1,1,2,98.15,114.572867911674,2.21799843266109,554.384872531351,1,0
"1252",-1.58,294.351,0.8775,78.8077,21,4,4,6,7,116,1,0,0,1,112.65,123.517146734167,2.67314866880799,484.951913996795,1,0
"1253",-0.66,213.325,1.1799,61.9614,15,2,2,4,4,88,0,1,1,1,44.37,92.4039211557296,2.06315397750498,188.272055383662,1,0
"1254",-2.35,250.342,2.1559,73.5199,18,4,1,4,6,100,1,0,0,1,55.56,108.725731731437,2.5104594359611,371.885310785778,1,0
"1255",-2.38,250.342,2.1559,73.5199,18,4,1,4,6,100,1,0,0,1,55.56,108.725731731437,2.4804620482579,371.885310785778,1,0
"1256",-2.07,294.351,0.8775,78.8077,21,4,4,6,7,116,1,0,0,1,112.65,123.517146734167,2.59956447083244,484.951913996795,1,0
"1257",-1.63,302.378,2.40602,87.6764,22,4,2,6,5,118,2,0,0,2,68.06,129.283065637197,2.27322189230722,700.926152470867,1,0
"1258",-3.85,274.188,0.956,59.744,20,7,0,8,4,100,3,0,0,3,113.39,110.281760064437,2.06341772288602,754.087825252966,1,0
"1259",-0.3,198.262,0.7334,51.6326,14,3,2,3,0,80,0,2,2,2,57.53,84.1269994691729,2.1913953630742,238.687143090369,1,0
"1260",-6.41,254.374,3.9093,73.637,18,4,2,4,2,104,0,1,1,1,65.18,109.764856836524,2.80505088577923,351.295717298976,1,0
"1261",-1.02,211.217,0.3129,53.9591,15,4,4,5,4,82,1,0,0,1,89.79,86.9852571173233,2.79644719291156,364.440062912325,1,0
"1262",-2.89,308.186,2.6748,72.4265,18,3,2,7,5,98,1,0,0,1,66.4,118.6528963065,2.63516549614598,467.601589088948,1,0
"1263",-2.7,253.214,1.191,62.3706,18,4,3,8,5,96,1,0,0,1,121.57,101.761149619083,2.44181668888821,457.085885235396,1,0
"1264",-2.31,308.186,2.6748,72.4265,18,3,2,7,5,98,1,0,0,1,66.4,118.6528963065,2.72755430832563,447.351589088948,1,0
"1265",-1.68,287.319,1.51726,75.2676,21,5,2,6,8,110,1,0,0,1,108.35,123.010864786643,2.84692229219075,524.76764937512,1,0
"1266",-5.08,388.504,4.2949,103.4598,28,4,1,5,4,154,0,3,4,4,80.67,166.447395180088,1.49281989736345,724.504327536537,1,0
"1267",-2.91,324.336,2.1511,87.5998,24,3,1,6,5,122,2,1,1,3,77.92,138.470786251145,1.93661352122262,761.10293261649,1,0
"1268",-1.52,166.22,1.5807,44.626,12,2,0,2,0,66,0,2,2,2,34.14,72.3351119504281,2.38952530756046,252.564194176608,1,0
"1269",-1.26,180.203,1.2831,48.0348,13,3,1,3,3,70,1,0,0,1,46.53,76.9604726588301,2.67916949034355,268.758164153362,1,0
"1270",-1.78,182.219,1.4664,46.1978,13,2,1,3,1,72,0,2,2,2,54.37,77.1293457026241,2.52521601452726,296.544983621308,1,0
"1271",-2.52,196.25,2.1029,53.055,14,4,2,4,0,78,0,2,2,2,65.18,83.2992572254088,2.60486598935017,333.013699837591,1,0
"1272",-0.89,214.242,0.9334,50.7256,14,3,1,5,3,76,1,0,0,1,71.44,82.1073836967132,3.16218748093959,421.384993270313,1,0
"1273",-1.23,223.228,0.2504,57.0128,16,3,3,5,4,86,1,0,0,1,86.63,92.7174875795676,2.73541969902383,374.830769365776,1,0
"1274",-1.23,226.253,1.6301,56.9126,15,3,2,5,5,80,1,0,0,1,74.6,90.9257933069282,2.75040142798671,349.699837916652,3,0
"1275",0.39,207.229,1.7359,56.4885,15,2,2,4,4,80,1,0,0,1,66.4,87.9232538273716,2.46836162130676,348.110483558352,1,0
"1276",-0.87,241.312,0.937,61.7838,16,3,0,5,3,88,1,0,0,1,54.45,95.8028678435138,3.0918683572039,465.262859247559,1,0
"1277",-1.74,237.255,0.9045,61.803,17,3,2,5,5,92,1,0,0,1,75.63,99.4017411712751,2.74845671110377,390.751919053098,1,0
"1278",-2.16,223.228,0.3565,57.2083,16,3,3,5,6,86,1,0,0,1,86.63,92.7174875795676,2.58059993851867,363.507128892205,1,0
"1279",-3.55,269.511,3.4987,59.1978,15,2,1,6,3,82,1,0,0,1,46.53,101.505329225078,2.95268112324856,392.434113581116,3,0
"1280",-1.8,238.199,0.7977,57.6604,17,4,2,7,4,90,1,0,0,1,109.54,96.2112874354748,2.85768412894785,471.518991012853,1,0
"1281",-2.59,239.227,0.0620999999999998,58.8731,17,4,4,6,6,92,1,0,0,1,106.86,97.5117213317636,2.62851612587808,400.827746816494,1,0
"1282",-2.11,278.396,2.4624,81.1914,20,4,2,4,6,112,0,1,1,1,58.2,121.251114093185,2.66920059965491,384.192809488736,1,0
"1283",-3.1,316.357,0.8855,88.6212,23,6,4,6,7,122,2,0,0,2,96.52,134.115435082627,2.23662432479316,567.005136556403,1,0
"1284",-4.16,332.484,3.6302,93.3406000000001,24,3,2,3,1,134,0,3,4,4,57.53,145.075155273896,1.68535508087128,593.891277323464,1,0
"1285",-4.35,355.453,4.08062,100.7143,26,3,1,4,6,138,2,1,1,3,40.54,154.013212241367,1.44457921013321,731.742493962212,1,0
"1286",-4.82,392.58,4.4779,108.6474,28,3,3,4,4,160,0,4,4,4,77.76,169.653818401466,1.54574926439448,605.412568486979,3,0
"1287",-3.41,362.472,4.1046,98.5536,24,4,2,6,9,126,2,0,0,2,74.6,148.835881767151,1.90070018919672,601.733682528477,1,0
"1288",-1.47,295.295,-1.421,73.4414,21,5,5,8,7,114,1,0,0,1,141.75,120.498646789025,2.35299953644134,515.042946492913,1,NA
"1289",-2.3,322.368,3.12842,94.8304,24,4,2,6,3,122,3,0,0,3,68.06,138.880391385675,1.89577853993302,911.441861115502,1,0
"1290",-1.98,192.258,2.92942,56.6293,14,2,1,2,3,76,1,0,0,1,37.3,84.5768116581164,2.86048353485473,340.175007801852,1,0
"1291",-1.32,170.212,1.7128,46.005,12,4,2,4,0,68,0,1,1,1,65.18,71.5752041501448,2.91280892959913,199.097750043269,1,0
"1292",-1.83,170.212,1.8569,46.075,12,4,2,4,1,68,0,1,1,1,65.18,71.5752041501448,2.66668072940535,211.103399987276,1,0
"1293",-5.44,354.402,4.3216,98.2171,26,5,2,5,4,136,2,0,1,3,75.99,152.054622232867,2.09315917274869,860.960442202491,1,0
"1294",-3.39,245.072,2.3314,51.7633,13,3,1,4,2,70,1,0,0,1,46.53,84.4630781500748,2.90294921113096,322.635894768809,1,0
"1295",-3.33,211.264,2.3814,64.7764,16,1,1,2,3,80,2,0,0,2,43.09,94.7197943514107,2.22867712594817,473.848345083956,1,0
"1296",-3.38,214.648,2.6124,53.6903,14,3,1,4,3,76,1,0,0,1,46.53,87.2637388857117,2.75561960987274,336.139037606116,1,0
"1297",-3.51,259.099,2.7215,56.3803,14,3,1,4,3,76,1,0,0,1,46.53,90.8280202644714,2.75561960987274,336.139037606116,1,0
"1298",-3.07,354.383,3.1086,90.8084,25,5,2,6,2,126,3,0,1,4,83.83,144.441117484236,2.08124397796712,992.432380036825,1,0
"1299",-2.8,194.19,1.7418,53.2008,14,4,1,5,4,74,1,0,0,1,78.39,80.9430380795219,2.89118270807289,363.074741320733,1,0
"1300",-1.16,180.207,1.2101,50.9804,13,2,1,4,2,70,1,0,0,1,55.56,76.9010211594535,2.85315704026111,294.987940782465,1,0
"1301",-1.74,199.254,0.989799999999999,54.0361,14,3,2,5,4,80,0,1,1,1,76.71,83.6832355057397,2.01695080643173,200.233747613703,1,0
"1302",-1.66,194.234,1.6002,55.5974,14,2,1,4,3,76,1,0,0,1,55.56,83.2659632738501,2.77158702042763,308.402966410215,1,0
"1303",-3.82,210.233,2.3559,57.9118,15,4,1,5,5,82,1,0,0,1,78.39,87.9975832261028,2.70277685035207,352.52077938479,1,0
"1304",-1.53,201.247,0.65102,49.1042,13,3,1,5,2,72,1,0,0,1,69.39,77.3754991672249,3.41454826533852,411.397357750919,1,0
"1305",-3.51,228.675,3.0025,58.3073,15,3,1,4,4,82,1,0,0,1,46.53,93.6286810001083,2.61808495830305,349.686312528654,1,0
"1306",-3.67,273.126,3.1116,60.9973,15,3,1,4,4,82,1,0,0,1,46.53,97.192962378868,2.61808495830305,349.686312528654,1,0
"1307",-3.16,216.689,2.91262,56.9108,13,2,1,4,3,70,1,0,0,1,29.46,87.0960549184762,2.71944151846269,325.390782270972,1,0
"1308",-3.95,242.702,3.3926,62.9243,16,3,1,4,5,88,1,0,0,1,46.53,99.9936231145049,2.49563789207963,363.281547416253,1,0
"1309",-4.1,287.153,3.5017,65.6143,16,3,1,4,5,88,1,0,0,1,46.53,103.557904493265,2.49563789207963,363.281547416253,1,0
"1310",-4.22,334.153,3.3438,70.6313,16,3,1,4,5,88,1,0,0,1,46.53,108.952195008667,2.49563789207963,363.281547416253,1,0
"1311",-2.66,196.206,1.9642,53.2728,14,4,1,5,3,76,1,0,0,1,78.39,81.6326411117062,2.95352181496642,349.910345295362,1,0
"1312",-3.63,215.208,2.9674,60.1972,16,3,1,4,2,80,2,0,0,2,63.37,91.9357068002568,2.63013569922212,523.042011576222,1,0
"1313",-1.64,213.258,0.3341,52.2842,14,3,1,5,3,76,1,0,0,1,77.23,82.6530406415299,3.16218748093959,424.630105768149,1,0
"1314",-3.95,215.208,2.9674,60.1972,16,3,1,4,2,80,2,0,0,2,63.37,91.9357068002568,2.66100231552926,523.042011576222,1,0
"1315",-1.85,208.261,1.9903,60.2144,15,2,1,4,4,82,1,0,0,1,55.56,89.6309053882468,2.81816023914156,321.864735779628,1,0
"1316",-2.69,237.107,3.2576,57.1838,13,2,1,5,3,70,1,0,0,1,29.46,91.0343790309613,2.71944151846269,327.920107283953,1,0
"1317",-4.09,256.729,3.7827,67.5413,17,3,1,4,6,94,1,0,0,1,46.53,106.358565228902,2.38911061003182,376.927366156147,1,0
"1318",-4.22,301.18,3.8918,70.2313,17,3,1,4,6,94,1,0,0,1,46.53,109.922846607661,2.38911061003182,376.927366156147,1,0
"1319",-4.43,348.18,3.7339,75.2483,17,3,1,4,6,94,1,0,0,1,46.53,115.317137123064,2.38911061003182,376.927366156147,1,0
"1320",-3,228.244,0.4358,58.1336,16,5,2,5,6,90,1,0,0,1,68.15,94.1852168843927,2.78268758250662,326.151002668672,1,0
"1321",-3.41,257.5,3.3696,56.2408,14,3,1,6,2,78,1,0,0,1,38.69,96.092410240145,3.55533792416577,334.33451632506,1,0
"1322",-2.02,209.201,1.149,54.6876,15,3,2,5,3,80,1,0,0,1,77.84,86.5625169517663,3.33160975080856,411.883457277776,1,0
"1323",-4.23,270.756,4.1728,72.1583,18,3,1,4,7,100,1,0,0,1,46.53,112.723507343298,2.29740307455086,390.625535781451,1,0
"1324",-4.42,315.207,4.2819,74.8483,18,3,1,4,7,100,1,0,0,1,46.53,116.287788722058,2.29740307455086,390.625535781451,1,0
"1325",-4.56,362.207,4.124,79.8653,18,3,1,4,7,100,1,0,0,1,46.53,121.68207923746,2.29740307455086,390.625535781451,1,0
"1326",-1.21,212.157,0.7972,48.5774,15,4,3,6,3,80,1,0,0,1,104.06,84.3455201488692,3.45238278963504,422.855900331905,1,0
"1327",-2.29,250.275,1.9306,61.6654,17,4,2,5,2,88,2,0,0,2,74.6,98.7023632117396,2.62569121194867,647.060134183019,1,0
"1328",-2.33,250.275,1.9306,61.6654,17,4,2,5,2,88,2,0,0,2,74.6,98.7023632117396,2.57816575130221,595.560134183019,1,0
"1329",-0.33,241.334,0.1981,53.7723,14,4,1,7,3,84,0,1,1,1,80.31,84.9944865291182,2.74037364620591,377.912857525659,1,0
"1330",-4.38,284.783,4.56290000000001,76.7753,19,3,1,4,8,106,1,0,0,1,46.53,119.088449457695,2.21873690192888,404.377202075306,1,0
"1331",-4.52,329.234,4.67200000000001,79.4653,19,3,1,4,8,106,1,0,0,1,46.53,122.652730836454,2.21873690192888,404.377202075306,1,0
"1332",-4.67,376.234,4.51410000000001,84.4823,19,3,1,4,8,106,1,0,0,1,46.53,128.047021351857,2.21873690192888,404.377202075306,1,0
"1333",-3.42,264.369,2.5444,78.1149,19,4,1,4,6,106,1,0,0,1,55.56,115.090673845833,2.62966157306901,399.111530615986,1,0
"1334",-2.96,271.552,3.911,62.1938,14,2,1,6,3,76,1,0,0,1,29.46,101.337645257843,2.86662946897588,367.84917883155,1,0
"1335",-1.52,302.323,0.945999999999999,69.156,21,7,0,7,2,120,0,3,3,3,72.45,123.308798531483,1.76692033523609,433.038460106133,1,0
"1336",-2.41,257.289,2.065,73.0155,19,3,2,4,5,98,2,0,0,2,58.56,111.202486934106,1.82829430961408,513.428600410504,1,0
"1337",-3.37,257.289,3.1213,72.649,19,3,1,4,4,98,2,0,0,2,49.77,111.366496920179,2.29200286366169,554.32696182033,1,0
"1338",-2.35,291.376,1.4722,80.2923,20,5,3,6,5,106,2,0,0,2,98.21,118.073423513774,2.27490503347506,664.570133342662,1,0
"1339",-1.4,276.314,-1.7372,65.1643,18,6,5,8,6,102,1,0,0,1,132.88,104.924401606707,3.04141099528429,473.229769945234,1,NA
"1340",-3.1,263.322,1.27227,71.0559,18,3,3,6,2,94,2,0,0,2,82.05,105.388803138921,2.44561671578026,695.289669985651,1,0
"1341",-0.56,264.281,0.3958,68.6327,19,3,3,6,5,102,1,0,0,1,95.5,110.364522339817,2.657968733404,482.676400974327,1,0
"1342",-3,276.679,4.1592,70.6941,19,4,2,6,3,96,2,0,0,2,82.25,113.353473115764,2.35575058536703,638.836630973029,1,0
"1343",-2.88,355.441,1.94012,88.8509,23,7,2,9,6,124,2,0,0,2,111.38,138.098815251489,2.16706810039249,797.929914022029,1,0
"1344",-4.5,312.394,3.53122,90.3479,22,3,2,5,3,112,3,0,0,3,72.19,129.185632744729,2.09304316776311,932.53509538156,1,0
"1345",-3.1,314.341,1.56154,86.786,23,4,4,6,4,120,2,0,0,2,98.66,133.32444396924,2.05904574238828,644.878155607279,1,0
"1346",-2.02,370.449,2.9877,103.494,27,4,4,6,12,144,2,0,0,2,98.66,158.784212426826,1.67650800962691,645.136250966306,1,0
"1347",-2.3,247.258,0.2236,64.77,18,7,3,7,2,94,2,0,1,3,110.08,102.613720203752,2.05910721493785,621.166252057845,1,0
"1348",-2.4,303.317,0.465400000000001,63.6398,19,6,2,9,3,102,2,0,0,2,127.67,108.803125313048,2.51448900333382,801.959700802963,1,0
"1349",-3.03,319.385,0.933900000000001,69.2508,19,6,2,9,3,102,2,0,0,2,114.53,113.649159319383,2.51448900333382,803.104947830689,1,0
"1350",-3.02,317.344,0.7684,68.527,20,6,1,9,4,108,2,0,0,2,116.67,115.487378904756,2.46440170371667,818.053233441897,1,0
"1351",-4.22,333.412,1.2369,74.138,20,6,1,9,4,108,2,0,0,2,103.53,120.33341291109,2.46440170371667,819.198480469623,1,0
"1352",-2.72,319.385,0.933900000000001,69.2508,19,6,2,9,3,102,2,0,0,2,114.53,113.649159319383,2.54947534888552,820.354947830689,1,0
"1353",-3,368.433,3.1073,102.5339,27,4,3,6,8,142,2,0,1,3,101.65,157.887721264012,1.47509988411366,775.833835744811,1,0
"1354",-3.09,287.406,4.6979,94.5650000000001,22,1,0,1,0,110,2,1,2,4,3.24,132.141941653907,1.96314808155007,705.481537352483,2,0
"1355",-1.16,388.536,1.9739,94.1307,24,6,2,9,7,132,2,0,0,2,106.33,146.229498322778,2.19134999887843,898.450739256031,1,0
"1356",-0.36,205.666,1.42712,47.3535,12,2,1,5,2,66,1,0,0,1,46.17,76.5219203693514,3.14231714326899,357.497695222873,1,0
"1357",-2.96,223.055,2.7162,51.2308,13,3,1,5,2,72,1,0,0,1,38.69,85.7891440132633,3.38883552639052,297.405444777463,1,0
"1358",-2.61,266.337,1.0125,68.5846000000001,19,4,2,4,1,106,0,3,4,4,62.22,112.951070946487,1.89250164871189,455.061927334716,1,0
"1359",-3.43,347.39,2.0034,95.2040000000001,25,5,2,7,2,134,2,1,1,3,74.57,144.413844203835,2.32338058381616,893.045149684636,1,0
"1360",-2.13,285.774,4.2585,80.947,20,2,0,3,0,102,2,1,2,4,12.47,123.478190717077,1.93387617278622,669.789621984745,1,0
"1361",-4,247.185,2.8702,60.4081,18,4,1,7,2,90,3,0,0,3,84.96,99.2118106487599,2.09878450832531,746.914226334605,1,0
"1362",-2.12,322.408,2.6204,93.6628,24,4,1,4,3,124,2,3,3,5,45.59,142.002254627248,1.69100243691822,797.815697262576,1,0
"1363",-2.71,216.394,3.75377,66.9821,14,2,2,3,9,84,0,0,0,0,49.87,92.5370238934384,2.88406461470636,137.249221103796,1,0
"1364",1.13,172.228,0.3903,46.092,12,3,0,4,1,70,0,1,1,1,32.78,73.082749345034,2.28811381797987,153.136850060577,1,0
"1365",0.65,186.255,0.8251,50.6547,13,3,1,4,1,76,0,1,1,1,41.57,79.2377199728352,2.49535927477111,184.453515118348,1,0
"1366",-2.39,208.264,3.27862,68.3984,16,2,1,2,0,78,3,0,0,3,38.91,93.7192129753232,2.55814403190246,686.695477667872,1,0
"1367",-1.38,198.247,0.37417,50.5679,13,3,2,5,2,70,1,0,0,1,84.01,76.8119274263543,3.15526874357476,419.962178208158,1,0
"1368",0.02,198.274,-0.832059999999999,56.1642,14,2,4,6,0,80,0,1,1,1,106.22,83.8581654080383,2.71026013932635,224.216059247816,1,0
"1369",-2.4,212.227,3.1093,63.6194,16,2,1,3,0,78,3,0,0,3,38.91,91.5198062638529,2.55814403190246,691.892730240844,1,0
"1370",-2.12,212.227,3.1093,63.6194,16,2,1,3,0,78,3,0,0,3,38.91,91.5198062638529,2.55225726979096,691.892730240844,1,0
"1371",-1.66,212.227,3.1093,63.6194,16,2,1,3,0,78,3,0,0,3,38.91,91.5198062638529,2.60851239964224,691.892730240844,1,0
"1372",-0.95,212.227,3.1093,63.6194,16,2,1,3,0,78,3,0,0,3,38.91,91.5198062638529,2.61544181740307,691.892730240844,1,0
"1373",-1.58,228.682,3.6236,68.6714,16,2,1,3,0,78,3,0,0,3,38.91,97.6575370878083,2.61544181740307,691.892730240844,1,0
"1374",-1.53,225.42,4.613,72.9010000000001,16,1,0,1,9,96,0,1,1,1,3.24,102.602443146056,1.76740608829258,138.370377668384,1,0
"1375",-2.42,228.682,3.6236,68.6714,16,2,1,3,0,78,3,0,0,3,38.91,97.6575370878083,2.55814403190246,691.892730240844,1,0
"1376",-1.73,228.682,3.6236,68.6714,16,2,1,3,0,78,3,0,0,3,38.91,97.6575370878083,2.55225726979096,691.892730240844,1,0
"1377",-1.09,235.331,2.68174,70.9914,17,2,2,4,4,94,1,0,0,1,44.37,102.977214077971,2.68026765604749,366.001006629717,1,0
"1378",-1.39,267.372,2.9221,81.4765,20,2,2,2,3,104,2,1,1,3,32.26,120.016414794215,2.06993014358858,492.359384875143,1,0
"1379",-1.84,239.234,2.8784,70.3158,18,4,1,5,1,88,3,0,0,3,82.05,102.007246583426,2.56684294717728,783.637314209778,1,0
"1380",-0.98,224.392,2.831,69.7514,16,2,2,2,5,94,0,2,2,2,24.06,100.571560575143,1.47110834872111,149.574154886688,1,0
"1381",-2.48,262.234,3.989,68.6634,19,2,1,5,0,96,3,0,0,3,38.91,106.215819184102,2.52856849790536,778.582259361945,1,0
"1382",-2.24,312.586,5.09040000000001,101.4454,22,2,2,2,11,134,0,0,0,0,24.06,140.772875568581,3.40652621474909,231.861259338845,1,1
"1383",-1.55,289.806,4.0125,84.2088,20,2,1,3,3,106,2,1,1,3,23.47,124.51916494776,1.87026875789012,592.559739803083,1,0
"1384",-2.17,262.234,3.989,68.6634,19,2,1,5,0,96,3,0,0,3,38.91,106.215819184102,2.3830863777453,778.582259361945,1,0
"1385",-1.68,301.43,3.7878,92.4758,22,3,1,3,7,120,2,0,0,2,32.7,133.065159332708,2.36507986852878,617.861334740589,1,0
"1386",-1.02,246.27,1.22594,66.8562,18,4,4,6,5,94,2,0,0,2,126.02,103.587407703856,1.97303051540223,530.17165740095,1,0
"1387",-1.49,313.397,3.5929,90.7532,23,4,1,4,8,122,2,0,0,2,47.56,136.981566869003,1.71995499654046,595.771607097903,1,0
"1388",-2.2,296.326,2.44974,84.6244,22,3,2,5,4,112,2,0,0,2,75.27,127.897498564891,2.04595035124892,676.688838725825,1,0
"1389",-2.68,206.157,0.7065,49.8784,15,5,1,6,1,76,1,0,1,2,92.8,83.9784908692352,2.64091215053052,480.755617835877,1,0
"1390",-2.68,323.436,3.6331,96.0193000000001,24,3,1,3,6,126,2,1,1,3,40.54,143.482734724044,1.43726848107375,646.053666676084,1,0
"1391",-1.62,337.463,3.94152,100.7563,25,3,1,3,6,132,2,1,1,3,40.54,149.847676838441,1.44774528992486,685.72697591843,1,0
"1392",-1.49,345.527,3.6669,100.1438,25,3,1,3,2,140,0,3,4,4,40.54,152.4056973063,1.63355365322343,596.834639821021,1,0
"1393",-2.97,341.426,3.7722,95.9773,25,3,1,4,6,132,2,1,1,3,40.54,147.648270126971,1.44774528992486,691.595805650097,1,0
"1394",-3.35,357.881,4.2865,101.0293,25,3,1,4,6,132,2,1,1,3,40.54,153.786000950926,1.44774528992486,691.595805650097,1,0
"1395",-0.94,217.202,0.2137,47.6283,14,4,3,7,2,76,1,0,0,1,117.69,79.7206277931867,3.42622269732824,478.853563530372,1,0
"1396",-2.23,226.209,0.9973,51.8699,15,4,2,6,1,78,1,0,1,2,91.67,85.4151871392537,2.76678649126706,582.275196627156,1,0
"1397",-1.9,267.372,3.0646,81.5245,20,2,2,2,3,104,2,1,1,3,32.26,120.016414794215,2.06993014358858,492.359384875143,1,0
"1398",-4.63,390.958,5.55562000000001,117.766,28,2,0,3,5,144,3,1,1,4,6.48,172.91728874616,1.4846645895592,883.936114572809,1,1
"1399",-2.83,359.416,3.9113,95.9353,26,3,1,5,6,138,2,1,1,3,40.54,151.813805529897,1.44457921013321,735.611323693879,1,0
"1400",-4.22,361.485,4.3247,105.39,27,3,0,3,3,140,2,2,4,6,21.7,160.831402213421,1.42679792873572,879.449953429046,1,0
"1401",-0.49,218.299,2.0125,53.3096,13,3,1,5,3,72,1,0,0,1,54.37,81.913033383696,2.71614447555841,358.235346004457,1,0
"1402",-1.53,218.299,1.6665,53.5816,13,3,1,5,4,72,1,0,0,1,54.37,81.9130333836961,2.36891600766461,344.911705530886,1,0
"1403",-0.8,292.316,1.7678,75.0642,20,4,3,7,4,104,2,0,0,2,109.49,115.459724065233,2.38427525445963,739.221402462477,1,0
"1404",-1.72,269.344,2.338,77.9586,20,3,2,3,0,104,1,1,3,4,43.7,118.397368027499,2.00895335337399,634.122329282858,1,0
"1405",-1.96,331.412,1.6992,88.5098,24,5,1,5,3,130,1,2,4,5,51.16,142.047029103456,1.70075922205144,677.575788390686,1,0
"1406",-1.22,249.741,3.0882,72.4718,17,2,1,3,3,90,2,0,0,2,23.47,106.4301697581,2.51041935499318,524.611178577122,1,0
"1407",-2.16,250.283,0.8596,63.6949,17,5,2,7,3,88,2,0,0,2,97.97,98.5783220604899,2.28550907439965,595.96284130662,4,0
"1408",-2.84,342.395,3.8347,95.4829000000001,25,5,0,6,8,132,2,0,0,2,72.68,146.730968848591,2.16964476997384,697.123848773023,1,0
"1409",-1.3,341.407,2.0719,92.011,25,5,0,5,2,132,1,1,4,5,48,147.089656533516,1.73973734900757,788.145986783811,1,0
"1410",-1.5,322.338,2.2905,78.0546000000001,22,5,1,7,6,116,2,0,0,2,89.9,127.809576113907,2.12460279221228,712.212596324651,1,0
"1411",-3.29,270.3,-0.369259999999999,78.7556,20,4,6,8,2,102,1,0,1,2,148.52,114.806746392124,2.3936659646483,585.612337046191,1,1
"1412",-2.54,314.231,1.6085,68.7362,21,7,2,11,3,110,2,0,0,2,160.88,115.841888858468,2.9861506212008,889.556104908691,1,0
"1413",-1,183.638,2.0418,49.4695,12,1,0,3,1,64,1,0,0,1,20.31,76.7508514598156,2.89951406276812,279.084938923616,1,0
"1414",-1.15,166.18,0.2987,44.6476,12,3,2,4,2,64,1,0,0,1,64.35,70.2962435786966,2.84352406203064,268.891278775056,1,0
"1415",-2.99,286.379,2.0534,84.6300000000001,21,5,0,5,7,112,2,0,0,2,41.49,125.750658543747,2.10488435054569,527.733056837607,1,0
"1416",-0.07,183.187,-0.8345,43.5997,13,3,1,5,2,72,0,0,1,1,81.59,75.8504772968283,3.1052967218211,279.11372655107,1,0
"1417",-1.75,343.423,2.2959,92.1050000000001,25,5,0,5,2,134,1,2,4,5,48,147.7792595657,1.70956624225779,747.456855712695,1,0
"1418",-1.41,382.504,3.5679,108.6918,28,5,1,5,6,150,2,3,3,5,62.66,166.259377678623,1.46185410765201,832.212172252667,1,0
"1419",-0.29,188.204,0.94732,42.6584,12,3,2,5,1,66,1,0,0,1,74.6,70.2192149961302,3.38577836899477,393.867444846773,1,0
"1420",-1.27,194.19,1.2966,51.1139,14,3,0,5,2,74,1,0,0,1,63.45,81.1005609554337,2.9399537189703,356.824745588714,1,0
"1421",-2.88,249.354,2.1528,74.9835,18,3,2,3,8,100,1,0,0,1,41.49,109.483920282193,2.44413625326985,363.266163521068,3,0
"1422",-1.62,289.463,4.2904,89.7020000000001,21,2,0,2,7,118,1,1,1,2,12.47,130.043198352834,1.9571893216276,379.812643883422,1,0
"1423",-0.06,230.047,-0.5598,46.5265,13,4,2,7,4,76,0,0,0,0,75.63,84.9511794189744,4.12877379324129,197.073273088215,1,0
"1424",-3.26,255.273,2.291,69.3003,19,3,1,4,3,96,2,0,1,3,59.3,109.843786603908,1.98811686204977,642.665227571683,2,0
"1425",-2.15,312.482,5.0196,96.396,22,3,0,3,5,116,2,0,1,3,6.48,137.68003833858,1.95854783086347,591.337239306667,1,1
"1426",-3.73,400.44,5.31530000000001,108.9395,27,5,0,7,6,140,3,1,1,4,59.5,162.046317289634,1.57178169879413,982.498547662621,1,1
"1427",-4.36,297.379,4.0689,85.393,21,4,0,4,4,106,3,0,0,3,39.19,126.765008895791,1.81395291200949,728.81597313491,1,0
"1428",-1.76,317.389,1.6532,88.9996,23,3,4,6,7,124,2,0,0,2,108.21,134.61373793472,2.02913697043007,693.203349984696,1,0
"1429",-2.6,365.38,1.953,95.5050000000001,26,5,2,8,4,140,2,1,1,3,74.57,148.579379606762,2.33063862471016,918.017763756987,1,0
"1430",-3.65,343.358,1.7242,90.938,25,5,2,7,3,130,2,3,3,5,74.57,142.402181896777,1.73305173741867,966.173120371959,1,0
"1431",-1.45,284.312,0.1922,71.6334,20,5,2,7,5,112,0,0,0,0,93.73,117.929162918809,4.48819238784598,405.965028150078,1,0
"1432",-5.68,384.259,3.9643,96.3877,25,5,1,7,4,134,1,0,1,2,64.63,156.132200570831,2.73893106034832,783.28078615776,3,0
"1433",-2.45,342.347,2.668,86.5728000000001,25,5,1,6,4,130,2,2,2,4,74.22,144.441366589546,1.49626612877211,719.208880908164,1,0
"1434",-1.3,307.397,3.24884,92.5,23,3,0,4,3,118,3,0,0,3,37.61,135.937314158347,2.19001117911444,860.202152181674,1,0
"1435",-4.78,244.29,3.1249,70.931,18,3,0,3,3,94,2,0,0,2,35.53,106.326390782273,2.41524606421503,574.960464252174,1,0
"1436",-2.11,209.245,1.2755,56.9498,15,3,1,4,5,82,1,0,0,1,59.3,88.167953225702,2.74526563935141,395.06466188096,1,0
"1437",-0.64,209.245,1.4933,56.8058,15,3,1,4,6,82,1,0,0,1,59.3,88.167953225702,2.23605781402991,370.095825319843,1,0
"1438",-4.33,214.221,0.7618,52.4954,15,4,0,6,4,84,0,0,1,1,72.68,87.6512304795427,2.96992072292494,322.074033921147,1,0
"1439",-4.4,265.353,2.8359,75.4178,19,3,1,4,9,106,1,0,0,1,59.3,113.627721683288,2.42737809037626,450.949063187133,1,0
"1440",-7.22,334.456,5.01670000000001,95.2210000000001,24,4,0,4,11,134,1,0,0,1,52.6,145.090727380151,2.67728567763357,510.115241968634,1,1
"1441",-4.18,360.483,3.4965,98.9229,25,5,2,7,4,134,2,0,1,3,97.97,148.492027822133,1.93577950597449,863.144845606347,1,0
"1442",-0.9,245.234,2.0065,66.6994,18,5,1,5,2,92,3,0,0,3,78.6,101.73872052641,2.6297356994814,784.62675194121,1,0
"1443",-3.19,239.318,3.1065,73.1457,18,1,1,2,4,92,2,0,0,2,29.1,107.659650066799,1.92067302187887,493.020114421598,1,0
"1444",-4.6,366.797,3.2004,90.7425,25,6,0,7,4,134,1,0,2,3,71.06,150.18993449801,2.14530352612636,784.261236149106,1,0
"1445",-2.64,399.966,5.97240000000001,120.9177,28,4,1,5,9,150,3,0,0,3,37.39,172.39030861808,1.9181706077414,939.922683061433,1,1
"1446",-5.22,380.824,3.5905,95.3595,26,6,0,7,5,140,1,0,2,3,71.06,156.554876612407,2.08343403978646,799.709351135291,1,0
"1447",-3.57,333.363,1.6584,90.4990000000001,24,5,2,7,4,128,2,1,1,3,74.57,138.048902089439,2.2354651093926,841.070145681822,1,0
"1448",-1.6,266.297,1.11602,70.4174,19,5,3,6,5,104,1,0,0,1,103.01,111.010133858108,3.16769671134091,497.661738467836,1,0
"1449",-1.63,334.397,0.8608,85.8045,23,4,2,7,4,122,1,2,2,3,86.71,137.780767887909,1.66490359617118,661.303898624609,1,0
"1450",-2.24,231.302,-0.2093,57.9613,14,4,3,7,2,76,1,0,0,1,98.21,87.145544951147,3.04748612636501,438.507641087148,1,0
"1451",-2.82,270.376,2.9233,81.6390000000001,20,3,0,3,6,106,2,0,0,2,25.36,120.771176892597,2.2871670692283,471.527917687858,1,0
"1452",-2.63,264.31,1.16802,68.4319,18,5,2,7,3,94,2,0,0,2,97.97,104.943264174886,2.29811996786837,652.998359753755,4,0
"1453",-2.03,272.282,0.1373,63.3147,18,4,3,8,5,98,1,0,0,1,126.56,103.658978302403,2.64224934529626,550.135700553411,1,0
"1454",-1.48,200.285,2.56432,63.7494,15,2,1,2,2,78,2,0,0,2,38.91,90.1323747867778,2.83049807341004,489.105089469696,1,0
"1455",0.16,188.34,2.97357,57.7481,12,2,2,3,7,72,0,0,0,0,49.87,79.8071396646452,2.86138733944056,115.096162813286,1,0
"1456",-4.77,357.793,3.92732,95.7473000000001,25,4,1,6,4,128,3,0,0,3,68.53,148.948093745561,2.23237173337828,973.247930443042,5,0
"1457",-0.44,204.295,0.4228,50.5338,13,2,0,5,2,76,0,2,2,2,40.62,79.6980042649977,2.09023532629663,241.868614053233,1,0
"1458",-0.4,198.218,0.8915,49.8176,14,3,2,4,5,78,0,0,1,1,74.6,82.2398075761651,2.26029759081859,267.295563595159,1,0
"1459",-4.33,238.24,1.5248,50.4118,16,4,2,8,10,94,0,0,0,0,99.08,92.7349647315751,3.80240434081221,222.574074974296,1,0
"1460",-3.49,254.648,1.3774,61.8347,17,3,1,6,2,88,2,0,0,2,54.86,100.294552718341,2.36354041933531,645.756386378008,1,0
"1461",-2.75,250.229,0.7326,63.3767,18,4,1,6,3,94,2,0,0,2,64.09,101.469773835363,2.30612409805589,658.258120039294,1,0
"1462",-5.09,268.312,4.03484,78.372,20,3,0,3,0,102,3,0,1,4,43.35,115.739221903947,2.27622396595028,896.110733870941,1,0
"1463",-4.08,358.467,3.0345,96.8029000000001,25,5,2,7,3,132,2,1,2,4,97.97,147.486196668604,1.70017158029456,953.541400805614,1,0
"1464",-1.23,198.218,0.4288,51.6036,14,4,2,4,6,78,1,0,0,1,58.92,82.7067295404892,2.41947924649469,217.803840391943,3,0
"1465",-0.59,193.224,-0.5034,42.2296,12,3,1,6,2,70,0,1,1,1,74.68,71.0344958611416,2.67141153109739,271.272672721726,1,0
"1466",-1.2,245.326,1.93442,70.6769,18,2,2,4,0,96,1,0,2,3,61.85,107.082596832362,2.05392793015423,510.005722459738,1,0
"1467",-1.22,245.326,1.82417,70.9971,18,2,2,4,1,96,1,0,2,3,62.34,107.237898323599,2.08176053554905,498.057625663234,1,0
"1468",-1.35,231.299,1.626,65.9399,17,2,2,4,0,90,1,0,2,3,61.85,100.717654717965,2.01563097895518,469.732421096003,1,0
"1469",-1.07,254.337,2.15637,77.7444,19,2,2,4,1,98,2,0,1,3,42.36,112.656963613201,1.96686749285115,592.328220891302,1,0
"1470",-2.48,266.348,3.07557,82.8404,20,2,2,4,1,102,2,0,1,3,51.48,118.157394543254,1.91482176568356,657.93913186609,1,0
"1471",-2,261.712,2.5127,71.6139,18,2,2,5,0,92,2,0,1,3,61.85,109.248648172525,2.20241391975018,641.721569705047,1,0
"1472",-1.78,261.325,1.6346,72.4919,19,3,2,5,1,102,1,0,2,3,71.08,112.196142061868,2.04885973794967,527.667516267124,1,0
"1473",-1.21,257.293,1.8679,73.1559,19,3,2,5,1,98,2,0,1,3,71.08,110.423869289546,2.18383223609903,667.033818169488,1,0
"1474",-5.4,394.851,3.9806,99.9765000000001,27,6,0,7,6,146,1,0,2,3,71.06,162.919818726803,2.01671238179082,815.180230102878,1,0
"1475",-1.83,302.381,3.384,95.3318,23,2,2,4,1,114,3,0,1,4,67.64,134.594094597046,1.68241882928874,856.141605258039,1,0
"1476",-1.54,340.426,1.3937,84.6225,22,6,2,8,5,118,2,0,0,2,100.7,132.40488516543,2.35346978788274,810.000372144902,1,0
"1477",-2.05,352.481,2.3721,92.1114,23,5,2,7,7,124,2,0,0,2,89.26,140.130564155432,2.06706785910206,777.911612021764,1,0
"1478",-2.16,181.151,0.1983,44.75,13,4,2,6,2,68,1,0,0,1,98.26,73.4707319572929,2.93404194111512,333.340933280967,1,0
"1479",-3.37,386.498,2.9163,102.5524,26,5,2,7,7,134,3,0,0,3,89.26,156.092832018306,1.61544126847968,994.778204163278,1,0
"1480",-1.15,239.322,2.3606,75.6137,18,1,1,3,0,92,2,0,1,3,27.63,107.136965409358,2.10851450115046,575.414865475666,1,0
"1481",-1.01,200.169,-0.0153000000000003,45.5037,14,4,1,6,1,76,1,1,1,2,64.09,78.1367327045632,2.47169939810329,444.634993270313,1,0
"1482",-5,366.797,3.2004,90.7425,25,6,0,7,4,134,1,0,2,3,71.06,150.18993449801,2.23620226488053,784.261236149106,1,0
"1483",-2.64,280.305,0.1097,65.829,19,4,1,7,1,100,1,1,2,3,83.55,110.002909445132,2.10017914936974,668.061885817741,1,0
"1484",-3.19,192.17,1.5131,49.2348,14,3,1,4,2,72,1,0,1,2,55.76,80.3785837026234,2.24526647484614,395.108513716102,1,0
"1485",-4.15,251.326,3.5495,71.7413,18,4,2,4,7,100,1,0,0,1,62.05,107.902313753907,2.51389734770077,402.025619371161,1,0
"1486",-3.89,229.195,2.7311,60.4501,17,4,1,6,2,84,3,0,0,3,84.96,95.0462752458336,2.10133655958165,665.629988928369,1,0
"1487",-4.89,307.434,5.10990000000001,90.2093,22,4,2,4,11,124,1,0,0,1,62.05,133.362082211493,2.18904075356852,457.645532452055,1,1
"1488",-4.06,321.461,5.50000000000001,94.8263,23,4,2,4,12,130,1,0,0,1,62.05,139.72702432589,2.24354419513556,471.682571364464,1,1
"1489",-3.47,313.397,4.5779,91.6113,23,4,2,4,8,122,2,0,0,2,62.05,136.594465845574,2.06718110886093,638.317914289481,1,0
"1490",-4.7,380.824,3.5905,95.3595,26,6,0,7,5,140,1,0,2,3,71.06,156.554876612407,2.21126024567971,799.709351135291,1,0
"1491",-4.52,380.824,3.5905,95.3595000000001,26,6,0,7,5,140,1,0,2,3,71.06,156.554876612407,2.19471910411003,799.70935113529,1,0
"1492",-4.12,227.227,1.3898,64.2341,17,4,3,6,2,84,3,0,0,3,86.46,95.7496505048018,2.03813658918747,700.458577217991,1,0
"1493",-3.15,364.423,1.00552,92.3325,25,5,2,8,5,134,1,2,2,3,95.94,149.259255231812,1.57338610795828,718.253320918962,1,0
"1494",-3.39,300.769,2.8421,84.1736,21,3,2,5,1,106,2,0,1,3,47.63,127.544451750097,2.27183896998081,738.442238024949,1,0
"1495",-1.79,249.314,3.3614,70.0023,18,3,1,5,6,98,1,0,0,1,65.26,107.11850130744,2.58288965979056,414.749462607376,1,0
"1496",-2.5,230.27,0.6493,52.658,14,5,2,7,1,74,2,0,0,2,93.28,83.867979244214,2.74943711313564,588.000756511676,1,0
"1497",-2.6,231.226,2.8617,61.438,17,2,1,4,2,86,2,0,0,2,40.54,97.688602864805,2.26696241366205,527.952488554625,1,0
"1498",-3.21,241.25,1.9512,67.1857,18,4,2,5,3,90,2,0,0,2,74.58,103.793008556487,2.29373688294654,567.458856744229,1,0
"1499",-2.53,245.253,3.17012,66.175,18,2,1,4,2,92,2,0,0,2,40.54,104.053544979202,2.32399752370738,583.511604171257,1,0
"1500",-3.41,255.317,3.35002,75.2145,19,2,1,3,4,98,2,0,0,2,40.54,112.617893805069,1.96347020777241,551.685208256622,1,0
"1501",-2.79,255.317,3.35002,75.2145,19,2,1,3,4,98,2,0,0,2,40.54,112.617893805069,1.98712117781782,551.685208256622,1,0
"1502",-4.7,394.851,3.9806,99.9765,27,6,0,7,6,146,1,0,2,3,71.06,162.919818726804,2.14041657628943,815.180230102878,1,0
"1503",-2.63,306.355,-0.31,73.2352,21,7,4,7,8,124,0,1,1,1,116.45,124.043214929298,2.40753864776348,309.697648251655,1,0
"1504",-3.5,368.366,3.2143,90.8824,26,6,2,7,0,130,3,0,2,5,93.06,148.548831560214,1.96972769559373,1130.88377990747,1,0
"1505",-3.1,273.288,2.7398,74.584,20,4,1,5,4,104,2,0,0,2,59,116.480042149686,2.33028029537781,575.827438063463,1,0
"1506",-4.47,296.153,4.33782,76.237,19,2,1,5,2,98,2,0,0,2,40.54,120.494542030039,2.33298991817209,628.593071208478,1,0
"1507",-4.17,296.153,4.33782,76.237,19,2,1,5,2,98,2,0,0,2,40.54,120.494542030039,2.36584697212654,628.593071208478,1,0
"1508",-3.65,287.315,3.04822,79.321,21,4,1,5,4,110,2,0,0,2,59,122.844984264082,2.37446296292266,632.225277933952,1,0
"1509",-3.61,287.315,3.04822,79.321,21,4,1,5,4,110,2,0,0,2,59,122.844984264082,2.34606196526339,632.225277933952,1,0
"1510",-2.46,228.255,1.36237,68.2566,17,3,4,5,2,86,2,0,0,2,94.49,98.0777480182021,2.47447835408909,592.075364499194,1,0
"1511",0.13,231.144,1.1165,53.4178,15,3,3,7,3,82,1,0,0,1,95.86,86.124295040316,2.72388282612298,395.997985254376,1,0
"1512",-1.45,171.24,1.8044,45.7485,12,2,1,3,1,70,0,1,1,1,40.54,73.3225848113943,2.4272045459113,148.607525047596,1,0
"1513",-2.04,183.251,1.9469,48.2295,13,2,1,3,2,74,0,2,2,2,40.54,78.6816957722617,1.85988108177862,195.101426607002,1,0
"1514",-2.7,197.278,2.337,52.8465,14,2,1,3,2,80,0,2,2,2,40.54,85.0466378866583,1.85065043122788,207.333071082419,1,0
"1515",-3.16,211.305,2.7271,57.4635,15,2,1,3,2,86,0,2,2,2,40.54,91.4115800010549,1.87187725744892,217.662008960089,1,0
"1516",-0.42,207.233,2.3352,56.2213,15,3,1,5,4,80,1,0,0,1,65.26,88.0236749642506,2.72287926964026,359.435179678143,1,0
"1517",-1.43,221.26,2.7253,60.8383,16,3,1,5,5,86,1,0,0,1,65.26,94.3886170786472,2.64469398215443,373.320994361449,1,0
"1518",-1.81,235.287,3.1154,65.4553,17,3,1,5,6,92,1,0,0,1,65.26,100.753559193044,2.56119454025394,387.242144048771,1,0
"1519",-2.37,249.314,3.5055,70.0723,18,3,1,5,7,98,1,0,0,1,65.26,107.11850130744,2.47880338754469,401.202312982649,1,0
"1520",-2.52,263.341,3.8956,74.6893,19,3,1,5,8,104,1,0,0,1,65.26,113.483443421837,2.40088356639505,415.20418276387,1,0
"1521",-3.39,277.368,4.2857,79.3063,20,3,1,5,9,110,1,0,0,1,65.26,119.848385536234,2.32898008108896,429.249695732619,1,0
"1522",-5.47,297.741,4.5292,83.996,21,2,1,4,2,104,3,0,0,3,40.54,126.507998220496,1.9353547705388,799.254098685305,1,0
"1523",-2.05,352.481,2.3721,92.1114,23,5,2,7,7,124,2,0,0,2,89.26,140.130564155432,2.14696831670802,795.161612021764,1,0
"1524",-2.21,352.481,2.5162,92.1814,23,5,2,7,8,124,2,0,0,2,89.26,140.130564155432,2.03861944657206,764.87796549966,1,0
"1525",-1.5,366.508,2.7622,96.7284,24,5,2,7,8,130,2,0,0,2,89.26,146.495506269828,2.07260617964568,810.74807715974,1,0
"1526",-1.42,382.507,2.4199,98.4035,25,6,2,8,7,136,2,0,0,2,100.7,151.49971150862,2.25976641033165,872.523049500095,1,0
"1527",-1.98,388.536,2.1164,94.1787,24,6,2,9,5,132,2,0,0,2,106.33,146.229498322778,2.25361161012282,921.843939225361,1,0
"1528",-1.68,388.536,2.118,94.2007,24,6,2,9,8,132,2,0,0,2,106.33,146.229498322778,2.1620645615136,885.05531264549,1,0
"1529",-1.52,366.464,1.4587,91.6627,24,6,1,8,5,128,2,1,1,3,89.7,144.448249718005,1.701984253271,822.017234018043,1,0
"1530",-1.56,374.509,1.7263,89.5617,23,6,2,9,6,126,2,0,0,2,106.33,139.864556208381,2.36213005439136,899.608527642815,1,0
"1531",-1.33,388.536,2.1164,94.1787,24,6,2,9,7,132,2,0,0,2,106.33,146.229498322778,2.31017935951939,917.700739256031,1,0
"1532",-1.92,366.464,1.4587,91.6627,24,6,1,8,5,128,2,1,1,3,89.7,144.448249718005,1.77358833929536,839.267234018043,1,0
"1533",-1.85,371.437,1.8342,104.5816,27,5,3,7,9,144,2,0,0,2,88.69,158.607755450659,1.79059020347643,792.546333277156,1,0
"1534",-1.04,260.34,1.2512,62.8449,16,5,2,7,4,88,2,0,0,2,85.33,97.2931153019462,2.3328156788851,565.823574494202,1,0
"1535",-1.33,288.394,1.8873,72.0089,18,5,2,7,5,100,2,0,0,2,85.33,110.022999530739,2.12658092014481,608.837718142319,1,0
"1536",-0.92,304.393,1.2678,73.6639,19,6,2,8,7,106,2,0,0,2,94.56,115.136544760246,1.97275281735866,613.244578373949,1,0
"1537",-2.69,357.41,1.5735,99.7093,26,5,3,7,9,138,2,0,0,2,102.68,152.032841849667,1.78566641671632,777.129591812478,1,0
"1538",-0.43,362.278,1.5488,87.0378,25,4,3,9,5,130,2,1,1,3,116.17,142.826798091891,2.06495120318016,796.718149602836,1,0
"1539",-1.33,323.399,1.8265,80.2449,21,6,2,8,5,110,3,0,0,3,98.22,125.20491537456,1.66807200424232,821.808959523082,1,0
"1540",-1.09,237.255,0.294099999999999,61.4473,17,4,1,5,5,92,1,0,0,1,66.84,99.6117126578704,2.41132861178173,377.351835463388,1,0
"1541",-2.92,234.23,1.03242,61.5617,17,3,1,5,2,88,2,0,0,2,54.86,96.3562286058563,2.36354041933531,640.790584174365,1,0
"1542",-3.94,289.093,2.0308,66.8447,18,3,1,7,2,94,2,0,0,2,54.86,110.597818945223,2.4305265044956,708.919892566019,1,0
"1543",-2.94,392.484,4.5448,116.9869,28,5,3,7,5,142,4,0,0,4,83.12,163.21172104201,1.85136726233704,1232.32657100762,1,0
"1544",-2.33,394.258,2.2621,101.8106,26,4,2,8,6,136,2,0,0,2,92.5,160.418835316659,2.35330573276319,855.325004526605,1,0
"1545",-0.53,167.164,0.4766,42.671,12,3,3,4,2,64,1,0,0,1,83.55,69.2511676497387,2.89256109018568,280.859376434433,1,0
"1546",-1.65,283.352,-0.393699999999999,57.3218,16,6,2,9,1,90,1,0,1,2,114.53,96.6810603029794,2.71160010286093,626.979617172812,3,0
"1547",-2.8,210.232,2.7522,61.545,16,2,0,2,3,78,2,0,0,2,34.14,93.5414257544418,2.27857327476804,451.27325518256,1,0
"1548",-1.13,173.212,0.6218,44.6955,12,2,2,4,4,70,0,0,0,0,66.4,71.9609859644974,4.04471148374503,177.141786301985,1,0
"1549",-3.31,240.306,-0.808399999999999,56.1384,14,6,4,8,7,82,0,0,0,0,126.64,88.8014368353977,3.46817939585112,192.008185124521,3,0
"1550",-2,313.441,3.8556,95.4557000000001,23,3,1,3,8,124,2,0,0,2,30.49,139.184986883356,1.9286145869023,558.595598191407,1,0
"1551",-2.22,375.468,3.0715,106.6858,28,4,1,4,3,144,2,1,4,6,41.93,164.936032933432,1.4520691118504,955.822664071123,1,0
"1552",-0.82,313.397,1.8912,87.0808,23,4,1,4,2,122,1,1,4,5,41.93,136.243880841765,1.77826561647246,700.100295130671,1,0
"1553",-2.48,366.247,2.6606,80.4113,21,4,1,9,4,112,2,0,0,2,80.31,132.166443747763,2.34991839169653,771.635369117721,1,0
"1554",-2.91,269.351,1.83452,68.5139,17,5,2,7,3,90,2,0,0,2,85.08,103.363979464351,2.27672628367445,617.255496856432,4,0
"1555",-0.3,232.301,1.2696,54.9776,15,3,1,5,2,86,0,2,2,2,71.44,89.802225860425,2.44651428892152,409.138325576243,1,0
"1556",-3,313.441,3.8556,95.4557000000001,23,3,1,3,8,124,2,0,0,2,30.49,139.184986883356,1.89828866340062,612.095598191408,1,0
"1557",-1,301.386,1.7251,82.5578,22,4,1,4,1,118,1,2,4,5,41.93,130.568541759552,1.7951472054857,645.464593768262,1,0
"1558",-1.38,237.302,0.5419,57.5423,14,4,3,7,5,80,0,0,0,0,86.63,90.8721678748669,4.1568574955048,243.844293943139,1,0
"1559",-1.69,234.248,0.0739,54.9172,16,4,4,6,6,94,0,0,0,0,115.06,93.5237092662706,4.70421011963146,283.033841764199,1,0
"1560",-1.41,254.354,1.6839,61.9756,14,5,2,7,4,80,0,0,0,0,74.6,95.4454157166241,3.98717096120664,229.319462295577,1,0
"1561",-1.24,240.28,2.6561,61.9186,16,3,2,5,5,86,1,0,0,1,74.6,97.2907354213248,2.70738586479992,363.507128892205,1,0
"1562",-1.21,171.156,0.0920199999999998,40.7042,12,5,1,6,3,66,1,0,0,1,81.19,68.6122188259387,3.03285893415813,294.228459046287,5,0
"1563",-3.76,215.688,1.7771,57.7594,14,5,2,6,4,78,1,0,0,1,62.73,88.3180482284173,2.83195636780425,301.783154860149,5,0
"1564",-5.9,240.262,2.7434,69.531,18,4,2,4,3,90,2,0,0,2,65.18,104.505571029422,2.45491680376392,509.362567365563,1,0
"1565",-5.32,317.32,1.321,83.5847,23,5,2,7,3,120,2,2,2,4,88.56,130.468157334918,1.9645465736521,882.249950170131,1,0
"1566",-5.41,331.347,1.5817,88.457,24,5,2,7,4,126,2,2,2,4,74.57,137.04307093591,1.89553917113453,898.069401686609,1,0
"1567",-5.62,331.347,1.7111,88.2017,24,5,2,7,3,126,2,2,2,4,88.56,136.833099449314,1.92799432147531,922.803178998449,1,0
"1568",-5.33,365.792,2.3645,93.2117,25,5,2,8,3,132,2,2,2,4,88.56,147.136365676196,2.00139757312114,973.487508852049,1,0
"1569",-4.38,364.352,1.4324,92.5721,26,6,3,9,3,138,2,2,2,4,114.58,146.338525549253,2.0678581219551,1019.31066175418,1,0
"1570",-3.6,225.255,1.965,65.4524,17,4,2,5,3,84,3,0,0,3,66.49,97.9530705191547,1.83503291981694,616.887087305371,3,0
"1571",-5.27,335.31,1.4601,83.5427,24,5,2,8,3,126,2,2,2,4,88.56,134.633692737844,2.03733146097962,930.535159797541,1,0
"1572",-3.95,215.216,1.558,57.7184,16,5,2,6,3,80,3,0,0,3,79.63,90.7473997832315,1.86092583646595,586.06658994156,1,0
"1573",-5.64,349.337,1.8502,88.1597,25,5,2,8,3,132,2,2,2,4,88.56,140.998634852241,2.00139757312114,971.487508852049,1,0
"1574",-5.31,349.337,1.7208,88.415,25,5,2,8,4,132,2,2,2,4,74.57,141.208606338836,1.96884667036732,946.529219451463,1,0
"1575",-4.38,261.233,1.4483,66.9643,19,5,1,6,2,98,2,0,1,3,77.76,107.340992834129,2.42910033766515,746.762478859474,3,0
"1576",-5.48,272.344,3.9035,80.143,20,3,0,3,4,106,2,0,0,2,35.53,119.056275011066,2.29219518928647,616.661267980324,1,0
"1577",-4.2,283.327,2.7695,78.2975,21,4,0,4,4,108,2,0,1,3,48.3,122.892982310012,1.8989274763281,672.598596992016,1,0
"1578",-3.96,322.364,3.2795,94.783,24,5,0,5,1,122,3,0,1,4,53.35,138.691772805576,2.26222236384949,1077.58514674167,1,0
"1579",-2.03,270.288,1.9838,74.526,20,3,3,5,0,102,2,0,1,3,86.79,115.427206486873,2.33449337126636,620.173131351873,1,0
"1580",-2.35,335.397,-0.127,81.6269,23,7,5,8,9,136,0,1,1,1,128.48,135.958019227302,2.13142649928534,341.78708160078,1,NA
"1581",-2.96,349.424,0.263099999999999,86.2439,24,7,5,8,10,142,0,1,1,1,128.48,142.322961341699,2.08956682856124,355.317627440562,1,NA
"1582",-3.56,363.451,0.6532,90.8609,25,7,5,8,11,148,0,1,1,1,128.48,148.687903456096,2.05141696459131,368.905525193732,1,NA
"1583",-5.16,351.402,3.51702,101.027,26,5,0,5,4,134,3,1,1,4,51.91,151.307246443417,1.67235200535302,958.9021753413,1,0
"1584",-4.45,352.39,2.91202,98.8220000000001,26,6,0,6,4,134,3,1,1,4,64.8,150.526894424363,1.67235200535302,962.702279321906,1,0
"1585",-3.96,199.25,0.8916,51.1878,14,3,1,4,3,80,0,1,1,1,57.61,83.8950105263567,2.925753651935,245.751665801106,1,0
"1586",-3.93,214.221,-0.179,50.4855,15,4,2,6,3,84,0,1,1,1,86.71,87.2414526956119,3.12251734231756,309.234205165133,1,0
"1587",-0.3,237.263,-0.6006,62.014,17,7,3,7,5,92,2,0,0,2,110.08,97.9442122750691,2.15511014948993,494.401956160972,1,0
"1588",-3.92,288.368,3.1865,78.5493,20,4,1,4,4,104,2,0,1,3,46.53,121.38198321057,1.9057015899383,630.40226440083,1,0
"1589",-3.34,217.293,2.7081,66.4307,15,2,2,3,2,76,2,0,0,2,29.1,93.7094028270789,2.34283083740033,495.701030801204,1,0
"1590",-2.06,180.163,-0.2892,44.5084,13,3,2,5,2,68,0,1,1,1,75.27,74.4930992780555,3.15007371673081,289.350828833671,1,0
"1591",-1.71,196.206,0.1808,49.1494,14,3,2,5,2,76,0,1,1,1,75.27,81.5476444246363,3.17079770444887,300.018756393662,1,0
"1592",-2.12,210.233,0.5709,53.7664,15,3,2,5,3,82,0,1,1,1,75.27,87.9125865390329,3.04937213599778,313.559202360749,1,0
"1593",-4.68,352.39,2.7828,94.9087,26,4,1,6,6,134,2,1,1,3,75.71,151.310010470654,1.97269631741357,765.575598585974,3,0
"1594",-0.43,211.221,-0.504600000000001,53.1392,15,6,2,6,2,82,1,1,1,2,90.37,86.3087417651985,2.20429975225494,403.834197170826,1,0
"1595",-3.55,354.362,3.1254,93.6204,26,5,1,7,2,134,2,0,1,3,98.93,149.848642099169,2.32276439787059,814.238131193127,1,0
"1596",-0.62,244.074,-0.1713,51.1215,14,4,2,7,4,82,0,0,0,0,75.63,91.316121533371,4.38411923516284,219.735334433026,1,0
"1597",-0.03,216.02,-0.648199999999999,42.1463,12,3,3,7,4,70,0,0,0,0,86.63,78.2669258272669,4.03153353686135,184.287033329712,1,0
"1598",-5.24,258.317,3.515,75.548,19,3,0,3,4,100,2,0,0,2,35.53,112.691332896669,2.33428512881411,589.563781459856,3,0
"1599",-5.82,272.344,3.9051,80.165,20,3,0,3,5,106,2,0,0,2,35.53,119.056275011066,2.24644862912182,604.206647772034,1,0
"1600",-7.53,286.371,4.2952,84.7820000000001,21,3,0,3,6,112,2,0,0,2,35.53,125.421217125463,2.15817109174687,618.889590236225,1,0
"1601",-3.33,274.316,2.4874,76.9598,20,4,1,4,5,106,2,0,0,2,55.76,117.485566648865,2.24644862912182,606.448403575453,1,0
"1602",-6.5,286.371,4.2936,84.76,21,3,0,3,3,112,2,0,0,2,35.53,125.421217125463,2.27840116056379,653.051292673095,1,0
"1603",-6.97,300.398,4.6853,89.3990000000001,22,3,0,3,7,118,2,0,0,2,35.53,131.786159239859,2.07319561298283,633.612942422431,1,0
"1604",-3.31,288.343,2.8759,81.5548,21,4,1,4,5,112,2,0,0,2,55.76,123.850508763262,2.1962468824846,633.7227546471,1,0
"1605",-3.4,288.343,2.8775,81.5768,21,4,1,4,6,112,2,0,0,2,55.76,123.850508763262,2.15817109174688,621.216259463094,1,0
"1606",-7.54,314.425,5.0754,94.0160000000001,23,3,0,3,8,124,2,0,0,2,35.53,138.151101354256,1.99350406066403,648.376886608647,1,1
"1607",-7.12,328.452,5.46550000000001,98.6330000000001,24,3,0,3,9,130,2,0,0,2,35.53,144.516043468652,1.91997126111176,663.181485963984,1,1
"1608",-4.65,286.327,3.0841,80.555,21,4,0,4,5,110,2,0,0,2,52.6,123.21779711111,2.2144359281903,675.544485340521,1,0
"1609",-7.33,310.393,4.2986,92.5580000000001,23,3,0,3,5,120,2,0,0,2,35.53,137.150326746115,2.04741508023448,737.370576005881,1,0
"1610",-2.62,304.342,1.8483,82.9666,22,5,2,5,6,118,2,0,0,2,75.99,128.644742515458,2.13800476372261,652.539397853575,1,0
"1611",-5.07,328.408,3.7986,93.2698,24,4,1,4,4,128,2,1,1,3,55.76,141.939503952923,1.74475067333127,724.650671102026,1,0
"1612",-3.17,346.42,1.4883,85.0466000000001,24,7,2,7,9,140,0,2,2,2,94.45,142.77083307358,1.89389992860193,411.743238283361,1,0
"1613",-5.59,326.392,4.0068,92.2700000000001,24,4,0,4,4,126,2,1,1,3,52.6,141.30679230077,1.75640369233228,765.322941901971,1,0
"1614",-7.36,312.409,4.8514,93.9220000000001,23,3,0,3,7,122,2,0,0,2,35.53,137.461498322072,2.03357151514132,688.346306344448,1,0
"1615",-3.98,358.39,2.0222,94.2818,26,6,1,6,4,138,2,2,2,4,74.22,151.160763258407,1.47247087791339,819.053618932823,1,0
"1616",-4.44,300.358,4.128,87.8634,22,3,2,5,6,116,2,0,0,2,59.59,129.801544823818,1.8866740985974,540.806044670621,1,0
"1617",-4.44,345.752,4.5602,82.284,23,4,0,8,5,124,2,0,0,2,39.41,136.125670051524,2.42246387991961,669.101779578609,2,0
"1618",-5.08,215.208,2.42982,61.4054,16,4,1,4,0,80,3,0,0,3,69.37,90.2602331825063,2.52896167246688,751.875235324026,1,0
"1619",-5,230.219,2.85622,63.545,17,4,0,4,1,86,3,0,0,3,52.58,96.3988298293971,2.45221871278339,764.0213236944,1,0
"1620",-4.9,272.256,2.94264,73.0695,20,5,0,5,1,102,3,0,0,3,69.65,113.290236158234,2.44833959997417,897.894377767959,1,0
"1621",-3.03,340.379,1.8378,91.3175000000001,25,5,0,6,5,130,2,0,1,3,68.61,145.544222309052,1.74250590234228,808.086514934791,1,0
"1622",-6.39,316.353,2.9812,86.4003,23,5,1,5,6,122,2,0,0,2,64.99,134.974541552701,2.19268438181982,693.80645489397,1,0
"1623",-5.09,267.292,2.0492,78.0704,20,5,2,6,4,100,3,0,0,3,75.6,114.364845302403,2.05785934914301,803.292369187873,1,0
"1624",-3.91,345.374,2.0996,92.7967,25,5,2,7,4,132,2,2,2,4,88.56,143.198041563711,1.93135085319958,935.288702000803,1,0
"1625",-4.57,345.374,1.9702,93.052,25,5,2,7,4,132,2,2,2,4,74.57,143.408013050306,1.90438175541955,935.288702000804,1,0
"1626",-5.42,345.374,2.0996,92.7967,25,5,2,7,3,132,2,2,2,4,88.56,143.198041563711,1.93542341438483,962.173120371959,1,0
"1627",-4.48,365.792,2.3629,93.1897,25,5,2,8,3,132,2,2,2,4,88.56,147.136365676196,2.03295497239883,969.990014594502,1,0
"1628",-3.98,364.352,1.4308,92.5501,26,6,3,9,3,138,2,2,2,4,114.58,146.338525549253,2.09944783482705,1015.70579037749,1,0
"1629",-4.44,363.364,2.1093,93.01,26,5,2,8,4,138,2,2,2,4,74.57,147.573548453232,1.97784158967874,984.030755054644,1,0
"1630",-3.81,363.364,2.2387,92.7547,26,5,2,8,4,138,2,2,2,4,88.56,147.363576966637,2.0051361564552,984.030755054644,1,0
"1631",-5.04,363.364,2.2387,92.7547,26,5,2,8,3,138,2,2,2,4,88.56,147.363576966637,2.00902747252633,1011.13400865278,1,0
"1632",-4.63,331.347,1.7095,88.1797,24,5,2,7,3,126,2,2,2,4,88.56,136.833099449314,1.95925100119936,919.417212827332,1,0
"1633",-4.17,349.337,1.8486,88.1377,25,5,2,8,3,132,2,2,2,4,88.56,140.998634852241,2.03295497239883,967.990014594502,1,0
"1634",-4.25,390.52,3.0309,104.2516,28,5,2,5,4,156,0,3,4,4,83.83,167.08010683224,1.5318377157662,680.480167788663,1,0
"1635",-2.92,316.313,0.9078,80.4444,23,7,3,7,3,120,3,1,1,4,100.88,130.918396914478,1.90097836917039,813.109751793362,1,0
"1636",-2.33,346.339,0.2687,86.4512,25,8,4,8,3,132,3,1,1,4,121.11,142.077572781071,1.88707603584574,859.285390429436,1,0
"1637",-2.91,308.44,0.88,79.6012,20,6,4,6,9,120,0,1,1,1,90.15,124.891257625112,2.2539949158915,253.71876200324,1,0
"1638",-0.28,327.406,0.41217,83.5023,22,5,3,8,5,122,0,1,2,2,104.93,133.021873245259,2.25595914330959,558.291203922341,1,0
"1639",-4.05,225.295,4.30104,70.9464,17,3,1,3,2,86,2,0,0,2,50.74,101.005050095856,2.26272589721212,559.143822387152,3,0
"1640",-5.25,225.295,4.168,71.387,17,3,0,3,3,86,2,0,0,2,27.96,101.424993069047,2.11547556671276,486.635588783759,4,0
"1641",-2.38,190.202,0.757,51.9999,14,2,2,4,0,72,1,0,1,2,58.2,81.3081089908578,2.4786391701498,400.863401218265,1,0
"1642",-3.05,210.62,1.0219,52.4149,14,2,2,5,0,72,1,0,1,2,58.2,85.2464331033429,2.51939816470995,417.273023188348,1,0
"1643",-3.96,340.184,4.0122,86.6144,21,4,2,6,2,102,4,0,0,4,66.49,128.105794110539,1.87123955922866,947.021553964268,1,0
"1644",-2.36,224.26,0.961,58.3834,16,3,2,5,4,88,0,1,1,1,75.27,94.2775286534295,3.09549934712492,329.138837897849,1,0
"1645",-2.82,339.196,4.6172,88.8194,21,3,2,5,2,102,4,0,0,4,53.6,128.917692561188,1.87123955922866,945.234553372832,1,0
"1646",-3.1,210.186,0.7446,41.1778,14,4,2,8,8,82,0,0,0,0,99.08,80.0050805027819,3.83195048957595,196.760750656861,1,0
"1647",-3.71,284.746,3.1538,81.81,20,2,0,4,1,100,2,0,1,3,32.67,122.062379112607,2.22996344441501,694.877989753633,5,0
"1648",-3.86,305.359,3.4147,81.2016,21,5,1,7,4,110,2,0,0,2,82.33,123.053629079087,2.13723666394717,736.038629586037,1,0
"1649",-4.41,315.716,3.0377,83.6841,22,4,1,7,2,110,2,0,1,3,84.6,130.140441234115,2.23359918024317,817.430013234153,3,0
"1650",-1.5,229.32,2.1838,63.1855,16,2,2,4,9,94,0,0,0,0,66.4,97.4207544220838,3.77070020569175,210.309412467805,1,0
"1651",-3.31,353.223,4.6276,93.4397,22,4,1,5,2,108,4,0,0,4,42.74,135.49260616218,1.8806552300571,990.462375156766,1,0
"1652",-3.48,354.211,4.0226,91.2347,22,5,1,6,2,108,4,0,0,4,55.63,134.680707711531,1.8806552300571,992.339602983585,1,0
"1653",-1.96,397.232,4.1752,100.0945,25,5,2,7,4,124,4,0,0,4,80.04,150.813304128816,1.82137172173845,1106.83269328466,1,0
"1654",-1.27,194.234,1.6002,55.5974,14,2,1,4,3,76,1,0,0,1,55.56,83.2659632738501,2.88965939255792,308.402966410215,1,0
"1655",-2.65,220.203,0.724,56.8247,16,3,1,5,2,82,2,0,0,2,54.86,89.9912864914597,2.39685050075294,601.37189455252,1,0
"1656",-3.54,416.135,6.4548,102.681,25,3,0,7,6,130,3,0,0,3,27.05,165.605807900404,1.84078716829925,852.287332800423,1,1
"1657",-0.62,176.168,-0.9069,37.3908,12,5,1,5,1,70,0,2,2,2,57.15,70.1656560773743,1.98669050783067,141.977274180162,1,0
"1658",-2.5,196.159,0.3545,36.5608,13,4,2,8,7,76,0,0,0,0,99.08,73.6401383883853,3.78839152289667,183.863424652565,1,0
"1659",-2.44,196.159,0.3545,36.5608,13,4,2,8,7,76,0,0,0,0,99.08,73.6401383883853,3.31320744441836,183.863424652565,1,0
"1660",-2.84,210.186,0.7446,41.1778,14,4,2,8,8,82,0,0,0,0,99.08,80.0050805027819,3.26722397628745,196.760750656861,1,0
"1661",-2.33,206.154,0.7142,42.2028,14,6,0,8,4,80,0,1,1,1,104.74,78.9992493492527,2.35057102026357,210.361618934768,1,0
"1662",-2.13,249.705,1.31948,65.335,17,3,0,6,2,88,1,1,1,2,55.52,104.945708367911,2.11316544214116,461.745288932212,1,0
"1663",-2.35,208.17,0.497,39.0418,14,4,2,8,4,80,0,1,1,1,99.08,78.9992493492527,2.49329558133523,208.361618934768,1,0
"1664",-2.63,235.678,0.97728,60.7077,16,3,1,6,2,82,1,1,1,2,64.31,98.3707947669192,2.07206693344935,433.517765444686,1,0
"1665",-3.02,220.181,1.1043,46.8198,15,6,0,8,4,86,0,1,1,1,104.74,85.3641914636493,2.57552860411262,221.634908964134,1,0
"1666",-3.09,301.419,2.94,87.7017,21,5,1,6,6,110,3,0,0,3,57.7,127.703886497174,1.78748849360835,735.091087272701,1,0
"1667",-1.43,263.257,0.5816,65.1424,19,8,1,8,3,100,2,1,1,3,105.15,108.103468290602,1.68068160577511,601.396506533253,1,0
"1668",-4.52,314.362,2.5577,83.7668,22,4,0,5,3,112,2,0,1,3,60.44,128.518239423168,2.09116638600873,847.291768058949,2,0
"1669",0.08,169.184,-0.625499999999999,42.5232,12,4,2,5,3,66,1,0,0,1,81.14,69.825598014892,2.63697522130856,281.933785018794,1,0
"1670",-2.12,279.503,0.1762,51.7896,15,5,2,8,1,88,0,2,2,2,68.15,100.756143280708,2.01894340444067,245.270380987533,1,0
"1671",-1.93,208.26,1.068,47.2636,12,4,2,6,2,68,0,1,1,1,74.6,77.1158242878431,2.3927770801931,175.724766224368,1,0
"1672",-2.14,192.218,1.4387,52.1427,14,3,1,4,3,74,1,1,1,2,51.22,82.294860032056,1.98074724942285,330.480164363796,1,0
"1673",-3.83,330.749,1.8907,75.8192,21,5,3,9,5,112,2,0,0,2,122.63,124.922261670588,2.40662574912773,771.195515905612,5,0
"1674",-1.24,362.47,2.078,100.0125,26,5,2,6,10,144,1,1,1,2,78.87,155.075280603122,1.91652606432808,578.433730226844,1,0
"1675",-1.18,376.453,1.6046,100.1525,27,5,2,7,9,148,1,1,1,2,95.94,159.236802703166,2.00703662462426,649.031972845491,1,0
"1676",-1.11,334.368,0.1988,87.3712,24,6,4,6,5,130,2,1,1,3,99.38,139.430798880674,1.62927743719369,668.111501816376,1,0
"1677",-2.64,204.229,1.1313,55.0854,15,2,2,4,2,78,1,1,1,2,58.2,87.6730511052544,2.46901565155183,402.308765425966,3,0
"1678",-1.66,226.228,-0.4956,54.8304,16,5,3,5,2,88,1,1,1,2,79.15,92.8600742535526,2.00462923660302,328.406623873227,1,0
"1679",-1.23,280.276,1.6931,68.5878,20,5,1,6,4,108,1,1,1,2,82.06,115.803022521945,1.97708478458385,522.150342911607,1,0
"1680",-0.96,226.276,1.0914,58.0712,16,2,3,5,4,90,0,2,2,2,78.43,94.5940121842368,1.83747933153567,292.954262410225,1,0
"1681",-1.77,204.229,1.1223,57.6139,15,2,3,4,3,78,2,0,0,2,79.11,86.7127009646888,2.3234873713899,490.048507914307,3,0
"1682",-2.92,198.138,0.19,45.6755,14,5,2,8,3,74,1,0,0,1,123.76,77.5253258216264,2.63740094999391,382.938152664531,1,0
"1683",-2.39,226.276,1.185,58.4774,16,3,2,5,4,90,0,1,1,1,75.27,94.9671316856138,3.04603369084237,305.191364692826,5,0
"1684",-1.51,324.333,-1.7735,80.8294,23,6,5,8,5,126,1,0,1,2,130.33,132.51972605822,2.32495797547724,593.084763001616,1,NA
"1685",-1.46,310.306,-2.162,76.2344,22,6,5,8,5,120,1,0,1,2,130.33,126.154783943824,2.2648920574078,564.018973290559,1,NA
"1686",-1.28,246.215,-0.96628,54.4635,17,6,5,7,5,96,1,0,0,1,131.36,96.5480759309773,2.92936136640381,397.358718660742,1,NA
"1687",-1.46,256.254,-1.1347,60.8372,18,6,4,6,3,100,1,1,1,2,99.38,104.019250120145,2.07653523340235,368.090201710196,1,0
"1688",-1.52,342.439,2.4003,99.1837,25,5,1,5,6,134,2,1,1,3,50.8,148.454966054538,1.57901472167851,725.953088326923,1,0
"1689",-1.49,356.466,2.7425,103.811,26,5,0,5,6,140,2,1,1,3,42.01,155.02987965553,1.54796634422942,754.004642214122,1,0
"1690",-3.7,371.477,3.6075,106.367,27,5,0,5,8,146,2,1,1,3,48,160.74853332923,1.45493935270108,755.061229871364,1,0
"1691",-1.29,384.52,3.5227,113.045,28,5,0,5,8,152,2,1,1,3,42.01,167.759763884323,1.42966132538409,784.511139518564,1,0
"1692",-3.75,216.24,1.2433,59.1302,16,2,1,4,0,82,1,1,2,3,49.41,93.2421335527171,2.1128941578227,469.841494126254,1,0
"1693",-4.7,250.685,1.8967,64.1402,17,2,1,5,0,88,1,1,2,3,49.41,103.545399779599,2.12260911237282,515.227134639512,1,0
"1694",-2.37,232.239,0.2141,60.52,17,3,2,5,0,88,1,1,2,3,69.64,98.0363673049131,2.07934378076115,500.279037843008,1,0
"1695",-1.95,264.321,1.4703,68.1358,19,4,1,4,0,104,0,2,3,3,63.6,112.372167318401,2.05192334143097,478.537246261383,1,0
"1696",-2.31,246.266,1.2997,67.2432,18,2,3,5,4,94,2,0,0,2,82.19,103.814078780121,2.25558492291583,588.688811199608,1,0
"1697",-4.84,350.462,4.1483,102.82,26,4,0,4,3,136,2,1,3,5,34.47,153.969193667376,1.84887503085639,925.61034092869,1,0
"1698",-4.35,320.392,3.8408,93.471,24,4,0,4,4,122,3,1,1,4,38.5,141.251827094812,1.47593766409426,774.913239389941,1,0
"1699",-2.72,236.231,-1.29,59.9639,17,5,3,7,1,90,0,1,2,2,108.02,97.2651846951748,2.3115156346239,477.942682290301,1,0
"1700",-0.8,193.206,1.9451,51.6043,14,3,1,5,3,74,1,0,0,1,65.26,81.658732849854,2.78433806216727,343.579628822896,1,0
"1701",-0.85,261.281,0.2385,70.6236,19,3,4,6,5,100,2,0,0,2,108.21,109.153969477134,2.03885764880944,605.954178476866,1,0
"1702",-1.18,229.211,-0.556600000000001,53.4182,16,6,2,7,2,88,1,1,1,2,90.37,90.4742771681247,2.23265552106489,436.252541397777,1,0
"1703",-2.62,276.679,4.1592,70.6941,19,4,2,6,3,96,2,0,0,2,82.25,113.353473115764,2.21561265343822,638.836630973029,1,0
"1704",-1.28,301.251,-1.2265,67.4916,21,8,4,9,4,116,1,1,1,2,142.52,118.672225842645,2.14106658603851,507.785722922269,1,0
"1705",-1.94,312.369,2.0632,85.9136000000001,23,4,2,5,3,120,2,3,3,5,73.66,134.115355629329,1.64874626526852,742.629047011248,1,0
"1706",-2.01,287.231,1.5126,74.0199,21,6,2,8,4,106,1,0,1,2,121.9,117.786535066862,2.26515781204405,718.271846516206,1,0
"1707",-3.22,402.248,3.9221,98.7497,25,6,1,7,4,128,3,0,1,4,65.5,152.821440601016,1.71912111237799,919.206920625199,1,0
"1708",-2.19,306.358,1.897,77.613,22,5,0,5,1,120,0,2,3,3,69.67,129.582885124548,2.10145003597434,565.3966058118,1,0
"1709",-3.52,449.248,3.7642,103.7667,25,6,1,7,4,128,3,0,1,4,65.5,158.215731116419,1.71912111237799,919.206920625199,1,0
"1710",-1.31,270.241,-0.904899999999999,59.8746,19,4,2,8,4,104,0,2,2,2,115.22,108.131233109711,2.13776947330441,408.466364324774,1,0
"1711",-0.86,292.291,0.6312,72.9615,21,4,2,7,5,112,1,1,1,2,95.94,121.047150016786,2.09474281066228,569.23202844587,1,0
"1712",-2.38,360.407,0.3521,83.854,24,5,3,9,6,134,1,1,1,2,104.73,139.805387739841,2.1203985422312,677.609756012022,1,0
"1713",-2.37,351.472,1.6112,97.5479,24,4,4,7,6,132,1,1,1,2,82.62,147.517603104106,1.93468604310582,553.271565807561,1,0
"1714",-4.4,352.77,2.8103,86.1255,24,6,0,7,3,128,1,0,2,3,71.06,143.824992383614,2.19775211749291,768.834539310223,1,0
"1715",-1.12,317.389,1.6532,88.9996,23,3,4,6,7,124,2,0,0,2,108.21,134.61373793472,2.10017353552395,693.203349984696,1,0
"1716",-2.03,342.395,2.0718,92.4656000000001,25,5,2,6,4,132,2,3,3,5,82.89,145.593842973232,1.66768315675629,809.110716136282,1,0
"1717",-2.34,342.775,1.8228,82.6571,23,6,2,7,2,126,1,1,2,3,85.22,138.463053476243,2.16929208289867,646.460812635592,1,0
"1718",-4.57,374.521,3.6043,101.7256,27,4,2,4,1,150,0,4,5,5,66.76,161.912753578667,1.4673853730068,685.8658330039,1,0
"1719",-3.95,198.225,3.8076,58.7248,15,3,1,3,2,74,2,0,0,2,44.95,87.7295089222461,2.1529892819391,448.808152384877,3,0
"1720",-3.08,214.224,3.5132,60.3896,16,4,2,4,2,80,2,0,0,2,65.18,92.5237426744421,2.24215198653829,509.682139382656,3,0
"1721",-2.11,322.364,0.8209,86.2558,24,3,1,5,0,122,1,3,5,6,60.85,139.093837099513,1.67743199773614,833.655735265948,1,0
"1722",-4.38,242.234,3.5058,65.6841,18,4,2,5,3,90,2,0,0,2,82.25,103.050206888882,2.13299117922526,574.190281287807,1,0
"1723",-3.05,242.234,3.5058,65.6841,18,4,2,5,3,90,2,0,0,2,82.25,103.050206888883,2.27610010539682,594.440281287808,1,0
"1724",-3.13,336.351,1.3553,92.2184,25,7,3,7,4,126,4,0,0,4,104.29,142.375883407663,2.02798915496684,1032.54846616902,1,0
"1725",-2.81,350.396,0.6971,87.5955,24,5,2,8,5,128,1,2,2,3,95.94,142.894313117415,1.5859496215347,678.305160116001,3,0
"1726",-2.28,249.31,1.0871,67.7945,18,3,2,4,3,98,1,1,1,2,58.56,106.964272146495,2.0159148297068,404.759947911841,1,0
"1727",-2.12,263.337,1.4772,72.4115,19,3,2,4,4,104,1,1,1,2,58.56,113.329214260892,1.96369818167575,418.658680240712,1,0
"1728",-2.29,194.194,-1.1064,49.7492,14,4,4,6,2,74,1,0,0,1,110.24,80.2041093500892,2.88648212837778,311.863841338041,1,0
"1729",-1.66,254.333,2.5638,76.3701000000001,19,2,2,3,4,98,2,0,0,2,55.12,112.999540763812,2.015948083057,524.959901216845,1,0
"1730",-1.54,229.667,0.3124,57.2044,15,3,2,6,2,82,1,1,1,2,68.96,91.0757225970164,2.26775975647556,459.160640545238,1,0
"1731",-1.78,274.118,0.4215,59.8944,15,3,2,6,2,82,1,1,1,2,68.96,94.6400039757761,2.26775975647556,459.160640545238,1,0
"1732",-1.59,309.331,4.435,79.7987,22,2,1,5,6,118,2,0,0,2,21.26,127.473221519438,2.13045605009115,566.707963548519,1,0
"1733",0.61,180.156,-2.4623,37.381,12,5,5,6,5,72,0,0,0,0,118.22,68.6966524608364,4.23495119219005,158.117300051923,1,NA
"1734",-6.98,393.698,4.7366,57.242,10,0,0,4,0,54,1,0,0,1,0,92.9015935420624,3.28246290745352,205.91988337223,3,0
"1735",-2.74,170.92,2.6496,21.6,8,0,0,6,1,50,0,0,0,0,0,52.3728672076944,4.0203915431768,67.0195500086539,3,0
"1736",-1.74,154.253,2.7441,45.527,11,1,0,1,0,64,0,3,3,3,9.23,69.1256129798474,2.22399185319787,160.956703149468,5,0
"1737",-1.94,56.108,1.5824,20.488,4,0,0,0,1,24,0,0,0,0,0,27.1444743388351,2.29683526191914,14,3,0
"1738",-5.51,140.27,3.923,48.19,10,0,0,0,7,60,0,0,0,0,0,65.3341270252148,2.70378990124532,64.4385618977472,5,0
"1739",-4.55,254.07,3.4444,56.665,11,0,0,1,0,54,2,0,0,2,0,79.3749057722758,2.91316116360486,374.034490398679,1,0
"1740",0.62,60.096,0.3887,17.3768,4,1,1,1,1,26,0,0,0,0,20.23,26.2633690088188,1.97474487139159,5.24511249783653,3,0
"1741",-11.6,498.662,9.8876,101.978,22,0,0,10,1,118,2,0,0,2,0,175.521159594378,3.02691407147795,669.959813936206,5,1
"1742",-7.21,326.437,6.6206,76.928,17,0,0,5,1,88,2,0,0,2,0,124.004828459969,2.68587078238516,577.348938365776,3,1
"1743",-7.43,326.437,6.6206,76.928,17,0,0,5,1,88,2,0,0,2,0,124.004828459969,2.72152307522465,577.348938365776,3,1
"1744",-4.36,100.205,2.6885,34.293,7,0,0,0,0,44,0,0,0,0,0,46.9289037142092,3.5411969650799,45.5488750216347,1,0
"1745",-3.15,231.893,4.0058,48.1468,11,1,1,5,0,60,1,0,0,1,20.23,83.4387017792197,3.45554648381778,270.874024222135,1,0
"1746",-3.1,231.893,4.0058,48.1468,11,1,1,5,0,60,1,0,0,1,20.23,83.4387017792197,3.45554648381778,270.874024222135,3,0
"1747",-6.29,257.547,5.3138,66.908,15,0,0,3,1,76,2,0,0,2,0,103.398296006206,2.54151459652031,474.725947053352,3,1
"1748",-2.67,197.448,3.3524,43.1368,10,1,1,4,0,54,1,0,0,1,20.23,73.135435552338,3.34215380777051,232.414995870066,1,0
"1749",-3.37,231.893,4.0058,48.1468,11,1,1,5,0,60,1,0,0,1,20.23,83.4387017792197,3.45554648381778,270.874024222135,1,0
"1750",-2.67,197.448,3.3524,43.1368,10,1,1,4,0,54,1,0,0,1,20.23,73.135435552338,3.31053287472241,236.164995870066,1,0
"1751",-6.27,257.547,5.3138,66.908,15,0,0,3,1,76,2,0,0,2,0,103.398296006206,2.53059478934817,474.725947053352,3,1
"1752",-1.79,163.003,2.699,38.1268,9,1,1,3,0,48,1,0,0,1,20.23,62.8321693254563,3.2478347337367,202.04788705001,3,0
"1753",-2.23,171.037,2.75752,38.879,8,0,0,1,0,42,1,0,0,1,0,57.6638928395349,3.13486151134545,160.496629464596,1,0
"1754",-2.46,126.199,2.3218,39.346,9,1,0,1,4,52,0,0,0,0,17.07,56.7657648964653,3.60817841534588,103.135262830594,1,0
"1755",-1.52,100.161,1.6215,30.136,7,1,0,1,3,42,0,0,0,0,17.07,44.7254836998563,3.16460930883924,46.1417094500763,1,0
"1756",-5.08,114.232,3.2227,38.98,8,0,0,0,4,50,0,0,0,0,0,53.2938458286058,2.71584276129326,37.3029689088065,1,0
"1757",0.43,60.096,0.3871,17.3548,4,1,1,1,0,26,0,0,0,0,20.23,26.2633690088188,2.32379000772445,8,3,0
"1758",-1.38,122.167,2.00904,37.5808,9,1,1,1,0,48,1,0,0,1,20.23,54.9555211004862,3.17167803044092,215.807662054337,3,0
"1759",-6.301,394.471,3.9531,108.7597,29,4,1,6,9,152,2,1,1,3,75.71,170.404836813844,1.78170952926702,812.196260625039,1,0
"1760",-5.886,380.444,3.563,104.1427,28,4,1,6,8,146,2,1,1,3,75.71,164.039894699447,1.84428708452085,796.629962070388,3,0
"1761",-0.18,88.15,1.0232,26.5188,6,1,1,1,1,38,0,0,0,0,20.23,38.993253237612,2.99349724347847,24.919684538544,3,0
"1762",-0.72,102.177,1.4149,31.1578,7,1,1,1,3,44,0,0,0,0,20.23,45.3581953520086,2.83181996607078,35.1612594587302,5,0
"1763",-7.92,268.359,5.55322,91.105,21,0,0,0,0,100,4,0,1,5,0,123.565391904363,2.05516491100001,1038.13043349505,1,1
"1764",-2.148,198.222,0.404799999999999,49.2434,14,3,2,5,2,78,0,1,1,1,75.27,82.2372474568205,3.10579801731849,276.432192130173,3,0
"1765",-2.58,142.242,2.9359,44.057,10,1,0,1,6,60,0,0,0,0,17.07,63.8203100430462,3.0863484262353,76.7290559532006,3,0
"1766",0.26,41.053,0.52988,11.287,3,1,0,1,0,16,0,0,0,0,23.79,19.4967728236949,2.47553420552756,24.2646625064904,2,0
"1767",-3.59,293.348,1.94934,76.3998,20,5,1,7,3,106,2,0,0,2,89.43,118.684477515404,2.43780820998841,664.000946587502,1,0
"1768",-3.85,360.45,1.8457,94.0726,26,5,2,5,3,142,0,3,4,4,91.67,153.398199473984,1.73572559915951,681.888921753676,1,0
"1769",-0.77,457.432,-3.10802,102.2816,32,12,7,12,7,178,1,2,2,3,202.32,182.935327278859,1.65493748486211,759.662937844162,1,2
"1770",-3.538,300.362,2.06422,84.691,22,4,0,6,2,116,1,1,2,3,56.22,129.537165673197,2.17494528139532,680.723421178824,1,0
"1771",-5.931,366.844,5.5051,100.9088,26,3,1,4,2,132,2,1,2,4,54.37,156.85719730945,1.55714936319615,903.239533190619,1,1
"1772",0.651,223.165,1.0537,50.5332,14,5,1,7,5,82,0,0,0,0,73.86,82.8409313286725,4.44286476234683,267.253719615192,1,0
"1773",-3.224,201.225,2.558,59.0317,15,2,1,3,1,76,2,0,0,2,38.33,87.6678813931841,2.46495375616377,488.451030801204,5,0
"1774",-4.576,414.827,1.1716,94.857,27,8,1,12,8,144,2,0,0,2,127.79,159.646512511881,2.41634573591254,953.073367634461,1,0
"1775",-0.092,75.498,0.74878,16.333,4,1,0,2,0,22,0,0,0,0,23.79,29.8000390505765,2.43309630979563,35.7931939044795,3,0
"1776",-4.53,339.218,4.1809,87.1308,22,3,1,5,4,116,2,0,0,2,46.53,138.989041433054,2.57687526376117,667.859197339405,1,0
"1777",-1.3,96.944,1.9352,20.846,4,0,0,2,0,24,0,0,0,0,0,35.0211225638053,2.54919333848297,19.2192809488736,3,0
"1778",-4.3,112.216,2.8326,36.796,8,0,0,0,0,48,0,1,1,1,0,52.2880146750766,2.27940027095837,56.4385618977472,5,0
"1779",-4.21,402.487,2.5606,103.6898,29,6,1,6,3,158,0,3,4,4,97.74,170.608917280132,1.66459601836352,827.224695275107,5,0
"1780",-5.839,342.778,4.263,92.7418000000001,24,4,1,5,4,122,3,0,0,3,67.51,142.855291318057,2.24217686089191,957.257885809865,1,0
"1781",-5.382,362.771,4.43112,90.396,22,6,0,8,6,120,2,0,0,2,57.9,137.927947165883,2.44807643618288,778.632237912712,1,0
"1782",-0.88,114.188,1.7015,33.7088,8,1,1,1,0,48,0,1,1,1,20.23,50.717306312876,2.1659635854874,53.4071655715584,1,0
"1783",-3.18,96.173,2.5067,32.225,7,0,0,0,0,40,0,0,1,1,0,45.2334695284957,2.20292776640753,54.4385618977472,3,0
"1784",-1.29,128.215,2.0916,38.3258,9,1,1,1,0,54,0,1,1,1,20.23,57.0822484272726,2.12478850725473,62.9678869107281,1,0
"1785",-2.349,182.179,-0.0872000000000001,42.5824,13,3,2,5,0,70,0,2,2,2,75.27,74.8664741888947,2.30797915974695,269.764264570182,3,0
"1786",-7.337,434.294,6.31708,107.912,29,4,0,7,6,150,2,1,1,3,59.32,177.995744381029,1.76904507798263,981.297051817801,4,1
"1787",-8.176,449.856,6.54398,108.156,31,4,0,8,6,162,2,1,1,3,59.32,182.388491074397,1.72297074008903,1028.35248366419,1,1
"1788",-3.094,248.307,1.6838,67.1606,17,4,2,5,2,88,2,0,0,2,86.18,99.793677101373,2.49612896719373,565.060134183019,5,0
"1789",-8.402,505.206,6.49018,114.102,28,4,0,6,6,144,2,1,1,3,59.32,180.958771735623,1.72148149473999,930.298093719931,1,2
"1790",-4.95,266.34,4.6046,83.5156,20,2,2,2,3,102,2,0,0,2,40.46,118.887411451964,2.43861544657104,572.623369404589,1,0
"1791",-2.42,122.258,2.4076,36.264,6,2,0,2,3,38,0,0,0,0,0,47.4802595080995,2.33909231497629,17.5097750043269,3,0
"1792",-6.144,334.456,5.16080000000001,95.2910000000001,24,4,0,4,12,134,1,0,0,1,52.6,145.090727380151,2.50168376859574,451.16714517213,5,1
"1793",-2.24,118.245,2.5364,37.863,7,1,0,1,2,44,0,0,0,0,0,50.6870716251778,2.95322317456129,33.4446783588827,1,0
"1794",0.523,299.691,2.395,69.4405,18,5,0,8,8,106,0,0,0,0,65.07,112.448995385339,4.44129481097658,335.159740480309,1,0
"1795",-2.58,118.245,2.5396,37.907,7,1,0,1,4,44,0,0,0,0,0,50.6870716251778,2.44747288787634,23.3609903989499,1,0
"1796",-7.32,414.63,5.50880000000001,117.9988,30,3,1,3,0,168,0,5,6,6,38.69,182.524480259992,1.33012758852775,746.390210295651,1,1
"1797",-6.124,333.266,3.9242,77.4538,23,5,0,10,6,126,1,0,0,1,89.52,128.858786212071,3.74075789467268,623.350208797594,5,0
"1798",-2.35,144.214,2.1298,40.775,10,2,0,2,5,60,0,0,0,0,26.3,62.5689131581564,3.05237518904571,89.2583809661814,5,0
"1799",-0.4,28.054,0.8022,11.254,2,0,0,0,0,12,0,0,0,0,0,14.4145901100419,2,0,2,0
"1800",-1.8,306.276,0.735799999999999,70.2988,22,7,1,9,5,114,3,0,0,3,81.65,123.419485308678,2.00620126374272,707.748307396491,1,0
"1801",-0.972,129.094,-0.5088,29.2281,9,3,2,5,0,48,1,0,0,1,71.77,49.5376472813727,3.3360928870056,268.760412285371,5,0
"1802",-5.613,410.457,1.8437,100.2234,29,5,3,7,2,160,0,3,4,4,94.83,168.037321014201,1.87021432819229,839.059259184288,1,0
"1803",0.64,180.156,-3.2198,36.008,12,6,5,6,2,72,0,1,1,1,110.38,68.6428444367703,2.72411223410396,162.117300051923,1,NA
"1804",-2.943,262.261,1.5528,66.3036,19,5,2,5,1,100,0,1,3,3,75.99,109.68467298911,1.95314804880449,540.039578095475,1,0
"1805",-2.63,297.745,-0.351299999999999,61.6364,17,5,3,10,1,94,1,0,1,2,118.36,103.054947156305,2.79049372404241,683.315512378044,5,0
"1806",-3.09,362.466,1.7816,95.1424,26,5,3,5,2,144,0,3,4,4,94.83,154.030911126136,1.73508320120217,683.888921753676,5,0
"1807",-3.01,204.01,2.2912,39.159,7,0,0,1,0,36,1,0,0,1,0,56.6932412405406,3.02146530972409,134.107369695415,5,0
"1808",-3.021,260.245,2.86482,70.097,19,5,0,5,2,98,3,0,0,3,61.81,107.877317173301,2.68227762375657,825.070503587223,5,0
"1809",-4.64,290.832,3.6444,57.846,12,0,0,6,0,72,0,1,1,1,0,101.377727807573,2.76025207562521,103.587975038942,4,0
"1810",-1.899,196.202,0.8498,48.123,14,4,0,4,2,76,0,1,2,2,44.76,82.1350194745364,2.37378743366593,316.083687959933,1,0
"1811",0.46,74.079,0.1793,17.69,5,2,0,2,0,30,0,0,0,0,26.3,30.7442025861734,2.84737892308767,40.1577218810798,5,0
"1812",-0.82,116.16,1.3496,31.541,8,2,0,2,3,48,0,0,0,0,26.3,49.8390289293632,2.98859864797316,68.9287868934203,3,0
"1813",-1.87,130.187,1.7397,36.158,9,2,0,2,4,54,0,0,0,0,26.3,56.2039710437598,2.97306240808674,78.9853361685981,3,0
"1814",-3.38,172.268,2.91,50.009,12,2,0,2,7,72,0,0,0,0,26.3,75.2987973869497,2.9517571314464,110.406206877393,3,0
"1815",-3.17,158.241,2.5199,45.392,11,2,0,2,6,66,0,0,0,0,26.3,68.9338552725531,2.95498743029864,99.7358554636979,3,0
"1816",-1.36,116.16,1.3496,31.541,8,2,0,2,3,48,0,0,0,0,26.3,49.8390289293632,3.05517220390962,60.9287868934203,5,0
"1817",-1.827,152.149,1.1788,39.4463,11,3,1,3,1,58,1,0,0,1,46.53,64.2305884300368,2.89534803598876,250.544610081728,5,0
"1818",-1.803,151.165,1.4048,41.5257,11,2,1,3,1,58,1,0,0,1,38.33,64.9862168614489,2.57930229200732,233.107190929214,1,0
"1819",-2.564,228.679,2.4421,60.7097,15,2,1,5,2,82,1,0,0,1,41.57,93.7792009873271,2.7982137563584,366.440062912325,5,0
"1820",-3.19,266.304,2.65122,76.3252,20,4,1,5,1,100,2,1,2,4,58.12,116.212059506234,2.0018389097081,708.769743317341,1,0
"1821",-4.76,346.339,2.1756,88.4051,25,7,1,8,4,132,1,0,1,2,107.77,143.813701725171,2.80349008761199,771.111028391814,5,0
"1822",-0.22,75.067,0.283,17.5354,5,2,0,3,1,30,0,0,0,0,43.14,29.757168864726,2.84737892308767,42.9126093832433,3,0
"1823",-3.38,238.159,0.0735,53.2011,17,6,1,9,3,88,1,1,1,2,118.05,93.8308439701248,2.07028758649874,519.740144092985,3,0
"1824",-3.931,511.581,4.2894,145.5715,39,5,2,6,5,190,4,2,3,7,92.18,225.32678556888,1.52623650132112,1552.14181416496,1,1
"1825",-4.57,314.425,2.6074,87.3356,23,3,2,3,0,124,0,3,4,4,57.53,137.709438551359,1.70240992497473,629.288269072786,1,0
"1826",0.106,219.266,0.1071,55.1847,14,5,1,7,1,80,0,0,0,0,71,86.6476600083184,4.39936565314208,252.564574793413,1,0
"1827",-3.952,286.718,2.4479,78.1695,20,3,2,5,1,100,2,0,1,3,61.69,120.281699263811,2.23158645548201,698.274630819505,3,0
"1828",-4.03,238.455,2.9446,44.169,8,0,0,2,0,42,1,0,0,1,0,66.9965074674223,3.03245553203368,147.388338914672,5,0
"1829",-5.915,328.843,5.3167,94.7117,23,1,1,4,4,120,2,1,1,3,32.34,141.811745153545,1.74278697208135,636.179005626464,3,1
"1830",-4.862,298.304,3.22838,77.214,19,6,0,7,7,102,1,0,0,1,63.84,117.583560264417,2.88095075429043,503.455822669441,1,0
"1831",-2.932,149.149,0.00119999999999992,38.4097,11,2,1,3,0,56,0,1,2,2,46.17,63.7758838408744,2.3656802046072,249.816645522409,1,0
"1832",-7.87,278.354,6.2994,96.4660000000001,22,0,0,0,0,102,5,0,0,5,0,128.158061246438,2.04137850208167,1071.54781721213,3,1
"1833",-3.18,360.45,1.5576,95.0484,26,5,3,5,2,142,0,3,4,4,94.83,153.341308093952,1.74728144798718,723.91308150155,5,0
"1834",-3.408,281.314,2.3388,71.0407,17,5,1,7,7,100,0,0,0,0,56.79,107.735614218231,4.5034976722942,330.267587352382,1,0
"1835",-1.08,42.081,1.1923,15.871,3,0,0,0,0,18,0,0,0,0,0,20.7795322244385,2.1874960973679,7.50977500432694,2,0
"1836",-0.667,123.115,-0.4245,30.5499,9,3,1,4,1,46,1,0,0,1,68.87,51.7370539928431,2.98145461404113,208.702909082064,3,0
"1837",-5.03,332.57,2.826,76.2357,20,3,1,7,3,104,1,0,1,2,63.24,129.234790898944,2.34729209239695,637.503481248279,1,0
"1838",-2.696,262.309,1.4952,67.9364,19,3,2,5,2,102,0,2,3,3,75.27,111.360692689561,2.02858170862782,474.919545014129,1,0
"1839",-2.62,254.293,2.2246,73.8875,19,4,0,5,1,96,2,0,1,3,49.33,111.062920031962,2.314459898588,640.848020298696,1,0
"1840",-2.452,179.219,1.8356,51.4279,13,3,1,3,3,70,1,0,0,1,52.32,77.5061296036468,2.61117125063813,279.481149314903,5,0
"1841",-3.672,226.235,2.4639,63.4865,17,3,0,4,0,84,2,0,1,3,42.43,98.4670993815255,2.23916562901757,595.478263209503,1,0
"1842",-3.928,254.289,2.95952,74.8409,19,3,1,4,0,96,2,0,1,3,55.56,110.952284211988,2.22378494530258,679.840946349777,1,0
"1843",-4.114,288.738,2.878,78.8975,20,4,0,6,1,102,2,0,1,3,49.33,121.366186258843,2.32340388869338,688.624163019581,1,0
"1844",-4.207,322.29,3.52752,78.8462,23,4,1,8,1,120,2,0,1,3,58.12,129.714496868542,2.3316664991185,788.776836165183,1,0
"1845",-4.554,268.32,2.81714,78.5812,20,4,1,5,1,102,2,0,1,3,58.12,117.217890659763,2.30841456788515,696.268023368677,1,0
"1846",-4.634,270.361,2.7599,81.257,19,4,0,5,1,96,2,0,1,3,32.26,117.260178179123,2.314459898588,640.848020298696,1,0
"1847",-4.706,269.373,3.3649,83.462,19,3,0,4,1,96,2,0,1,3,19.37,118.040530198176,2.314459898588,638.792742771212,1,0
"1848",-4.749,252.317,3.4346,78.2975,19,2,0,3,1,96,2,0,1,3,23.55,112.623624070069,2.314459898588,636.150989207503,1,0
"1849",-2.86,268.32,2.6147,78.5045,20,4,0,5,2,102,2,0,1,3,49.33,117.427862146358,2.30954319900054,655.826702521381,1,0
"1850",-4.871,296.374,3.17972,90.3762,22,4,1,5,2,114,2,0,1,3,48.47,130.123018463416,2.27970406420164,739.433951223661,1,0
"1851",-5.153,283.331,3.12232,82.6012,21,4,1,5,2,108,2,0,1,3,54.46,123.111787908323,2.28422099534588,712.663431227749,1,0
"1852",-5.36,273.723,3.4587,76.3222,19,3,1,5,1,96,2,0,1,3,45.23,115.571624676905,2.26832404169655,656.889378400056,1,0
"1853",-3.043,255.277,2.35452,72.6359,19,4,1,5,0,96,2,0,1,3,68.45,110.171932192935,2.22929809719629,682.386448872935,1,0
"1854",-3.324,253.305,2.8296,76.0925,19,3,0,4,1,96,2,0,1,3,36.44,111.843272051015,2.314459898588,638.792742771212,1,0
"1855",-3.36,313.361,1.6288,89.463,23,6,2,7,4,120,2,0,1,3,81.59,134.136900196559,2.12255442184463,734.160576294631,1,0
"1856",-3.535,255.292,3.2071,73.3415,19,1,0,3,2,96,2,0,1,3,20.31,111.029325802792,2.18311821363218,623.650927619448,2,0
"1857",-3.68,239.274,3.459,70.3085,18,2,0,3,1,90,2,0,1,3,29.54,105.612393514976,2.23124067742831,606.947526191677,1,0
"1858",-2.676,213.31,0.7255,60.262,14,6,0,6,3,78,1,0,0,1,45.15,88.5578350000915,3.13336606835544,286.349990391818,1,0
"1859",-1.981,361.445,-1.06888,91.8623,23,6,4,10,8,128,1,0,0,1,132.12,138.791601543652,2.73590562066564,710.296921705904,1,0
"1860",-3.84,293.407,3.8884,86.3625000000001,21,4,0,4,9,118,1,0,0,1,38.77,127.594212607121,3.03883568648607,441.661402843934,1,0
"1861",0.79,342.297,-5.39559999999999,68.6414,23,11,8,11,5,136,0,2,2,2,189.53,130.436457685223,2.17726965812733,393.203227279494,1,2
"1862",-1.34,172.209,-0.0838,42.2276,11,3,2,5,1,60,1,0,0,1,86.18,64.8719604059375,3.20151593106649,341.349961995735,3,0
"1863",0.32,70.091,0.7614,20.878,5,1,0,1,1,28,0,0,0,0,17.07,31.3059964388789,2.92441819817292,45.6096404744368,3,0
"1864",-4.02,288.431,3.8792,82.7168,21,2,1,2,0,116,0,3,4,4,37.3,127.551037292907,1.68834964042536,507.695743080171,5,0
"1865",-5.184,330.468,4.45,92.2640000000001,24,3,0,3,1,132,0,3,4,4,43.37,144.761755099055,1.62133256050792,606.205114820489,3,0
"1866",-7.321,418.736,5.55182,81.559,27,2,0,10,4,150,1,1,1,2,26.3,154.487413569062,2.1617392107628,785.475551742803,1,1
"1867",-4.15,148.249,3.2752,49.601,11,0,0,0,1,60,1,0,0,1,0,69.25611369148,2.65766098453223,203.229961497352,1,0
"1868",-2.404,253.269,0.8334,73.8012,19,7,3,7,1,94,3,0,0,3,129.62,108.06842587212,2.30783166994803,754.867798518804,2,0
"1869",-2.168,144.388,1.88018,25.903,6,1,0,4,0,34,0,0,0,0,23.79,50.4065715043399,3.55273435451576,75.7744375108174,1,0
"1870",-6.01,368.369,6.25676000000001,103.0275,26,4,0,5,6,134,3,0,0,3,44.76,153.530664237811,1.9239723628307,934.750931887007,1,1
"1871",-4.19,430.934,2.431,88.5134,22,4,2,12,6,124,0,0,1,1,64.68,156.400726108502,2.89990367514719,407.313553161582,1,0
"1872",-4.925,286.114,3.4213,69.031,18,3,0,6,2,94,1,1,1,2,46.61,113.728577173724,2.48234797897136,538.003546606653,3,0
"1873",-3.76,288.431,4.1673,81.7410000000001,21,2,0,2,0,116,0,4,4,4,34.14,127.607928672939,1.66146983775657,495.794821792596,1,0
"1874",-3.77,504.595,3.8175,128.2728,36,7,1,8,6,198,0,3,4,4,106.97,211.023105452364,1.8015241680429,1048.49840653727,1,1
"1875",-7,386.664,7.38870000000001,119.0528,28,1,1,1,5,160,0,3,4,4,20.23,174.309052108036,1.4894525128431,591.069705945873,3,1
"1876",-12.95,514.661,10.0129,103.058,23,1,0,11,2,124,2,0,0,2,9.23,180.634704823885,2.71276740289369,690.954533079227,1,2
"1877",-7.74,312.004,4.8786,67.278,14,0,0,2,1,70,2,0,0,2,0,100.223592536844,2.3965090397261,371.57964673815,1,0
"1878",-1.99,120.913,2.0143,16.653,5,0,0,4,0,32,0,0,0,0,0,37.6768542874454,3.02371578407382,23.1194154787637,3,0
"1879",-1.12,211.903,2.6104,41.807,9,1,0,5,4,56,0,0,0,0,9.23,74.1606875080529,2.91465862551246,57.5879750389424,1,0
"1880",-2.09,134.222,3.251,47.908,10,0,0,0,3,54,0,0,0,0,0,63.265317928662,3.8778130575787,168.477331756708,1,0
"1881",-1.08,98.96,1.464,21.44,4,0,0,2,1,26,0,0,0,0,0,35.7107255959895,1.97474487139159,6,5,0
"1882",-8.94,395.327,7.9274,86.948,19,0,0,7,1,100,2,0,0,2,0,144.611360913733,2.82696943795559,637.607966671971,3,1
"1883",-9.12,411.326,8.0527,88.028,20,1,0,8,2,106,2,0,0,2,9.23,149.72490614324,2.48494624786845,684.236547456677,1,1
"1884",-7.56,284.784,5.607,56.502,12,0,0,6,0,66,1,0,0,1,0,99.251000480787,3.60356745147455,226.303090242517,5,1
"1885",-8.56,360.882,7.274,81.938,18,0,0,6,1,94,2,0,0,2,0,134.308094686851,2.7671500561476,564.950079868347,2,1
"1886",-8.32,360.882,7.274,81.938,18,0,0,6,1,94,2,0,0,2,0,134.308094686851,2.71654597314195,620.450079868347,5,1
"1887",-10.66,374.865,7.5064,83.78,19,1,0,7,0,98,3,0,0,3,13.14,137.408658808334,2.6263703863675,835.698900455322,3,1
"1888",-3.82,330.468,3.6943,92.2708000000001,24,3,1,3,1,132,0,3,4,4,54.37,144.442443621744,1.69848151044542,620.573396870445,1,0
"1889",-0.88,50.488,0.855,11.777,2,0,0,1,0,14,0,0,0,0,0,19.0425172547112,1,2,3,0
"1890",-3.97,302.458,4.2693,87.3338000000001,22,2,1,2,0,122,0,3,4,4,37.3,133.915979407304,1.69680017192332,545.910498435564,5,0
"1891",-0.62,103.121,1.0616,26.7474,7,2,0,3,2,42,0,0,0,0,43.14,42.4870530935192,3.34341705895396,72.0900463521505,1,0
"1892",-2.46,137.138,1.90322,37.8334,10,2,0,3,1,52,1,0,0,1,43.14,58.4493209563934,3.06989926575927,257.537948926481,5,0
"1893",-0.6,156.269,2.5836,47.4198,11,1,1,1,1,66,0,1,1,1,20.23,69.8121326560658,2.5525707621129,130.834466856137,1,0
"1894",-0.29,156.269,2.4395,47.3498,11,1,1,1,1,66,0,1,1,1,20.23,69.8121326560658,2.55115798648997,110.041184724392,1,0
"1895",-0.24,156.269,2.5836,47.4198,11,1,1,1,1,66,0,1,1,1,20.23,69.8121326560658,2.5525707621129,130.834466856137,1,0
"1896",-2.3,179.219,2.0437,51.9147,13,2,1,3,3,70,1,0,0,1,38.33,77.7161010902421,2.63597264060756,279.481149314903,5,0
"1897",-2.84,44.097,1.4163,15.965,3,0,0,0,0,20,0,0,0,0,0,21.4691352566228,1.63299316185545,0,5,0
"1898",-4.23,73.095,-0.1183,19.4854,5,1,1,2,1,30,0,0,0,0,43.09,30.9705480536792,2.84737892308767,42.1577218810798,1,0
"1899",-8.06,469.796,6.4036,82.678,16,0,0,4,1,82,2,0,0,2,0,127.958687748126,2.66168272123732,485.037124074059,1,1
"1900",-2.72,345.654,3.2182,43.284,6,0,0,4,1,38,0,0,0,0,0,70.5743835647916,2.99349724347847,26.5293250129808,5,0
"1901",-5.13,245.92,4.3088,53.034,12,1,0,5,1,66,1,0,0,1,9.23,90.1229553709271,3.40447839889,310.764952507372,3,0
"1902",-4.68,215.894,4.3002,46.482,10,0,0,4,0,54,1,0,0,1,0,78.6444680270236,3.31053287472241,232.91988337223,5,0
"1903",-5.47,215.894,4.3002,46.482,10,0,0,4,0,54,1,0,0,1,0,78.6444680270236,3.28246290745352,205.91988337223,3,0
"1904",-7.99,320.046,6.19942,80.467,18,0,0,4,2,94,2,0,0,2,0,126.431446461881,2.43916307736821,570.338129854746,1,1
"1905",-7.4,320.046,6.19942,80.467,18,0,0,4,2,94,2,0,0,2,0,126.431446461881,2.37291840129173,590.588129854746,1,1
"1906",-8.03,320.046,6.19942,80.467,18,0,0,4,2,94,2,0,0,2,0,126.431446461881,2.39544715468265,590.588129854746,1,1
"1907",-8.36,320.046,6.19942,80.467,18,0,0,4,2,94,2,0,0,2,0,126.431446461881,2.43289922726809,570.338129854746,1,1
"1908",-7.49,320.046,6.19942,80.467,18,0,0,4,2,94,2,0,0,2,0,126.431446461881,2.36697306604027,590.588129854746,1,1
"1909",-8.18,320.046,6.19942,80.467,18,0,0,4,2,94,2,0,0,2,0,126.431446461881,2.37599724804216,573.338129854746,1,1
"1910",-7.24,320.046,6.19942,80.467,18,0,0,4,2,94,2,0,0,2,0,126.431446461881,2.47491766882983,590.588129854746,1,1
"1911",-7.44,320.046,6.19942,80.467,18,0,0,4,2,94,2,0,0,2,0,126.431446461881,2.40176735660098,573.338129854746,1,1
"1912",-8.53,291.992,5.9672,71.918,16,0,0,4,1,82,2,0,0,2,0,113.701562233088,2.50208037437462,485.037124074059,5,1
"1913",-6.94,291.992,5.9672,71.918,16,0,0,4,1,82,2,0,0,2,0,113.701562233088,2.59717445201357,494.037124074059,3,1
"1914",-8.77,321.974,6.1982,73.072,18,2,0,6,0,92,2,0,1,3,18.46,122.922821538572,2.24727504154662,599.011049566416,5,1
"1915",-2.74,165.834,3.0682,30.438,6,0,0,4,0,36,0,0,0,0,0,55.6276550175686,3.67594876455521,55.6172706143475,5,0
"1916",-7.3,390.9,5.6411,74.978,15,0,0,3,1,76,2,0,0,2,0,114.091140142485,2.63522493779404,454.475947053352,1,1
"1917",-4.2,211.475,3.6554,48.024,11,1,0,4,1,60,1,0,0,1,9.23,79.8196891440455,3.2477131903359,249.383350622997,3,0
"1918",-4.6,181.449,3.6468,41.472,9,0,0,3,0,48,1,0,0,1,0,68.341201800142,3.16567030991732,169.065177654998,5,0
"1919",-7.58,287.529,5.5448,68.062,17,2,0,5,0,86,2,0,1,3,18.46,112.619555311691,2.20891284802935,610.940003383792,5,1
"1920",-2.14,133.405,2.3765,25.964,5,0,0,3,0,32,0,0,0,0,0,46.0139918228712,3.02371578407382,20.3645279766003,5,0
"1921",-3.04,151.395,2.3261,26.265,6,0,0,4,1,38,0,0,0,0,0,50.1795272257974,3.16848987267057,38.548081406643,1,0
"1922",-3.3,203.351,3.3716,60.3,13,2,0,3,6,78,0,0,0,0,20.31,86.0681958530114,3.79933932782596,132.886435386961,3,0
"1923",-4.23,226.317,3.8307,43.592,9,0,0,5,1,52,0,0,0,0,0,77.9712024410592,4.34550569445147,148.3409300494,1,0
"1924",-10.55,480.216,9.3595,98.048,22,1,0,10,2,118,2,0,0,2,9.23,170.331438597003,2.62817346182371,743.162964973806,3,1
"1925",-8.06,320.046,6.19942,80.467,18,0,0,4,2,94,2,0,0,2,0,126.431446461881,2.39544715468265,590.588129854746,1,1
"1926",-3.17,269.772,2.9871,75.28,18,2,0,4,6,100,1,0,0,1,29.54,113.689107261306,3.27661319194789,384.530506873324,5,0
"1927",-0.71,190.268,1.4698,51.6267,12,4,1,5,3,70,0,0,0,0,50.69,76.7263042380712,3.83174729420127,180.245189349745,1,0
"1928",-6.05,342.875,5.4203,87.304,18,5,0,7,8,102,1,0,0,1,18.46,127.07453289631,2.43147851607708,389.779727977121,3,1
"1929",-5.85,393.854,3.8782,96.578,23,6,0,9,8,126,1,0,1,2,55.84,149.123295930896,2.26862399425247,612.419366771198,3,0
"1930",-4.4,278.348,3.7682,77.5846000000001,20,2,2,4,8,110,1,0,0,1,74.6,118.992335967943,3.35259196785103,491.495393945989,1,0
"1931",-4.16,780.949,2.2181,192.610799999999,55,14,6,14,7,312,0,7,8,8,203.06,323.322424563044,0.837498198804125,1409.00374185559,5,3
"1932",-6.08,406.929,3.6898,77.3634,19,3,0,10,0,108,0,2,3,3,35.53,141.790641226226,2.18772604433239,470.183413905628,5,0
"1933",-4.29,291.265,3.2711,71.2614,18,6,0,8,7,100,1,0,0,1,70.83,110.264711091317,2.80929882396788,440.086190474975,5,0
"1934",-3.41,203.351,3.3716,60.3,13,2,0,3,6,78,0,0,0,0,20.31,86.0681958530114,3.70553036903024,138.886435386961,5,0
"1935",-7.04,307.264,5.747,88.977,20,0,0,2,5,106,2,0,0,2,0,131.284682465704,2.33327777849382,478.849609870816,3,1
"1936",-4.01,288.431,3.8792,82.7168,21,2,1,2,0,116,0,3,4,4,37.3,127.551037292907,1.69235465936372,507.695743080171,5,0
"1937",-3.07,216.034,1.7295,45.5137,11,2,2,4,1,58,1,0,0,1,63.32,71.9595393887874,3.23220887030549,298.492089776386,1,0
"1938",-2.62,233.017,1.5585,44.4309,12,3,3,5,1,64,1,0,0,1,77.76,76.2081161961667,3.3258841466406,334.423415200434,1,0
"1939",-2.44,222.251,-0.8561,45.5859,13,6,2,9,2,72,1,0,0,1,115.04,78.021451022079,2.93869145882685,422.352468263989,5,0
"1940",-4.55,277.411,4.1686,90.5420000000001,21,1,0,1,3,108,2,0,1,3,3.24,127.472433725224,2.0659497027232,602.892919871024,3,0
"1941",-5.79,355.869,5.17920000000001,104.7675,25,4,2,5,6,130,3,0,0,3,48.39,152.621716243115,1.90788625057363,877.944306540539,1,1
"1942",-2,289.375,1.9309,79.9558000000001,21,4,1,4,4,114,1,2,2,3,49.77,125.263238822751,1.63267762331325,476.068404629667,1,0
"1943",-2.26,158.204,1.9314,47.771,12,2,0,2,2,60,2,0,0,2,17.82,71.4922193285137,2.15114546690915,324.003951943262,1,0
"1944",-4.06,253.143,2.992,63.3897,14,1,1,3,2,74,2,0,0,2,19.03,92.044435691281,2.49790821001261,445.484299333958,1,0
"1945",-4.26,406.482,3.738,118.6652,30,5,3,6,10,156,4,0,0,4,75.74,174.93537112075,1.25753798846436,1108.71744391936,1,0
"1946",-2.94,396.446,0.5923,94.3405000000001,26,7,2,10,6,138,1,1,2,3,113.01,156.73647968448,1.69153802677076,788.67044658718,1,0
"1947",-2.67,274.795,3.8186,80.703,19,2,0,3,5,100,2,0,0,2,16.13,119.595955775576,2.25847511572667,493.917199648901,1,0
"1948",-5.07,318.873,4.8944,92.1940000000001,21,3,0,4,4,110,2,0,1,3,6.48,135.253420336669,1.94376326583562,642.43727652701,5,0
"1949",-3.25,276.745,1.7379,65.4632,17,3,2,7,4,94,1,0,0,1,75.27,105.21646016364,2.75034643628712,484.777403699292,3,0
"1950",-2.66,169.567,1.7745,41.8447,11,2,1,4,0,56,2,0,0,2,46,66.5918332231809,2.92093935474455,442.882454078605,3,0
"1951",-3.6,331.347,1.5833,88.4790000000001,24,5,2,7,3,126,2,2,2,4,74.57,137.04307093591,1.94859812470245,882.760256896872,4,0
"1952",-2.9,357.385,2.0664,95.5653,26,5,1,7,3,136,2,3,3,5,65.78,148.977095497769,1.69583455038121,995.667402275612,1,0
"1953",-2.51,187.286,2.1826,61.071,14,1,0,1,4,74,1,0,0,1,3.24,86.7450569823359,2.49247810544348,296.761643521091,1,0
"1954",-3.16,414.527,3.3685,114.495,29,6,0,7,6,154,2,0,1,3,59.08,175.324999340871,2.05585231891989,869.370915000003,3,0
"1955",-2.95,255.361,3.3542,79.2330000000001,19,2,0,2,6,100,2,0,0,2,12.47,115.186586797254,2.14460556244922,427.635442590705,1,0
"1956",-2.65,337.456,-0.767999999999998,83.0924,20,6,4,12,7,112,1,0,0,1,175.83,124.285596131018,2.36698510978965,603.341616975943,3,0
"1957",-3.7,242.274,3.667,69.0088,18,2,1,3,4,92,2,0,0,2,46.53,105.652624750497,2.20042304670406,534.444794548924,2,0
"1958",-5.49,445.545,2.07812,114.9744,31,6,3,10,7,166,2,1,1,3,130.15,181.669732035614,1.4808622529805,1001.07053981153,1,0
"1959",-4.43,151.129,-0.7716,38.9218,11,4,3,6,0,56,2,0,0,2,100.45,60.4825848121425,3.02430713638361,441.314657584135,4,0
"1960",-2.97,331.297,0.0141000000000001,61.6284,20,5,3,12,1,112,1,0,1,2,118.36,111.613229252599,2.86773879182791,770.892215614634,3,0
"1961",-3.61,232.239,1.42302,63.3733,17,4,1,5,2,88,2,0,0,2,72.19,97.3393815095905,2.9467439727581,658.583707611142,5,0
"1962",-2.9,327.38,1.3014,87.2706,24,5,2,5,2,126,1,2,4,5,70,140.086091464498,1.79694801028201,774.875447362541,1,0
"1963",-4.5,230.263,3.0365,66.5508,17,2,1,3,3,88,2,0,0,2,46.53,99.6421371905653,2.47896443863883,560.395919574109,1,0
"1964",-4.02,263.384,3.8264,85.9147000000001,20,1,1,1,3,102,2,0,1,3,12.03,120.897520124232,2.1133271211645,575.668305594394,1,0
"1965",-3.09,460.439,-1.4002,111.5012,33,10,7,11,2,176,1,1,3,4,201.85,187.22347060541,2.08623315003918,1182.30662205997,1,NA
"1966",-3.87,339.391,3.86,97.1990000000001,25,5,0,5,6,130,3,0,0,3,49.81,146.668701328253,2.03987108374421,892.243703233191,2,0
"1967",-4.19,213.244,2.6614,63.6798,16,5,2,5,2,80,2,0,0,2,89.65,92.834704545022,2.24215198653829,507.038301111863,1,0
"1968",-2.29,232.239,0.700399999999999,60.0924,17,3,2,5,2,88,1,1,1,2,75.27,98.1995153196948,2.53597305320611,461.783925345171,5,0
"1969",-3.79,248.326,1.9056,72.9392,18,3,3,4,6,98,2,0,0,2,57.28,106.969521923937,1.91430954214805,493.254577902345,5,0
"1970",-1.72,236.315,1.7674,68.9249,17,4,1,4,6,94,1,0,0,1,55.56,102.36078961704,2.36945757859612,344.942024394656,5,0
"1971",-2.79,324.424,3.1732,95.0268000000001,24,4,1,4,4,126,2,3,3,5,45.59,142.313426203205,1.68708536181829,760.387301042531,1,0
"1972",-2.5,314.411,1.459,84.4008,21,7,2,8,10,118,1,0,0,1,83.58,128.456252166244,2.21827724349372,473.736358662103,1,0
"1973",-3.13,385.37,2.3767,101.503,28,5,2,8,3,144,3,1,1,4,74.57,158.176705355239,2.01316485573017,1120.22945942014,3,0
"1974",-3.37,392.406,2.0816,102.0394,28,6,3,9,3,150,2,2,2,4,100.59,159.278381264642,2.04679505618329,1038.12120618909,1,0
"1975",-2.73,278.337,1.47644,73.1689,19,5,2,7,3,100,2,0,0,2,97.97,111.308206289283,2.33050900605253,675.91936452653,3,0
"1976",-6.14,398.4,3.7016,100.7296,28,7,3,10,6,142,3,0,0,3,141.31,159.637587151916,1.76584649648587,1130.3973704841,1,0
"1977",-4.5,356.418,4.3655,97.8922,25,2,1,5,4,128,2,0,1,3,54.37,147.518542481578,2.10111205789825,939.913669117438,3,0
"1978",-3.01,264.369,2.617,78.6762000000001,19,4,1,4,8,106,1,0,0,1,41.57,115.300645332429,2.3945481718984,374.236893489923,1,0
"1979",-2.93,444.44,-0.214399999999999,109.5409,32,9,6,10,2,170,1,0,3,4,181.62,182.429236853214,2.04792202713039,1148.58497480863,1,1
"1980",-2.19,150.221,2.82402,46.9328,11,1,1,1,1,60,1,0,0,1,20.23,67.6854053292794,3.09271975838019,251.049731785983,5,0
"1981",-3.98,454.611,5.09308,131.656,33,6,0,6,13,180,2,0,0,2,63.95,198.56922331121,2.02333341884927,938.203977002896,1,1
"1982",-4.78,308.333,3.6096,87.7318,23,4,1,4,4,116,3,0,0,3,67.51,132.552025091175,2.25807246755303,909.550972694472,5,0
